2026-06-04 11:37:21,264 [INFO] Activator:176 - 


2026-06-04 11:37:21,265 [INFO] Activator:177 - !SESSION log4j initialized
2026-06-04 11:37:21,855 [INFO] LogOutputStream:77 - [STDOUT_REDIRECT] 
2026-06-04 11:37:22,004 [ERROR] ConfigurationRetriever:142 - IOException on connection: sw-center.st.com
2026-06-04 11:37:22,005 [ERROR] ConfigurationRetriever:142 - IOException on connection: sw-center.st.com
2026-06-04 11:37:22,005 [ERROR] ConfigurationRetriever:142 - IOException on connection: sw-center.st.com
2026-06-04 11:37:22,803 [INFO] ApplicationProperties:184 - Using Application install path: /opt/st/stm32cubeide_1.13.2_2/plugins/com.st.stm32cube.common.mx_6.9.2.202309101412
2026-06-04 11:37:22,813 [INFO] DbMcusXml:78 - Set database path to: /opt/st/stm32cubeide_1.13.2_2/plugins/com.st.stm32cube.common.mx_6.9.2.202309101412//db//mcu/
2026-06-04 11:37:22,814 [INFO] ApiDb:274 - Set plugin database path to: /opt/st/stm32cubeide_1.13.2_2/plugins/com.st.stm32cube.common.mx_6.9.2.202309101412//db//plugins/boardmanager/
2026-06-04 11:37:22,814 [WARN] ApiDb:259 - Overriding images path with different value:  => /opt/st/stm32cubeide_1.13.2_2/plugins/com.st.stm32cube.common.mx_6.9.2.202309101412//db//plugins/mcufinder/images/
2026-06-04 11:37:22,819 [INFO] ApiDb:250 - Set database path to: /home/papijou/.stmcufinder/plugins/mcufinder//mcu/
2026-06-04 11:37:22,820 [INFO] DbMcusAds:125 - Set database path to: /home/papijou/.stmcufinder/plugins/mcufinder//mcu/
2026-06-04 11:37:22,821 [INFO] CrossReferenceDbSqlite:203 - Set database path to: /home/papijou/.stmcufinder/plugins/mcufinder//mcu/cs/
2026-06-04 11:37:22,887 [INFO] RulesReader:64 - Compatibility file has been processed (293 Rules)
2026-06-04 11:37:22,922 [INFO] DbMcusXml:78 - Set database path to: /opt/st/stm32cubeide_1.13.2_2/plugins/com.st.stm32cube.common.mx_6.9.2.202309101412//db//mcu/
2026-06-04 11:37:22,922 [INFO] ApiDb:274 - Set plugin database path to: /opt/st/stm32cubeide_1.13.2_2/plugins/com.st.stm32cube.common.mx_6.9.2.202309101412//db//plugins/boardmanager/
2026-06-04 11:37:22,922 [INFO] ApiDb:261 - Set plugin images path to: /opt/st/stm32cubeide_1.13.2_2/plugins/com.st.stm32cube.common.mx_6.9.2.202309101412//db//plugins/mcufinder/images/
2026-06-04 11:37:22,922 [WARN] DbFile:41 - Overriding database path with different value: /home/papijou/.stmcufinder/plugins/mcufinder/ => /home/papijou/.stmcufinder/plugins/mcufinder
2026-06-04 11:37:22,922 [INFO] ApiDb:250 - Set database path to: /home/papijou/.stmcufinder/plugins/mcufinder//mcu/
2026-06-04 11:37:22,922 [WARN] DbFile:41 - Overriding database path with different value: /home/papijou/.stmcufinder/plugins/mcufinder/ => /home/papijou/.stmcufinder/plugins/mcufinder
2026-06-04 11:37:22,922 [INFO] DbMcusAds:125 - Set database path to: /home/papijou/.stmcufinder/plugins/mcufinder//mcu/
2026-06-04 11:37:22,922 [WARN] DbFile:41 - Overriding database path with different value: /home/papijou/.stmcufinder/plugins/mcufinder/ => /home/papijou/.stmcufinder/plugins/mcufinder
2026-06-04 11:37:22,922 [WARN] DbFile:41 - Overriding database path with different value: /home/papijou/.stmcufinder/plugins/mcufinder/ => /home/papijou/.stmcufinder/plugins/mcufinder
2026-06-04 11:37:22,922 [INFO] CrossReferenceDbSqlite:203 - Set database path to: /home/papijou/.stmcufinder/plugins/mcufinder//mcu/cs/
2026-06-04 11:37:22,968 [INFO] MainPanel:262 - HeapMemory: 268435456
2026-06-04 11:37:23,006 [INFO] DbMcusXml:78 - Set database path to: /opt/st/stm32cubeide_1.13.2_2/plugins/com.st.stm32cube.common.mx_6.9.2.202309101412//db//mcu/
2026-06-04 11:37:23,006 [INFO] ApiDb:274 - Set plugin database path to: /opt/st/stm32cubeide_1.13.2_2/plugins/com.st.stm32cube.common.mx_6.9.2.202309101412//db//plugins/boardmanager/
2026-06-04 11:37:23,006 [INFO] ApiDb:261 - Set plugin images path to: /opt/st/stm32cubeide_1.13.2_2/plugins/com.st.stm32cube.common.mx_6.9.2.202309101412//db//plugins/mcufinder/images/
2026-06-04 11:37:23,006 [WARN] DbFile:41 - Overriding database path with different value: /home/papijou/.stmcufinder/plugins/mcufinder/ => /home/papijou/.stmcufinder/plugins/mcufinder
2026-06-04 11:37:23,006 [INFO] ApiDb:250 - Set database path to: /home/papijou/.stmcufinder/plugins/mcufinder//mcu/
2026-06-04 11:37:23,006 [WARN] DbFile:41 - Overriding database path with different value: /home/papijou/.stmcufinder/plugins/mcufinder/ => /home/papijou/.stmcufinder/plugins/mcufinder
2026-06-04 11:37:23,007 [INFO] DbMcusAds:125 - Set database path to: /home/papijou/.stmcufinder/plugins/mcufinder//mcu/
2026-06-04 11:37:23,007 [WARN] DbFile:41 - Overriding database path with different value: /home/papijou/.stmcufinder/plugins/mcufinder/ => /home/papijou/.stmcufinder/plugins/mcufinder
2026-06-04 11:37:23,007 [WARN] DbFile:41 - Overriding database path with different value: /home/papijou/.stmcufinder/plugins/mcufinder/ => /home/papijou/.stmcufinder/plugins/mcufinder
2026-06-04 11:37:23,007 [INFO] CrossReferenceDbSqlite:203 - Set database path to: /home/papijou/.stmcufinder/plugins/mcufinder//mcu/cs/
2026-06-04 11:37:23,015 [INFO] ApplicationProperties:184 - Using Application install path: /opt/st/stm32cubeide_1.13.2_2/plugins/com.st.stm32cube.common.mx_6.9.2.202309101412
2026-06-04 11:37:23,016 [INFO] PluginManage:196 - Search for loadable plugins [exclusion list=, ]
2026-06-04 11:37:23,016 [INFO] PluginManage:310 - Check plugin analytics
2026-06-04 11:37:23,098 [INFO] AnalyticsPlugin:253 - Accepted Software Licenses: 
2026-06-04 11:37:23,098 [INFO] AnalyticsPlugin:255 - Accepted CMSIS Pack Licenses: 
2026-06-04 11:37:23,098 [INFO] AnalyticsPlugin:257 - Accepted Firmware Licenses: 
2026-06-04 11:37:23,100 [INFO] PluginManage:359 - Loaded plugin analytics (category:tool,tabindex:-1)
2026-06-04 11:37:23,100 [INFO] PluginManage:310 - Check plugin cadmodel
2026-06-04 11:37:23,100 [ERROR] ConfigurationRetriever:142 - IOException on connection: sw-center.st.com
2026-06-04 11:37:23,100 [ERROR] ConfigurationRetriever:142 - IOException on connection: sw-center.st.com
2026-06-04 11:37:23,101 [ERROR] ConfigurationRetriever:142 - IOException on connection: sw-center.st.com
2026-06-04 11:37:23,119 [INFO] CADModel:105 - Init CAD model plugin
2026-06-04 11:37:23,119 [INFO] PluginManage:359 - Loaded plugin cadmodel (category:power,tabindex:5)
2026-06-04 11:37:23,119 [INFO] PluginManage:310 - Check plugin clock
2026-06-04 11:37:23,125 [INFO] PluginManage:359 - Loaded plugin clock (category:base,tabindex:2)
2026-06-04 11:37:23,125 [INFO] PluginManage:310 - Check plugin ddr
2026-06-04 11:37:23,126 [INFO] PluginManage:359 - Loaded plugin ddr (category:tool,tabindex:6)
2026-06-04 11:37:23,126 [INFO] PluginManage:310 - Check plugin filemanager
2026-06-04 11:37:23,205 [INFO] PluginManage:359 - Loaded plugin filemanager (category:base,tabindex:10)
2026-06-04 11:37:23,205 [INFO] PluginManage:310 - Check plugin ipmanager
2026-06-04 11:37:23,209 [INFO] PluginManage:359 - Loaded plugin ipmanager (category:base,tabindex:5)
2026-06-04 11:37:23,209 [INFO] PluginManage:310 - Check plugin lpbam
2026-06-04 11:37:23,216 [INFO] PluginManage:359 - Loaded plugin lpbam (category:base,tabindex:0)
2026-06-04 11:37:23,216 [INFO] PluginManage:310 - Check plugin memorymap
2026-06-04 11:37:23,223 [INFO] PluginManage:359 - Loaded plugin memorymap (category:base,tabindex:4)
2026-06-04 11:37:23,223 [INFO] PluginManage:310 - Check plugin pinoutandconfiguration
2026-06-04 11:37:23,229 [INFO] PluginManage:359 - Loaded plugin pinoutandconfiguration (category:base,tabindex:1)
2026-06-04 11:37:23,229 [INFO] PluginManage:310 - Check plugin pinoutconfig
2026-06-04 11:37:23,281 [WARN] SupportedApi:132 - Cannot load RTOS API schema: s4s-elt-must-match.1: The content of 'definitions' must match (annotation?, (simpleType | complexType)?, (unique | key | keyref)*)). A problem was found starting at: attribute.
2026-06-04 11:37:23,344 [INFO] PluginManage:359 - Loaded plugin pinoutconfig (category:base,tabindex:0)
2026-06-04 11:37:23,345 [INFO] PluginManage:310 - Check plugin power
2026-06-04 11:37:23,348 [INFO] PluginManage:359 - Loaded plugin power (category:power,tabindex:4)
2026-06-04 11:37:23,348 [INFO] PluginManage:310 - Check plugin projectmanager
2026-06-04 11:37:23,357 [INFO] PluginManage:359 - Loaded plugin projectmanager (category:projectmanager,tabindex:3)
2026-06-04 11:37:23,357 [INFO] PluginManage:310 - Check plugin thirdparty
2026-06-04 11:37:23,416 [INFO] PluginManage:359 - Loaded plugin thirdparty (category:base,tabindex:-1)
2026-06-04 11:37:23,417 [INFO] PluginManage:310 - Check plugin tools
2026-06-04 11:37:23,416 [WARN] IntegrityCheckThread:84 - waiting for thirdparty lock release [integrity check]
2026-06-04 11:37:23,417 [INFO] IntegrityCheckThread:86 - entering critical section [integrity check]
2026-06-04 11:37:23,417 [INFO] ThirdPartyUpdaterWithRetryManager:70 - Updater plugin not ready yet. [1/15]
2026-06-04 11:37:23,418 [INFO] PluginManage:359 - Loaded plugin tools (category:base,tabindex:7)
2026-06-04 11:37:23,418 [INFO] PluginManage:310 - Check plugin tutovideos
2026-06-04 11:37:23,517 [INFO] PluginManage:359 - Loaded plugin tutovideos (category:base,tabindex:-1)
2026-06-04 11:37:23,517 [INFO] PluginManage:310 - Check plugin updater
2026-06-04 11:37:23,523 [INFO] PluginManage:359 - Loaded plugin updater (category:base,tabindex:12)
2026-06-04 11:37:23,523 [INFO] PluginManage:310 - Check plugin userauth
2026-06-04 11:37:23,527 [INFO] UserAuth:113 - Init User Auth plugin
2026-06-04 11:37:23,527 [INFO] PluginManage:359 - Loaded plugin userauth (category:base,tabindex:14)
2026-06-04 11:37:23,527 [INFO] PluginManage:283 - PluginManage : Loaded plugins [17]
2026-06-04 11:37:23,630 [INFO] PinOutPanel:1499 - setPackage(No Configuration,No Configuration)
2026-06-04 11:37:23,683 [INFO] CADModel:165 - CPN selected for project level
2026-06-04 11:37:23,683 [INFO] CADModel:114 - Register for checkConnection events
2026-06-04 11:37:23,690 [INFO] IPUIPlugin:80 - create IPUIPlugin
2026-06-04 11:37:23,690 [INFO] PluginManager:220 - loadIPPluginJar : add can
2026-06-04 11:37:23,693 [INFO] IPUIPlugin:80 - create IPUIPlugin
2026-06-04 11:37:23,693 [INFO] PluginManager:220 - loadIPPluginJar : add gic
2026-06-04 11:37:23,694 [INFO] IPUIPlugin:80 - create IPUIPlugin
2026-06-04 11:37:23,694 [INFO] PluginManager:220 - loadIPPluginJar : add quadspi
2026-06-04 11:37:23,695 [INFO] IPUIPlugin:80 - create IPUIPlugin
2026-06-04 11:37:23,695 [INFO] PluginManager:220 - loadIPPluginJar : add sai
2026-06-04 11:37:23,696 [INFO] IPUIPlugin:80 - create IPUIPlugin
2026-06-04 11:37:23,696 [INFO] PluginManager:220 - loadIPPluginJar : add comp
2026-06-04 11:37:23,700 [INFO] IPUIPlugin:80 - create IPUIPlugin
2026-06-04 11:37:23,700 [INFO] PluginManager:220 - loadIPPluginJar : add fmc
2026-06-04 11:37:23,701 [INFO] IPUIPlugin:80 - create IPUIPlugin
2026-06-04 11:37:23,701 [INFO] PluginManager:220 - loadIPPluginJar : add spi
2026-06-04 11:37:23,702 [INFO] IPUIPlugin:80 - create IPUIPlugin
2026-06-04 11:37:23,702 [INFO] PluginManager:220 - loadIPPluginJar : add nvic
2026-06-04 11:37:23,703 [INFO] IPUIPlugin:80 - create IPUIPlugin
2026-06-04 11:37:23,703 [INFO] PluginManager:220 - loadIPPluginJar : add usbx
2026-06-04 11:37:23,704 [INFO] IPUIPlugin:80 - create IPUIPlugin
2026-06-04 11:37:23,704 [INFO] PluginManager:220 - loadIPPluginJar : add ucpd
2026-06-04 11:37:23,706 [INFO] IPUIPlugin:80 - create IPUIPlugin
2026-06-04 11:37:23,706 [INFO] PluginManager:220 - loadIPPluginJar : add lorawan
2026-06-04 11:37:23,707 [INFO] IPUIPlugin:80 - create IPUIPlugin
2026-06-04 11:37:23,707 [INFO] PluginManager:220 - loadIPPluginJar : add hash
2026-06-04 11:37:23,707 [INFO] IPUIPlugin:80 - create IPUIPlugin
2026-06-04 11:37:23,707 [INFO] PluginManager:220 - loadIPPluginJar : add ltdc
2026-06-04 11:37:23,708 [INFO] IPUIPlugin:80 - create IPUIPlugin
2026-06-04 11:37:23,708 [INFO] PluginManager:220 - loadIPPluginJar : add tim
2026-06-04 11:37:23,709 [INFO] IPUIPlugin:80 - create IPUIPlugin
2026-06-04 11:37:23,709 [INFO] PluginManager:220 - loadIPPluginJar : add usart
2026-06-04 11:37:23,712 [INFO] IPUIPlugin:80 - create IPUIPlugin
2026-06-04 11:37:23,713 [INFO] PluginManager:220 - loadIPPluginJar : add plateformsettings
2026-06-04 11:37:23,714 [INFO] IPUIPlugin:80 - create IPUIPlugin
2026-06-04 11:37:23,714 [INFO] PluginManager:220 - loadIPPluginJar : add aes
2026-06-04 11:37:23,715 [INFO] IPUIPlugin:80 - create IPUIPlugin
2026-06-04 11:37:23,715 [INFO] PluginManager:220 - loadIPPluginJar : add opamp
2026-06-04 11:37:23,716 [INFO] IPUIPlugin:80 - create IPUIPlugin
2026-06-04 11:37:23,716 [INFO] PluginManager:220 - loadIPPluginJar : add dma3
2026-06-04 11:37:23,720 [INFO] IPUIPlugin:80 - create IPUIPlugin
2026-06-04 11:37:23,720 [INFO] PluginManager:220 - loadIPPluginJar : add linkedlist
2026-06-04 11:37:23,722 [INFO] IPUIPlugin:80 - create IPUIPlugin
2026-06-04 11:37:23,722 [INFO] PluginManager:220 - loadIPPluginJar : add i3c
2026-06-04 11:37:23,724 [INFO] IPUIPlugin:80 - create IPUIPlugin
2026-06-04 11:37:23,724 [INFO] PluginManager:220 - loadIPPluginJar : add mdma
2026-06-04 11:37:23,725 [INFO] IPUIPlugin:80 - create IPUIPlugin
2026-06-04 11:37:23,725 [INFO] PluginManager:220 - loadIPPluginJar : add i2c
2026-06-04 11:37:23,727 [INFO] IPUIPlugin:80 - create IPUIPlugin
2026-06-04 11:37:23,727 [INFO] PluginManager:220 - loadIPPluginJar : add ipddr
2026-06-04 11:37:23,728 [INFO] IPUIPlugin:80 - create IPUIPlugin
2026-06-04 11:37:23,728 [INFO] PluginManager:220 - loadIPPluginJar : add fatfs
2026-06-04 11:37:23,729 [INFO] IPUIPlugin:80 - create IPUIPlugin
2026-06-04 11:37:23,729 [INFO] PluginManager:220 - loadIPPluginJar : add gfxmmu
2026-06-04 11:37:23,729 [INFO] IPUIPlugin:80 - create IPUIPlugin
2026-06-04 11:37:23,729 [INFO] PluginManager:220 - loadIPPluginJar : add tsc
2026-06-04 11:37:23,731 [INFO] IPUIPlugin:80 - create IPUIPlugin
2026-06-04 11:37:23,731 [INFO] PluginManager:220 - loadIPPluginJar : add stm32_wpan
2026-06-04 11:37:23,732 [INFO] IPUIPlugin:80 - create IPUIPlugin
2026-06-04 11:37:23,732 [INFO] PluginManager:220 - loadIPPluginJar : add genericplugin
2026-06-04 11:37:23,733 [INFO] IPUIPlugin:80 - create IPUIPlugin
2026-06-04 11:37:23,733 [INFO] PluginManager:220 - loadIPPluginJar : add i2s
2026-06-04 11:37:23,736 [INFO] IPUIPlugin:80 - create IPUIPlugin
2026-06-04 11:37:23,736 [INFO] PluginManager:220 - loadIPPluginJar : add adc
2026-06-04 11:37:23,738 [INFO] IPUIPlugin:80 - create IPUIPlugin
2026-06-04 11:37:23,739 [INFO] PluginManager:220 - loadIPPluginJar : add freertos
2026-06-04 11:37:23,742 [INFO] IPUIPlugin:80 - create IPUIPlugin
2026-06-04 11:37:23,742 [INFO] PluginManager:220 - loadIPPluginJar : add dma
2026-06-04 11:37:23,743 [INFO] IPUIPlugin:80 - create IPUIPlugin
2026-06-04 11:37:23,743 [INFO] PluginManager:220 - loadIPPluginJar : add cryp
2026-06-04 11:37:23,744 [INFO] IPUIPlugin:80 - create IPUIPlugin
2026-06-04 11:37:23,744 [INFO] PluginManager:220 - loadIPPluginJar : add touchsensing
2026-06-04 11:37:23,746 [INFO] IPUIPlugin:80 - create IPUIPlugin
2026-06-04 11:37:23,746 [INFO] PluginManager:220 - loadIPPluginJar : add gpio
2026-06-04 11:37:23,747 [INFO] IPUIPlugin:80 - create IPUIPlugin
2026-06-04 11:37:23,747 [INFO] PluginManager:220 - loadIPPluginJar : add openamp
2026-06-04 11:37:23,748 [INFO] IPUIPlugin:80 - create IPUIPlugin
2026-06-04 11:37:23,748 [INFO] PluginManager:220 - loadIPPluginJar : add gtzc
2026-06-04 11:37:23,749 [INFO] IPUIPlugin:80 - create IPUIPlugin
2026-06-04 11:37:23,749 [INFO] PluginManager:220 - loadIPPluginJar : add tracer_emb
2026-06-04 11:37:23,750 [INFO] IPUIPlugin:80 - create IPUIPlugin
2026-06-04 11:37:23,750 [INFO] PluginManager:220 - loadIPPluginJar : add dfsdm
2026-06-04 11:37:23,750 [INFO] IPUIPlugin:80 - create IPUIPlugin
2026-06-04 11:37:23,750 [INFO] PluginManager:220 - loadIPPluginJar : add ts
2026-06-04 11:37:23,751 [INFO] IPUIPlugin:80 - create IPUIPlugin
2026-06-04 11:37:23,751 [INFO] PluginManager:220 - loadIPPluginJar : add resmgrutility
2026-06-04 11:37:23,752 [INFO] IPUIPlugin:80 - create IPUIPlugin
2026-06-04 11:37:23,752 [INFO] PluginManager:220 - loadIPPluginJar : add pdm2pcm
2026-06-04 11:37:23,841 [INFO] CADModel:165 - CPN selected for project level
2026-06-04 11:37:23,841 [INFO] CADModel:114 - Register for checkConnection events
2026-06-04 11:37:23,841 [FATAL] Updater:308 - Updater called before beeing initialized
2026-06-04 11:37:23,841 [ERROR] CADModel:125 - Updater not yet initialized, retry later 
2026-06-04 11:37:23,911 [INFO] CADModel:165 - CPN selected for project level
2026-06-04 11:37:23,911 [INFO] CADModel:114 - Register for checkConnection events
2026-06-04 11:37:23,911 [FATAL] Updater:308 - Updater called before beeing initialized
2026-06-04 11:37:23,911 [ERROR] CADModel:125 - Updater not yet initialized, retry later 
2026-06-04 11:37:23,913 [FATAL] Updater:308 - Updater called before beeing initialized
2026-06-04 11:37:23,969 [FATAL] Updater:308 - Updater called before beeing initialized
2026-06-04 11:37:23,973 [INFO] DbMcusAds:53 - JSON generation date=Thu Sep 30 03:55:09 CLST 2021 (1632984909247)
2026-06-04 11:37:23,974 [FATAL] Updater:308 - Updater called before beeing initialized
2026-06-04 11:37:23,998 [WARN] DetailPanel:346 - Failed to get advertising image, set to default
2026-06-04 11:37:24,067 [FATAL] Updater:308 - Updater called before beeing initialized
2026-06-04 11:37:24,069 [FATAL] Updater:308 - Updater called before beeing initialized
2026-06-04 11:37:24,069 [FATAL] Updater:308 - Updater called before beeing initialized
2026-06-04 11:37:24,069 [WARN] DetailPanel:346 - Failed to get advertising image, set to default
2026-06-04 11:37:24,070 [FATAL] Updater:308 - Updater called before beeing initialized
2026-06-04 11:37:24,089 [ERROR] Updater:1120 - MainUpdater not yet initialized. External WinMGr cannot be set.
2026-06-04 11:37:24,090 [INFO] Updater:1056 - Updater Version found : 6.9.2
2026-06-04 11:37:24,102 [INFO] ApplicationProperties:184 - Using Application install path: /opt/st/stm32cubeide_1.13.2_2/plugins/com.st.stm32cube.common.mx_6.9.2.202309101412
2026-06-04 11:37:24,170 [ERROR] ServerAccessManage:1146 - Warning during Server Connection :  Unknown host sw-center.st.com
2026-06-04 11:37:24,172 [INFO] MainUpdater:2868 - connection check result : 22
2026-06-04 11:37:24,172 [INFO] MainUpdater:285 - Updater Check For Update Now.
2026-06-04 11:37:24,173 [INFO] MicroXplorer:498 - Change Database Version : DB.6.0.92
2026-06-04 11:37:24,175 [INFO] McuFinderGlobals:63 - Set McuFinder mode to 2 (CubeIDE integrated)
2026-06-04 11:37:24,175 [INFO] UserAuth:179 - activating auth plugin
2026-06-04 11:37:24,177 [INFO] UserAuth:393 - Internet connection configuration mode: 2
2026-06-04 11:37:24,335 [INFO] CheckServerUpdateThread:120 - End of CheckServer Thread
2026-06-04 11:37:26,469 [WARN] PackLoader:240 - Cannot read IP mode file for STMicroelectronics.FP-ATR-SIGFOX1.3.2.0
2026-06-04 11:37:26,470 [INFO] ThirdParty:978 - Integrity check success = true
2026-06-04 11:37:26,470 [INFO] IntegrityCheckThread:100 - exiting critical section [integrity check]
2026-06-04 11:37:26,470 [INFO] IntegrityCheckThread:103 - End integrity checks thread
2026-06-04 11:37:49,355 [INFO] McuFinderGlobals:63 - Set McuFinder mode to 2 (CubeIDE integrated)
2026-06-04 11:37:49,357 [ERROR] ServerAccessManage:1146 - Warning during Server Connection :  Unknown host sw-center.st.com
2026-06-04 11:37:49,358 [INFO] MainUpdater:2868 - connection check result : 22
2026-06-04 11:37:53,775 [INFO] ApiDb:581 - Connected to CubeFinder SQLite database (/home/papijou/.stmcufinder/plugins/mcufinder/mcu/cube-finder-db.db)
2026-06-04 11:37:53,816 [INFO] ApiDb:668 - CubeFinder database Data Model version=2.1
2026-06-04 11:37:53,816 [INFO] ApiDb:669 - CubeFinder database Configuration version=3.0.37
2026-06-04 11:37:53,817 [INFO] ApiDb:670 - CubeFinder database generation date=2023-08-09 (1691586011)
2026-06-04 11:37:53,817 [INFO] ApiDb:671 - CubeFinder database FW Pack versions=[FP-ATR-ASTRA1_V2.0.0, FP-SNS-FLIGHT1_V5.0.1, FP-SNS-FLIGHT1_V5.0.2, FP-SNS-MOTENV1_V4.3.1, FP-SNS-MOTENV1_V4.3.2, STM32Cube_FW_C0_V1.1.0, STM32Cube_FW_F4_V1.27.1, STM32Cube_FW_F7_V1.17.0, STM32Cube_FW_G0_V1.6.1, STM32Cube_FW_G4_V1.5.1, STM32Cube_FW_H5_V0.5.1, STM32Cube_FW_H5_V1.1.0, STM32Cube_FW_H7_V1.11.0, STM32Cube_FW_L0_V1.12.2, STM32Cube_FW_L5_V1.5.0, STM32Cube_FW_U5_V1.3.0, STM32Cube_FW_U5_V1.3.0RC4, STM32Cube_FW_WBA_V1.0.0RC1, STM32Cube_FW_WBA_V1.1.0, STM32Cube_FW_WBA_V1.1.0RC1, STM32Cube_FW_WB_V1.15.0RC1, STM32Cube_FW_WB_V1.16.0, STM32Cube_FW_WB_V1.16.0RC2, STM32Cube_FW_WB_V1.17.0, STM32Cube_FW_WL_V1.3.0, X-CUBE-ALGOBUILD_V1.3.0, X-CUBE-ALS_V1.0.1, X-CUBE-AZRTOS-F4_V1.1.0, X-CUBE-AZRTOS-F7_V1.1.0, X-CUBE-AZRTOS-G0_V1.1.0, X-CUBE-AZRTOS-G4_V2.0.0, X-CUBE-AZRTOS-H7_V3.1.0, X-CUBE-AZRTOS-L4_V1.0.0, X-CUBE-AZRTOS-L4_V2.0.0, X-CUBE-AZRTOS-L5_V1.1.0, X-CUBE-AZRTOS-WB_V1.1.0, X-CUBE-AZRTOS-WL_V2.0.0, X-CUBE-BLE1_V7.0.0, X-CUBE-BLE2_V3.3.0, X-CUBE-BLEMGR_V2.0.0, X-CUBE-EEPRMA1_V4.1.0, X-CUBE-FREERTOS_V1.1.0, X-CUBE-GNSS1_V6.0.0, X-CUBE-MEMS1_V9.1.0, X-CUBE-MEMS1_V9.4.0, X-CUBE-MEMS1_V9.6.0, X-CUBE-NFC4_V3.0.0, X-CUBE-NFC7_V1.0.0, X-CUBE-SFXS2LP1_V4.0.0, X-CUBE-SUBG2_V5.0.0, X-CUBE-TOF1_V3.3.1]
2026-06-04 11:37:53,883 [INFO] DbBoardsSqlite:226 - include board P-NUCLEO-WB55-NUCLEO as a kit item of type 'Nucleo-64'
2026-06-04 11:37:53,884 [INFO] DbBoardsSqlite:226 - include board P-NUCLEO-WB55-USBDONGLE as a kit item of type 'Nucleo USB Dongle'
2026-06-04 11:37:53,884 [INFO] DbBoardsSqlite:226 - include board STEVAL-IDP005V1 as a kit item of type 'Evaluation Board'
2026-06-04 11:37:53,885 [INFO] DbBoardsSqlite:226 - include board STEVAL-IDP005V2 as a kit item of type 'Evaluation Board'
2026-06-04 11:37:53,921 [INFO] ApiDb:240 - Found 323 in-development CPN: [B-G473E-ZEST1S, B-WB1M-WPAN1, B-WL5M-SUBG1, NUCLEO-C031C6, NUCLEO-H503RB, NUCLEO-H563ZI, NUCLEO-U545RE-Q, NUCLEO-U5A5ZJ-Q, NUCLEO-WBA52CG, STEVAL-PROTEUS1, STEVAL-SMARTAG2, STEVAL-STWINBX1, STM320518-EVAL, STM32C0116-DK, STM32C011D6Y3TR, STM32C011D6Y6TR, STM32C011F4P3, STM32C011F4P6, STM32C011F4U3, STM32C011F4U6TR, STM32C011F6P3, STM32C011F6P6, STM32C011F6U3, STM32C011F6U6TR, STM32C011J4M3, STM32C011J4M6, STM32C011J6M3, STM32C011J6M6, STM32C0316-DK, STM32C031C4T3, STM32C031C4T6, STM32C031C4U3, STM32C031C4U6, STM32C031C6T3, STM32C031C6T6, STM32C031C6U3, STM32C031C6U6, STM32C031F4P3, STM32C031F4P6, STM32C031F6P3, STM32C031F6P6, STM32C031G4U3, STM32C031G4U6, STM32C031G6U3, STM32C031G6U6, STM32C031K4T3, STM32C031K4T6, STM32C031K4U3, STM32C031K4U6, STM32C031K6T3, STM32C031K6T6, STM32C031K6U3, STM32C031K6U6, STM32G071K8TXN, STM32G071K8UXN, STM32G081GBU6N, STM32G081KBT6N, STM32G081KBUXN, STM32G0B1CCT6N, STM32G0B1KCT6, STM32G0B1NEY6TR, STM32G0B1RCT6N, STM32G0C1CCT6, STM32G0C1CCT6N, STM32G0C1CCU6N, STM32G0C1CET6N, STM32G0C1CEU6N, STM32G0C1KCT6, STM32G0C1NEY6TR, STM32G0C1RCI6N, STM32G0C1RCT6N, STM32G0C1REI6N, STM32G0C1RET6N, STM32G0C1VCI6, STM32G0C1VEI6, STM32G471CCT6, STM32G471CCU6, STM32G471CET3, STM32G471CET6, STM32G471CEU3, STM32G471CEU6, STM32G471MCT6, STM32G471MET3, STM32G471MET6, STM32G471MEY6TR, STM32G471QCT6, STM32G471QET3, STM32G471RCT6, STM32G471RET3, STM32G471RET6, STM32G471VCH6, STM32G471VCI6, STM32G471VCT6, STM32G471VEH3, STM32G471VEH6, STM32G471VEI3, STM32G471VEI6, STM32G471VET3, STM32G471VET6, STM32G474CCT6, STM32H503CBT6, STM32H503CBU6, STM32H503EBY6TR, STM32H503KBU6, STM32H503RBT6, STM32H562AGI6, STM32H562AII6, STM32H562IGK6, STM32H562IGT6, STM32H562IIK6, STM32H562IIT6, STM32H562RGT6, STM32H562RGV6, STM32H562RIT6, STM32H562RIV6, STM32H562VGT6, STM32H562VIT6, STM32H562ZGT6, STM32H562ZIT6, STM32H563AGI6, STM32H563AII3Q, STM32H563AII6, STM32H563IGK6, STM32H563IGT6, STM32H563IIK3Q, STM32H563IIK6, STM32H563IIT3Q, STM32H563IIT6, STM32H563MIY3QTR, STM32H563RGT6, STM32H563RGV6, STM32H563RIT6, STM32H563RIV6, STM32H563VGT6, STM32H563VIT3Q, STM32H563VIT6, STM32H563ZGT6, STM32H563ZIT3Q, STM32H563ZIT6, STM32H573AII3Q, STM32H573AII6, STM32H573I-DK, STM32H573IIK3Q, STM32H573IIK6, STM32H573IIT3Q, STM32H573IIT6, STM32H573MIY3QTR, STM32H573RIT6, STM32H573RIV6, STM32H573VIT3Q, STM32H573VIT6, STM32H573ZIT3Q, STM32H573ZIT6, STM32L4R5QGI6STR, STM32MP131AAE3, STM32MP131AAF3, STM32MP131AAG3, STM32MP131CAE3, STM32MP131CAF3, STM32MP131CAG3, STM32MP131DAE7, STM32MP131DAF7, STM32MP131DAG7, STM32MP131FAE7, STM32MP131FAF7, STM32MP131FAG7, STM32MP133AAE3, STM32MP133AAF3, STM32MP133AAG3, STM32MP133CAE3, STM32MP133CAF3, STM32MP133CAG3, STM32MP133DAE7, STM32MP133DAF7, STM32MP133DAG7, STM32MP133FAE7, STM32MP133FAF7, STM32MP133FAG7, STM32MP135AAE3, STM32MP135AAF3, STM32MP135AAG3, STM32MP135CAE3, STM32MP135CAF3, STM32MP135CAG3, STM32MP135DAE7, STM32MP135DAF7, STM32MP135DAG7, STM32MP135F-DK, STM32MP135FAE7, STM32MP135FAF7, STM32MP135FAF7T, STM32MP135FAF7U, STM32MP135FAG7, STM32U535CBT6, STM32U535CBT6Q, STM32U535CBU6, STM32U535CBU6Q, STM32U535CCT6, STM32U535CCT6Q, STM32U535CCU6, STM32U535CCU6Q, STM32U535CET6, STM32U535CET6Q, STM32U535CEU6, STM32U535CEU6Q, STM32U535JEY6QTR, STM32U535NCY6QTR, STM32U535NEY6QTR, STM32U535RBI6, STM32U535RBI6Q, STM32U535RBT6, STM32U535RBT6Q, STM32U535RCI6, STM32U535RCI6Q, STM32U535RCT6, STM32U535RCT6Q, STM32U535REI6, STM32U535REI6Q, STM32U535RET6, STM32U535RET6Q, STM32U535VCI6, STM32U535VCI6Q, STM32U535VCT6, STM32U535VCT6Q, STM32U535VEI6, STM32U535VEI6Q, STM32U535VET6, STM32U535VET6Q, STM32U545CET6, STM32U545CET6Q, STM32U545CEU6, STM32U545CEU6Q, STM32U545JEY6QTR, STM32U545NEY6QTR, STM32U545REI6, STM32U545REI6Q, STM32U545RET6, STM32U545RET6Q, STM32U545VEI6, STM32U545VEI6Q, STM32U545VET6, STM32U545VET6Q, STM32U595AIH6, STM32U595AIH6Q, STM32U595AJH6, STM32U595AJH6Q, STM32U595QII6, STM32U595QII6Q, STM32U595QJI6, STM32U595QJI6Q, STM32U595RIT6, STM32U595RIT6Q, STM32U595RJT6, STM32U595RJT6Q, STM32U595VIT6, STM32U595VIT6Q, STM32U595VJT6, STM32U595VJT6Q, STM32U595ZIT6, STM32U595ZIT6Q, STM32U595ZIY6QTR, STM32U595ZJT6, STM32U595ZJT6Q, STM32U595ZJY6QTR, STM32U599BJY6QTR, STM32U599NIH6Q, STM32U599NJH6Q, STM32U599VIT6Q, STM32U599VJT6, STM32U599VJT6Q, STM32U599ZIT6Q, STM32U599ZIY6QTR, STM32U599ZJT6Q, STM32U599ZJY6QTR, STM32U5A5AJH6, STM32U5A5AJH6Q, STM32U5A5QJI6, STM32U5A5QJI6Q, STM32U5A5RJT6, STM32U5A5RJT6Q, STM32U5A5VJT6, STM32U5A5VJT6Q, STM32U5A5ZJT6, STM32U5A5ZJT6Q, STM32U5A5ZJY6QTR, STM32U5A9BJY6QTR, STM32U5A9J-DK, STM32U5A9NJH6Q, STM32U5A9VJT6Q, STM32U5A9ZJT6Q, STM32U5A9ZJY6QTR, STM32U5F7VIT6, STM32U5F7VIT6Q, STM32U5F7VJT6, STM32U5F7VJT6Q, STM32U5F9BJY6QTR, STM32U5F9NJH6Q, STM32U5F9VIT6Q, STM32U5F9VJT6Q, STM32U5F9ZIJ6QTR, STM32U5F9ZIT6Q, STM32U5F9ZJJ6QTR, STM32U5F9ZJT6Q, STM32U5G7VJT6, STM32U5G7VJT6Q, STM32U5G9BJY6QTR, STM32U5G9J-DK1, STM32U5G9J-DK2, STM32U5G9NJH6Q, STM32U5G9VJT6Q, STM32U5G9ZJJ6QTR, STM32U5G9ZJT6Q, STM32WB1MMCH6, STM32WBA52CEU6, STM32WBA52CEU6T, STM32WBA52CGU6, STM32WBA52CGU6T, STM32WBA52KEU6, STM32WBA52KEU6T, STM32WBA52KGU6, STM32WBA52KGU6T, STM32WL5MOCH6, STM32WL5MOCH6TR]
2026-06-04 11:37:53,976 [INFO] BoardInfo:880 - No configuration file found for board P-NUCLEO-WB55
2026-06-04 11:37:53,976 [INFO] DbBoards:157 - Kit is not supported: P-NUCLEO-WB55
2026-06-04 11:37:53,978 [INFO] BoardInfo:880 - No configuration file found for board STEVAL-BFA001V1B
2026-06-04 11:37:53,978 [INFO] DbBoards:157 - Kit is not supported: STEVAL-BFA001V1B
2026-06-04 11:37:53,978 [INFO] BoardInfo:880 - No configuration file found for board STEVAL-BFA001V2B
2026-06-04 11:37:53,979 [INFO] DbBoards:157 - Kit is not supported: STEVAL-BFA001V2B
2026-06-04 11:37:54,019 [INFO] DbBoards:161 - Found 190 boards, 187 are supported
2026-06-04 11:37:54,021 [INFO] ApiDb:668 - CubeFinder database Data Model version=2.1
2026-06-04 11:37:54,021 [INFO] ApiDb:669 - CubeFinder database Configuration version=3.0.37
2026-06-04 11:37:54,021 [INFO] ApiDb:670 - CubeFinder database generation date=2023-08-09 (1691586011)
2026-06-04 11:37:54,021 [INFO] ApiDb:671 - CubeFinder database FW Pack versions=[FP-ATR-ASTRA1_V2.0.0, FP-SNS-FLIGHT1_V5.0.1, FP-SNS-FLIGHT1_V5.0.2, FP-SNS-MOTENV1_V4.3.1, FP-SNS-MOTENV1_V4.3.2, STM32Cube_FW_C0_V1.1.0, STM32Cube_FW_F4_V1.27.1, STM32Cube_FW_F7_V1.17.0, STM32Cube_FW_G0_V1.6.1, STM32Cube_FW_G4_V1.5.1, STM32Cube_FW_H5_V0.5.1, STM32Cube_FW_H5_V1.1.0, STM32Cube_FW_H7_V1.11.0, STM32Cube_FW_L0_V1.12.2, STM32Cube_FW_L5_V1.5.0, STM32Cube_FW_U5_V1.3.0, STM32Cube_FW_U5_V1.3.0RC4, STM32Cube_FW_WBA_V1.0.0RC1, STM32Cube_FW_WBA_V1.1.0, STM32Cube_FW_WBA_V1.1.0RC1, STM32Cube_FW_WB_V1.15.0RC1, STM32Cube_FW_WB_V1.16.0, STM32Cube_FW_WB_V1.16.0RC2, STM32Cube_FW_WB_V1.17.0, STM32Cube_FW_WL_V1.3.0, X-CUBE-ALGOBUILD_V1.3.0, X-CUBE-ALS_V1.0.1, X-CUBE-AZRTOS-F4_V1.1.0, X-CUBE-AZRTOS-F7_V1.1.0, X-CUBE-AZRTOS-G0_V1.1.0, X-CUBE-AZRTOS-G4_V2.0.0, X-CUBE-AZRTOS-H7_V3.1.0, X-CUBE-AZRTOS-L4_V1.0.0, X-CUBE-AZRTOS-L4_V2.0.0, X-CUBE-AZRTOS-L5_V1.1.0, X-CUBE-AZRTOS-WB_V1.1.0, X-CUBE-AZRTOS-WL_V2.0.0, X-CUBE-BLE1_V7.0.0, X-CUBE-BLE2_V3.3.0, X-CUBE-BLEMGR_V2.0.0, X-CUBE-EEPRMA1_V4.1.0, X-CUBE-FREERTOS_V1.1.0, X-CUBE-GNSS1_V6.0.0, X-CUBE-MEMS1_V9.1.0, X-CUBE-MEMS1_V9.4.0, X-CUBE-MEMS1_V9.6.0, X-CUBE-NFC4_V3.0.0, X-CUBE-NFC7_V1.0.0, X-CUBE-SFXS2LP1_V4.0.0, X-CUBE-SUBG2_V5.0.0, X-CUBE-TOF1_V3.3.1]
2026-06-04 11:37:55,300 [INFO] ApiDb:240 - Found 323 in-development CPN: [B-G473E-ZEST1S, B-WB1M-WPAN1, B-WL5M-SUBG1, NUCLEO-C031C6, NUCLEO-H503RB, NUCLEO-H563ZI, NUCLEO-U545RE-Q, NUCLEO-U5A5ZJ-Q, NUCLEO-WBA52CG, STEVAL-PROTEUS1, STEVAL-SMARTAG2, STEVAL-STWINBX1, STM320518-EVAL, STM32C0116-DK, STM32C011D6Y3TR, STM32C011D6Y6TR, STM32C011F4P3, STM32C011F4P6, STM32C011F4U3, STM32C011F4U6TR, STM32C011F6P3, STM32C011F6P6, STM32C011F6U3, STM32C011F6U6TR, STM32C011J4M3, STM32C011J4M6, STM32C011J6M3, STM32C011J6M6, STM32C0316-DK, STM32C031C4T3, STM32C031C4T6, STM32C031C4U3, STM32C031C4U6, STM32C031C6T3, STM32C031C6T6, STM32C031C6U3, STM32C031C6U6, STM32C031F4P3, STM32C031F4P6, STM32C031F6P3, STM32C031F6P6, STM32C031G4U3, STM32C031G4U6, STM32C031G6U3, STM32C031G6U6, STM32C031K4T3, STM32C031K4T6, STM32C031K4U3, STM32C031K4U6, STM32C031K6T3, STM32C031K6T6, STM32C031K6U3, STM32C031K6U6, STM32G071K8TXN, STM32G071K8UXN, STM32G081GBU6N, STM32G081KBT6N, STM32G081KBUXN, STM32G0B1CCT6N, STM32G0B1KCT6, STM32G0B1NEY6TR, STM32G0B1RCT6N, STM32G0C1CCT6, STM32G0C1CCT6N, STM32G0C1CCU6N, STM32G0C1CET6N, STM32G0C1CEU6N, STM32G0C1KCT6, STM32G0C1NEY6TR, STM32G0C1RCI6N, STM32G0C1RCT6N, STM32G0C1REI6N, STM32G0C1RET6N, STM32G0C1VCI6, STM32G0C1VEI6, STM32G471CCT6, STM32G471CCU6, STM32G471CET3, STM32G471CET6, STM32G471CEU3, STM32G471CEU6, STM32G471MCT6, STM32G471MET3, STM32G471MET6, STM32G471MEY6TR, STM32G471QCT6, STM32G471QET3, STM32G471RCT6, STM32G471RET3, STM32G471RET6, STM32G471VCH6, STM32G471VCI6, STM32G471VCT6, STM32G471VEH3, STM32G471VEH6, STM32G471VEI3, STM32G471VEI6, STM32G471VET3, STM32G471VET6, STM32G474CCT6, STM32H503CBT6, STM32H503CBU6, STM32H503EBY6TR, STM32H503KBU6, STM32H503RBT6, STM32H562AGI6, STM32H562AII6, STM32H562IGK6, STM32H562IGT6, STM32H562IIK6, STM32H562IIT6, STM32H562RGT6, STM32H562RGV6, STM32H562RIT6, STM32H562RIV6, STM32H562VGT6, STM32H562VIT6, STM32H562ZGT6, STM32H562ZIT6, STM32H563AGI6, STM32H563AII3Q, STM32H563AII6, STM32H563IGK6, STM32H563IGT6, STM32H563IIK3Q, STM32H563IIK6, STM32H563IIT3Q, STM32H563IIT6, STM32H563MIY3QTR, STM32H563RGT6, STM32H563RGV6, STM32H563RIT6, STM32H563RIV6, STM32H563VGT6, STM32H563VIT3Q, STM32H563VIT6, STM32H563ZGT6, STM32H563ZIT3Q, STM32H563ZIT6, STM32H573AII3Q, STM32H573AII6, STM32H573I-DK, STM32H573IIK3Q, STM32H573IIK6, STM32H573IIT3Q, STM32H573IIT6, STM32H573MIY3QTR, STM32H573RIT6, STM32H573RIV6, STM32H573VIT3Q, STM32H573VIT6, STM32H573ZIT3Q, STM32H573ZIT6, STM32L4R5QGI6STR, STM32MP131AAE3, STM32MP131AAF3, STM32MP131AAG3, STM32MP131CAE3, STM32MP131CAF3, STM32MP131CAG3, STM32MP131DAE7, STM32MP131DAF7, STM32MP131DAG7, STM32MP131FAE7, STM32MP131FAF7, STM32MP131FAG7, STM32MP133AAE3, STM32MP133AAF3, STM32MP133AAG3, STM32MP133CAE3, STM32MP133CAF3, STM32MP133CAG3, STM32MP133DAE7, STM32MP133DAF7, STM32MP133DAG7, STM32MP133FAE7, STM32MP133FAF7, STM32MP133FAG7, STM32MP135AAE3, STM32MP135AAF3, STM32MP135AAG3, STM32MP135CAE3, STM32MP135CAF3, STM32MP135CAG3, STM32MP135DAE7, STM32MP135DAF7, STM32MP135DAG7, STM32MP135F-DK, STM32MP135FAE7, STM32MP135FAF7, STM32MP135FAF7T, STM32MP135FAF7U, STM32MP135FAG7, STM32U535CBT6, STM32U535CBT6Q, STM32U535CBU6, STM32U535CBU6Q, STM32U535CCT6, STM32U535CCT6Q, STM32U535CCU6, STM32U535CCU6Q, STM32U535CET6, STM32U535CET6Q, STM32U535CEU6, STM32U535CEU6Q, STM32U535JEY6QTR, STM32U535NCY6QTR, STM32U535NEY6QTR, STM32U535RBI6, STM32U535RBI6Q, STM32U535RBT6, STM32U535RBT6Q, STM32U535RCI6, STM32U535RCI6Q, STM32U535RCT6, STM32U535RCT6Q, STM32U535REI6, STM32U535REI6Q, STM32U535RET6, STM32U535RET6Q, STM32U535VCI6, STM32U535VCI6Q, STM32U535VCT6, STM32U535VCT6Q, STM32U535VEI6, STM32U535VEI6Q, STM32U535VET6, STM32U535VET6Q, STM32U545CET6, STM32U545CET6Q, STM32U545CEU6, STM32U545CEU6Q, STM32U545JEY6QTR, STM32U545NEY6QTR, STM32U545REI6, STM32U545REI6Q, STM32U545RET6, STM32U545RET6Q, STM32U545VEI6, STM32U545VEI6Q, STM32U545VET6, STM32U545VET6Q, STM32U595AIH6, STM32U595AIH6Q, STM32U595AJH6, STM32U595AJH6Q, STM32U595QII6, STM32U595QII6Q, STM32U595QJI6, STM32U595QJI6Q, STM32U595RIT6, STM32U595RIT6Q, STM32U595RJT6, STM32U595RJT6Q, STM32U595VIT6, STM32U595VIT6Q, STM32U595VJT6, STM32U595VJT6Q, STM32U595ZIT6, STM32U595ZIT6Q, STM32U595ZIY6QTR, STM32U595ZJT6, STM32U595ZJT6Q, STM32U595ZJY6QTR, STM32U599BJY6QTR, STM32U599NIH6Q, STM32U599NJH6Q, STM32U599VIT6Q, STM32U599VJT6, STM32U599VJT6Q, STM32U599ZIT6Q, STM32U599ZIY6QTR, STM32U599ZJT6Q, STM32U599ZJY6QTR, STM32U5A5AJH6, STM32U5A5AJH6Q, STM32U5A5QJI6, STM32U5A5QJI6Q, STM32U5A5RJT6, STM32U5A5RJT6Q, STM32U5A5VJT6, STM32U5A5VJT6Q, STM32U5A5ZJT6, STM32U5A5ZJT6Q, STM32U5A5ZJY6QTR, STM32U5A9BJY6QTR, STM32U5A9J-DK, STM32U5A9NJH6Q, STM32U5A9VJT6Q, STM32U5A9ZJT6Q, STM32U5A9ZJY6QTR, STM32U5F7VIT6, STM32U5F7VIT6Q, STM32U5F7VJT6, STM32U5F7VJT6Q, STM32U5F9BJY6QTR, STM32U5F9NJH6Q, STM32U5F9VIT6Q, STM32U5F9VJT6Q, STM32U5F9ZIJ6QTR, STM32U5F9ZIT6Q, STM32U5F9ZJJ6QTR, STM32U5F9ZJT6Q, STM32U5G7VJT6, STM32U5G7VJT6Q, STM32U5G9BJY6QTR, STM32U5G9J-DK1, STM32U5G9J-DK2, STM32U5G9NJH6Q, STM32U5G9VJT6Q, STM32U5G9ZJJ6QTR, STM32U5G9ZJT6Q, STM32WB1MMCH6, STM32WBA52CEU6, STM32WBA52CEU6T, STM32WBA52CGU6, STM32WBA52CGU6T, STM32WBA52KEU6, STM32WBA52KEU6T, STM32WBA52KGU6, STM32WBA52KGU6T, STM32WL5MOCH6, STM32WL5MOCH6TR]
2026-06-04 11:37:55,304 [INFO] DbMcus:217 - Found 3848 MCUs, 3848 are supported
2026-06-04 11:37:55,304 [INFO] ApiDb:414 - User favorites file not found: /home/papijou/.stm32cubeide/favorites.mcus.txt
2026-06-04 11:37:55,304 [INFO] DbMcus:223 - Set 0 / 0 favorites MCUs
2026-06-04 11:37:55,423 [INFO] ApiDb:414 - User favorites file not found: /home/papijou/.stm32cubeide/favorites.boards.txt
2026-06-04 11:37:55,423 [INFO] DbBoards:190 - Set 0 / 0 favorites Boards
2026-06-04 11:37:55,423 [INFO] McuFinderGlobals:76 - Set McuFinderConnectedMode to false
2026-06-04 11:37:55,430 [INFO] MultiScanPanel:200 - Auto-refresh data requested => check proxy status ongoing
2026-06-04 11:37:55,430 [INFO] MultiScanPanel:204 - Proxy status is invalid
2026-06-04 11:37:55,431 [INFO] FinderPluginLoader:95 - Searching for filters in installed packs
2026-06-04 11:37:56,125 [WARN] DetailPanel:346 - Failed to get advertising image, set to default
2026-06-04 11:38:28,529 [ERROR] ServerAccessManage:1146 - Warning during Server Connection :  Unknown host sw-center.st.com
2026-06-04 11:38:28,530 [INFO] MainUpdater:2868 - connection check result : 22
2026-06-04 11:38:28,531 [ERROR] ServerAccessManage:1146 - Warning during Server Connection :  Unknown host sw-center.st.com
2026-06-04 11:38:28,531 [INFO] MainUpdater:2868 - connection check result : 22
2026-06-04 11:38:34,957 [ERROR] ServerAccessManage:1146 - Warning during Server Connection :  Unknown host sw-center.st.com
2026-06-04 11:38:34,957 [INFO] MainUpdater:2868 - connection check result : 22
2026-06-04 11:38:35,861 [INFO] MicroXplorer:468 - Change Database Path : 
2026-06-04 11:38:35,861 [INFO] MicroXplorer:498 - Change Database Version : DB.6.0.92
2026-06-04 11:38:35,863 [WARN] ThirdParty:871 - waiting for thirdparty lock release [close project]
2026-06-04 11:38:35,863 [INFO] ThirdParty:873 - entering critical section [close project]
2026-06-04 11:38:35,863 [INFO] ThirdParty:883 - exiting critical section [close project]
2026-06-04 11:38:35,864 [INFO] PinOutPanel:1499 - setPackage(No Configuration,No Configuration)
2026-06-04 11:38:35,868 [INFO] UtilMem:75 - Begin LoadConfig() Used Memory: 253092456 Bytes (560988160)
2026-06-04 11:38:35,869 [INFO] MicroXplorer:468 - Change Database Path : 
2026-06-04 11:38:35,869 [INFO] MicroXplorer:498 - Change Database Version : DB.6.0.92
2026-06-04 11:38:35,869 [INFO] OpenFileManager:308 - Change cursor
2026-06-04 11:38:35,884 [INFO] Mcu:1946 - Initializing MCU STM32L476R(C-E-G)Tx STM32L476RGTx STM32L476RGT6
2026-06-04 11:38:36,880 [INFO] Context:659 - Trying to add GPIOservice into a context  which must be forbidden
2026-06-04 11:38:37,436 [INFO] RtosManager:555 - Registered RTOS mode: class=CMSIS, group=RTOS, mode=CMSIS_V1, owner=FREERTOS
2026-06-04 11:38:37,436 [INFO] RtosManager:555 - Registered RTOS mode: class=CMSIS, group=RTOS2, mode=CMSIS_V2, owner=FREERTOS
2026-06-04 11:38:37,436 [INFO] RtosManager:555 - Registered RTOS mode: class=RTOS, group=Core, mode=CMSIS_V1, owner=FREERTOS
2026-06-04 11:38:37,436 [INFO] RtosManager:555 - Registered RTOS mode: class=RTOS, group=Core, mode=CMSIS_V2, owner=FREERTOS
2026-06-04 11:38:37,436 [WARN] ModelIntegratedComponent:184 - Missing modes for component STMicroelectronics:FreeRTOS:0.0.1:STMicroelectronics:RTOS:FreeRTOS:Core:::10.2.0:
2026-06-04 11:38:37,437 [WARN] ModelIntegratedComponent:63 - No mode defined for component null
2026-06-04 11:38:37,437 [WARN] ModelIntegratedComponent:63 - No mode defined for component null
2026-06-04 11:38:37,437 [WARN] ModelIntegratedComponent:63 - No mode defined for component null
2026-06-04 11:38:37,437 [WARN] ModelIntegratedComponent:63 - No mode defined for component null
2026-06-04 11:38:37,437 [WARN] ModelIntegratedComponent:63 - No mode defined for component null
2026-06-04 11:38:37,437 [WARN] ModelIntegratedComponent:63 - No mode defined for component null
2026-06-04 11:38:37,437 [WARN] ModelIntegratedComponent:63 - No mode defined for component null
2026-06-04 11:38:37,437 [WARN] ModelIntegratedComponent:63 - No mode defined for component null
2026-06-04 11:38:37,437 [WARN] ModelIntegratedComponent:63 - No mode defined for component null
2026-06-04 11:38:37,437 [WARN] ModelIntegratedComponent:63 - No mode defined for component null
2026-06-04 11:38:37,437 [WARN] ModelIntegratedComponent:63 - No mode defined for component null
2026-06-04 11:38:37,437 [WARN] ModelIntegratedComponent:63 - No mode defined for component null
2026-06-04 11:38:37,437 [WARN] ModelIntegratedComponent:63 - No mode defined for component null
2026-06-04 11:38:37,437 [WARN] ModelIntegratedComponent:63 - No mode defined for component null
2026-06-04 11:38:37,438 [WARN] ModelIntegratedComponent:63 - No mode defined for component null
2026-06-04 11:38:37,438 [WARN] ModelIntegratedComponent:63 - No mode defined for component null
2026-06-04 11:38:37,438 [WARN] ModelIntegratedComponent:63 - No mode defined for component null
2026-06-04 11:38:37,438 [WARN] ModelIntegratedComponent:63 - No mode defined for component null
2026-06-04 11:38:37,438 [WARN] ModelIntegratedComponent:63 - No mode defined for component null
2026-06-04 11:38:37,438 [WARN] ModelIntegratedComponent:63 - No mode defined for component null
2026-06-04 11:38:37,438 [WARN] ModelIntegratedComponent:63 - No mode defined for component null
2026-06-04 11:38:37,438 [WARN] ModelIntegratedComponent:63 - No mode defined for component null
2026-06-04 11:38:37,438 [WARN] ModelIntegratedComponent:63 - No mode defined for component null
2026-06-04 11:38:37,438 [WARN] ModelIntegratedComponent:63 - No mode defined for component null
2026-06-04 11:38:37,438 [WARN] ModelIntegratedComponent:63 - No mode defined for component null
2026-06-04 11:38:37,438 [WARN] ModelIntegratedComponent:63 - No mode defined for component null
2026-06-04 11:38:37,438 [WARN] ModelIntegratedComponent:63 - No mode defined for component null
2026-06-04 11:38:37,438 [WARN] ModelIntegratedComponent:63 - No mode defined for component null
2026-06-04 11:38:37,438 [WARN] ModelIntegratedComponent:63 - No mode defined for component null
2026-06-04 11:38:37,438 [WARN] ModelIntegratedComponent:63 - No mode defined for component null
2026-06-04 11:38:37,438 [WARN] ModelIntegratedComponent:63 - No mode defined for component null
2026-06-04 11:38:37,438 [WARN] ModelIntegratedComponent:63 - No mode defined for component null
2026-06-04 11:38:37,438 [WARN] ModelIntegratedComponent:63 - No mode defined for component null
2026-06-04 11:38:37,444 [INFO] ThirdPartyModel:298 - Start build external matchings
2026-06-04 11:38:37,446 [INFO] ThirdPartyModel:316 - End build external matchings
2026-06-04 11:38:37,452 [INFO] ImportTextPane:194 - (OptionalMessage_ERROR) IP (ADC1) : Parameter (CommonPathInternal) has invalid value (null|ADC_CHANNEL_TEMPSENSOR|null|null)
2026-06-04 11:38:37,453 [INFO] ImportTextPane:194 - (OptionalMessage_ERROR) IP (ADC2) : Parameter (CommonPathInternal) has invalid value (null|null|null|null)
2026-06-04 11:38:37,453 [INFO] ImportTextPane:194 - (OptionalMessage_ERROR) IP (DMA) : Parameter (Instance) has Id (ADC2) currently not set
2026-06-04 11:38:37,453 [INFO] ImportTextPane:194 - (OptionalMessage_ERROR) IP (DMA) : Parameter (Request) has Id (ADC2) currently not set
2026-06-04 11:38:37,454 [INFO] ImportTextPane:194 - (OptionalMessage_ERROR) IP (DMA) : Parameter (Direction) has Id (ADC2) currently not set
2026-06-04 11:38:37,454 [INFO] ImportTextPane:194 - (OptionalMessage_ERROR) IP (DMA) : Parameter (PeriphInc) has Id (ADC2) currently not set
2026-06-04 11:38:37,454 [INFO] ImportTextPane:194 - (OptionalMessage_ERROR) IP (DMA) : Parameter (MemInc) has Id (ADC2) currently not set
2026-06-04 11:38:37,454 [INFO] ImportTextPane:194 - (OptionalMessage_ERROR) IP (DMA) : Parameter (PeriphDataAlignment) has Id (ADC2) currently not set
2026-06-04 11:38:37,454 [INFO] ImportTextPane:194 - (OptionalMessage_ERROR) IP (DMA) : Parameter (MemDataAlignment) has Id (ADC2) currently not set
2026-06-04 11:38:37,454 [INFO] ImportTextPane:194 - (OptionalMessage_ERROR) IP (DMA) : Parameter (Mode) has Id (ADC2) currently not set
2026-06-04 11:38:37,454 [INFO] ImportTextPane:194 - (OptionalMessage_ERROR) IP (DMA) : Parameter (Priority) has Id (ADC2) currently not set
2026-06-04 11:38:37,650 [INFO] UtilMem:75 - End LoadConfig() Used Memory: 321222128 Bytes (560988160)
2026-06-04 11:38:37,732 [WARN] ThirdParty:833 - waiting for thirdparty lock release [change project]
2026-06-04 11:38:37,732 [INFO] ThirdParty:835 - entering critical section [change project]
2026-06-04 11:38:37,732 [INFO] ThirdParty:1030 - CMSIS Pack Vendor :STMicroelectronics USBPD 4.1
2026-06-04 11:38:37,732 [INFO] ThirdParty:1030 - CMSIS Pack Vendor :STMicroelectronics ThreadX 1.0.0
2026-06-04 11:38:37,732 [INFO] ThirdParty:1030 - CMSIS Pack Vendor :STMicroelectronics USB_HOST 2.0.0
2026-06-04 11:38:37,732 [INFO] ThirdParty:1030 - CMSIS Pack Vendor :STMicroelectronics LIBJPEG 8.0.0
2026-06-04 11:38:37,732 [INFO] ThirdParty:1030 - CMSIS Pack Vendor :STMicroelectronics FP-ATR-SIGFOX1 3.2.0
2026-06-04 11:38:37,732 [INFO] ThirdParty:1030 - CMSIS Pack Vendor :STMicroelectronics FreeRTOS 0.0.1
2026-06-04 11:38:37,732 [INFO] ThirdParty:1030 - CMSIS Pack Vendor :STMicroelectronics USB_DEVICE 1.0.0
2026-06-04 11:38:37,732 [INFO] ThirdParty:1030 - CMSIS Pack Vendor :STMicroelectronics STM32_WPAN 1.0.0
2026-06-04 11:38:37,732 [INFO] ThirdParty:1030 - CMSIS Pack Vendor :STMicroelectronics USB_DEVICE 3.0.0
2026-06-04 11:38:37,733 [INFO] ThirdParty:1030 - CMSIS Pack Vendor :STMicroelectronics HAL Drivers 0.0.0
2026-06-04 11:38:37,733 [INFO] ThirdParty:1030 - CMSIS Pack Vendor :STMicroelectronics MBEDTLS 2.16.2
2026-06-04 11:38:37,733 [INFO] ThirdParty:1030 - CMSIS Pack Vendor :STMicroelectronics ThreadX 0.0.2
2026-06-04 11:38:37,733 [INFO] ThirdParty:1030 - CMSIS Pack Vendor :STMicroelectronics lwIP 2.1.2
2026-06-04 11:38:37,733 [INFO] ThirdParty:1030 - CMSIS Pack Vendor :STMicroelectronics lwIP 2.0.3
2026-06-04 11:38:37,733 [INFO] ThirdParty:1030 - CMSIS Pack Vendor :STMicroelectronics MBEDTLS 2.14.1
2026-06-04 11:38:37,733 [INFO] ThirdParty:1030 - CMSIS Pack Vendor :STMicroelectronics USB_HOST 1.0.0
2026-06-04 11:38:37,733 [INFO] ThirdParty:1030 - CMSIS Pack Vendor :STMicroelectronics PDM2PCM 3.1.0
2026-06-04 11:38:37,733 [INFO] ThirdParty:1030 - CMSIS Pack Vendor :STMicroelectronics PDM2PCM 3.2.0
2026-06-04 11:38:37,733 [INFO] ThirdParty:1030 - CMSIS Pack Vendor :STMicroelectronics USB_DEVICE 2.0.0
2026-06-04 11:38:37,733 [INFO] ThirdParty:1030 - CMSIS Pack Vendor :STMicroelectronics PDM2PCM 3.3.0
2026-06-04 11:38:37,733 [INFO] ThirdParty:841 - exiting critical section [change project]
2026-06-04 11:38:38,000 [INFO] PinOutPanel:1499 - setPackage(No Configuration,No Configuration)
2026-06-04 11:38:38,001 [INFO] PinOutPanel:1499 - setPackage(STM32L476RGTx,LQFP64)
2026-06-04 11:38:38,408 [INFO] UtilMem:75 - Before build in PCC Used Memory: 464953880 Bytes (560988160)
2026-06-04 11:38:38,795 [INFO] UtilMem:75 - After build in PCC Used Memory: 350205072 Bytes (560988160)
2026-06-04 11:38:38,808 [INFO] IPUIPlugin:80 - create IPUIPlugin
2026-06-04 11:38:38,808 [INFO] IPUIPlugin:80 - create IPUIPlugin
2026-06-04 11:38:38,808 [INFO] IPUIPlugin:80 - create IPUIPlugin
2026-06-04 11:38:38,808 [INFO] IPUIPlugin:80 - create IPUIPlugin
2026-06-04 11:38:38,808 [INFO] IPUIPlugin:80 - create IPUIPlugin
2026-06-04 11:38:38,808 [INFO] IPUIPlugin:80 - create IPUIPlugin
2026-06-04 11:38:38,808 [INFO] IPUIPlugin:80 - create IPUIPlugin
2026-06-04 11:38:38,808 [INFO] IPUIPlugin:80 - create IPUIPlugin
2026-06-04 11:38:38,808 [INFO] IPUIPlugin:80 - create IPUIPlugin
2026-06-04 11:38:38,808 [INFO] IPUIPlugin:80 - create IPUIPlugin
2026-06-04 11:38:38,809 [INFO] IPUIPlugin:80 - create IPUIPlugin
2026-06-04 11:38:38,809 [INFO] IPUIPlugin:80 - create IPUIPlugin
2026-06-04 11:38:38,809 [INFO] IPUIPlugin:80 - create IPUIPlugin
2026-06-04 11:38:38,809 [INFO] IPUIPlugin:80 - create IPUIPlugin
2026-06-04 11:38:38,809 [INFO] IPUIPlugin:80 - create IPUIPlugin
2026-06-04 11:38:38,809 [INFO] IPUIPlugin:80 - create IPUIPlugin
2026-06-04 11:38:38,809 [INFO] IPUIPlugin:80 - create IPUIPlugin
2026-06-04 11:38:38,809 [INFO] IPUIPlugin:80 - create IPUIPlugin
2026-06-04 11:38:38,809 [INFO] IPUIPlugin:80 - create IPUIPlugin
2026-06-04 11:38:38,809 [INFO] IPUIPlugin:80 - create IPUIPlugin
2026-06-04 11:38:38,809 [INFO] IPUIPlugin:80 - create IPUIPlugin
2026-06-04 11:38:38,809 [INFO] IPUIPlugin:80 - create IPUIPlugin
2026-06-04 11:38:38,809 [INFO] IPUIPlugin:80 - create IPUIPlugin
2026-06-04 11:38:38,809 [INFO] IPUIPlugin:80 - create IPUIPlugin
2026-06-04 11:38:38,809 [INFO] IPUIPlugin:80 - create IPUIPlugin
2026-06-04 11:38:38,810 [INFO] IPUIPlugin:80 - create IPUIPlugin
2026-06-04 11:38:38,810 [INFO] IPUIPlugin:80 - create IPUIPlugin
2026-06-04 11:38:38,810 [INFO] IPUIPlugin:80 - create IPUIPlugin
2026-06-04 11:38:38,810 [INFO] IPUIPlugin:80 - create IPUIPlugin
2026-06-04 11:38:38,810 [INFO] IPUIPlugin:80 - create IPUIPlugin
2026-06-04 11:38:38,810 [INFO] IPUIPlugin:80 - create IPUIPlugin
2026-06-04 11:38:38,810 [INFO] IPUIPlugin:80 - create IPUIPlugin
2026-06-04 11:38:38,810 [INFO] IPUIPlugin:80 - create IPUIPlugin
2026-06-04 11:38:38,810 [INFO] IPUIPlugin:80 - create IPUIPlugin
2026-06-04 11:38:38,810 [INFO] IPUIPlugin:80 - create IPUIPlugin
2026-06-04 11:38:38,810 [INFO] IPUIPlugin:80 - create IPUIPlugin
2026-06-04 11:38:38,810 [INFO] IPUIPlugin:80 - create IPUIPlugin
2026-06-04 11:38:38,810 [INFO] IPUIPlugin:80 - create IPUIPlugin
2026-06-04 11:38:38,811 [INFO] IPUIPlugin:80 - create IPUIPlugin
2026-06-04 11:38:38,811 [INFO] IPUIPlugin:80 - create IPUIPlugin
2026-06-04 11:38:38,811 [INFO] IPUIPlugin:80 - create IPUIPlugin
2026-06-04 11:38:38,811 [INFO] IPUIPlugin:80 - create IPUIPlugin
2026-06-04 11:38:38,811 [INFO] IPUIPlugin:80 - create IPUIPlugin
2026-06-04 11:38:38,811 [INFO] IPUIPlugin:80 - create IPUIPlugin
2026-06-04 11:38:38,811 [INFO] IPUIPlugin:80 - create IPUIPlugin
2026-06-04 11:38:38,811 [INFO] IPUIPlugin:80 - create IPUIPlugin
2026-06-04 11:38:38,811 [INFO] IPUIPlugin:80 - create IPUIPlugin
2026-06-04 11:38:38,811 [INFO] IPUIPlugin:80 - create IPUIPlugin
2026-06-04 11:38:38,811 [INFO] IPUIPlugin:80 - create IPUIPlugin
2026-06-04 11:38:38,811 [INFO] IPUIPlugin:80 - create IPUIPlugin
2026-06-04 11:38:38,811 [INFO] IPUIPlugin:80 - create IPUIPlugin
2026-06-04 11:38:38,811 [INFO] IPUIPlugin:80 - create IPUIPlugin
2026-06-04 11:38:38,812 [INFO] IPUIPlugin:80 - create IPUIPlugin
2026-06-04 11:38:38,812 [INFO] IPUIPlugin:80 - create IPUIPlugin
2026-06-04 11:38:38,812 [INFO] IPUIPlugin:80 - create IPUIPlugin
2026-06-04 11:38:38,812 [INFO] IPUIPlugin:80 - create IPUIPlugin
2026-06-04 11:38:38,812 [INFO] IPUIPlugin:80 - create IPUIPlugin
2026-06-04 11:38:38,813 [INFO] IPUIPlugin:80 - create IPUIPlugin
2026-06-04 11:38:38,813 [INFO] IPUIPlugin:80 - create IPUIPlugin
2026-06-04 11:38:38,930 [INFO] CADModel:165 - CPN selected for project levelSTM32L476RGT6
2026-06-04 11:38:38,930 [INFO] CADModel:114 - Register for checkConnection events
2026-06-04 11:38:38,969 [INFO] OpenFileManager:328 - Restore cursor
2026-06-04 11:38:39,434 [INFO] UtilMem:75 - End SaveConfig() Used Memory: 353021360 Bytes (560988160)
2026-06-04 11:38:39,457 [ERROR] ConfigurationRetriever:142 - IOException on connection: sw-center.st.com
2026-06-04 11:38:39,458 [ERROR] ConfigurationRetriever:142 - IOException on connection: sw-center.st.com
2026-06-04 11:38:39,458 [ERROR] ConfigurationRetriever:142 - IOException on connection: sw-center.st.com
2026-06-04 11:39:24,133 [INFO] MainUpdater:2868 - connection check result : 10
2026-06-04 11:39:24,141 [INFO] JxBrowserEngine:151 - Initiate JxBrowser Engine with user profile folder
2026-06-04 11:39:24,573 [INFO] WebApp:157 - Instantiating new browser for Auth
2026-06-04 11:39:24,852 [INFO] WebApp:753 - Register for checkConnection events
2026-06-04 11:39:24,852 [INFO] WebApp:390 - Apply proxy settings
2026-06-04 11:39:24,852 [INFO] WebApp:475 - Chromium requires no authentication
2026-06-04 11:39:24,856 [INFO] WebApp:418 - Direct internet connection detected
2026-06-04 11:39:24,914 [INFO] WebApp:188 - Starting web application
2026-06-04 11:39:24,914 [INFO] WebApp:520 - Web application path used /opt/st/stm32cubeide_1.13.2_2/plugins/com.st.stm32cube.common.mx_6.9.2.202309101412/db/plugins/mcufinder/reactClient1/index.html
2026-06-04 11:39:28,069 [INFO] McuFinderGlobals:76 - Set McuFinderConnectedMode to true
2026-06-04 11:39:28,076 [INFO] ApiDb:448 - Save user favorites file /home/papijou/.stm32cubeide/favorites.mcus.txt: 0 item(s)
2026-06-04 11:39:28,076 [INFO] ApiDb:452 - User favorites MCUs=[]
2026-06-04 11:39:30,211 [INFO] McuFinderGlobals:63 - Set McuFinder mode to 2 (CubeIDE integrated)
2026-06-04 11:39:30,211 [INFO] UserAuth:179 - activating auth plugin
2026-06-04 11:39:30,215 [INFO] UserAuth:393 - Internet connection configuration mode: 1
2026-06-04 11:40:42,136 [INFO] WebApp:588 - userauth.ini deleted or not created
2026-06-04 11:40:59,783 [INFO] ADCParametersView:116 -                Rank 1 : false
2026-06-04 11:40:59,846 [INFO] ADCParametersView:116 -                Rank 1 : false
2026-06-04 11:40:59,846 [INFO] ADCParametersView:116 -                Rank 1 : false
2026-06-04 11:40:59,846 [INFO] ADCParametersView:116 -                Rank 1 : false
2026-06-04 11:40:59,846 [INFO] ADCParametersView:116 -                Rank 1 : false
2026-06-04 11:40:59,846 [INFO] ADCParametersView:116 -                Rank 1 : false
2026-06-04 11:40:59,847 [INFO] ADCParametersView:116 -                Rank 1 : false
2026-06-04 11:40:59,847 [INFO] ADCParametersView:116 -                Rank 1 : false
2026-06-04 11:40:59,847 [INFO] ADCParametersView:116 -                Rank 1 : false
2026-06-04 11:40:59,847 [INFO] ADCParametersView:116 -                Rank 1 : false
2026-06-04 11:40:59,847 [INFO] ADCParametersView:116 -                Rank 1 : false
2026-06-04 11:40:59,847 [INFO] ADCParametersView:116 -                Rank 1 : false
2026-06-04 11:40:59,847 [INFO] ADCParametersView:116 -                Rank 1 : false
2026-06-04 11:40:59,847 [INFO] ADCParametersView:116 -                Rank 1 : false
2026-06-04 11:40:59,847 [INFO] ADCParametersView:116 -                Rank 1 : false
2026-06-04 11:40:59,847 [INFO] ADCParametersView:116 -                Rank 1 : false
2026-06-04 11:40:59,848 [INFO] ADCParametersView:116 -                Rank 1 : false
2026-06-04 11:40:59,848 [INFO] ADCParametersView:116 -                Rank 1 : false
2026-06-04 11:40:59,848 [INFO] ADCParametersView:116 -                Rank 1 : false
2026-06-04 11:40:59,848 [INFO] ADCParametersView:116 -                Rank 1 : false
2026-06-04 11:40:59,848 [INFO] ADCParametersView:116 -                Rank 1 : false
2026-06-04 11:40:59,877 [INFO] ADCParametersView:116 -                Rank 1 : false
2026-06-04 11:42:55,410 [INFO] ServerAccessManage:473 - Download File stm32cube_fw_l4_v1180.zip
2026-06-04 11:45:31,731 [INFO] AnalyticsPlugin:368 - Accepted License(s): [FW.L4.1.18.0]
2026-06-04 11:45:31,731 [INFO] FileExtend:240 - Unzip File : stm32cube_fw_l4_v1180.zip
2026-06-04 11:45:31,731 [INFO] FileExtend:255 - Standard Zip Deflate
2026-06-04 11:45:39,270 [INFO] ServerAccessManage:473 - Download File stm32cube_fw_l4_v1182.zip
2026-06-04 11:46:58,417 [INFO] FileExtend:240 - Unzip File : stm32cube_fw_l4_v1182.zip
2026-06-04 11:46:58,417 [INFO] FileExtend:255 - Standard Zip Deflate
2026-06-04 11:47:03,433 [INFO] LoadServerPackagesThread:196 - End of LoadServerPackages Thread
2026-06-04 11:47:03,556 [INFO] ThirdPartyModel:298 - Start build external matchings
2026-06-04 11:47:03,557 [INFO] ThirdPartyModel:316 - End build external matchings
2026-06-04 11:47:03,557 [INFO] CheckServerUpdateThread:120 - End of CheckServer Thread
2026-06-04 11:47:03,561 [INFO] UtilMem:75 - End SaveConfig() Used Memory: 246956480 Bytes (1073741824)
2026-06-04 11:47:03,772 [INFO] BlockDiagram:2759 - set Specific Code input for plugin: TIM1_8L4
2026-06-04 11:47:03,772 [INFO] BlockDiagram:2759 - set Specific Code input for plugin: TIM1_8L4
2026-06-04 11:47:03,772 [INFO] BlockDiagram:2759 - set Specific Code input for plugin: ADC
2026-06-04 11:47:03,772 [INFO] BlockDiagram:2759 - set Specific Code input for plugin: ADC
2026-06-04 11:47:03,772 [INFO] BlockDiagram:2759 - set Specific Code input for plugin: RCC
2026-06-04 11:47:03,773 [INFO] BlockDiagram:2759 - set Specific Code input for plugin: NVIC
2026-06-04 11:47:03,773 [INFO] BlockDiagram:2759 - set Specific Code input for plugin: USART
2026-06-04 11:47:03,773 [INFO] BlockDiagram:2759 - set Specific Code input for plugin: DMA
2026-06-04 11:47:03,773 [INFO] BlockDiagram:2759 - set Specific Code input for plugin: GPIO
2026-06-04 11:47:03,773 [INFO] CodeGenerator:799 - code generatio: config db path: /opt/st/stm32cubeide_1.13.2_2/plugins/com.st.stm32cube.common.mx_6.9.2.202309101412//db/
2026-06-04 11:47:03,880 [INFO] CodeEngine:255 - oldGeneratedFile, /home/papijou/Desktop/IPD439/IPD_439_Workspaces/Proyecto/STM32_workspace/ADC_DC/MXTmpFiles/license.tmp_save
2026-06-04 11:47:04,042 [INFO] CodeEngine:279 - Generated code: /home/papijou/Desktop/IPD439/IPD_439_Workspaces/Proyecto/STM32_workspace/ADC_DC/MXTmpFiles/license.tmp
2026-06-04 11:47:04,128 [INFO] CodeEngine:255 - oldGeneratedFile, /home/papijou/Desktop/IPD439/IPD_439_Workspaces/Proyecto/STM32_workspace/ADC_DC/Core/Src/gpio.c_save
2026-06-04 11:47:04,193 [INFO] CodeEngine:279 - Generated code: /home/papijou/Desktop/IPD439/IPD_439_Workspaces/Proyecto/STM32_workspace/ADC_DC/Core/Src/gpio.c
2026-06-04 11:47:04,194 [INFO] CodeEngine:255 - oldGeneratedFile, /home/papijou/Desktop/IPD439/IPD_439_Workspaces/Proyecto/STM32_workspace/ADC_DC/Core/Inc/gpio.h_save
2026-06-04 11:47:04,241 [INFO] CodeEngine:279 - Generated code: /home/papijou/Desktop/IPD439/IPD_439_Workspaces/Proyecto/STM32_workspace/ADC_DC/Core/Inc/gpio.h
2026-06-04 11:47:04,387 [INFO] CodeEngine:255 - oldGeneratedFile, /home/papijou/Desktop/IPD439/IPD_439_Workspaces/Proyecto/STM32_workspace/ADC_DC/Core/Src/adc.c_save
2026-06-04 11:47:04,470 [INFO] CodeEngine:279 - Generated code: /home/papijou/Desktop/IPD439/IPD_439_Workspaces/Proyecto/STM32_workspace/ADC_DC/Core/Src/adc.c
2026-06-04 11:47:04,472 [INFO] CodeEngine:255 - oldGeneratedFile, /home/papijou/Desktop/IPD439/IPD_439_Workspaces/Proyecto/STM32_workspace/ADC_DC/Core/Inc/adc.h_save
2026-06-04 11:47:04,514 [INFO] CodeEngine:279 - Generated code: /home/papijou/Desktop/IPD439/IPD_439_Workspaces/Proyecto/STM32_workspace/ADC_DC/Core/Inc/adc.h
2026-06-04 11:47:04,521 [INFO] CodeEngine:255 - oldGeneratedFile, /home/papijou/Desktop/IPD439/IPD_439_Workspaces/Proyecto/STM32_workspace/ADC_DC/Core/Src/dma.c_save
2026-06-04 11:47:04,563 [INFO] CodeEngine:279 - Generated code: /home/papijou/Desktop/IPD439/IPD_439_Workspaces/Proyecto/STM32_workspace/ADC_DC/Core/Src/dma.c
2026-06-04 11:47:04,565 [INFO] CodeEngine:255 - oldGeneratedFile, /home/papijou/Desktop/IPD439/IPD_439_Workspaces/Proyecto/STM32_workspace/ADC_DC/Core/Inc/dma.h_save
2026-06-04 11:47:04,606 [INFO] CodeEngine:279 - Generated code: /home/papijou/Desktop/IPD439/IPD_439_Workspaces/Proyecto/STM32_workspace/ADC_DC/Core/Inc/dma.h
2026-06-04 11:47:04,608 [INFO] CodeEngine:255 - oldGeneratedFile, /home/papijou/Desktop/IPD439/IPD_439_Workspaces/Proyecto/STM32_workspace/ADC_DC/Core/Src/tim.c_save
2026-06-04 11:47:04,670 [INFO] CodeEngine:279 - Generated code: /home/papijou/Desktop/IPD439/IPD_439_Workspaces/Proyecto/STM32_workspace/ADC_DC/Core/Src/tim.c
2026-06-04 11:47:04,671 [INFO] CodeEngine:255 - oldGeneratedFile, /home/papijou/Desktop/IPD439/IPD_439_Workspaces/Proyecto/STM32_workspace/ADC_DC/Core/Inc/tim.h_save
2026-06-04 11:47:04,711 [INFO] CodeEngine:279 - Generated code: /home/papijou/Desktop/IPD439/IPD_439_Workspaces/Proyecto/STM32_workspace/ADC_DC/Core/Inc/tim.h
2026-06-04 11:47:04,713 [INFO] CodeEngine:255 - oldGeneratedFile, /home/papijou/Desktop/IPD439/IPD_439_Workspaces/Proyecto/STM32_workspace/ADC_DC/Core/Src/usart.c_save
2026-06-04 11:47:04,770 [INFO] CodeEngine:279 - Generated code: /home/papijou/Desktop/IPD439/IPD_439_Workspaces/Proyecto/STM32_workspace/ADC_DC/Core/Src/usart.c
2026-06-04 11:47:04,771 [INFO] CodeEngine:255 - oldGeneratedFile, /home/papijou/Desktop/IPD439/IPD_439_Workspaces/Proyecto/STM32_workspace/ADC_DC/Core/Inc/usart.h_save
2026-06-04 11:47:04,809 [INFO] CodeEngine:279 - Generated code: /home/papijou/Desktop/IPD439/IPD_439_Workspaces/Proyecto/STM32_workspace/ADC_DC/Core/Inc/usart.h
2026-06-04 11:47:04,844 [INFO] CodeEngine:255 - oldGeneratedFile, /home/papijou/Desktop/IPD439/IPD_439_Workspaces/Proyecto/STM32_workspace/ADC_DC/Core/Src/stm32l4xx_it.c_save
2026-06-04 11:47:04,895 [INFO] CodeEngine:279 - Generated code: /home/papijou/Desktop/IPD439/IPD_439_Workspaces/Proyecto/STM32_workspace/ADC_DC/Core/Src/stm32l4xx_it.c
2026-06-04 11:47:04,897 [INFO] CodeEngine:255 - oldGeneratedFile, /home/papijou/Desktop/IPD439/IPD_439_Workspaces/Proyecto/STM32_workspace/ADC_DC/Core/Inc/stm32l4xx_it.h_save
2026-06-04 11:47:04,938 [INFO] CodeEngine:279 - Generated code: /home/papijou/Desktop/IPD439/IPD_439_Workspaces/Proyecto/STM32_workspace/ADC_DC/Core/Inc/stm32l4xx_it.h
2026-06-04 11:47:04,953 [INFO] CodeEngine:255 - oldGeneratedFile, /home/papijou/Desktop/IPD439/IPD_439_Workspaces/Proyecto/STM32_workspace/ADC_DC/Core/Src/stm32l4xx_hal_msp.c_save
2026-06-04 11:47:05,012 [INFO] CodeEngine:279 - Generated code: /home/papijou/Desktop/IPD439/IPD_439_Workspaces/Proyecto/STM32_workspace/ADC_DC/Core/Src/stm32l4xx_hal_msp.c
2026-06-04 11:47:05,014 [INFO] CodeEngine:255 - oldGeneratedFile, /home/papijou/Desktop/IPD439/IPD_439_Workspaces/Proyecto/STM32_workspace/ADC_DC/MXTmpFiles/system.tmp_save
2026-06-04 11:47:05,052 [INFO] CodeEngine:279 - Generated code: /home/papijou/Desktop/IPD439/IPD_439_Workspaces/Proyecto/STM32_workspace/ADC_DC/MXTmpFiles/system.tmp
2026-06-04 11:47:05,055 [INFO] CodeEngine:311 - oldGeneratedFile, /home/papijou/Desktop/IPD439/IPD_439_Workspaces/Proyecto/STM32_workspace/ADC_DC/Core/Inc/stm32l4xx_hal_conf.h_save
2026-06-04 11:47:05,099 [INFO] CodeEngine:335 - Generated code: /home/papijou/Desktop/IPD439/IPD_439_Workspaces/Proyecto/STM32_workspace/ADC_DC/Core/Inc/stm32l4xx_hal_conf.h
2026-06-04 11:47:05,119 [INFO] CodeEngine:255 - oldGeneratedFile, /home/papijou/Desktop/IPD439/IPD_439_Workspaces/Proyecto/STM32_workspace/ADC_DC/Core/Inc/main.h_save
2026-06-04 11:47:05,172 [INFO] CodeEngine:279 - Generated code: /home/papijou/Desktop/IPD439/IPD_439_Workspaces/Proyecto/STM32_workspace/ADC_DC/Core/Inc/main.h
2026-06-04 11:47:05,174 [INFO] CodeEngine:255 - oldGeneratedFile, /home/papijou/Desktop/IPD439/IPD_439_Workspaces/Proyecto/STM32_workspace/ADC_DC/Core/Src/main.c_save
2026-06-04 11:47:05,233 [INFO] CodeEngine:279 - Generated code: /home/papijou/Desktop/IPD439/IPD_439_Workspaces/Proyecto/STM32_workspace/ADC_DC/Core/Src/main.c
2026-06-04 11:47:05,435 [INFO] ProjectBuilder:3064 - Time for Copy HAL[1] : 14mS.
2026-06-04 11:47:05,437 [INFO] ProjectBuilder:4404 - Project Generator version: 4.1.0
2026-06-04 11:47:05,634 [INFO] ConfigFileManager:1457 - The Die is : DIE415
2026-06-04 11:47:05,641 [INFO] ApiDbMcu:507 - Load IP Config File for FATFS
2026-06-04 11:47:05,644 [INFO] ApiDbMcu:507 - Load IP Config File for FREERTOS
2026-06-04 11:47:05,650 [INFO] ApiDbMcu:507 - Load IP Config File for TOUCHSENSING
2026-06-04 11:47:05,654 [INFO] ApiDbMcu:507 - Load IP Config File for USB_DEVICE
2026-06-04 11:47:05,657 [INFO] ApiDbMcu:507 - Load IP Config File for USB_HOST
2026-06-04 11:47:06,082 [INFO] LogOutputStream:77 - [STDOUT_REDIRECT] 
2026-06-04 11:47:09,355 [INFO] ProjectBuilder:4626 - Time for Generating toolchain IDE Files: 3917mS.
2026-06-04 11:47:09,355 [INFO] ProjectBuilder:2935 - Time for Copy CMSIS : 0mS.
2026-06-04 11:47:09,356 [INFO] ProjectBuilder:2935 - Time for Copy CMSIS : 0mS.
2026-06-04 11:47:20,032 [INFO] MainUpdater:2868 - connection check result : 10
2026-06-04 11:47:20,035 [INFO] McuFinderGlobals:76 - Set McuFinderConnectedMode to true
2026-06-04 11:47:20,541 [INFO] ServerAccessManage:473 - Download File mcusAds.json._tmp_
2026-06-04 11:47:20,645 [INFO] LoadUrlFilesThread:156 - End of LoadUrlFiles Thread
2026-06-04 11:47:20,790 [INFO] ServerAccessManage:473 - Download File cube-finder-db.zip
2026-06-04 11:47:25,763 [INFO] FileExtend:240 - Unzip File : cube-finder-db.zip
2026-06-04 11:47:25,764 [INFO] FileExtend:255 - Standard Zip Deflate
2026-06-04 11:47:26,212 [INFO] LoadUrlFilesThread:156 - End of LoadUrlFiles Thread
2026-06-04 11:47:27,786 [INFO] ServerAccessManage:473 - Download File crdb.zip
2026-06-04 11:47:29,658 [INFO] FileExtend:240 - Unzip File : crdb.zip
2026-06-04 11:47:29,658 [INFO] FileExtend:255 - Standard Zip Deflate
2026-06-04 11:47:29,774 [INFO] LoadUrlFilesThread:156 - End of LoadUrlFiles Thread
2026-06-04 11:47:29,900 [INFO] ServerAccessManage:473 - Download File tutoVideoDB.zip
2026-06-04 11:47:29,994 [INFO] FileExtend:240 - Unzip File : tutoVideoDB.zip
2026-06-04 11:47:29,994 [INFO] FileExtend:255 - Standard Zip Deflate
2026-06-04 11:47:30,097 [INFO] LoadUrlFilesThread:156 - End of LoadUrlFiles Thread
2026-06-04 11:47:30,099 [WARN] DbFile:41 - Overriding database path with different value: /home/papijou/.stmcufinder/plugins/mcufinder/ => /home/papijou/.stmcufinder/plugins/mcufinder
2026-06-04 11:47:30,982 [ERROR] ServerAccessManage:1089 - Problem, file not found on Server
2026-06-04 11:47:30,984 [ERROR] ServerAccessManage:651 - Problem, file not found on Server : api_config.json.
2026-06-04 11:47:32,518 [INFO] LoadUrlFilesThread:156 - End of LoadUrlFiles Thread
2026-06-04 11:47:33,545 [INFO] DbMcusAds:53 - JSON generation date=Thu May 28 12:08:16 CLT 2026 (1779984496303)
2026-06-04 11:47:33,547 [INFO] ApiDb:448 - Save user favorites file /home/papijou/.stm32cubeide/favorites.mcus.txt: 0 item(s)
2026-06-04 11:47:33,547 [INFO] ApiDb:452 - User favorites MCUs=[]
2026-06-04 11:47:33,548 [INFO] ApiDb:581 - Connected to CubeFinder SQLite database (/home/papijou/.stmcufinder/plugins/mcufinder/mcu/cube-finder-db.db)
2026-06-04 11:47:33,603 [INFO] ApiDb:668 - CubeFinder database Data Model version=2.1
2026-06-04 11:47:33,603 [INFO] ApiDb:669 - CubeFinder database Configuration version=3.0.42
2026-06-04 11:47:33,603 [INFO] ApiDb:670 - CubeFinder database generation date=2026-05-14 (1778746352)
2026-06-04 11:47:33,603 [INFO] ApiDb:671 - CubeFinder database FW Pack versions=[FP-ATR-ASTRA1_V2.0.0, FP-SNS-FLIGHT1_V5.1.0, FP-SNS-MOTENV1_V5.1.0, FP-SNS-MOTENVWB1_V1.5.0, FP-SNS-SMARTAG2_V1.2.0, FP-SNS-STBOX1_V2.1.0, STM32Cube_FW_C0_V1.4.0, STM32Cube_FW_F4_V1.28.3, STM32Cube_FW_F7_V1.17.4, STM32Cube_FW_G0_V1.6.3, STM32Cube_FW_G4_V1.6.2, STM32Cube_FW_H5_V1.6.0, STM32Cube_FW_H7RS_V1.3.0, STM32Cube_FW_H7_V1.13.0, STM32Cube_FW_L0_V1.12.2, STM32Cube_FW_L4_V1.18.2, STM32Cube_FW_L5_V1.6.0, STM32Cube_FW_N6_V1.3.0, STM32Cube_FW_U0_V1.3.0, STM32Cube_FW_U3_V1.3.0, STM32Cube_FW_U5_V1.8.0, STM32Cube_FW_WB0_V1.4.0, STM32Cube_FW_WBA_V1.9.0, STM32Cube_FW_WB_V1.24.0, STM32Cube_FW_WL3_V1.4.0, STM32Cube_FW_WL_V1.5.0, X-CUBE-ALGOBUILD_V1.4.0, X-CUBE-ALS_V1.0.2, X-CUBE-AZRTOS-F4_V1.1.0, X-CUBE-AZRTOS-F7_V1.1.0, X-CUBE-AZRTOS-G0_V1.1.0, X-CUBE-AZRTOS-G4_V2.0.0, X-CUBE-AZRTOS-H7RS_V1.1.0, X-CUBE-AZRTOS-H7_V3.5.0, X-CUBE-AZRTOS-L4_V2.0.0, X-CUBE-AZRTOS-L5_V2.0.0, X-CUBE-AZRTOS-WB_V2.0.0, X-CUBE-AZRTOS-WL_V2.0.0, X-CUBE-BLE1_V7.1.0, X-CUBE-BLE2_V3.3.0, X-CUBE-BLEMGR_V4.1.0, X-CUBE-EEPRMA1_V5.2.0, X-CUBE-FREERTOS_V1.5.0, X-CUBE-GNSS1_V7.1.1, X-CUBE-MEMS1_V12.1.0, X-CUBE-NFC4_V3.0.0, X-CUBE-NFC7_V2.0.0, X-CUBE-SFXS2LP1_V4.0.0, X-CUBE-ST67W61_V1.3.0, X-CUBE-SUBG2_V5.0.0, X-CUBE-TOF1_V3.4.3]
2026-06-04 11:47:35,447 [INFO] ApiDb:240 - Found 323 in-development CPN: [B-G473E-ZEST1S, B-WB1M-WPAN1, B-WL5M-SUBG1, NUCLEO-C031C6, NUCLEO-H503RB, NUCLEO-H563ZI, NUCLEO-U545RE-Q, NUCLEO-U5A5ZJ-Q, NUCLEO-WBA52CG, STEVAL-PROTEUS1, STEVAL-SMARTAG2, STEVAL-STWINBX1, STM320518-EVAL, STM32C0116-DK, STM32C011D6Y3TR, STM32C011D6Y6TR, STM32C011F4P3, STM32C011F4P6, STM32C011F4U3, STM32C011F4U6TR, STM32C011F6P3, STM32C011F6P6, STM32C011F6U3, STM32C011F6U6TR, STM32C011J4M3, STM32C011J4M6, STM32C011J6M3, STM32C011J6M6, STM32C0316-DK, STM32C031C4T3, STM32C031C4T6, STM32C031C4U3, STM32C031C4U6, STM32C031C6T3, STM32C031C6T6, STM32C031C6U3, STM32C031C6U6, STM32C031F4P3, STM32C031F4P6, STM32C031F6P3, STM32C031F6P6, STM32C031G4U3, STM32C031G4U6, STM32C031G6U3, STM32C031G6U6, STM32C031K4T3, STM32C031K4T6, STM32C031K4U3, STM32C031K4U6, STM32C031K6T3, STM32C031K6T6, STM32C031K6U3, STM32C031K6U6, STM32G071K8TXN, STM32G071K8UXN, STM32G081GBU6N, STM32G081KBT6N, STM32G081KBUXN, STM32G0B1CCT6N, STM32G0B1KCT6, STM32G0B1NEY6TR, STM32G0B1RCT6N, STM32G0C1CCT6, STM32G0C1CCT6N, STM32G0C1CCU6N, STM32G0C1CET6N, STM32G0C1CEU6N, STM32G0C1KCT6, STM32G0C1NEY6TR, STM32G0C1RCI6N, STM32G0C1RCT6N, STM32G0C1REI6N, STM32G0C1RET6N, STM32G0C1VCI6, STM32G0C1VEI6, STM32G471CCT6, STM32G471CCU6, STM32G471CET3, STM32G471CET6, STM32G471CEU3, STM32G471CEU6, STM32G471MCT6, STM32G471MET3, STM32G471MET6, STM32G471MEY6TR, STM32G471QCT6, STM32G471QET3, STM32G471RCT6, STM32G471RET3, STM32G471RET6, STM32G471VCH6, STM32G471VCI6, STM32G471VCT6, STM32G471VEH3, STM32G471VEH6, STM32G471VEI3, STM32G471VEI6, STM32G471VET3, STM32G471VET6, STM32G474CCT6, STM32H503CBT6, STM32H503CBU6, STM32H503EBY6TR, STM32H503KBU6, STM32H503RBT6, STM32H562AGI6, STM32H562AII6, STM32H562IGK6, STM32H562IGT6, STM32H562IIK6, STM32H562IIT6, STM32H562RGT6, STM32H562RGV6, STM32H562RIT6, STM32H562RIV6, STM32H562VGT6, STM32H562VIT6, STM32H562ZGT6, STM32H562ZIT6, STM32H563AGI6, STM32H563AII3Q, STM32H563AII6, STM32H563IGK6, STM32H563IGT6, STM32H563IIK3Q, STM32H563IIK6, STM32H563IIT3Q, STM32H563IIT6, STM32H563MIY3QTR, STM32H563RGT6, STM32H563RGV6, STM32H563RIT6, STM32H563RIV6, STM32H563VGT6, STM32H563VIT3Q, STM32H563VIT6, STM32H563ZGT6, STM32H563ZIT3Q, STM32H563ZIT6, STM32H573AII3Q, STM32H573AII6, STM32H573I-DK, STM32H573IIK3Q, STM32H573IIK6, STM32H573IIT3Q, STM32H573IIT6, STM32H573MIY3QTR, STM32H573RIT6, STM32H573RIV6, STM32H573VIT3Q, STM32H573VIT6, STM32H573ZIT3Q, STM32H573ZIT6, STM32L4R5QGI6STR, STM32MP131AAE3, STM32MP131AAF3, STM32MP131AAG3, STM32MP131CAE3, STM32MP131CAF3, STM32MP131CAG3, STM32MP131DAE7, STM32MP131DAF7, STM32MP131DAG7, STM32MP131FAE7, STM32MP131FAF7, STM32MP131FAG7, STM32MP133AAE3, STM32MP133AAF3, STM32MP133AAG3, STM32MP133CAE3, STM32MP133CAF3, STM32MP133CAG3, STM32MP133DAE7, STM32MP133DAF7, STM32MP133DAG7, STM32MP133FAE7, STM32MP133FAF7, STM32MP133FAG7, STM32MP135AAE3, STM32MP135AAF3, STM32MP135AAG3, STM32MP135CAE3, STM32MP135CAF3, STM32MP135CAG3, STM32MP135DAE7, STM32MP135DAF7, STM32MP135DAG7, STM32MP135F-DK, STM32MP135FAE7, STM32MP135FAF7, STM32MP135FAF7T, STM32MP135FAF7U, STM32MP135FAG7, STM32U535CBT6, STM32U535CBT6Q, STM32U535CBU6, STM32U535CBU6Q, STM32U535CCT6, STM32U535CCT6Q, STM32U535CCU6, STM32U535CCU6Q, STM32U535CET6, STM32U535CET6Q, STM32U535CEU6, STM32U535CEU6Q, STM32U535JEY6QTR, STM32U535NCY6QTR, STM32U535NEY6QTR, STM32U535RBI6, STM32U535RBI6Q, STM32U535RBT6, STM32U535RBT6Q, STM32U535RCI6, STM32U535RCI6Q, STM32U535RCT6, STM32U535RCT6Q, STM32U535REI6, STM32U535REI6Q, STM32U535RET6, STM32U535RET6Q, STM32U535VCI6, STM32U535VCI6Q, STM32U535VCT6, STM32U535VCT6Q, STM32U535VEI6, STM32U535VEI6Q, STM32U535VET6, STM32U535VET6Q, STM32U545CET6, STM32U545CET6Q, STM32U545CEU6, STM32U545CEU6Q, STM32U545JEY6QTR, STM32U545NEY6QTR, STM32U545REI6, STM32U545REI6Q, STM32U545RET6, STM32U545RET6Q, STM32U545VEI6, STM32U545VEI6Q, STM32U545VET6, STM32U545VET6Q, STM32U595AIH6, STM32U595AIH6Q, STM32U595AJH6, STM32U595AJH6Q, STM32U595QII6, STM32U595QII6Q, STM32U595QJI6, STM32U595QJI6Q, STM32U595RIT6, STM32U595RIT6Q, STM32U595RJT6, STM32U595RJT6Q, STM32U595VIT6, STM32U595VIT6Q, STM32U595VJT6, STM32U595VJT6Q, STM32U595ZIT6, STM32U595ZIT6Q, STM32U595ZIY6QTR, STM32U595ZJT6, STM32U595ZJT6Q, STM32U595ZJY6QTR, STM32U599BJY6QTR, STM32U599NIH6Q, STM32U599NJH6Q, STM32U599VIT6Q, STM32U599VJT6, STM32U599VJT6Q, STM32U599ZIT6Q, STM32U599ZIY6QTR, STM32U599ZJT6Q, STM32U599ZJY6QTR, STM32U5A5AJH6, STM32U5A5AJH6Q, STM32U5A5QJI6, STM32U5A5QJI6Q, STM32U5A5RJT6, STM32U5A5RJT6Q, STM32U5A5VJT6, STM32U5A5VJT6Q, STM32U5A5ZJT6, STM32U5A5ZJT6Q, STM32U5A5ZJY6QTR, STM32U5A9BJY6QTR, STM32U5A9J-DK, STM32U5A9NJH6Q, STM32U5A9VJT6Q, STM32U5A9ZJT6Q, STM32U5A9ZJY6QTR, STM32U5F7VIT6, STM32U5F7VIT6Q, STM32U5F7VJT6, STM32U5F7VJT6Q, STM32U5F9BJY6QTR, STM32U5F9NJH6Q, STM32U5F9VIT6Q, STM32U5F9VJT6Q, STM32U5F9ZIJ6QTR, STM32U5F9ZIT6Q, STM32U5F9ZJJ6QTR, STM32U5F9ZJT6Q, STM32U5G7VJT6, STM32U5G7VJT6Q, STM32U5G9BJY6QTR, STM32U5G9J-DK1, STM32U5G9J-DK2, STM32U5G9NJH6Q, STM32U5G9VJT6Q, STM32U5G9ZJJ6QTR, STM32U5G9ZJT6Q, STM32WB1MMCH6, STM32WBA52CEU6, STM32WBA52CEU6T, STM32WBA52CGU6, STM32WBA52CGU6T, STM32WBA52KEU6, STM32WBA52KEU6T, STM32WBA52KGU6, STM32WBA52KGU6T, STM32WL5MOCH6, STM32WL5MOCH6TR]
2026-06-04 11:47:35,452 [INFO] DbMcus:217 - Found 5061 MCUs, 4943 are supported
2026-06-04 11:47:35,453 [INFO] ApiDb:423 - Load user favorites file /home/papijou/.stm32cubeide/favorites.mcus.txt: 0 item(s)
2026-06-04 11:47:35,453 [INFO] ApiDb:427 - User favorites MCUs=[]
2026-06-04 11:47:35,453 [INFO] DbMcus:223 - Set 0 / 0 favorites MCUs
2026-06-04 11:47:35,849 [INFO] ApiDb:448 - Save user favorites file /home/papijou/.stm32cubeide/favorites.boards.txt: 0 item(s)
2026-06-04 11:47:35,849 [INFO] ApiDb:452 - User favorites Boards=[]
2026-06-04 11:47:35,849 [INFO] ApiDb:581 - Connected to CubeFinder SQLite database (/home/papijou/.stmcufinder/plugins/mcufinder/mcu/cube-finder-db.db)
2026-06-04 11:47:35,892 [INFO] ApiDb:668 - CubeFinder database Data Model version=2.1
2026-06-04 11:47:35,892 [INFO] ApiDb:669 - CubeFinder database Configuration version=3.0.42
2026-06-04 11:47:35,892 [INFO] ApiDb:670 - CubeFinder database generation date=2026-05-14 (1778746352)
2026-06-04 11:47:35,892 [INFO] ApiDb:671 - CubeFinder database FW Pack versions=[FP-ATR-ASTRA1_V2.0.0, FP-SNS-FLIGHT1_V5.1.0, FP-SNS-MOTENV1_V5.1.0, FP-SNS-MOTENVWB1_V1.5.0, FP-SNS-SMARTAG2_V1.2.0, FP-SNS-STBOX1_V2.1.0, STM32Cube_FW_C0_V1.4.0, STM32Cube_FW_F4_V1.28.3, STM32Cube_FW_F7_V1.17.4, STM32Cube_FW_G0_V1.6.3, STM32Cube_FW_G4_V1.6.2, STM32Cube_FW_H5_V1.6.0, STM32Cube_FW_H7RS_V1.3.0, STM32Cube_FW_H7_V1.13.0, STM32Cube_FW_L0_V1.12.2, STM32Cube_FW_L4_V1.18.2, STM32Cube_FW_L5_V1.6.0, STM32Cube_FW_N6_V1.3.0, STM32Cube_FW_U0_V1.3.0, STM32Cube_FW_U3_V1.3.0, STM32Cube_FW_U5_V1.8.0, STM32Cube_FW_WB0_V1.4.0, STM32Cube_FW_WBA_V1.9.0, STM32Cube_FW_WB_V1.24.0, STM32Cube_FW_WL3_V1.4.0, STM32Cube_FW_WL_V1.5.0, X-CUBE-ALGOBUILD_V1.4.0, X-CUBE-ALS_V1.0.2, X-CUBE-AZRTOS-F4_V1.1.0, X-CUBE-AZRTOS-F7_V1.1.0, X-CUBE-AZRTOS-G0_V1.1.0, X-CUBE-AZRTOS-G4_V2.0.0, X-CUBE-AZRTOS-H7RS_V1.1.0, X-CUBE-AZRTOS-H7_V3.5.0, X-CUBE-AZRTOS-L4_V2.0.0, X-CUBE-AZRTOS-L5_V2.0.0, X-CUBE-AZRTOS-WB_V2.0.0, X-CUBE-AZRTOS-WL_V2.0.0, X-CUBE-BLE1_V7.1.0, X-CUBE-BLE2_V3.3.0, X-CUBE-BLEMGR_V4.1.0, X-CUBE-EEPRMA1_V5.2.0, X-CUBE-FREERTOS_V1.5.0, X-CUBE-GNSS1_V7.1.1, X-CUBE-MEMS1_V12.1.0, X-CUBE-NFC4_V3.0.0, X-CUBE-NFC7_V2.0.0, X-CUBE-SFXS2LP1_V4.0.0, X-CUBE-ST67W61_V1.3.0, X-CUBE-SUBG2_V5.0.0, X-CUBE-TOF1_V3.4.3]
2026-06-04 11:47:35,923 [INFO] DbBoardsSqlite:226 - include board P-NUCLEO-WB55-NUCLEO as a kit item of type 'Nucleo-64'
2026-06-04 11:47:35,924 [INFO] DbBoardsSqlite:226 - include board P-NUCLEO-WB55-USBDONGLE as a kit item of type 'Nucleo USB Dongle'
2026-06-04 11:47:35,924 [INFO] DbBoardsSqlite:226 - include board STEVAL-IDP005V1 as a kit item of type 'Evaluation Board'
2026-06-04 11:47:35,924 [INFO] DbBoardsSqlite:226 - include board STEVAL-IDP005V2 as a kit item of type 'Evaluation Board'
2026-06-04 11:47:35,963 [INFO] ApiDb:240 - Found 323 in-development CPN: [B-G473E-ZEST1S, B-WB1M-WPAN1, B-WL5M-SUBG1, NUCLEO-C031C6, NUCLEO-H503RB, NUCLEO-H563ZI, NUCLEO-U545RE-Q, NUCLEO-U5A5ZJ-Q, NUCLEO-WBA52CG, STEVAL-PROTEUS1, STEVAL-SMARTAG2, STEVAL-STWINBX1, STM320518-EVAL, STM32C0116-DK, STM32C011D6Y3TR, STM32C011D6Y6TR, STM32C011F4P3, STM32C011F4P6, STM32C011F4U3, STM32C011F4U6TR, STM32C011F6P3, STM32C011F6P6, STM32C011F6U3, STM32C011F6U6TR, STM32C011J4M3, STM32C011J4M6, STM32C011J6M3, STM32C011J6M6, STM32C0316-DK, STM32C031C4T3, STM32C031C4T6, STM32C031C4U3, STM32C031C4U6, STM32C031C6T3, STM32C031C6T6, STM32C031C6U3, STM32C031C6U6, STM32C031F4P3, STM32C031F4P6, STM32C031F6P3, STM32C031F6P6, STM32C031G4U3, STM32C031G4U6, STM32C031G6U3, STM32C031G6U6, STM32C031K4T3, STM32C031K4T6, STM32C031K4U3, STM32C031K4U6, STM32C031K6T3, STM32C031K6T6, STM32C031K6U3, STM32C031K6U6, STM32G071K8TXN, STM32G071K8UXN, STM32G081GBU6N, STM32G081KBT6N, STM32G081KBUXN, STM32G0B1CCT6N, STM32G0B1KCT6, STM32G0B1NEY6TR, STM32G0B1RCT6N, STM32G0C1CCT6, STM32G0C1CCT6N, STM32G0C1CCU6N, STM32G0C1CET6N, STM32G0C1CEU6N, STM32G0C1KCT6, STM32G0C1NEY6TR, STM32G0C1RCI6N, STM32G0C1RCT6N, STM32G0C1REI6N, STM32G0C1RET6N, STM32G0C1VCI6, STM32G0C1VEI6, STM32G471CCT6, STM32G471CCU6, STM32G471CET3, STM32G471CET6, STM32G471CEU3, STM32G471CEU6, STM32G471MCT6, STM32G471MET3, STM32G471MET6, STM32G471MEY6TR, STM32G471QCT6, STM32G471QET3, STM32G471RCT6, STM32G471RET3, STM32G471RET6, STM32G471VCH6, STM32G471VCI6, STM32G471VCT6, STM32G471VEH3, STM32G471VEH6, STM32G471VEI3, STM32G471VEI6, STM32G471VET3, STM32G471VET6, STM32G474CCT6, STM32H503CBT6, STM32H503CBU6, STM32H503EBY6TR, STM32H503KBU6, STM32H503RBT6, STM32H562AGI6, STM32H562AII6, STM32H562IGK6, STM32H562IGT6, STM32H562IIK6, STM32H562IIT6, STM32H562RGT6, STM32H562RGV6, STM32H562RIT6, STM32H562RIV6, STM32H562VGT6, STM32H562VIT6, STM32H562ZGT6, STM32H562ZIT6, STM32H563AGI6, STM32H563AII3Q, STM32H563AII6, STM32H563IGK6, STM32H563IGT6, STM32H563IIK3Q, STM32H563IIK6, STM32H563IIT3Q, STM32H563IIT6, STM32H563MIY3QTR, STM32H563RGT6, STM32H563RGV6, STM32H563RIT6, STM32H563RIV6, STM32H563VGT6, STM32H563VIT3Q, STM32H563VIT6, STM32H563ZGT6, STM32H563ZIT3Q, STM32H563ZIT6, STM32H573AII3Q, STM32H573AII6, STM32H573I-DK, STM32H573IIK3Q, STM32H573IIK6, STM32H573IIT3Q, STM32H573IIT6, STM32H573MIY3QTR, STM32H573RIT6, STM32H573RIV6, STM32H573VIT3Q, STM32H573VIT6, STM32H573ZIT3Q, STM32H573ZIT6, STM32L4R5QGI6STR, STM32MP131AAE3, STM32MP131AAF3, STM32MP131AAG3, STM32MP131CAE3, STM32MP131CAF3, STM32MP131CAG3, STM32MP131DAE7, STM32MP131DAF7, STM32MP131DAG7, STM32MP131FAE7, STM32MP131FAF7, STM32MP131FAG7, STM32MP133AAE3, STM32MP133AAF3, STM32MP133AAG3, STM32MP133CAE3, STM32MP133CAF3, STM32MP133CAG3, STM32MP133DAE7, STM32MP133DAF7, STM32MP133DAG7, STM32MP133FAE7, STM32MP133FAF7, STM32MP133FAG7, STM32MP135AAE3, STM32MP135AAF3, STM32MP135AAG3, STM32MP135CAE3, STM32MP135CAF3, STM32MP135CAG3, STM32MP135DAE7, STM32MP135DAF7, STM32MP135DAG7, STM32MP135F-DK, STM32MP135FAE7, STM32MP135FAF7, STM32MP135FAF7T, STM32MP135FAF7U, STM32MP135FAG7, STM32U535CBT6, STM32U535CBT6Q, STM32U535CBU6, STM32U535CBU6Q, STM32U535CCT6, STM32U535CCT6Q, STM32U535CCU6, STM32U535CCU6Q, STM32U535CET6, STM32U535CET6Q, STM32U535CEU6, STM32U535CEU6Q, STM32U535JEY6QTR, STM32U535NCY6QTR, STM32U535NEY6QTR, STM32U535RBI6, STM32U535RBI6Q, STM32U535RBT6, STM32U535RBT6Q, STM32U535RCI6, STM32U535RCI6Q, STM32U535RCT6, STM32U535RCT6Q, STM32U535REI6, STM32U535REI6Q, STM32U535RET6, STM32U535RET6Q, STM32U535VCI6, STM32U535VCI6Q, STM32U535VCT6, STM32U535VCT6Q, STM32U535VEI6, STM32U535VEI6Q, STM32U535VET6, STM32U535VET6Q, STM32U545CET6, STM32U545CET6Q, STM32U545CEU6, STM32U545CEU6Q, STM32U545JEY6QTR, STM32U545NEY6QTR, STM32U545REI6, STM32U545REI6Q, STM32U545RET6, STM32U545RET6Q, STM32U545VEI6, STM32U545VEI6Q, STM32U545VET6, STM32U545VET6Q, STM32U595AIH6, STM32U595AIH6Q, STM32U595AJH6, STM32U595AJH6Q, STM32U595QII6, STM32U595QII6Q, STM32U595QJI6, STM32U595QJI6Q, STM32U595RIT6, STM32U595RIT6Q, STM32U595RJT6, STM32U595RJT6Q, STM32U595VIT6, STM32U595VIT6Q, STM32U595VJT6, STM32U595VJT6Q, STM32U595ZIT6, STM32U595ZIT6Q, STM32U595ZIY6QTR, STM32U595ZJT6, STM32U595ZJT6Q, STM32U595ZJY6QTR, STM32U599BJY6QTR, STM32U599NIH6Q, STM32U599NJH6Q, STM32U599VIT6Q, STM32U599VJT6, STM32U599VJT6Q, STM32U599ZIT6Q, STM32U599ZIY6QTR, STM32U599ZJT6Q, STM32U599ZJY6QTR, STM32U5A5AJH6, STM32U5A5AJH6Q, STM32U5A5QJI6, STM32U5A5QJI6Q, STM32U5A5RJT6, STM32U5A5RJT6Q, STM32U5A5VJT6, STM32U5A5VJT6Q, STM32U5A5ZJT6, STM32U5A5ZJT6Q, STM32U5A5ZJY6QTR, STM32U5A9BJY6QTR, STM32U5A9J-DK, STM32U5A9NJH6Q, STM32U5A9VJT6Q, STM32U5A9ZJT6Q, STM32U5A9ZJY6QTR, STM32U5F7VIT6, STM32U5F7VIT6Q, STM32U5F7VJT6, STM32U5F7VJT6Q, STM32U5F9BJY6QTR, STM32U5F9NJH6Q, STM32U5F9VIT6Q, STM32U5F9VJT6Q, STM32U5F9ZIJ6QTR, STM32U5F9ZIT6Q, STM32U5F9ZJJ6QTR, STM32U5F9ZJT6Q, STM32U5G7VJT6, STM32U5G7VJT6Q, STM32U5G9BJY6QTR, STM32U5G9J-DK1, STM32U5G9J-DK2, STM32U5G9NJH6Q, STM32U5G9VJT6Q, STM32U5G9ZJJ6QTR, STM32U5G9ZJT6Q, STM32WB1MMCH6, STM32WBA52CEU6, STM32WBA52CEU6T, STM32WBA52CGU6, STM32WBA52CGU6T, STM32WBA52KEU6, STM32WBA52KEU6T, STM32WBA52KGU6, STM32WBA52KGU6T, STM32WL5MOCH6, STM32WL5MOCH6TR]
2026-06-04 11:47:35,976 [INFO] BoardInfo:880 - No configuration file found for board B-WBA5M-WPAN
2026-06-04 11:47:35,976 [INFO] DbBoards:157 - Board is not supported: B-WBA5M-WPAN
2026-06-04 11:47:35,979 [INFO] BoardInfo:880 - No configuration file found for board NUCLEO-C051C8
2026-06-04 11:47:35,979 [INFO] DbBoards:157 - Board is not supported: NUCLEO-C051C8
2026-06-04 11:47:35,980 [INFO] BoardInfo:880 - No configuration file found for board NUCLEO-C071RB
2026-06-04 11:47:35,980 [INFO] DbBoards:157 - Board is not supported: NUCLEO-C071RB
2026-06-04 11:47:35,983 [INFO] BoardInfo:880 - No configuration file found for board NUCLEO-C092RC
2026-06-04 11:47:35,983 [INFO] DbBoards:157 - Board is not supported: NUCLEO-C092RC
2026-06-04 11:47:36,005 [INFO] BoardInfo:880 - No configuration file found for board NUCLEO-H533RE
2026-06-04 11:47:36,006 [INFO] DbBoards:157 - Board is not supported: NUCLEO-H533RE
2026-06-04 11:47:36,007 [INFO] BoardInfo:880 - No configuration file found for board NUCLEO-H5E5ZJ
2026-06-04 11:47:36,007 [INFO] DbBoards:157 - Board is not supported: NUCLEO-H5E5ZJ
2026-06-04 11:47:36,012 [INFO] BoardInfo:880 - No configuration file found for board NUCLEO-H7S3L8
2026-06-04 11:47:36,012 [INFO] DbBoards:157 - Board is not supported: NUCLEO-H7S3L8
2026-06-04 11:47:36,024 [INFO] BoardInfo:880 - No configuration file found for board NUCLEO-N657X0-Q
2026-06-04 11:47:36,024 [INFO] DbBoards:157 - Board is not supported: NUCLEO-N657X0-Q
2026-06-04 11:47:36,024 [INFO] BoardInfo:880 - No configuration file found for board NUCLEO-U031R8
2026-06-04 11:47:36,024 [INFO] DbBoards:157 - Board is not supported: NUCLEO-U031R8
2026-06-04 11:47:36,025 [INFO] BoardInfo:880 - No configuration file found for board NUCLEO-U083RC
2026-06-04 11:47:36,025 [INFO] DbBoards:157 - Board is not supported: NUCLEO-U083RC
2026-06-04 11:47:36,025 [INFO] BoardInfo:880 - No configuration file found for board NUCLEO-U385RG-Q
2026-06-04 11:47:36,025 [INFO] DbBoards:157 - Board is not supported: NUCLEO-U385RG-Q
2026-06-04 11:47:36,026 [INFO] BoardInfo:880 - No configuration file found for board NUCLEO-U3C5ZI-Q
2026-06-04 11:47:36,026 [INFO] DbBoards:157 - Board is not supported: NUCLEO-U3C5ZI-Q
2026-06-04 11:47:36,028 [INFO] BoardInfo:880 - No configuration file found for board NUCLEO-WB05KZ
2026-06-04 11:47:36,028 [INFO] DbBoards:157 - Board is not supported: NUCLEO-WB05KZ
2026-06-04 11:47:36,029 [INFO] BoardInfo:880 - No configuration file found for board NUCLEO-WB07CC
2026-06-04 11:47:36,029 [INFO] DbBoards:157 - Board is not supported: NUCLEO-WB07CC
2026-06-04 11:47:36,029 [INFO] BoardInfo:880 - No configuration file found for board NUCLEO-WB09KE
2026-06-04 11:47:36,029 [INFO] DbBoards:157 - Board is not supported: NUCLEO-WB09KE
2026-06-04 11:47:36,031 [INFO] BoardInfo:880 - No configuration file found for board NUCLEO-WBA25CE1
2026-06-04 11:47:36,031 [INFO] DbBoards:157 - Board is not supported: NUCLEO-WBA25CE1
2026-06-04 11:47:36,032 [INFO] BoardInfo:880 - No configuration file found for board NUCLEO-WBA55CG
2026-06-04 11:47:36,032 [INFO] DbBoards:157 - Board is not supported: NUCLEO-WBA55CG
2026-06-04 11:47:36,039 [INFO] BoardInfo:880 - No configuration file found for board NUCLEO-WBA65RI
2026-06-04 11:47:36,039 [INFO] DbBoards:157 - Board is not supported: NUCLEO-WBA65RI
2026-06-04 11:47:36,039 [INFO] BoardInfo:880 - No configuration file found for board NUCLEO-WL33CC1
2026-06-04 11:47:36,039 [INFO] DbBoards:157 - Board is not supported: NUCLEO-WL33CC1
2026-06-04 11:47:36,040 [INFO] BoardInfo:880 - No configuration file found for board NUCLEO-WL33CC2
2026-06-04 11:47:36,040 [INFO] DbBoards:157 - Board is not supported: NUCLEO-WL33CC2
2026-06-04 11:47:36,040 [INFO] BoardInfo:880 - No configuration file found for board NUCLEO-WL3RKB1
2026-06-04 11:47:36,040 [INFO] DbBoards:157 - Board is not supported: NUCLEO-WL3RKB1
2026-06-04 11:47:36,041 [INFO] BoardInfo:880 - No configuration file found for board NUCLEO-WL3RKB2
2026-06-04 11:47:36,041 [INFO] DbBoards:157 - Board is not supported: NUCLEO-WL3RKB2
2026-06-04 11:47:36,043 [INFO] BoardInfo:880 - No configuration file found for board P-NUCLEO-WB55
2026-06-04 11:47:36,043 [INFO] DbBoards:157 - Kit is not supported: P-NUCLEO-WB55
2026-06-04 11:47:36,044 [INFO] BoardInfo:880 - No configuration file found for board STEVAL-BFA001V1B
2026-06-04 11:47:36,044 [INFO] DbBoards:157 - Kit is not supported: STEVAL-BFA001V1B
2026-06-04 11:47:36,044 [INFO] BoardInfo:880 - No configuration file found for board STEVAL-BFA001V2B
2026-06-04 11:47:36,044 [INFO] DbBoards:157 - Kit is not supported: STEVAL-BFA001V2B
2026-06-04 11:47:36,046 [INFO] BoardInfo:880 - No configuration file found for board STEVAL-MKBOXPRO
2026-06-04 11:47:36,046 [INFO] DbBoards:157 - Board is not supported: STEVAL-MKBOXPRO
2026-06-04 11:47:36,067 [INFO] BoardInfo:880 - No configuration file found for board STM32H5F5J-DK
2026-06-04 11:47:36,067 [INFO] DbBoards:157 - Board is not supported: STM32H5F5J-DK
2026-06-04 11:47:36,072 [INFO] BoardInfo:880 - No configuration file found for board STM32H7S78-DK
2026-06-04 11:47:36,072 [INFO] DbBoards:157 - Board is not supported: STM32H7S78-DK
2026-06-04 11:47:36,080 [INFO] BoardInfo:880 - No configuration file found for board STM32MP215F-DK
2026-06-04 11:47:36,080 [INFO] DbBoards:157 - Board is not supported: STM32MP215F-DK
2026-06-04 11:47:36,080 [INFO] BoardInfo:880 - No configuration file found for board STM32MP257F-DK
2026-06-04 11:47:36,080 [INFO] DbBoards:157 - Board is not supported: STM32MP257F-DK
2026-06-04 11:47:36,081 [INFO] BoardInfo:880 - No configuration file found for board STM32MP257F-EV1
2026-06-04 11:47:36,081 [INFO] DbBoards:157 - Board is not supported: STM32MP257F-EV1
2026-06-04 11:47:36,081 [INFO] BoardInfo:880 - No configuration file found for board STM32N6570-DK
2026-06-04 11:47:36,081 [INFO] DbBoards:157 - Board is not supported: STM32N6570-DK
2026-06-04 11:47:36,081 [INFO] BoardInfo:880 - No configuration file found for board STM32U083C-DK
2026-06-04 11:47:36,082 [INFO] DbBoards:157 - Board is not supported: STM32U083C-DK
2026-06-04 11:47:36,084 [INFO] BoardInfo:880 - No configuration file found for board STM32WBA55G-DK1
2026-06-04 11:47:36,084 [INFO] DbBoards:157 - Board is not supported: STM32WBA55G-DK1
2026-06-04 11:47:36,084 [INFO] BoardInfo:880 - No configuration file found for board STM32WBA65I-DK1
2026-06-04 11:47:36,084 [INFO] DbBoards:157 - Board is not supported: STM32WBA65I-DK1
2026-06-04 11:47:36,085 [INFO] DbBoards:161 - Found 218 boards, 183 are supported
2026-06-04 11:47:36,088 [INFO] ApiDb:423 - Load user favorites file /home/papijou/.stm32cubeide/favorites.boards.txt: 0 item(s)
2026-06-04 11:47:36,088 [INFO] ApiDb:427 - User favorites Boards=[]
2026-06-04 11:47:36,088 [INFO] DbBoards:190 - Set 0 / 0 favorites Boards
2026-06-04 11:47:36,097 [ERROR] TargetSelectorAdapter:267 - Unable to refresh data
2026-06-04 11:47:36,124 [INFO] McuFinderGlobals:76 - Set McuFinderConnectedMode to true
2026-06-04 11:47:36,125 [INFO] MultiScanPanel:200 - Auto-refresh data requested => check proxy status ongoing
2026-06-04 11:47:36,125 [INFO] FinderPluginLoader:95 - Searching for filters in installed packs
2026-06-04 11:47:36,790 [INFO] ServerAccessManage:473 - Download File 
2026-06-04 11:47:36,797 [INFO] LoadUrlFilesThread:185 - End of LoadServerUrlFiles without Thread
2026-06-04 11:47:36,818 [INFO] DetailPanel:341 - Set advertising image to /home/papijou/STM32Cube/Repository//en.prom-stm32wl3r-0526.jpg
2026-06-04 11:48:04,952 [INFO] MainUpdater:2868 - connection check result : 10
2026-06-04 11:48:04,952 [INFO] MainUpdater:2868 - connection check result : 10
2026-06-04 11:48:04,969 [INFO] MicroXplorer:468 - Change Database Path : 
2026-06-04 11:48:04,970 [INFO] MicroXplorer:498 - Change Database Version : DB.6.0.92
2026-06-04 11:48:04,979 [WARN] ThirdParty:871 - waiting for thirdparty lock release [close project]
2026-06-04 11:48:04,979 [INFO] ThirdParty:873 - entering critical section [close project]
2026-06-04 11:48:04,979 [INFO] ThirdParty:883 - exiting critical section [close project]
2026-06-04 11:48:04,980 [INFO] PinOutPanel:1499 - setPackage(No Configuration,No Configuration)
2026-06-04 11:48:04,985 [INFO] UtilMem:75 - Begin LoadConfig() Used Memory: 688413472 Bytes (1073741824)
2026-06-04 11:48:04,985 [INFO] MicroXplorer:468 - Change Database Path : 
2026-06-04 11:48:04,985 [INFO] MicroXplorer:498 - Change Database Version : DB.6.0.92
2026-06-04 11:48:04,985 [INFO] OpenFileManager:308 - Change cursor
2026-06-04 11:48:04,996 [INFO] RulesReader:64 - Compatibility file has been processed (293 Rules)
2026-06-04 11:48:04,999 [INFO] Mcu:1946 - Initializing MCU STM32L476R(C-E-G)Tx STM32L476RGTx STM32L476RGT6
2026-06-04 11:48:05,728 [INFO] Context:659 - Trying to add GPIOservice into a context  which must be forbidden
2026-06-04 11:48:06,003 [INFO] RtosManager:555 - Registered RTOS mode: class=CMSIS, group=RTOS, mode=CMSIS_V1, owner=FREERTOS
2026-06-04 11:48:06,003 [INFO] RtosManager:555 - Registered RTOS mode: class=CMSIS, group=RTOS2, mode=CMSIS_V2, owner=FREERTOS
2026-06-04 11:48:06,003 [INFO] RtosManager:555 - Registered RTOS mode: class=RTOS, group=Core, mode=CMSIS_V1, owner=FREERTOS
2026-06-04 11:48:06,003 [INFO] RtosManager:555 - Registered RTOS mode: class=RTOS, group=Core, mode=CMSIS_V2, owner=FREERTOS
2026-06-04 11:48:06,003 [WARN] ModelIntegratedComponent:184 - Missing modes for component STMicroelectronics:FreeRTOS:0.0.1:STMicroelectronics:RTOS:FreeRTOS:Core:::10.2.0:
2026-06-04 11:48:06,003 [WARN] ModelIntegratedComponent:63 - No mode defined for component null
2026-06-04 11:48:06,003 [WARN] ModelIntegratedComponent:63 - No mode defined for component null
2026-06-04 11:48:06,003 [WARN] ModelIntegratedComponent:63 - No mode defined for component null
2026-06-04 11:48:06,003 [WARN] ModelIntegratedComponent:63 - No mode defined for component null
2026-06-04 11:48:06,003 [WARN] ModelIntegratedComponent:63 - No mode defined for component null
2026-06-04 11:48:06,003 [WARN] ModelIntegratedComponent:63 - No mode defined for component null
2026-06-04 11:48:06,003 [WARN] ModelIntegratedComponent:63 - No mode defined for component null
2026-06-04 11:48:06,003 [WARN] ModelIntegratedComponent:63 - No mode defined for component null
2026-06-04 11:48:06,003 [WARN] ModelIntegratedComponent:63 - No mode defined for component null
2026-06-04 11:48:06,003 [WARN] ModelIntegratedComponent:63 - No mode defined for component null
2026-06-04 11:48:06,003 [WARN] ModelIntegratedComponent:63 - No mode defined for component null
2026-06-04 11:48:06,003 [WARN] ModelIntegratedComponent:63 - No mode defined for component null
2026-06-04 11:48:06,003 [WARN] ModelIntegratedComponent:63 - No mode defined for component null
2026-06-04 11:48:06,003 [WARN] ModelIntegratedComponent:63 - No mode defined for component null
2026-06-04 11:48:06,004 [WARN] ModelIntegratedComponent:63 - No mode defined for component null
2026-06-04 11:48:06,004 [WARN] ModelIntegratedComponent:63 - No mode defined for component null
2026-06-04 11:48:06,004 [WARN] ModelIntegratedComponent:63 - No mode defined for component null
2026-06-04 11:48:06,004 [WARN] ModelIntegratedComponent:63 - No mode defined for component null
2026-06-04 11:48:06,004 [WARN] ModelIntegratedComponent:63 - No mode defined for component null
2026-06-04 11:48:06,004 [WARN] ModelIntegratedComponent:63 - No mode defined for component null
2026-06-04 11:48:06,004 [WARN] ModelIntegratedComponent:63 - No mode defined for component null
2026-06-04 11:48:06,004 [WARN] ModelIntegratedComponent:63 - No mode defined for component null
2026-06-04 11:48:06,004 [WARN] ModelIntegratedComponent:63 - No mode defined for component null
2026-06-04 11:48:06,004 [WARN] ModelIntegratedComponent:63 - No mode defined for component null
2026-06-04 11:48:06,004 [WARN] ModelIntegratedComponent:63 - No mode defined for component null
2026-06-04 11:48:06,004 [WARN] ModelIntegratedComponent:63 - No mode defined for component null
2026-06-04 11:48:06,004 [WARN] ModelIntegratedComponent:63 - No mode defined for component null
2026-06-04 11:48:06,004 [WARN] ModelIntegratedComponent:63 - No mode defined for component null
2026-06-04 11:48:06,004 [WARN] ModelIntegratedComponent:63 - No mode defined for component null
2026-06-04 11:48:06,004 [WARN] ModelIntegratedComponent:63 - No mode defined for component null
2026-06-04 11:48:06,004 [WARN] ModelIntegratedComponent:63 - No mode defined for component null
2026-06-04 11:48:06,004 [WARN] ModelIntegratedComponent:63 - No mode defined for component null
2026-06-04 11:48:06,004 [WARN] ModelIntegratedComponent:63 - No mode defined for component null
2026-06-04 11:48:06,005 [INFO] ThirdPartyModel:298 - Start build external matchings
2026-06-04 11:48:06,006 [INFO] ThirdPartyModel:316 - End build external matchings
2026-06-04 11:48:06,008 [INFO] ImportTextPane:194 - (OptionalMessage_ERROR) IP (ADC2) : Parameter (CommonPathInternal) has invalid value (null|null|null|null)
2026-06-04 11:48:06,008 [INFO] ImportTextPane:194 - (OptionalMessage_ERROR) IP (DMA) : Parameter (Instance) has Id (ADC2) currently not set
2026-06-04 11:48:06,008 [INFO] ImportTextPane:194 - (OptionalMessage_ERROR) IP (DMA) : Parameter (Request) has Id (ADC2) currently not set
2026-06-04 11:48:06,008 [INFO] ImportTextPane:194 - (OptionalMessage_ERROR) IP (DMA) : Parameter (Direction) has Id (ADC2) currently not set
2026-06-04 11:48:06,008 [INFO] ImportTextPane:194 - (OptionalMessage_ERROR) IP (DMA) : Parameter (PeriphInc) has Id (ADC2) currently not set
2026-06-04 11:48:06,008 [INFO] ImportTextPane:194 - (OptionalMessage_ERROR) IP (DMA) : Parameter (MemInc) has Id (ADC2) currently not set
2026-06-04 11:48:06,009 [INFO] ImportTextPane:194 - (OptionalMessage_ERROR) IP (DMA) : Parameter (PeriphDataAlignment) has Id (ADC2) currently not set
2026-06-04 11:48:06,009 [INFO] ImportTextPane:194 - (OptionalMessage_ERROR) IP (DMA) : Parameter (MemDataAlignment) has Id (ADC2) currently not set
2026-06-04 11:48:06,009 [INFO] ImportTextPane:194 - (OptionalMessage_ERROR) IP (DMA) : Parameter (Mode) has Id (ADC2) currently not set
2026-06-04 11:48:06,009 [INFO] ImportTextPane:194 - (OptionalMessage_ERROR) IP (DMA) : Parameter (Priority) has Id (ADC2) currently not set
2026-06-04 11:48:06,179 [INFO] UtilMem:75 - End LoadConfig() Used Memory: 791586144 Bytes (1073741824)
2026-06-04 11:48:06,270 [WARN] ThirdParty:833 - waiting for thirdparty lock release [change project]
2026-06-04 11:48:06,270 [INFO] ThirdParty:835 - entering critical section [change project]
2026-06-04 11:48:06,270 [INFO] ThirdParty:1030 - CMSIS Pack Vendor :STMicroelectronics USBPD 4.1
2026-06-04 11:48:06,270 [INFO] ThirdParty:1030 - CMSIS Pack Vendor :STMicroelectronics ThreadX 1.0.0
2026-06-04 11:48:06,270 [INFO] ThirdParty:1030 - CMSIS Pack Vendor :STMicroelectronics USB_HOST 2.0.0
2026-06-04 11:48:06,270 [INFO] ThirdParty:1030 - CMSIS Pack Vendor :STMicroelectronics LIBJPEG 8.0.0
2026-06-04 11:48:06,270 [INFO] ThirdParty:1030 - CMSIS Pack Vendor :STMicroelectronics FP-ATR-SIGFOX1 3.2.0
2026-06-04 11:48:06,270 [INFO] ThirdParty:1030 - CMSIS Pack Vendor :STMicroelectronics FreeRTOS 0.0.1
2026-06-04 11:48:06,270 [INFO] ThirdParty:1030 - CMSIS Pack Vendor :STMicroelectronics USB_DEVICE 1.0.0
2026-06-04 11:48:06,270 [INFO] ThirdParty:1030 - CMSIS Pack Vendor :STMicroelectronics STM32_WPAN 1.0.0
2026-06-04 11:48:06,270 [INFO] ThirdParty:1030 - CMSIS Pack Vendor :STMicroelectronics USB_DEVICE 3.0.0
2026-06-04 11:48:06,270 [INFO] ThirdParty:1030 - CMSIS Pack Vendor :STMicroelectronics HAL Drivers 0.0.0
2026-06-04 11:48:06,270 [INFO] ThirdParty:1030 - CMSIS Pack Vendor :STMicroelectronics MBEDTLS 2.16.2
2026-06-04 11:48:06,270 [INFO] ThirdParty:1030 - CMSIS Pack Vendor :STMicroelectronics ThreadX 0.0.2
2026-06-04 11:48:06,270 [INFO] ThirdParty:1030 - CMSIS Pack Vendor :STMicroelectronics lwIP 2.1.2
2026-06-04 11:48:06,270 [INFO] ThirdParty:1030 - CMSIS Pack Vendor :STMicroelectronics lwIP 2.0.3
2026-06-04 11:48:06,270 [INFO] ThirdParty:1030 - CMSIS Pack Vendor :STMicroelectronics MBEDTLS 2.14.1
2026-06-04 11:48:06,270 [INFO] ThirdParty:1030 - CMSIS Pack Vendor :STMicroelectronics USB_HOST 1.0.0
2026-06-04 11:48:06,270 [INFO] ThirdParty:1030 - CMSIS Pack Vendor :STMicroelectronics PDM2PCM 3.1.0
2026-06-04 11:48:06,270 [INFO] ThirdParty:1030 - CMSIS Pack Vendor :STMicroelectronics PDM2PCM 3.2.0
2026-06-04 11:48:06,270 [INFO] ThirdParty:1030 - CMSIS Pack Vendor :STMicroelectronics USB_DEVICE 2.0.0
2026-06-04 11:48:06,271 [INFO] ThirdParty:1030 - CMSIS Pack Vendor :STMicroelectronics PDM2PCM 3.3.0
2026-06-04 11:48:06,271 [INFO] ThirdParty:841 - exiting critical section [change project]
2026-06-04 11:48:06,424 [INFO] PinOutPanel:1499 - setPackage(No Configuration,No Configuration)
2026-06-04 11:48:06,424 [INFO] PinOutPanel:1499 - setPackage(STM32L476RGTx,LQFP64)
2026-06-04 11:48:06,635 [INFO] UtilMem:75 - Before build in PCC Used Memory: 429543664 Bytes (1073741824)
2026-06-04 11:48:06,788 [INFO] UtilMem:75 - After build in PCC Used Memory: 509235440 Bytes (1073741824)
2026-06-04 11:48:06,803 [INFO] IPUIPlugin:80 - create IPUIPlugin
2026-06-04 11:48:06,803 [INFO] IPUIPlugin:80 - create IPUIPlugin
2026-06-04 11:48:06,803 [INFO] IPUIPlugin:80 - create IPUIPlugin
2026-06-04 11:48:06,803 [INFO] IPUIPlugin:80 - create IPUIPlugin
2026-06-04 11:48:06,803 [INFO] IPUIPlugin:80 - create IPUIPlugin
2026-06-04 11:48:06,803 [INFO] IPUIPlugin:80 - create IPUIPlugin
2026-06-04 11:48:06,803 [INFO] IPUIPlugin:80 - create IPUIPlugin
2026-06-04 11:48:06,803 [INFO] IPUIPlugin:80 - create IPUIPlugin
2026-06-04 11:48:06,804 [INFO] IPUIPlugin:80 - create IPUIPlugin
2026-06-04 11:48:06,804 [INFO] IPUIPlugin:80 - create IPUIPlugin
2026-06-04 11:48:06,804 [INFO] IPUIPlugin:80 - create IPUIPlugin
2026-06-04 11:48:06,804 [INFO] IPUIPlugin:80 - create IPUIPlugin
2026-06-04 11:48:06,804 [INFO] IPUIPlugin:80 - create IPUIPlugin
2026-06-04 11:48:06,804 [INFO] IPUIPlugin:80 - create IPUIPlugin
2026-06-04 11:48:06,804 [INFO] IPUIPlugin:80 - create IPUIPlugin
2026-06-04 11:48:06,804 [INFO] IPUIPlugin:80 - create IPUIPlugin
2026-06-04 11:48:06,804 [INFO] IPUIPlugin:80 - create IPUIPlugin
2026-06-04 11:48:06,804 [INFO] IPUIPlugin:80 - create IPUIPlugin
2026-06-04 11:48:06,804 [INFO] IPUIPlugin:80 - create IPUIPlugin
2026-06-04 11:48:06,804 [INFO] IPUIPlugin:80 - create IPUIPlugin
2026-06-04 11:48:06,804 [INFO] IPUIPlugin:80 - create IPUIPlugin
2026-06-04 11:48:06,805 [INFO] IPUIPlugin:80 - create IPUIPlugin
2026-06-04 11:48:06,805 [INFO] IPUIPlugin:80 - create IPUIPlugin
2026-06-04 11:48:06,805 [INFO] IPUIPlugin:80 - create IPUIPlugin
2026-06-04 11:48:06,805 [INFO] IPUIPlugin:80 - create IPUIPlugin
2026-06-04 11:48:06,805 [INFO] IPUIPlugin:80 - create IPUIPlugin
2026-06-04 11:48:06,805 [INFO] IPUIPlugin:80 - create IPUIPlugin
2026-06-04 11:48:06,805 [INFO] IPUIPlugin:80 - create IPUIPlugin
2026-06-04 11:48:06,805 [INFO] IPUIPlugin:80 - create IPUIPlugin
2026-06-04 11:48:06,805 [INFO] IPUIPlugin:80 - create IPUIPlugin
2026-06-04 11:48:06,805 [INFO] IPUIPlugin:80 - create IPUIPlugin
2026-06-04 11:48:06,805 [INFO] IPUIPlugin:80 - create IPUIPlugin
2026-06-04 11:48:06,805 [INFO] IPUIPlugin:80 - create IPUIPlugin
2026-06-04 11:48:06,805 [INFO] IPUIPlugin:80 - create IPUIPlugin
2026-06-04 11:48:06,806 [INFO] IPUIPlugin:80 - create IPUIPlugin
2026-06-04 11:48:06,806 [INFO] IPUIPlugin:80 - create IPUIPlugin
2026-06-04 11:48:06,806 [INFO] IPUIPlugin:80 - create IPUIPlugin
2026-06-04 11:48:06,806 [INFO] IPUIPlugin:80 - create IPUIPlugin
2026-06-04 11:48:06,806 [INFO] IPUIPlugin:80 - create IPUIPlugin
2026-06-04 11:48:06,806 [INFO] IPUIPlugin:80 - create IPUIPlugin
2026-06-04 11:48:06,806 [INFO] IPUIPlugin:80 - create IPUIPlugin
2026-06-04 11:48:06,806 [INFO] IPUIPlugin:80 - create IPUIPlugin
2026-06-04 11:48:06,806 [INFO] IPUIPlugin:80 - create IPUIPlugin
2026-06-04 11:48:06,806 [INFO] IPUIPlugin:80 - create IPUIPlugin
2026-06-04 11:48:06,806 [INFO] IPUIPlugin:80 - create IPUIPlugin
2026-06-04 11:48:06,807 [INFO] IPUIPlugin:80 - create IPUIPlugin
2026-06-04 11:48:06,807 [INFO] IPUIPlugin:80 - create IPUIPlugin
2026-06-04 11:48:06,807 [INFO] IPUIPlugin:80 - create IPUIPlugin
2026-06-04 11:48:06,807 [INFO] IPUIPlugin:80 - create IPUIPlugin
2026-06-04 11:48:06,807 [INFO] IPUIPlugin:80 - create IPUIPlugin
2026-06-04 11:48:06,807 [INFO] IPUIPlugin:80 - create IPUIPlugin
2026-06-04 11:48:06,807 [INFO] IPUIPlugin:80 - create IPUIPlugin
2026-06-04 11:48:06,807 [INFO] IPUIPlugin:80 - create IPUIPlugin
2026-06-04 11:48:06,807 [INFO] IPUIPlugin:80 - create IPUIPlugin
2026-06-04 11:48:06,808 [INFO] IPUIPlugin:80 - create IPUIPlugin
2026-06-04 11:48:06,808 [INFO] IPUIPlugin:80 - create IPUIPlugin
2026-06-04 11:48:06,808 [INFO] IPUIPlugin:80 - create IPUIPlugin
2026-06-04 11:48:06,809 [INFO] IPUIPlugin:80 - create IPUIPlugin
2026-06-04 11:48:06,809 [INFO] IPUIPlugin:80 - create IPUIPlugin
2026-06-04 11:48:06,848 [INFO] CADModel:165 - CPN selected for project levelSTM32L476RGT6
2026-06-04 11:48:06,848 [INFO] CADModel:114 - Register for checkConnection events
2026-06-04 11:48:06,885 [INFO] OpenFileManager:328 - Restore cursor
2026-06-04 11:48:07,160 [INFO] UtilMem:75 - End SaveConfig() Used Memory: 695881968 Bytes (1073741824)
2026-06-04 11:48:07,186 [INFO] UtilMem:75 - End SaveConfig() Used Memory: 720759296 Bytes (1073741824)
2026-06-04 11:48:07,274 [INFO] BlockDiagram:2759 - set Specific Code input for plugin: TIM1_8L4
2026-06-04 11:48:07,274 [INFO] BlockDiagram:2759 - set Specific Code input for plugin: ADC
2026-06-04 11:48:07,274 [INFO] BlockDiagram:2759 - set Specific Code input for plugin: RCC
2026-06-04 11:48:07,274 [INFO] BlockDiagram:2759 - set Specific Code input for plugin: NVIC
2026-06-04 11:48:07,274 [INFO] BlockDiagram:2759 - set Specific Code input for plugin: USART
2026-06-04 11:48:07,274 [INFO] BlockDiagram:2759 - set Specific Code input for plugin: DMA
2026-06-04 11:48:07,274 [INFO] BlockDiagram:2759 - set Specific Code input for plugin: GPIO
2026-06-04 11:48:07,275 [INFO] CodeGenerator:799 - code generatio: config db path: /opt/st/stm32cubeide_1.13.2_2/plugins/com.st.stm32cube.common.mx_6.9.2.202309101412//db/
2026-06-04 11:48:07,279 [INFO] Argument:319 - Argument : hdmavalue: null
2026-06-04 11:48:07,279 [INFO] Argument:321 - 	 sub Args: 
2026-06-04 11:48:07,279 [INFO] Argument:319 - Argument : Instancevalue: DMA1_Channel2
2026-06-04 11:48:07,279 [INFO] Argument:329 - Argument : Instancevalue: DMA1_Channel2
2026-06-04 11:48:07,279 [INFO] Argument:319 - Argument : Initvalue: null
2026-06-04 11:48:07,279 [INFO] Argument:321 - 	 sub Args: 
2026-06-04 11:48:07,279 [INFO] Argument:319 - Argument : Requestvalue: DMA_REQUEST_0
2026-06-04 11:48:07,279 [INFO] Argument:329 - Argument : Requestvalue: DMA_REQUEST_0
2026-06-04 11:48:07,279 [INFO] Argument:319 - Argument : Directionvalue: DMA_PERIPH_TO_MEMORY
2026-06-04 11:48:07,279 [INFO] Argument:329 - Argument : Directionvalue: DMA_PERIPH_TO_MEMORY
2026-06-04 11:48:07,279 [INFO] Argument:319 - Argument : PeriphIncvalue: DMA_PINC_DISABLE
2026-06-04 11:48:07,279 [INFO] Argument:329 - Argument : PeriphIncvalue: DMA_PINC_DISABLE
2026-06-04 11:48:07,279 [INFO] Argument:319 - Argument : MemIncvalue: DMA_MINC_ENABLE
2026-06-04 11:48:07,279 [INFO] Argument:329 - Argument : MemIncvalue: DMA_MINC_ENABLE
2026-06-04 11:48:07,279 [INFO] Argument:319 - Argument : PeriphDataAlignmentvalue: DMA_PDATAALIGN_HALFWORD
2026-06-04 11:48:07,279 [INFO] Argument:329 - Argument : PeriphDataAlignmentvalue: DMA_PDATAALIGN_HALFWORD
2026-06-04 11:48:07,279 [INFO] Argument:319 - Argument : MemDataAlignmentvalue: DMA_MDATAALIGN_HALFWORD
2026-06-04 11:48:07,279 [INFO] Argument:329 - Argument : MemDataAlignmentvalue: DMA_MDATAALIGN_HALFWORD
2026-06-04 11:48:07,279 [INFO] Argument:319 - Argument : Modevalue: DMA_NORMAL
2026-06-04 11:48:07,279 [INFO] Argument:329 - Argument : Modevalue: DMA_NORMAL
2026-06-04 11:48:07,279 [INFO] Argument:319 - Argument : Priorityvalue: DMA_PRIORITY_VERY_HIGH
2026-06-04 11:48:07,279 [INFO] Argument:329 - Argument : Priorityvalue: DMA_PRIORITY_VERY_HIGH
2026-06-04 11:48:07,279 [INFO] Argument:319 - Argument : Lockvalue: null
2026-06-04 11:48:07,279 [INFO] Argument:329 - Argument : Lockvalue: null
2026-06-04 11:48:07,279 [INFO] Argument:319 - Argument : Statevalue: null
2026-06-04 11:48:07,279 [INFO] Argument:329 - Argument : Statevalue: null
2026-06-04 11:48:07,279 [INFO] Argument:319 - Argument : Parentvalue: null
2026-06-04 11:48:07,279 [INFO] Argument:329 - Argument : Parentvalue: null
2026-06-04 11:48:07,279 [INFO] Argument:319 - Argument : XferCpltCallbackvalue: null
2026-06-04 11:48:07,279 [INFO] Argument:329 - Argument : XferCpltCallbackvalue: null
2026-06-04 11:48:07,279 [INFO] Argument:319 - Argument : XferHalfCpltCallbackvalue: null
2026-06-04 11:48:07,279 [INFO] Argument:329 - Argument : XferHalfCpltCallbackvalue: null
2026-06-04 11:48:07,279 [INFO] Argument:319 - Argument : XferErrorCallbackvalue: null
2026-06-04 11:48:07,279 [INFO] Argument:329 - Argument : XferErrorCallbackvalue: null
2026-06-04 11:48:07,279 [INFO] Argument:319 - Argument : XferAbortCallbackvalue: null
2026-06-04 11:48:07,279 [INFO] Argument:329 - Argument : XferAbortCallbackvalue: null
2026-06-04 11:48:07,279 [INFO] Argument:319 - Argument : ErrorCodevalue: null
2026-06-04 11:48:07,279 [INFO] Argument:329 - Argument : ErrorCodevalue: null
2026-06-04 11:48:07,279 [INFO] Argument:319 - Argument : DmaBaseAddressvalue: null
2026-06-04 11:48:07,279 [INFO] Argument:329 - Argument : DmaBaseAddressvalue: null
2026-06-04 11:48:07,279 [INFO] Argument:319 - Argument : ChannelIndexvalue: null
2026-06-04 11:48:07,280 [INFO] Argument:329 - Argument : ChannelIndexvalue: null
2026-06-04 11:48:07,280 [INFO] Argument:319 - Argument : hdmavalue: null
2026-06-04 11:48:07,280 [INFO] Argument:321 - 	 sub Args: 
2026-06-04 11:48:07,280 [INFO] Argument:319 - Argument : Instancevalue: DMA1_Channel2
2026-06-04 11:48:07,280 [INFO] Argument:329 - Argument : Instancevalue: DMA1_Channel2
2026-06-04 11:48:07,280 [INFO] Argument:319 - Argument : Initvalue: null
2026-06-04 11:48:07,280 [INFO] Argument:321 - 	 sub Args: 
2026-06-04 11:48:07,280 [INFO] Argument:319 - Argument : Requestvalue: DMA_REQUEST_0
2026-06-04 11:48:07,280 [INFO] Argument:329 - Argument : Requestvalue: DMA_REQUEST_0
2026-06-04 11:48:07,280 [INFO] Argument:319 - Argument : Directionvalue: DMA_PERIPH_TO_MEMORY
2026-06-04 11:48:07,280 [INFO] Argument:329 - Argument : Directionvalue: DMA_PERIPH_TO_MEMORY
2026-06-04 11:48:07,280 [INFO] Argument:319 - Argument : PeriphIncvalue: DMA_PINC_DISABLE
2026-06-04 11:48:07,280 [INFO] Argument:329 - Argument : PeriphIncvalue: DMA_PINC_DISABLE
2026-06-04 11:48:07,280 [INFO] Argument:319 - Argument : MemIncvalue: DMA_MINC_ENABLE
2026-06-04 11:48:07,280 [INFO] Argument:329 - Argument : MemIncvalue: DMA_MINC_ENABLE
2026-06-04 11:48:07,280 [INFO] Argument:319 - Argument : PeriphDataAlignmentvalue: DMA_PDATAALIGN_HALFWORD
2026-06-04 11:48:07,280 [INFO] Argument:329 - Argument : PeriphDataAlignmentvalue: DMA_PDATAALIGN_HALFWORD
2026-06-04 11:48:07,280 [INFO] Argument:319 - Argument : MemDataAlignmentvalue: DMA_MDATAALIGN_HALFWORD
2026-06-04 11:48:07,280 [INFO] Argument:329 - Argument : MemDataAlignmentvalue: DMA_MDATAALIGN_HALFWORD
2026-06-04 11:48:07,280 [INFO] Argument:319 - Argument : Modevalue: DMA_NORMAL
2026-06-04 11:48:07,280 [INFO] Argument:329 - Argument : Modevalue: DMA_NORMAL
2026-06-04 11:48:07,280 [INFO] Argument:319 - Argument : Priorityvalue: DMA_PRIORITY_VERY_HIGH
2026-06-04 11:48:07,280 [INFO] Argument:329 - Argument : Priorityvalue: DMA_PRIORITY_VERY_HIGH
2026-06-04 11:48:07,280 [INFO] Argument:319 - Argument : Lockvalue: null
2026-06-04 11:48:07,280 [INFO] Argument:329 - Argument : Lockvalue: null
2026-06-04 11:48:07,280 [INFO] Argument:319 - Argument : Statevalue: null
2026-06-04 11:48:07,280 [INFO] Argument:329 - Argument : Statevalue: null
2026-06-04 11:48:07,280 [INFO] Argument:319 - Argument : Parentvalue: null
2026-06-04 11:48:07,280 [INFO] Argument:329 - Argument : Parentvalue: null
2026-06-04 11:48:07,280 [INFO] Argument:319 - Argument : XferCpltCallbackvalue: null
2026-06-04 11:48:07,280 [INFO] Argument:329 - Argument : XferCpltCallbackvalue: null
2026-06-04 11:48:07,280 [INFO] Argument:319 - Argument : XferHalfCpltCallbackvalue: null
2026-06-04 11:48:07,280 [INFO] Argument:329 - Argument : XferHalfCpltCallbackvalue: null
2026-06-04 11:48:07,280 [INFO] Argument:319 - Argument : XferErrorCallbackvalue: null
2026-06-04 11:48:07,280 [INFO] Argument:329 - Argument : XferErrorCallbackvalue: null
2026-06-04 11:48:07,280 [INFO] Argument:319 - Argument : XferAbortCallbackvalue: null
2026-06-04 11:48:07,280 [INFO] Argument:329 - Argument : XferAbortCallbackvalue: null
2026-06-04 11:48:07,280 [INFO] Argument:319 - Argument : ErrorCodevalue: null
2026-06-04 11:48:07,280 [INFO] Argument:329 - Argument : ErrorCodevalue: null
2026-06-04 11:48:07,280 [INFO] Argument:319 - Argument : DmaBaseAddressvalue: null
2026-06-04 11:48:07,280 [INFO] Argument:329 - Argument : DmaBaseAddressvalue: null
2026-06-04 11:48:07,280 [INFO] Argument:319 - Argument : ChannelIndexvalue: null
2026-06-04 11:48:07,280 [INFO] Argument:329 - Argument : ChannelIndexvalue: null
2026-06-04 11:48:07,280 [INFO] Argument:319 - Argument : pSyncConfigvalue: null
2026-06-04 11:48:07,280 [INFO] Argument:321 - 	 sub Args: 
2026-06-04 11:48:07,280 [INFO] Argument:319 - Argument : SyncSignalIDvalue: null
2026-06-04 11:48:07,280 [INFO] Argument:329 - Argument : SyncSignalIDvalue: null
2026-06-04 11:48:07,280 [INFO] Argument:319 - Argument : SyncPolarityvalue: null
2026-06-04 11:48:07,280 [INFO] Argument:329 - Argument : SyncPolarityvalue: null
2026-06-04 11:48:07,280 [INFO] Argument:319 - Argument : SyncEnablevalue: null
2026-06-04 11:48:07,280 [INFO] Argument:329 - Argument : SyncEnablevalue: null
2026-06-04 11:48:07,280 [INFO] Argument:319 - Argument : EventEnablevalue: null
2026-06-04 11:48:07,280 [INFO] Argument:329 - Argument : EventEnablevalue: null
2026-06-04 11:48:07,280 [INFO] Argument:319 - Argument : RequestNumbervalue: null
2026-06-04 11:48:07,280 [INFO] Argument:329 - Argument : RequestNumbervalue: null
2026-06-04 11:48:07,339 [INFO] CodeEngine:255 - oldGeneratedFile, /home/papijou/Desktop/IPD439/IPD_439_Workspaces/Proyecto/STM32_workspace/ADC_AC/MXTmpFiles/license.tmp_save
2026-06-04 11:48:07,376 [INFO] CodeEngine:279 - Generated code: /home/papijou/Desktop/IPD439/IPD_439_Workspaces/Proyecto/STM32_workspace/ADC_AC/MXTmpFiles/license.tmp
2026-06-04 11:48:07,394 [INFO] CodeEngine:255 - oldGeneratedFile, /home/papijou/Desktop/IPD439/IPD_439_Workspaces/Proyecto/STM32_workspace/ADC_AC/Core/Src/gpio.c_save
2026-06-04 11:48:07,432 [INFO] CodeEngine:279 - Generated code: /home/papijou/Desktop/IPD439/IPD_439_Workspaces/Proyecto/STM32_workspace/ADC_AC/Core/Src/gpio.c
2026-06-04 11:48:07,433 [INFO] CodeEngine:255 - oldGeneratedFile, /home/papijou/Desktop/IPD439/IPD_439_Workspaces/Proyecto/STM32_workspace/ADC_AC/Core/Inc/gpio.h_save
2026-06-04 11:48:07,514 [INFO] CodeEngine:279 - Generated code: /home/papijou/Desktop/IPD439/IPD_439_Workspaces/Proyecto/STM32_workspace/ADC_AC/Core/Inc/gpio.h
2026-06-04 11:48:07,574 [INFO] CodeEngine:255 - oldGeneratedFile, /home/papijou/Desktop/IPD439/IPD_439_Workspaces/Proyecto/STM32_workspace/ADC_AC/Core/Src/adc.c_save
2026-06-04 11:48:07,626 [INFO] CodeEngine:279 - Generated code: /home/papijou/Desktop/IPD439/IPD_439_Workspaces/Proyecto/STM32_workspace/ADC_AC/Core/Src/adc.c
2026-06-04 11:48:07,627 [INFO] CodeEngine:255 - oldGeneratedFile, /home/papijou/Desktop/IPD439/IPD_439_Workspaces/Proyecto/STM32_workspace/ADC_AC/Core/Inc/adc.h_save
2026-06-04 11:48:07,661 [INFO] CodeEngine:279 - Generated code: /home/papijou/Desktop/IPD439/IPD_439_Workspaces/Proyecto/STM32_workspace/ADC_AC/Core/Inc/adc.h
2026-06-04 11:48:07,666 [INFO] CodeEngine:255 - oldGeneratedFile, /home/papijou/Desktop/IPD439/IPD_439_Workspaces/Proyecto/STM32_workspace/ADC_AC/Core/Src/dma.c_save
2026-06-04 11:48:07,701 [INFO] CodeEngine:279 - Generated code: /home/papijou/Desktop/IPD439/IPD_439_Workspaces/Proyecto/STM32_workspace/ADC_AC/Core/Src/dma.c
2026-06-04 11:48:07,702 [INFO] CodeEngine:255 - oldGeneratedFile, /home/papijou/Desktop/IPD439/IPD_439_Workspaces/Proyecto/STM32_workspace/ADC_AC/Core/Inc/dma.h_save
2026-06-04 11:48:07,736 [INFO] CodeEngine:279 - Generated code: /home/papijou/Desktop/IPD439/IPD_439_Workspaces/Proyecto/STM32_workspace/ADC_AC/Core/Inc/dma.h
2026-06-04 11:48:07,739 [INFO] CodeEngine:255 - oldGeneratedFile, /home/papijou/Desktop/IPD439/IPD_439_Workspaces/Proyecto/STM32_workspace/ADC_AC/Core/Src/tim.c_save
2026-06-04 11:48:07,788 [INFO] CodeEngine:279 - Generated code: /home/papijou/Desktop/IPD439/IPD_439_Workspaces/Proyecto/STM32_workspace/ADC_AC/Core/Src/tim.c
2026-06-04 11:48:07,789 [INFO] CodeEngine:255 - oldGeneratedFile, /home/papijou/Desktop/IPD439/IPD_439_Workspaces/Proyecto/STM32_workspace/ADC_AC/Core/Inc/tim.h_save
2026-06-04 11:48:07,858 [INFO] CodeEngine:279 - Generated code: /home/papijou/Desktop/IPD439/IPD_439_Workspaces/Proyecto/STM32_workspace/ADC_AC/Core/Inc/tim.h
2026-06-04 11:48:07,860 [INFO] CodeEngine:255 - oldGeneratedFile, /home/papijou/Desktop/IPD439/IPD_439_Workspaces/Proyecto/STM32_workspace/ADC_AC/Core/Src/usart.c_save
2026-06-04 11:48:07,912 [INFO] CodeEngine:279 - Generated code: /home/papijou/Desktop/IPD439/IPD_439_Workspaces/Proyecto/STM32_workspace/ADC_AC/Core/Src/usart.c
2026-06-04 11:48:07,912 [INFO] CodeEngine:255 - oldGeneratedFile, /home/papijou/Desktop/IPD439/IPD_439_Workspaces/Proyecto/STM32_workspace/ADC_AC/Core/Inc/usart.h_save
2026-06-04 11:48:07,947 [INFO] CodeEngine:279 - Generated code: /home/papijou/Desktop/IPD439/IPD_439_Workspaces/Proyecto/STM32_workspace/ADC_AC/Core/Inc/usart.h
2026-06-04 11:48:07,951 [INFO] CodeEngine:255 - oldGeneratedFile, /home/papijou/Desktop/IPD439/IPD_439_Workspaces/Proyecto/STM32_workspace/ADC_AC/Core/Src/stm32l4xx_it.c_save
2026-06-04 11:48:07,989 [INFO] CodeEngine:279 - Generated code: /home/papijou/Desktop/IPD439/IPD_439_Workspaces/Proyecto/STM32_workspace/ADC_AC/Core/Src/stm32l4xx_it.c
2026-06-04 11:48:07,990 [INFO] CodeEngine:255 - oldGeneratedFile, /home/papijou/Desktop/IPD439/IPD_439_Workspaces/Proyecto/STM32_workspace/ADC_AC/Core/Inc/stm32l4xx_it.h_save
2026-06-04 11:48:08,024 [INFO] CodeEngine:279 - Generated code: /home/papijou/Desktop/IPD439/IPD_439_Workspaces/Proyecto/STM32_workspace/ADC_AC/Core/Inc/stm32l4xx_it.h
2026-06-04 11:48:08,031 [INFO] CodeEngine:255 - oldGeneratedFile, /home/papijou/Desktop/IPD439/IPD_439_Workspaces/Proyecto/STM32_workspace/ADC_AC/Core/Src/stm32l4xx_hal_msp.c_save
2026-06-04 11:48:08,078 [INFO] CodeEngine:279 - Generated code: /home/papijou/Desktop/IPD439/IPD_439_Workspaces/Proyecto/STM32_workspace/ADC_AC/Core/Src/stm32l4xx_hal_msp.c
2026-06-04 11:48:08,079 [INFO] CodeEngine:255 - oldGeneratedFile, /home/papijou/Desktop/IPD439/IPD_439_Workspaces/Proyecto/STM32_workspace/ADC_AC/MXTmpFiles/system.tmp_save
2026-06-04 11:48:08,112 [INFO] CodeEngine:279 - Generated code: /home/papijou/Desktop/IPD439/IPD_439_Workspaces/Proyecto/STM32_workspace/ADC_AC/MXTmpFiles/system.tmp
2026-06-04 11:48:08,114 [INFO] CodeEngine:311 - oldGeneratedFile, /home/papijou/Desktop/IPD439/IPD_439_Workspaces/Proyecto/STM32_workspace/ADC_AC/Core/Inc/stm32l4xx_hal_conf.h_save
2026-06-04 11:48:08,151 [INFO] CodeEngine:335 - Generated code: /home/papijou/Desktop/IPD439/IPD_439_Workspaces/Proyecto/STM32_workspace/ADC_AC/Core/Inc/stm32l4xx_hal_conf.h
2026-06-04 11:48:08,162 [INFO] CodeEngine:255 - oldGeneratedFile, /home/papijou/Desktop/IPD439/IPD_439_Workspaces/Proyecto/STM32_workspace/ADC_AC/Core/Inc/main.h_save
2026-06-04 11:48:08,197 [INFO] CodeEngine:279 - Generated code: /home/papijou/Desktop/IPD439/IPD_439_Workspaces/Proyecto/STM32_workspace/ADC_AC/Core/Inc/main.h
2026-06-04 11:48:08,198 [INFO] CodeEngine:255 - oldGeneratedFile, /home/papijou/Desktop/IPD439/IPD_439_Workspaces/Proyecto/STM32_workspace/ADC_AC/Core/Src/main.c_save
2026-06-04 11:48:08,242 [INFO] CodeEngine:279 - Generated code: /home/papijou/Desktop/IPD439/IPD_439_Workspaces/Proyecto/STM32_workspace/ADC_AC/Core/Src/main.c
2026-06-04 11:48:08,393 [INFO] ProjectBuilder:3064 - Time for Copy HAL[1] : 12mS.
2026-06-04 11:48:08,394 [INFO] ProjectBuilder:4404 - Project Generator version: 4.1.0
2026-06-04 11:48:08,480 [INFO] ConfigFileManager:1457 - The Die is : DIE415
2026-06-04 11:48:08,481 [INFO] ApiDbMcu:507 - Load IP Config File for FATFS
2026-06-04 11:48:08,483 [INFO] ApiDbMcu:507 - Load IP Config File for FREERTOS
2026-06-04 11:48:08,487 [INFO] ApiDbMcu:507 - Load IP Config File for TOUCHSENSING
2026-06-04 11:48:08,489 [INFO] ApiDbMcu:507 - Load IP Config File for USB_DEVICE
2026-06-04 11:48:08,491 [INFO] ApiDbMcu:507 - Load IP Config File for USB_HOST
2026-06-04 11:48:10,710 [INFO] ProjectBuilder:4626 - Time for Generating toolchain IDE Files: 2316mS.
2026-06-04 11:48:10,710 [INFO] ProjectBuilder:2935 - Time for Copy CMSIS : 0mS.
2026-06-04 11:48:10,711 [INFO] ProjectBuilder:2935 - Time for Copy CMSIS : 0mS.
2026-06-04 11:48:11,344 [INFO] McuFinderGlobals:76 - Set McuFinderConnectedMode to true
2026-06-04 11:48:11,842 [INFO] ApiDb:448 - Save user favorites file /home/papijou/.stm32cubeide/favorites.mcus.txt: 0 item(s)
2026-06-04 11:48:11,842 [INFO] ApiDb:452 - User favorites MCUs=[]
2026-06-04 11:48:20,220 [INFO] UtilMem:75 - End SaveConfig() Used Memory: 366161952 Bytes (738197504)
2026-06-04 11:48:20,304 [INFO] BlockDiagram:2759 - set Specific Code input for plugin: TIM1_8L4
2026-06-04 11:48:20,304 [INFO] BlockDiagram:2759 - set Specific Code input for plugin: ADC
2026-06-04 11:48:20,304 [INFO] BlockDiagram:2759 - set Specific Code input for plugin: RCC
2026-06-04 11:48:20,304 [INFO] BlockDiagram:2759 - set Specific Code input for plugin: NVIC
2026-06-04 11:48:20,304 [INFO] BlockDiagram:2759 - set Specific Code input for plugin: USART
2026-06-04 11:48:20,304 [INFO] BlockDiagram:2759 - set Specific Code input for plugin: DMA
2026-06-04 11:48:20,304 [INFO] BlockDiagram:2759 - set Specific Code input for plugin: GPIO
2026-06-04 11:48:20,304 [INFO] CodeGenerator:799 - code generatio: config db path: /opt/st/stm32cubeide_1.13.2_2/plugins/com.st.stm32cube.common.mx_6.9.2.202309101412//db/
2026-06-04 11:48:20,307 [INFO] Argument:319 - Argument : hdmavalue: null
2026-06-04 11:48:20,307 [INFO] Argument:321 - 	 sub Args: 
2026-06-04 11:48:20,307 [INFO] Argument:319 - Argument : Instancevalue: DMA1_Channel2
2026-06-04 11:48:20,307 [INFO] Argument:329 - Argument : Instancevalue: DMA1_Channel2
2026-06-04 11:48:20,307 [INFO] Argument:319 - Argument : Initvalue: null
2026-06-04 11:48:20,307 [INFO] Argument:321 - 	 sub Args: 
2026-06-04 11:48:20,307 [INFO] Argument:319 - Argument : Requestvalue: DMA_REQUEST_0
2026-06-04 11:48:20,307 [INFO] Argument:329 - Argument : Requestvalue: DMA_REQUEST_0
2026-06-04 11:48:20,307 [INFO] Argument:319 - Argument : Directionvalue: DMA_PERIPH_TO_MEMORY
2026-06-04 11:48:20,307 [INFO] Argument:329 - Argument : Directionvalue: DMA_PERIPH_TO_MEMORY
2026-06-04 11:48:20,307 [INFO] Argument:319 - Argument : PeriphIncvalue: DMA_PINC_DISABLE
2026-06-04 11:48:20,307 [INFO] Argument:329 - Argument : PeriphIncvalue: DMA_PINC_DISABLE
2026-06-04 11:48:20,307 [INFO] Argument:319 - Argument : MemIncvalue: DMA_MINC_ENABLE
2026-06-04 11:48:20,307 [INFO] Argument:329 - Argument : MemIncvalue: DMA_MINC_ENABLE
2026-06-04 11:48:20,307 [INFO] Argument:319 - Argument : PeriphDataAlignmentvalue: DMA_PDATAALIGN_HALFWORD
2026-06-04 11:48:20,307 [INFO] Argument:329 - Argument : PeriphDataAlignmentvalue: DMA_PDATAALIGN_HALFWORD
2026-06-04 11:48:20,307 [INFO] Argument:319 - Argument : MemDataAlignmentvalue: DMA_MDATAALIGN_HALFWORD
2026-06-04 11:48:20,307 [INFO] Argument:329 - Argument : MemDataAlignmentvalue: DMA_MDATAALIGN_HALFWORD
2026-06-04 11:48:20,307 [INFO] Argument:319 - Argument : Modevalue: DMA_NORMAL
2026-06-04 11:48:20,307 [INFO] Argument:329 - Argument : Modevalue: DMA_NORMAL
2026-06-04 11:48:20,307 [INFO] Argument:319 - Argument : Priorityvalue: DMA_PRIORITY_VERY_HIGH
2026-06-04 11:48:20,307 [INFO] Argument:329 - Argument : Priorityvalue: DMA_PRIORITY_VERY_HIGH
2026-06-04 11:48:20,307 [INFO] Argument:319 - Argument : Lockvalue: null
2026-06-04 11:48:20,307 [INFO] Argument:329 - Argument : Lockvalue: null
2026-06-04 11:48:20,307 [INFO] Argument:319 - Argument : Statevalue: null
2026-06-04 11:48:20,307 [INFO] Argument:329 - Argument : Statevalue: null
2026-06-04 11:48:20,307 [INFO] Argument:319 - Argument : Parentvalue: null
2026-06-04 11:48:20,307 [INFO] Argument:329 - Argument : Parentvalue: null
2026-06-04 11:48:20,307 [INFO] Argument:319 - Argument : XferCpltCallbackvalue: null
2026-06-04 11:48:20,307 [INFO] Argument:329 - Argument : XferCpltCallbackvalue: null
2026-06-04 11:48:20,307 [INFO] Argument:319 - Argument : XferHalfCpltCallbackvalue: null
2026-06-04 11:48:20,307 [INFO] Argument:329 - Argument : XferHalfCpltCallbackvalue: null
2026-06-04 11:48:20,307 [INFO] Argument:319 - Argument : XferErrorCallbackvalue: null
2026-06-04 11:48:20,307 [INFO] Argument:329 - Argument : XferErrorCallbackvalue: null
2026-06-04 11:48:20,307 [INFO] Argument:319 - Argument : XferAbortCallbackvalue: null
2026-06-04 11:48:20,307 [INFO] Argument:329 - Argument : XferAbortCallbackvalue: null
2026-06-04 11:48:20,307 [INFO] Argument:319 - Argument : ErrorCodevalue: null
2026-06-04 11:48:20,307 [INFO] Argument:329 - Argument : ErrorCodevalue: null
2026-06-04 11:48:20,307 [INFO] Argument:319 - Argument : DmaBaseAddressvalue: null
2026-06-04 11:48:20,307 [INFO] Argument:329 - Argument : DmaBaseAddressvalue: null
2026-06-04 11:48:20,307 [INFO] Argument:319 - Argument : ChannelIndexvalue: null
2026-06-04 11:48:20,307 [INFO] Argument:329 - Argument : ChannelIndexvalue: null
2026-06-04 11:48:20,307 [INFO] Argument:319 - Argument : hdmavalue: null
2026-06-04 11:48:20,307 [INFO] Argument:321 - 	 sub Args: 
2026-06-04 11:48:20,307 [INFO] Argument:319 - Argument : Instancevalue: DMA1_Channel2
2026-06-04 11:48:20,307 [INFO] Argument:329 - Argument : Instancevalue: DMA1_Channel2
2026-06-04 11:48:20,307 [INFO] Argument:319 - Argument : Initvalue: null
2026-06-04 11:48:20,307 [INFO] Argument:321 - 	 sub Args: 
2026-06-04 11:48:20,307 [INFO] Argument:319 - Argument : Requestvalue: DMA_REQUEST_0
2026-06-04 11:48:20,307 [INFO] Argument:329 - Argument : Requestvalue: DMA_REQUEST_0
2026-06-04 11:48:20,307 [INFO] Argument:319 - Argument : Directionvalue: DMA_PERIPH_TO_MEMORY
2026-06-04 11:48:20,307 [INFO] Argument:329 - Argument : Directionvalue: DMA_PERIPH_TO_MEMORY
2026-06-04 11:48:20,307 [INFO] Argument:319 - Argument : PeriphIncvalue: DMA_PINC_DISABLE
2026-06-04 11:48:20,307 [INFO] Argument:329 - Argument : PeriphIncvalue: DMA_PINC_DISABLE
2026-06-04 11:48:20,307 [INFO] Argument:319 - Argument : MemIncvalue: DMA_MINC_ENABLE
2026-06-04 11:48:20,307 [INFO] Argument:329 - Argument : MemIncvalue: DMA_MINC_ENABLE
2026-06-04 11:48:20,307 [INFO] Argument:319 - Argument : PeriphDataAlignmentvalue: DMA_PDATAALIGN_HALFWORD
2026-06-04 11:48:20,307 [INFO] Argument:329 - Argument : PeriphDataAlignmentvalue: DMA_PDATAALIGN_HALFWORD
2026-06-04 11:48:20,307 [INFO] Argument:319 - Argument : MemDataAlignmentvalue: DMA_MDATAALIGN_HALFWORD
2026-06-04 11:48:20,307 [INFO] Argument:329 - Argument : MemDataAlignmentvalue: DMA_MDATAALIGN_HALFWORD
2026-06-04 11:48:20,307 [INFO] Argument:319 - Argument : Modevalue: DMA_NORMAL
2026-06-04 11:48:20,307 [INFO] Argument:329 - Argument : Modevalue: DMA_NORMAL
2026-06-04 11:48:20,307 [INFO] Argument:319 - Argument : Priorityvalue: DMA_PRIORITY_VERY_HIGH
2026-06-04 11:48:20,307 [INFO] Argument:329 - Argument : Priorityvalue: DMA_PRIORITY_VERY_HIGH
2026-06-04 11:48:20,308 [INFO] Argument:319 - Argument : Lockvalue: null
2026-06-04 11:48:20,308 [INFO] Argument:329 - Argument : Lockvalue: null
2026-06-04 11:48:20,308 [INFO] Argument:319 - Argument : Statevalue: null
2026-06-04 11:48:20,308 [INFO] Argument:329 - Argument : Statevalue: null
2026-06-04 11:48:20,308 [INFO] Argument:319 - Argument : Parentvalue: null
2026-06-04 11:48:20,308 [INFO] Argument:329 - Argument : Parentvalue: null
2026-06-04 11:48:20,308 [INFO] Argument:319 - Argument : XferCpltCallbackvalue: null
2026-06-04 11:48:20,308 [INFO] Argument:329 - Argument : XferCpltCallbackvalue: null
2026-06-04 11:48:20,308 [INFO] Argument:319 - Argument : XferHalfCpltCallbackvalue: null
2026-06-04 11:48:20,308 [INFO] Argument:329 - Argument : XferHalfCpltCallbackvalue: null
2026-06-04 11:48:20,308 [INFO] Argument:319 - Argument : XferErrorCallbackvalue: null
2026-06-04 11:48:20,308 [INFO] Argument:329 - Argument : XferErrorCallbackvalue: null
2026-06-04 11:48:20,308 [INFO] Argument:319 - Argument : XferAbortCallbackvalue: null
2026-06-04 11:48:20,308 [INFO] Argument:329 - Argument : XferAbortCallbackvalue: null
2026-06-04 11:48:20,308 [INFO] Argument:319 - Argument : ErrorCodevalue: null
2026-06-04 11:48:20,308 [INFO] Argument:329 - Argument : ErrorCodevalue: null
2026-06-04 11:48:20,308 [INFO] Argument:319 - Argument : DmaBaseAddressvalue: null
2026-06-04 11:48:20,308 [INFO] Argument:329 - Argument : DmaBaseAddressvalue: null
2026-06-04 11:48:20,308 [INFO] Argument:319 - Argument : ChannelIndexvalue: null
2026-06-04 11:48:20,308 [INFO] Argument:329 - Argument : ChannelIndexvalue: null
2026-06-04 11:48:20,308 [INFO] Argument:319 - Argument : pSyncConfigvalue: null
2026-06-04 11:48:20,308 [INFO] Argument:321 - 	 sub Args: 
2026-06-04 11:48:20,308 [INFO] Argument:319 - Argument : SyncSignalIDvalue: null
2026-06-04 11:48:20,308 [INFO] Argument:329 - Argument : SyncSignalIDvalue: null
2026-06-04 11:48:20,308 [INFO] Argument:319 - Argument : SyncPolarityvalue: null
2026-06-04 11:48:20,308 [INFO] Argument:329 - Argument : SyncPolarityvalue: null
2026-06-04 11:48:20,308 [INFO] Argument:319 - Argument : SyncEnablevalue: null
2026-06-04 11:48:20,308 [INFO] Argument:329 - Argument : SyncEnablevalue: null
2026-06-04 11:48:20,308 [INFO] Argument:319 - Argument : EventEnablevalue: null
2026-06-04 11:48:20,308 [INFO] Argument:329 - Argument : EventEnablevalue: null
2026-06-04 11:48:20,308 [INFO] Argument:319 - Argument : RequestNumbervalue: null
2026-06-04 11:48:20,308 [INFO] Argument:329 - Argument : RequestNumbervalue: null
2026-06-04 11:48:20,413 [INFO] CodeEngine:255 - oldGeneratedFile, /home/papijou/Desktop/IPD439/IPD_439_Workspaces/Proyecto/STM32_workspace/ADC_AC/MXTmpFiles/license.tmp_save
2026-06-04 11:48:20,448 [INFO] CodeEngine:279 - Generated code: /home/papijou/Desktop/IPD439/IPD_439_Workspaces/Proyecto/STM32_workspace/ADC_AC/MXTmpFiles/license.tmp
2026-06-04 11:48:20,459 [INFO] CodeEngine:255 - oldGeneratedFile, /home/papijou/Desktop/IPD439/IPD_439_Workspaces/Proyecto/STM32_workspace/ADC_AC/Core/Src/gpio.c_save
2026-06-04 11:48:20,504 [INFO] CodeEngine:279 - Generated code: /home/papijou/Desktop/IPD439/IPD_439_Workspaces/Proyecto/STM32_workspace/ADC_AC/Core/Src/gpio.c
2026-06-04 11:48:20,504 [INFO] CodeEngine:255 - oldGeneratedFile, /home/papijou/Desktop/IPD439/IPD_439_Workspaces/Proyecto/STM32_workspace/ADC_AC/Core/Inc/gpio.h_save
2026-06-04 11:48:20,542 [INFO] CodeEngine:279 - Generated code: /home/papijou/Desktop/IPD439/IPD_439_Workspaces/Proyecto/STM32_workspace/ADC_AC/Core/Inc/gpio.h
2026-06-04 11:48:20,669 [INFO] CodeEngine:255 - oldGeneratedFile, /home/papijou/Desktop/IPD439/IPD_439_Workspaces/Proyecto/STM32_workspace/ADC_AC/Core/Src/adc.c_save
2026-06-04 11:48:20,749 [INFO] CodeEngine:279 - Generated code: /home/papijou/Desktop/IPD439/IPD_439_Workspaces/Proyecto/STM32_workspace/ADC_AC/Core/Src/adc.c
2026-06-04 11:48:20,751 [INFO] CodeEngine:255 - oldGeneratedFile, /home/papijou/Desktop/IPD439/IPD_439_Workspaces/Proyecto/STM32_workspace/ADC_AC/Core/Inc/adc.h_save
2026-06-04 11:48:20,799 [INFO] CodeEngine:279 - Generated code: /home/papijou/Desktop/IPD439/IPD_439_Workspaces/Proyecto/STM32_workspace/ADC_AC/Core/Inc/adc.h
2026-06-04 11:48:20,804 [INFO] CodeEngine:255 - oldGeneratedFile, /home/papijou/Desktop/IPD439/IPD_439_Workspaces/Proyecto/STM32_workspace/ADC_AC/Core/Src/dma.c_save
2026-06-04 11:48:20,842 [INFO] CodeEngine:279 - Generated code: /home/papijou/Desktop/IPD439/IPD_439_Workspaces/Proyecto/STM32_workspace/ADC_AC/Core/Src/dma.c
2026-06-04 11:48:20,843 [INFO] CodeEngine:255 - oldGeneratedFile, /home/papijou/Desktop/IPD439/IPD_439_Workspaces/Proyecto/STM32_workspace/ADC_AC/Core/Inc/dma.h_save
2026-06-04 11:48:20,878 [INFO] CodeEngine:279 - Generated code: /home/papijou/Desktop/IPD439/IPD_439_Workspaces/Proyecto/STM32_workspace/ADC_AC/Core/Inc/dma.h
2026-06-04 11:48:20,880 [INFO] CodeEngine:255 - oldGeneratedFile, /home/papijou/Desktop/IPD439/IPD_439_Workspaces/Proyecto/STM32_workspace/ADC_AC/Core/Src/tim.c_save
2026-06-04 11:48:20,937 [INFO] CodeEngine:279 - Generated code: /home/papijou/Desktop/IPD439/IPD_439_Workspaces/Proyecto/STM32_workspace/ADC_AC/Core/Src/tim.c
2026-06-04 11:48:20,938 [INFO] CodeEngine:255 - oldGeneratedFile, /home/papijou/Desktop/IPD439/IPD_439_Workspaces/Proyecto/STM32_workspace/ADC_AC/Core/Inc/tim.h_save
2026-06-04 11:48:20,975 [INFO] CodeEngine:279 - Generated code: /home/papijou/Desktop/IPD439/IPD_439_Workspaces/Proyecto/STM32_workspace/ADC_AC/Core/Inc/tim.h
2026-06-04 11:48:20,976 [INFO] CodeEngine:255 - oldGeneratedFile, /home/papijou/Desktop/IPD439/IPD_439_Workspaces/Proyecto/STM32_workspace/ADC_AC/Core/Src/usart.c_save
2026-06-04 11:48:21,030 [INFO] CodeEngine:279 - Generated code: /home/papijou/Desktop/IPD439/IPD_439_Workspaces/Proyecto/STM32_workspace/ADC_AC/Core/Src/usart.c
2026-06-04 11:48:21,031 [INFO] CodeEngine:255 - oldGeneratedFile, /home/papijou/Desktop/IPD439/IPD_439_Workspaces/Proyecto/STM32_workspace/ADC_AC/Core/Inc/usart.h_save
2026-06-04 11:48:21,068 [INFO] CodeEngine:279 - Generated code: /home/papijou/Desktop/IPD439/IPD_439_Workspaces/Proyecto/STM32_workspace/ADC_AC/Core/Inc/usart.h
2026-06-04 11:48:21,073 [INFO] CodeEngine:255 - oldGeneratedFile, /home/papijou/Desktop/IPD439/IPD_439_Workspaces/Proyecto/STM32_workspace/ADC_AC/Core/Src/stm32l4xx_it.c_save
2026-06-04 11:48:21,111 [INFO] CodeEngine:279 - Generated code: /home/papijou/Desktop/IPD439/IPD_439_Workspaces/Proyecto/STM32_workspace/ADC_AC/Core/Src/stm32l4xx_it.c
2026-06-04 11:48:21,112 [INFO] CodeEngine:255 - oldGeneratedFile, /home/papijou/Desktop/IPD439/IPD_439_Workspaces/Proyecto/STM32_workspace/ADC_AC/Core/Inc/stm32l4xx_it.h_save
2026-06-04 11:48:21,147 [INFO] CodeEngine:279 - Generated code: /home/papijou/Desktop/IPD439/IPD_439_Workspaces/Proyecto/STM32_workspace/ADC_AC/Core/Inc/stm32l4xx_it.h
2026-06-04 11:48:21,155 [INFO] CodeEngine:255 - oldGeneratedFile, /home/papijou/Desktop/IPD439/IPD_439_Workspaces/Proyecto/STM32_workspace/ADC_AC/Core/Src/stm32l4xx_hal_msp.c_save
2026-06-04 11:48:21,202 [INFO] CodeEngine:279 - Generated code: /home/papijou/Desktop/IPD439/IPD_439_Workspaces/Proyecto/STM32_workspace/ADC_AC/Core/Src/stm32l4xx_hal_msp.c
2026-06-04 11:48:21,203 [INFO] CodeEngine:255 - oldGeneratedFile, /home/papijou/Desktop/IPD439/IPD_439_Workspaces/Proyecto/STM32_workspace/ADC_AC/MXTmpFiles/system.tmp_save
2026-06-04 11:48:21,235 [INFO] CodeEngine:279 - Generated code: /home/papijou/Desktop/IPD439/IPD_439_Workspaces/Proyecto/STM32_workspace/ADC_AC/MXTmpFiles/system.tmp
2026-06-04 11:48:21,237 [INFO] CodeEngine:311 - oldGeneratedFile, /home/papijou/Desktop/IPD439/IPD_439_Workspaces/Proyecto/STM32_workspace/ADC_AC/Core/Inc/stm32l4xx_hal_conf.h_save
2026-06-04 11:48:21,272 [INFO] CodeEngine:335 - Generated code: /home/papijou/Desktop/IPD439/IPD_439_Workspaces/Proyecto/STM32_workspace/ADC_AC/Core/Inc/stm32l4xx_hal_conf.h
2026-06-04 11:48:21,281 [INFO] CodeEngine:255 - oldGeneratedFile, /home/papijou/Desktop/IPD439/IPD_439_Workspaces/Proyecto/STM32_workspace/ADC_AC/Core/Inc/main.h_save
2026-06-04 11:48:21,317 [INFO] CodeEngine:279 - Generated code: /home/papijou/Desktop/IPD439/IPD_439_Workspaces/Proyecto/STM32_workspace/ADC_AC/Core/Inc/main.h
2026-06-04 11:48:21,318 [INFO] CodeEngine:255 - oldGeneratedFile, /home/papijou/Desktop/IPD439/IPD_439_Workspaces/Proyecto/STM32_workspace/ADC_AC/Core/Src/main.c_save
2026-06-04 11:48:21,363 [INFO] CodeEngine:279 - Generated code: /home/papijou/Desktop/IPD439/IPD_439_Workspaces/Proyecto/STM32_workspace/ADC_AC/Core/Src/main.c
2026-06-04 11:48:21,544 [INFO] ProjectBuilder:3064 - Time for Copy HAL[1] : 15mS.
2026-06-04 11:48:21,546 [INFO] ProjectBuilder:4404 - Project Generator version: 4.1.0
2026-06-04 11:48:21,634 [INFO] ConfigFileManager:1457 - The Die is : DIE415
2026-06-04 11:48:22,280 [INFO] ProjectBuilder:4626 - Time for Generating toolchain IDE Files: 734mS.
2026-06-04 11:48:22,280 [INFO] ProjectBuilder:2935 - Time for Copy CMSIS : 0mS.
2026-06-04 11:48:22,281 [INFO] ProjectBuilder:2935 - Time for Copy CMSIS : 0mS.
2026-06-04 12:10:23,527 [ERROR] LogOutputStream:75 - [STDERR_REDIRECT] 
2026-06-04 12:34:08,380 [INFO] Activator:176 - 


2026-06-04 12:34:08,382 [INFO] Activator:177 - !SESSION log4j initialized
2026-06-04 12:34:12,769 [INFO] LogOutputStream:77 - [STDOUT_REDIRECT] 
2026-06-04 12:34:24,588 [INFO] ApplicationProperties:184 - Using Application install path: /opt/st/stm32cubeide_1.13.2_2/plugins/com.st.stm32cube.common.mx_6.9.2.202309101412
2026-06-04 12:34:24,612 [INFO] DbMcusXml:78 - Set database path to: /opt/st/stm32cubeide_1.13.2_2/plugins/com.st.stm32cube.common.mx_6.9.2.202309101412//db//mcu/
2026-06-04 12:34:24,612 [INFO] ApiDb:274 - Set plugin database path to: /opt/st/stm32cubeide_1.13.2_2/plugins/com.st.stm32cube.common.mx_6.9.2.202309101412//db//plugins/boardmanager/
2026-06-04 12:34:24,613 [WARN] ApiDb:259 - Overriding images path with different value:  => /opt/st/stm32cubeide_1.13.2_2/plugins/com.st.stm32cube.common.mx_6.9.2.202309101412//db//plugins/mcufinder/images/
2026-06-04 12:34:24,624 [INFO] ApiDb:250 - Set database path to: /home/papijou/.stmcufinder/plugins/mcufinder//mcu/
2026-06-04 12:34:24,625 [INFO] DbMcusAds:125 - Set database path to: /home/papijou/.stmcufinder/plugins/mcufinder//mcu/
2026-06-04 12:34:24,627 [INFO] CrossReferenceDbSqlite:203 - Set database path to: /home/papijou/.stmcufinder/plugins/mcufinder//mcu/cs/
2026-06-04 12:34:24,751 [INFO] RulesReader:64 - Compatibility file has been processed (293 Rules)
2026-06-04 12:34:24,821 [INFO] DbMcusXml:78 - Set database path to: /opt/st/stm32cubeide_1.13.2_2/plugins/com.st.stm32cube.common.mx_6.9.2.202309101412//db//mcu/
2026-06-04 12:34:24,821 [INFO] ApiDb:274 - Set plugin database path to: /opt/st/stm32cubeide_1.13.2_2/plugins/com.st.stm32cube.common.mx_6.9.2.202309101412//db//plugins/boardmanager/
2026-06-04 12:34:24,821 [INFO] ApiDb:261 - Set plugin images path to: /opt/st/stm32cubeide_1.13.2_2/plugins/com.st.stm32cube.common.mx_6.9.2.202309101412//db//plugins/mcufinder/images/
2026-06-04 12:34:24,821 [WARN] DbFile:41 - Overriding database path with different value: /home/papijou/.stmcufinder/plugins/mcufinder/ => /home/papijou/.stmcufinder/plugins/mcufinder
2026-06-04 12:34:24,822 [INFO] ApiDb:250 - Set database path to: /home/papijou/.stmcufinder/plugins/mcufinder//mcu/
2026-06-04 12:34:24,822 [WARN] DbFile:41 - Overriding database path with different value: /home/papijou/.stmcufinder/plugins/mcufinder/ => /home/papijou/.stmcufinder/plugins/mcufinder
2026-06-04 12:34:24,822 [INFO] DbMcusAds:125 - Set database path to: /home/papijou/.stmcufinder/plugins/mcufinder//mcu/
2026-06-04 12:34:24,822 [WARN] DbFile:41 - Overriding database path with different value: /home/papijou/.stmcufinder/plugins/mcufinder/ => /home/papijou/.stmcufinder/plugins/mcufinder
2026-06-04 12:34:24,822 [WARN] DbFile:41 - Overriding database path with different value: /home/papijou/.stmcufinder/plugins/mcufinder/ => /home/papijou/.stmcufinder/plugins/mcufinder
2026-06-04 12:34:24,823 [INFO] CrossReferenceDbSqlite:203 - Set database path to: /home/papijou/.stmcufinder/plugins/mcufinder//mcu/cs/
2026-06-04 12:34:24,909 [INFO] MainPanel:262 - HeapMemory: 268435456
2026-06-04 12:34:25,009 [INFO] DbMcusXml:78 - Set database path to: /opt/st/stm32cubeide_1.13.2_2/plugins/com.st.stm32cube.common.mx_6.9.2.202309101412//db//mcu/
2026-06-04 12:34:25,010 [INFO] ApiDb:274 - Set plugin database path to: /opt/st/stm32cubeide_1.13.2_2/plugins/com.st.stm32cube.common.mx_6.9.2.202309101412//db//plugins/boardmanager/
2026-06-04 12:34:25,010 [INFO] ApiDb:261 - Set plugin images path to: /opt/st/stm32cubeide_1.13.2_2/plugins/com.st.stm32cube.common.mx_6.9.2.202309101412//db//plugins/mcufinder/images/
2026-06-04 12:34:25,010 [WARN] DbFile:41 - Overriding database path with different value: /home/papijou/.stmcufinder/plugins/mcufinder/ => /home/papijou/.stmcufinder/plugins/mcufinder
2026-06-04 12:34:25,011 [INFO] ApiDb:250 - Set database path to: /home/papijou/.stmcufinder/plugins/mcufinder//mcu/
2026-06-04 12:34:25,011 [WARN] DbFile:41 - Overriding database path with different value: /home/papijou/.stmcufinder/plugins/mcufinder/ => /home/papijou/.stmcufinder/plugins/mcufinder
2026-06-04 12:34:25,011 [INFO] DbMcusAds:125 - Set database path to: /home/papijou/.stmcufinder/plugins/mcufinder//mcu/
2026-06-04 12:34:25,011 [WARN] DbFile:41 - Overriding database path with different value: /home/papijou/.stmcufinder/plugins/mcufinder/ => /home/papijou/.stmcufinder/plugins/mcufinder
2026-06-04 12:34:25,011 [WARN] DbFile:41 - Overriding database path with different value: /home/papijou/.stmcufinder/plugins/mcufinder/ => /home/papijou/.stmcufinder/plugins/mcufinder
2026-06-04 12:34:25,011 [INFO] CrossReferenceDbSqlite:203 - Set database path to: /home/papijou/.stmcufinder/plugins/mcufinder//mcu/cs/
2026-06-04 12:34:25,029 [INFO] ApplicationProperties:184 - Using Application install path: /opt/st/stm32cubeide_1.13.2_2/plugins/com.st.stm32cube.common.mx_6.9.2.202309101412
2026-06-04 12:34:25,030 [INFO] PluginManage:196 - Search for loadable plugins [exclusion list=, ]
2026-06-04 12:34:25,032 [INFO] PluginManage:310 - Check plugin analytics
2026-06-04 12:34:25,193 [INFO] AnalyticsPlugin:253 - Accepted Software Licenses: 
2026-06-04 12:34:25,193 [INFO] AnalyticsPlugin:255 - Accepted CMSIS Pack Licenses: 
2026-06-04 12:34:25,193 [INFO] AnalyticsPlugin:257 - Accepted Firmware Licenses: FW.L4.1.18.0
2026-06-04 12:34:25,196 [INFO] PluginManage:359 - Loaded plugin analytics (category:tool,tabindex:-1)
2026-06-04 12:34:25,196 [INFO] PluginManage:310 - Check plugin cadmodel
2026-06-04 12:34:25,238 [INFO] CADModel:105 - Init CAD model plugin
2026-06-04 12:34:25,239 [INFO] PluginManage:359 - Loaded plugin cadmodel (category:power,tabindex:5)
2026-06-04 12:34:25,239 [INFO] PluginManage:310 - Check plugin clock
2026-06-04 12:34:25,250 [INFO] PluginManage:359 - Loaded plugin clock (category:base,tabindex:2)
2026-06-04 12:34:25,250 [INFO] PluginManage:310 - Check plugin ddr
2026-06-04 12:34:25,253 [INFO] PluginManage:359 - Loaded plugin ddr (category:tool,tabindex:6)
2026-06-04 12:34:25,253 [INFO] PluginManage:310 - Check plugin filemanager
2026-06-04 12:34:25,394 [INFO] PluginManage:359 - Loaded plugin filemanager (category:base,tabindex:10)
2026-06-04 12:34:25,394 [INFO] PluginManage:310 - Check plugin ipmanager
2026-06-04 12:34:25,402 [INFO] PluginManage:359 - Loaded plugin ipmanager (category:base,tabindex:5)
2026-06-04 12:34:25,403 [INFO] PluginManage:310 - Check plugin lpbam
2026-06-04 12:34:25,414 [INFO] PluginManage:359 - Loaded plugin lpbam (category:base,tabindex:0)
2026-06-04 12:34:25,414 [INFO] PluginManage:310 - Check plugin memorymap
2026-06-04 12:34:25,428 [INFO] PluginManage:359 - Loaded plugin memorymap (category:base,tabindex:4)
2026-06-04 12:34:25,428 [INFO] PluginManage:310 - Check plugin pinoutandconfiguration
2026-06-04 12:34:25,437 [INFO] PluginManage:359 - Loaded plugin pinoutandconfiguration (category:base,tabindex:1)
2026-06-04 12:34:25,437 [INFO] PluginManage:310 - Check plugin pinoutconfig
2026-06-04 12:34:25,523 [WARN] SupportedApi:132 - Cannot load RTOS API schema: s4s-elt-must-match.1: The content of 'definitions' must match (annotation?, (simpleType | complexType)?, (unique | key | keyref)*)). A problem was found starting at: attribute.
2026-06-04 12:34:25,664 [INFO] PluginManage:359 - Loaded plugin pinoutconfig (category:base,tabindex:0)
2026-06-04 12:34:25,665 [INFO] PluginManage:310 - Check plugin power
2026-06-04 12:34:25,674 [INFO] PluginManage:359 - Loaded plugin power (category:power,tabindex:4)
2026-06-04 12:34:25,675 [INFO] PluginManage:310 - Check plugin projectmanager
2026-06-04 12:34:25,689 [INFO] PluginManage:359 - Loaded plugin projectmanager (category:projectmanager,tabindex:3)
2026-06-04 12:34:25,689 [INFO] PluginManage:310 - Check plugin thirdparty
2026-06-04 12:34:25,829 [INFO] PluginManage:359 - Loaded plugin thirdparty (category:base,tabindex:-1)
2026-06-04 12:34:25,829 [INFO] PluginManage:310 - Check plugin tools
2026-06-04 12:34:25,829 [WARN] IntegrityCheckThread:84 - waiting for thirdparty lock release [integrity check]
2026-06-04 12:34:25,829 [INFO] IntegrityCheckThread:86 - entering critical section [integrity check]
2026-06-04 12:34:25,830 [INFO] ThirdPartyUpdaterWithRetryManager:70 - Updater plugin not ready yet. [1/15]
2026-06-04 12:34:25,832 [INFO] PluginManage:359 - Loaded plugin tools (category:base,tabindex:7)
2026-06-04 12:34:25,832 [INFO] PluginManage:310 - Check plugin tutovideos
2026-06-04 12:34:26,033 [INFO] PluginManage:359 - Loaded plugin tutovideos (category:base,tabindex:-1)
2026-06-04 12:34:26,033 [INFO] PluginManage:310 - Check plugin updater
2026-06-04 12:34:26,050 [INFO] PluginManage:359 - Loaded plugin updater (category:base,tabindex:12)
2026-06-04 12:34:26,050 [INFO] PluginManage:310 - Check plugin userauth
2026-06-04 12:34:26,056 [INFO] UserAuth:113 - Init User Auth plugin
2026-06-04 12:34:26,057 [INFO] PluginManage:359 - Loaded plugin userauth (category:base,tabindex:14)
2026-06-04 12:34:26,057 [INFO] PluginManage:283 - PluginManage : Loaded plugins [17]
2026-06-04 12:34:26,219 [INFO] PinOutPanel:1499 - setPackage(No Configuration,No Configuration)
2026-06-04 12:34:26,278 [INFO] CADModel:165 - CPN selected for project level
2026-06-04 12:34:26,278 [INFO] CADModel:114 - Register for checkConnection events
2026-06-04 12:34:26,289 [INFO] IPUIPlugin:80 - create IPUIPlugin
2026-06-04 12:34:26,289 [INFO] PluginManager:220 - loadIPPluginJar : add can
2026-06-04 12:34:26,292 [INFO] IPUIPlugin:80 - create IPUIPlugin
2026-06-04 12:34:26,293 [INFO] PluginManager:220 - loadIPPluginJar : add gic
2026-06-04 12:34:26,294 [INFO] IPUIPlugin:80 - create IPUIPlugin
2026-06-04 12:34:26,294 [INFO] PluginManager:220 - loadIPPluginJar : add quadspi
2026-06-04 12:34:26,296 [INFO] IPUIPlugin:80 - create IPUIPlugin
2026-06-04 12:34:26,296 [INFO] PluginManager:220 - loadIPPluginJar : add sai
2026-06-04 12:34:26,297 [INFO] IPUIPlugin:80 - create IPUIPlugin
2026-06-04 12:34:26,297 [INFO] PluginManager:220 - loadIPPluginJar : add comp
2026-06-04 12:34:26,302 [INFO] IPUIPlugin:80 - create IPUIPlugin
2026-06-04 12:34:26,302 [INFO] PluginManager:220 - loadIPPluginJar : add fmc
2026-06-04 12:34:26,303 [INFO] IPUIPlugin:80 - create IPUIPlugin
2026-06-04 12:34:26,304 [INFO] PluginManager:220 - loadIPPluginJar : add spi
2026-06-04 12:34:26,306 [INFO] IPUIPlugin:80 - create IPUIPlugin
2026-06-04 12:34:26,306 [INFO] PluginManager:220 - loadIPPluginJar : add nvic
2026-06-04 12:34:26,308 [INFO] IPUIPlugin:80 - create IPUIPlugin
2026-06-04 12:34:26,308 [INFO] PluginManager:220 - loadIPPluginJar : add usbx
2026-06-04 12:34:26,309 [INFO] IPUIPlugin:80 - create IPUIPlugin
2026-06-04 12:34:26,309 [INFO] PluginManager:220 - loadIPPluginJar : add ucpd
2026-06-04 12:34:26,310 [INFO] IPUIPlugin:80 - create IPUIPlugin
2026-06-04 12:34:26,311 [INFO] PluginManager:220 - loadIPPluginJar : add lorawan
2026-06-04 12:34:26,312 [INFO] IPUIPlugin:80 - create IPUIPlugin
2026-06-04 12:34:26,312 [INFO] PluginManager:220 - loadIPPluginJar : add hash
2026-06-04 12:34:26,312 [INFO] IPUIPlugin:80 - create IPUIPlugin
2026-06-04 12:34:26,313 [INFO] PluginManager:220 - loadIPPluginJar : add ltdc
2026-06-04 12:34:26,314 [INFO] IPUIPlugin:80 - create IPUIPlugin
2026-06-04 12:34:26,314 [INFO] PluginManager:220 - loadIPPluginJar : add tim
2026-06-04 12:34:26,315 [INFO] IPUIPlugin:80 - create IPUIPlugin
2026-06-04 12:34:26,315 [INFO] PluginManager:220 - loadIPPluginJar : add usart
2026-06-04 12:34:26,319 [INFO] IPUIPlugin:80 - create IPUIPlugin
2026-06-04 12:34:26,321 [INFO] PluginManager:220 - loadIPPluginJar : add plateformsettings
2026-06-04 12:34:26,323 [INFO] IPUIPlugin:80 - create IPUIPlugin
2026-06-04 12:34:26,324 [INFO] PluginManager:220 - loadIPPluginJar : add aes
2026-06-04 12:34:26,326 [INFO] IPUIPlugin:80 - create IPUIPlugin
2026-06-04 12:34:26,326 [INFO] PluginManager:220 - loadIPPluginJar : add opamp
2026-06-04 12:34:26,328 [INFO] IPUIPlugin:80 - create IPUIPlugin
2026-06-04 12:34:26,328 [INFO] PluginManager:220 - loadIPPluginJar : add dma3
2026-06-04 12:34:26,334 [INFO] IPUIPlugin:80 - create IPUIPlugin
2026-06-04 12:34:26,334 [INFO] PluginManager:220 - loadIPPluginJar : add linkedlist
2026-06-04 12:34:26,335 [INFO] IPUIPlugin:80 - create IPUIPlugin
2026-06-04 12:34:26,335 [INFO] PluginManager:220 - loadIPPluginJar : add i3c
2026-06-04 12:34:26,339 [INFO] IPUIPlugin:80 - create IPUIPlugin
2026-06-04 12:34:26,340 [INFO] PluginManager:220 - loadIPPluginJar : add mdma
2026-06-04 12:34:26,341 [INFO] IPUIPlugin:80 - create IPUIPlugin
2026-06-04 12:34:26,341 [INFO] PluginManager:220 - loadIPPluginJar : add i2c
2026-06-04 12:34:26,344 [INFO] IPUIPlugin:80 - create IPUIPlugin
2026-06-04 12:34:26,344 [INFO] PluginManager:220 - loadIPPluginJar : add ipddr
2026-06-04 12:34:26,345 [INFO] IPUIPlugin:80 - create IPUIPlugin
2026-06-04 12:34:26,345 [INFO] PluginManager:220 - loadIPPluginJar : add fatfs
2026-06-04 12:34:26,346 [INFO] IPUIPlugin:80 - create IPUIPlugin
2026-06-04 12:34:26,346 [INFO] PluginManager:220 - loadIPPluginJar : add gfxmmu
2026-06-04 12:34:26,347 [INFO] IPUIPlugin:80 - create IPUIPlugin
2026-06-04 12:34:26,347 [INFO] PluginManager:220 - loadIPPluginJar : add tsc
2026-06-04 12:34:26,351 [INFO] IPUIPlugin:80 - create IPUIPlugin
2026-06-04 12:34:26,351 [INFO] PluginManager:220 - loadIPPluginJar : add stm32_wpan
2026-06-04 12:34:26,352 [INFO] IPUIPlugin:80 - create IPUIPlugin
2026-06-04 12:34:26,352 [INFO] PluginManager:220 - loadIPPluginJar : add genericplugin
2026-06-04 12:34:26,353 [INFO] IPUIPlugin:80 - create IPUIPlugin
2026-06-04 12:34:26,353 [INFO] PluginManager:220 - loadIPPluginJar : add i2s
2026-06-04 12:34:26,358 [INFO] IPUIPlugin:80 - create IPUIPlugin
2026-06-04 12:34:26,358 [INFO] PluginManager:220 - loadIPPluginJar : add adc
2026-06-04 12:34:26,363 [INFO] IPUIPlugin:80 - create IPUIPlugin
2026-06-04 12:34:26,363 [INFO] PluginManager:220 - loadIPPluginJar : add freertos
2026-06-04 12:34:26,368 [INFO] IPUIPlugin:80 - create IPUIPlugin
2026-06-04 12:34:26,368 [INFO] PluginManager:220 - loadIPPluginJar : add dma
2026-06-04 12:34:26,370 [INFO] IPUIPlugin:80 - create IPUIPlugin
2026-06-04 12:34:26,370 [INFO] PluginManager:220 - loadIPPluginJar : add cryp
2026-06-04 12:34:26,372 [INFO] IPUIPlugin:80 - create IPUIPlugin
2026-06-04 12:34:26,372 [INFO] PluginManager:220 - loadIPPluginJar : add touchsensing
2026-06-04 12:34:26,374 [INFO] IPUIPlugin:80 - create IPUIPlugin
2026-06-04 12:34:26,374 [INFO] PluginManager:220 - loadIPPluginJar : add gpio
2026-06-04 12:34:26,376 [INFO] IPUIPlugin:80 - create IPUIPlugin
2026-06-04 12:34:26,376 [INFO] PluginManager:220 - loadIPPluginJar : add openamp
2026-06-04 12:34:26,378 [INFO] IPUIPlugin:80 - create IPUIPlugin
2026-06-04 12:34:26,378 [INFO] PluginManager:220 - loadIPPluginJar : add gtzc
2026-06-04 12:34:26,379 [INFO] IPUIPlugin:80 - create IPUIPlugin
2026-06-04 12:34:26,379 [INFO] PluginManager:220 - loadIPPluginJar : add tracer_emb
2026-06-04 12:34:26,380 [INFO] IPUIPlugin:80 - create IPUIPlugin
2026-06-04 12:34:26,380 [INFO] PluginManager:220 - loadIPPluginJar : add dfsdm
2026-06-04 12:34:26,381 [INFO] IPUIPlugin:80 - create IPUIPlugin
2026-06-04 12:34:26,381 [INFO] PluginManager:220 - loadIPPluginJar : add ts
2026-06-04 12:34:26,384 [INFO] IPUIPlugin:80 - create IPUIPlugin
2026-06-04 12:34:26,384 [INFO] PluginManager:220 - loadIPPluginJar : add resmgrutility
2026-06-04 12:34:26,385 [INFO] IPUIPlugin:80 - create IPUIPlugin
2026-06-04 12:34:26,385 [INFO] PluginManager:220 - loadIPPluginJar : add pdm2pcm
2026-06-04 12:34:26,478 [INFO] CADModel:165 - CPN selected for project level
2026-06-04 12:34:26,479 [INFO] CADModel:114 - Register for checkConnection events
2026-06-04 12:34:26,479 [FATAL] Updater:308 - Updater called before beeing initialized
2026-06-04 12:34:26,479 [ERROR] CADModel:125 - Updater not yet initialized, retry later 
2026-06-04 12:34:26,571 [INFO] CADModel:165 - CPN selected for project level
2026-06-04 12:34:26,571 [INFO] CADModel:114 - Register for checkConnection events
2026-06-04 12:34:26,571 [FATAL] Updater:308 - Updater called before beeing initialized
2026-06-04 12:34:26,571 [ERROR] CADModel:125 - Updater not yet initialized, retry later 
2026-06-04 12:34:26,574 [FATAL] Updater:308 - Updater called before beeing initialized
2026-06-04 12:34:26,632 [FATAL] Updater:308 - Updater called before beeing initialized
2026-06-04 12:34:26,637 [INFO] DbMcusAds:53 - JSON generation date=Thu May 28 12:08:16 CLT 2026 (1779984496303)
2026-06-04 12:34:26,637 [FATAL] Updater:308 - Updater called before beeing initialized
2026-06-04 12:34:26,667 [WARN] DetailPanel:346 - Failed to get advertising image, set to default
2026-06-04 12:34:26,748 [FATAL] Updater:308 - Updater called before beeing initialized
2026-06-04 12:34:26,750 [FATAL] Updater:308 - Updater called before beeing initialized
2026-06-04 12:34:26,750 [FATAL] Updater:308 - Updater called before beeing initialized
2026-06-04 12:34:26,750 [WARN] DetailPanel:346 - Failed to get advertising image, set to default
2026-06-04 12:34:26,750 [FATAL] Updater:308 - Updater called before beeing initialized
2026-06-04 12:34:26,769 [ERROR] Updater:1120 - MainUpdater not yet initialized. External WinMGr cannot be set.
2026-06-04 12:34:26,770 [INFO] Updater:1056 - Updater Version found : 6.9.2
2026-06-04 12:34:26,787 [INFO] ApplicationProperties:184 - Using Application install path: /opt/st/stm32cubeide_1.13.2_2/plugins/com.st.stm32cube.common.mx_6.9.2.202309101412
2026-06-04 12:34:28,830 [INFO] ThirdPartyUpdaterWithRetryManager:70 - Updater plugin not ready yet. [2/15]
2026-06-04 12:34:31,463 [WARN] ServerAccessManage:1168 - Warning during Server Connection :  timeout Read timed out
2026-06-04 12:34:31,463 [ERROR] ConfigurationRetriever:142 - IOException on connection: Read timed out
2026-06-04 12:34:31,832 [FATAL] Updater:308 - Updater called before beeing initialized
2026-06-04 12:34:31,832 [ERROR] IntegrityCheckThread:130 - Cannot retrieve database content from updater: error 21
2026-06-04 12:34:31,833 [INFO] ThirdParty:978 - Integrity check success = false
2026-06-04 12:34:31,833 [INFO] IntegrityCheckThread:100 - exiting critical section [integrity check]
2026-06-04 12:34:31,833 [INFO] IntegrityCheckThread:103 - End integrity checks thread
2026-06-04 12:34:34,528 [ERROR] ConfigurationRetriever:142 - IOException on connection: Read timed out
2026-06-04 12:34:34,529 [WARN] ServerAccessManage:1168 - Warning during Server Connection :  timeout Read timed out
2026-06-04 12:34:34,539 [INFO] MainUpdater:2868 - connection check result : 22
2026-06-04 12:34:34,542 [INFO] MainUpdater:285 - Updater Check For Update Now.
2026-06-04 12:34:34,542 [INFO] MicroXplorer:498 - Change Database Version : DB.6.0.92
2026-06-04 12:34:34,559 [INFO] McuFinderGlobals:63 - Set McuFinder mode to 2 (CubeIDE integrated)
2026-06-04 12:34:34,560 [INFO] UserAuth:179 - activating auth plugin
2026-06-04 12:34:34,586 [INFO] UserAuth:393 - Internet connection configuration mode: 2
2026-06-04 12:34:34,820 [INFO] CheckServerUpdateThread:120 - End of CheckServer Thread
2026-06-04 12:34:54,940 [ERROR] LogOutputStream:75 - [STDERR_REDIRECT] SLF4J: Failed to load class "org.slf4j.impl.StaticLoggerBinder".
2026-06-04 12:34:54,940 [ERROR] LogOutputStream:75 - [STDERR_REDIRECT] SLF4J: Defaulting to no-operation (NOP) logger implementation
2026-06-04 12:34:54,941 [ERROR] LogOutputStream:75 - [STDERR_REDIRECT] SLF4J: See http://www.slf4j.org/codes.html#StaticLoggerBinder for further details.
2026-06-04 12:38:13,953 [INFO] LogOutputStream:77 - [STDOUT_REDIRECT] Unexpected error loading extension: org.eclipse.equinox.p2.metadata.repository.compositeRepository
2026-06-04 12:38:13,954 [ERROR] LogOutputStream:75 - [STDERR_REDIRECT] java.lang.IllegalStateException: bundle org.eclipse.equinox.p2.repositoryis not started
2026-06-04 12:38:13,954 [ERROR] LogOutputStream:75 - [STDERR_REDIRECT] 	at org.eclipse.equinox.internal.p2.repository.Activator.getContext(Activator.java:65)
2026-06-04 12:38:13,954 [ERROR] LogOutputStream:75 - [STDERR_REDIRECT] 	at org.eclipse.equinox.internal.p2.repository.helpers.AbstractRepositoryManager.restoreFromSystemProperty(AbstractRepositoryManager.java:1013)
2026-06-04 12:38:13,954 [ERROR] LogOutputStream:75 - [STDERR_REDIRECT] 	at org.eclipse.equinox.internal.p2.repository.helpers.AbstractRepositoryManager.restoreRepositories(AbstractRepositoryManager.java:1033)
2026-06-04 12:38:13,955 [ERROR] LogOutputStream:75 - [STDERR_REDIRECT] 	at org.eclipse.equinox.internal.p2.repository.helpers.AbstractRepositoryManager.removeRepository(AbstractRepositoryManager.java:946)
2026-06-04 12:38:13,955 [ERROR] LogOutputStream:75 - [STDERR_REDIRECT] 	at org.eclipse.equinox.internal.p2.repository.helpers.AbstractRepositoryManager.loadRepository(AbstractRepositoryManager.java:701)
2026-06-04 12:38:13,955 [ERROR] LogOutputStream:75 - [STDERR_REDIRECT] 	at org.eclipse.equinox.internal.p2.metadata.repository.MetadataRepositoryManager.loadRepository(MetadataRepositoryManager.java:110)
2026-06-04 12:38:13,955 [ERROR] LogOutputStream:75 - [STDERR_REDIRECT] 	at org.eclipse.equinox.internal.p2.metadata.repository.MetadataRepositoryManager.loadRepository(MetadataRepositoryManager.java:105)
2026-06-04 12:38:13,955 [ERROR] LogOutputStream:75 - [STDERR_REDIRECT] 	at org.eclipse.equinox.internal.p2.metadata.repository.CompositeMetadataRepository.addChild(CompositeMetadataRepository.java:171)
2026-06-04 12:38:13,955 [ERROR] LogOutputStream:75 - [STDERR_REDIRECT] 	at org.eclipse.equinox.internal.p2.metadata.repository.CompositeMetadataRepository.<init>(CompositeMetadataRepository.java:113)
2026-06-04 12:38:13,955 [ERROR] LogOutputStream:75 - [STDERR_REDIRECT] 	at org.eclipse.equinox.internal.p2.metadata.repository.CompositeMetadataRepositoryFactory.load(CompositeMetadataRepositoryFactory.java:124)
2026-06-04 12:38:13,956 [ERROR] LogOutputStream:75 - [STDERR_REDIRECT] 	at org.eclipse.equinox.internal.p2.metadata.repository.MetadataRepositoryManager.factoryLoad(MetadataRepositoryManager.java:63)
2026-06-04 12:38:13,956 [ERROR] LogOutputStream:75 - [STDERR_REDIRECT] 	at org.eclipse.equinox.internal.p2.repository.helpers.AbstractRepositoryManager.loadRepository(AbstractRepositoryManager.java:787)
2026-06-04 12:38:13,956 [ERROR] LogOutputStream:75 - [STDERR_REDIRECT] 	at org.eclipse.equinox.internal.p2.repository.helpers.AbstractRepositoryManager.loadRepository(AbstractRepositoryManager.java:685)
2026-06-04 12:38:13,956 [ERROR] LogOutputStream:75 - [STDERR_REDIRECT] 	at org.eclipse.equinox.internal.p2.metadata.repository.MetadataRepositoryManager.loadRepository(MetadataRepositoryManager.java:110)
2026-06-04 12:38:13,956 [ERROR] LogOutputStream:75 - [STDERR_REDIRECT] 	at org.eclipse.equinox.internal.p2.metadata.repository.MetadataRepositoryManager.loadRepository(MetadataRepositoryManager.java:105)
2026-06-04 12:38:13,956 [ERROR] LogOutputStream:75 - [STDERR_REDIRECT] 	at org.eclipse.equinox.internal.p2.metadata.repository.CompositeMetadataRepository.addChild(CompositeMetadataRepository.java:171)
2026-06-04 12:38:13,956 [ERROR] LogOutputStream:75 - [STDERR_REDIRECT] 	at org.eclipse.equinox.internal.p2.metadata.repository.CompositeMetadataRepository.<init>(CompositeMetadataRepository.java:113)
2026-06-04 12:38:13,957 [ERROR] LogOutputStream:75 - [STDERR_REDIRECT] 	at org.eclipse.equinox.internal.p2.metadata.repository.CompositeMetadataRepositoryFactory.load(CompositeMetadataRepositoryFactory.java:124)
2026-06-04 12:38:13,957 [ERROR] LogOutputStream:75 - [STDERR_REDIRECT] 	at org.eclipse.equinox.internal.p2.metadata.repository.MetadataRepositoryManager.factoryLoad(MetadataRepositoryManager.java:63)
2026-06-04 12:38:13,957 [ERROR] LogOutputStream:75 - [STDERR_REDIRECT] 	at org.eclipse.equinox.internal.p2.repository.helpers.AbstractRepositoryManager.loadRepository(AbstractRepositoryManager.java:787)
2026-06-04 12:38:13,957 [ERROR] LogOutputStream:75 - [STDERR_REDIRECT] 	at org.eclipse.equinox.internal.p2.repository.helpers.AbstractRepositoryManager.loadRepository(AbstractRepositoryManager.java:685)
2026-06-04 12:38:13,958 [ERROR] LogOutputStream:75 - [STDERR_REDIRECT] 	at org.eclipse.equinox.internal.p2.metadata.repository.MetadataRepositoryManager.loadRepository(MetadataRepositoryManager.java:110)
2026-06-04 12:38:13,958 [ERROR] LogOutputStream:75 - [STDERR_REDIRECT] 	at org.eclipse.equinox.internal.p2.metadata.repository.MetadataRepositoryManager.loadRepository(MetadataRepositoryManager.java:105)
2026-06-04 12:38:13,958 [ERROR] LogOutputStream:75 - [STDERR_REDIRECT] 	at org.eclipse.equinox.internal.p2.metadata.repository.CompositeMetadataRepository.addChild(CompositeMetadataRepository.java:171)
2026-06-04 12:38:13,958 [ERROR] LogOutputStream:75 - [STDERR_REDIRECT] 	at org.eclipse.equinox.internal.p2.metadata.repository.CompositeMetadataRepository.<init>(CompositeMetadataRepository.java:113)
2026-06-04 12:38:13,958 [ERROR] LogOutputStream:75 - [STDERR_REDIRECT] 	at org.eclipse.equinox.internal.p2.metadata.repository.CompositeMetadataRepositoryFactory.load(CompositeMetadataRepositoryFactory.java:124)
2026-06-04 12:38:13,958 [ERROR] LogOutputStream:75 - [STDERR_REDIRECT] 	at org.eclipse.equinox.internal.p2.metadata.repository.MetadataRepositoryManager.factoryLoad(MetadataRepositoryManager.java:63)
2026-06-04 12:38:13,959 [ERROR] LogOutputStream:75 - [STDERR_REDIRECT] 	at org.eclipse.equinox.internal.p2.repository.helpers.AbstractRepositoryManager.loadRepository(AbstractRepositoryManager.java:787)
2026-06-04 12:38:13,959 [ERROR] LogOutputStream:75 - [STDERR_REDIRECT] 	at org.eclipse.equinox.internal.p2.repository.helpers.AbstractRepositoryManager.loadRepository(AbstractRepositoryManager.java:685)
2026-06-04 12:38:13,959 [ERROR] LogOutputStream:75 - [STDERR_REDIRECT] 	at org.eclipse.equinox.internal.p2.metadata.repository.MetadataRepositoryManager.loadRepository(MetadataRepositoryManager.java:110)
2026-06-04 12:38:13,959 [ERROR] LogOutputStream:75 - [STDERR_REDIRECT] 	at org.eclipse.equinox.internal.p2.metadata.repository.MetadataRepositoryManager.loadRepository(MetadataRepositoryManager.java:105)
2026-06-04 12:38:13,959 [ERROR] LogOutputStream:75 - [STDERR_REDIRECT] 	at org.eclipse.equinox.internal.p2.updatechecker.UpdateChecker.getAvailableRepositories(UpdateChecker.java:152)
2026-06-04 12:38:13,959 [ERROR] LogOutputStream:75 - [STDERR_REDIRECT] 	at org.eclipse.equinox.internal.p2.updatechecker.UpdateChecker.checkForUpdates(UpdateChecker.java:130)
2026-06-04 12:38:13,959 [ERROR] LogOutputStream:75 - [STDERR_REDIRECT] 	at org.eclipse.equinox.internal.p2.updatechecker.UpdateChecker$UpdateCheckThread.run(UpdateChecker.java:78)
2026-06-04 12:38:13,960 [INFO] LogOutputStream:77 - [STDOUT_REDIRECT] Provisioning exception
2026-06-04 12:38:13,960 [ERROR] LogOutputStream:75 - [STDERR_REDIRECT] org.eclipse.equinox.p2.core.ProvisionException: No repository found at https://sw-center.st.com/stm32cubeide/eclipse/2021-12.
2026-06-04 12:38:13,960 [ERROR] LogOutputStream:75 - [STDERR_REDIRECT] 	at org.eclipse.equinox.internal.p2.repository.helpers.AbstractRepositoryManager.fail(AbstractRepositoryManager.java:405)
2026-06-04 12:38:13,961 [ERROR] LogOutputStream:75 - [STDERR_REDIRECT] 	at org.eclipse.equinox.internal.p2.repository.helpers.AbstractRepositoryManager.loadRepository(AbstractRepositoryManager.java:709)
2026-06-04 12:38:13,961 [ERROR] LogOutputStream:75 - [STDERR_REDIRECT] 	at org.eclipse.equinox.internal.p2.metadata.repository.MetadataRepositoryManager.loadRepository(MetadataRepositoryManager.java:110)
2026-06-04 12:38:13,961 [ERROR] LogOutputStream:75 - [STDERR_REDIRECT] 	at org.eclipse.equinox.internal.p2.metadata.repository.MetadataRepositoryManager.loadRepository(MetadataRepositoryManager.java:105)
2026-06-04 12:38:13,961 [ERROR] LogOutputStream:75 - [STDERR_REDIRECT] 	at org.eclipse.equinox.internal.p2.metadata.repository.CompositeMetadataRepository.addChild(CompositeMetadataRepository.java:171)
2026-06-04 12:38:13,961 [ERROR] LogOutputStream:75 - [STDERR_REDIRECT] 	at org.eclipse.equinox.internal.p2.metadata.repository.CompositeMetadataRepository.<init>(CompositeMetadataRepository.java:113)
2026-06-04 12:38:13,961 [ERROR] LogOutputStream:75 - [STDERR_REDIRECT] 	at org.eclipse.equinox.internal.p2.metadata.repository.CompositeMetadataRepositoryFactory.load(CompositeMetadataRepositoryFactory.java:124)
2026-06-04 12:38:13,961 [ERROR] LogOutputStream:75 - [STDERR_REDIRECT] 	at org.eclipse.equinox.internal.p2.metadata.repository.MetadataRepositoryManager.factoryLoad(MetadataRepositoryManager.java:63)
2026-06-04 12:38:13,962 [ERROR] LogOutputStream:75 - [STDERR_REDIRECT] 	at org.eclipse.equinox.internal.p2.repository.helpers.AbstractRepositoryManager.loadRepository(AbstractRepositoryManager.java:787)
2026-06-04 12:38:13,962 [ERROR] LogOutputStream:75 - [STDERR_REDIRECT] 	at org.eclipse.equinox.internal.p2.repository.helpers.AbstractRepositoryManager.loadRepository(AbstractRepositoryManager.java:685)
2026-06-04 12:38:13,962 [ERROR] LogOutputStream:75 - [STDERR_REDIRECT] 	at org.eclipse.equinox.internal.p2.metadata.repository.MetadataRepositoryManager.loadRepository(MetadataRepositoryManager.java:110)
2026-06-04 12:38:13,962 [ERROR] LogOutputStream:75 - [STDERR_REDIRECT] 	at org.eclipse.equinox.internal.p2.metadata.repository.MetadataRepositoryManager.loadRepository(MetadataRepositoryManager.java:105)
2026-06-04 12:38:13,962 [ERROR] LogOutputStream:75 - [STDERR_REDIRECT] 	at org.eclipse.equinox.internal.p2.metadata.repository.CompositeMetadataRepository.addChild(CompositeMetadataRepository.java:171)
2026-06-04 12:38:13,962 [ERROR] LogOutputStream:75 - [STDERR_REDIRECT] 	at org.eclipse.equinox.internal.p2.metadata.repository.CompositeMetadataRepository.<init>(CompositeMetadataRepository.java:113)
2026-06-04 12:38:13,962 [ERROR] LogOutputStream:75 - [STDERR_REDIRECT] 	at org.eclipse.equinox.internal.p2.metadata.repository.CompositeMetadataRepositoryFactory.load(CompositeMetadataRepositoryFactory.java:124)
2026-06-04 12:38:13,963 [ERROR] LogOutputStream:75 - [STDERR_REDIRECT] 	at org.eclipse.equinox.internal.p2.metadata.repository.MetadataRepositoryManager.factoryLoad(MetadataRepositoryManager.java:63)
2026-06-04 12:38:13,963 [ERROR] LogOutputStream:75 - [STDERR_REDIRECT] 	at org.eclipse.equinox.internal.p2.repository.helpers.AbstractRepositoryManager.loadRepository(AbstractRepositoryManager.java:787)
2026-06-04 12:38:13,963 [ERROR] LogOutputStream:75 - [STDERR_REDIRECT] 	at org.eclipse.equinox.internal.p2.repository.helpers.AbstractRepositoryManager.loadRepository(AbstractRepositoryManager.java:685)
2026-06-04 12:38:13,963 [ERROR] LogOutputStream:75 - [STDERR_REDIRECT] 	at org.eclipse.equinox.internal.p2.metadata.repository.MetadataRepositoryManager.loadRepository(MetadataRepositoryManager.java:110)
2026-06-04 12:38:13,963 [ERROR] LogOutputStream:75 - [STDERR_REDIRECT] 	at org.eclipse.equinox.internal.p2.metadata.repository.MetadataRepositoryManager.loadRepository(MetadataRepositoryManager.java:105)
2026-06-04 12:38:13,963 [ERROR] LogOutputStream:75 - [STDERR_REDIRECT] 	at org.eclipse.equinox.internal.p2.updatechecker.UpdateChecker.getAvailableRepositories(UpdateChecker.java:152)
2026-06-04 12:38:13,963 [ERROR] LogOutputStream:75 - [STDERR_REDIRECT] 	at org.eclipse.equinox.internal.p2.updatechecker.UpdateChecker.checkForUpdates(UpdateChecker.java:130)
2026-06-04 12:38:13,963 [ERROR] LogOutputStream:75 - [STDERR_REDIRECT] 	at org.eclipse.equinox.internal.p2.updatechecker.UpdateChecker$UpdateCheckThread.run(UpdateChecker.java:78)
2026-06-04 12:38:13,966 [INFO] LogOutputStream:77 - [STDOUT_REDIRECT] Provisioning exception
2026-06-04 12:38:13,966 [ERROR] LogOutputStream:75 - [STDERR_REDIRECT] org.eclipse.equinox.p2.core.ProvisionException: Unable to read repository at https://sw-center.st.com/stm32cubeide/eclipse.
2026-06-04 12:38:13,966 [ERROR] LogOutputStream:75 - [STDERR_REDIRECT] 	at org.eclipse.equinox.internal.p2.metadata.repository.CompositeMetadataRepository.addChild(CompositeMetadataRepository.java:190)
2026-06-04 12:38:13,966 [ERROR] LogOutputStream:75 - [STDERR_REDIRECT] 	at org.eclipse.equinox.internal.p2.metadata.repository.CompositeMetadataRepository.<init>(CompositeMetadataRepository.java:113)
2026-06-04 12:38:13,967 [ERROR] LogOutputStream:75 - [STDERR_REDIRECT] 	at org.eclipse.equinox.internal.p2.metadata.repository.CompositeMetadataRepositoryFactory.load(CompositeMetadataRepositoryFactory.java:124)
2026-06-04 12:38:13,967 [ERROR] LogOutputStream:75 - [STDERR_REDIRECT] 	at org.eclipse.equinox.internal.p2.metadata.repository.MetadataRepositoryManager.factoryLoad(MetadataRepositoryManager.java:63)
2026-06-04 12:38:13,967 [ERROR] LogOutputStream:75 - [STDERR_REDIRECT] 	at org.eclipse.equinox.internal.p2.repository.helpers.AbstractRepositoryManager.loadRepository(AbstractRepositoryManager.java:787)
2026-06-04 12:38:13,967 [ERROR] LogOutputStream:75 - [STDERR_REDIRECT] 	at org.eclipse.equinox.internal.p2.repository.helpers.AbstractRepositoryManager.loadRepository(AbstractRepositoryManager.java:685)
2026-06-04 12:38:13,967 [ERROR] LogOutputStream:75 - [STDERR_REDIRECT] 	at org.eclipse.equinox.internal.p2.metadata.repository.MetadataRepositoryManager.loadRepository(MetadataRepositoryManager.java:110)
2026-06-04 12:38:13,967 [ERROR] LogOutputStream:75 - [STDERR_REDIRECT] 	at org.eclipse.equinox.internal.p2.metadata.repository.MetadataRepositoryManager.loadRepository(MetadataRepositoryManager.java:105)
2026-06-04 12:38:13,967 [ERROR] LogOutputStream:75 - [STDERR_REDIRECT] 	at org.eclipse.equinox.internal.p2.metadata.repository.CompositeMetadataRepository.addChild(CompositeMetadataRepository.java:171)
2026-06-04 12:38:13,967 [ERROR] LogOutputStream:75 - [STDERR_REDIRECT] 	at org.eclipse.equinox.internal.p2.metadata.repository.CompositeMetadataRepository.<init>(CompositeMetadataRepository.java:113)
2026-06-04 12:38:13,967 [ERROR] LogOutputStream:75 - [STDERR_REDIRECT] 	at org.eclipse.equinox.internal.p2.metadata.repository.CompositeMetadataRepositoryFactory.load(CompositeMetadataRepositoryFactory.java:124)
2026-06-04 12:38:13,968 [ERROR] LogOutputStream:75 - [STDERR_REDIRECT] 	at org.eclipse.equinox.internal.p2.metadata.repository.MetadataRepositoryManager.factoryLoad(MetadataRepositoryManager.java:63)
2026-06-04 12:38:13,968 [ERROR] LogOutputStream:75 - [STDERR_REDIRECT] 	at org.eclipse.equinox.internal.p2.repository.helpers.AbstractRepositoryManager.loadRepository(AbstractRepositoryManager.java:787)
2026-06-04 12:38:13,968 [ERROR] LogOutputStream:75 - [STDERR_REDIRECT] 	at org.eclipse.equinox.internal.p2.repository.helpers.AbstractRepositoryManager.loadRepository(AbstractRepositoryManager.java:685)
2026-06-04 12:38:13,968 [ERROR] LogOutputStream:75 - [STDERR_REDIRECT] 	at org.eclipse.equinox.internal.p2.metadata.repository.MetadataRepositoryManager.loadRepository(MetadataRepositoryManager.java:110)
2026-06-04 12:38:13,968 [ERROR] LogOutputStream:75 - [STDERR_REDIRECT] 	at org.eclipse.equinox.internal.p2.metadata.repository.MetadataRepositoryManager.loadRepository(MetadataRepositoryManager.java:105)
2026-06-04 12:38:13,968 [ERROR] LogOutputStream:75 - [STDERR_REDIRECT] 	at org.eclipse.equinox.internal.p2.updatechecker.UpdateChecker.getAvailableRepositories(UpdateChecker.java:152)
2026-06-04 12:38:13,969 [ERROR] LogOutputStream:75 - [STDERR_REDIRECT] 	at org.eclipse.equinox.internal.p2.updatechecker.UpdateChecker.checkForUpdates(UpdateChecker.java:130)
2026-06-04 12:38:13,969 [ERROR] LogOutputStream:75 - [STDERR_REDIRECT] 	at org.eclipse.equinox.internal.p2.updatechecker.UpdateChecker$UpdateCheckThread.run(UpdateChecker.java:78)
2026-06-04 12:38:13,969 [ERROR] LogOutputStream:75 - [STDERR_REDIRECT] Caused by: org.eclipse.equinox.p2.core.ProvisionException: No repository found at https://sw-center.st.com/stm32cubeide/eclipse/2021-12.
2026-06-04 12:38:13,969 [ERROR] LogOutputStream:75 - [STDERR_REDIRECT] 	at org.eclipse.equinox.internal.p2.repository.helpers.AbstractRepositoryManager.fail(AbstractRepositoryManager.java:405)
2026-06-04 12:38:13,969 [ERROR] LogOutputStream:75 - [STDERR_REDIRECT] 	at org.eclipse.equinox.internal.p2.repository.helpers.AbstractRepositoryManager.loadRepository(AbstractRepositoryManager.java:709)
2026-06-04 12:38:13,969 [ERROR] LogOutputStream:75 - [STDERR_REDIRECT] 	at org.eclipse.equinox.internal.p2.metadata.repository.MetadataRepositoryManager.loadRepository(MetadataRepositoryManager.java:110)
2026-06-04 12:38:13,969 [ERROR] LogOutputStream:75 - [STDERR_REDIRECT] 	at org.eclipse.equinox.internal.p2.metadata.repository.MetadataRepositoryManager.loadRepository(MetadataRepositoryManager.java:105)
2026-06-04 12:38:13,969 [ERROR] LogOutputStream:75 - [STDERR_REDIRECT] 	at org.eclipse.equinox.internal.p2.metadata.repository.CompositeMetadataRepository.addChild(CompositeMetadataRepository.java:171)
2026-06-04 12:38:13,970 [ERROR] LogOutputStream:75 - [STDERR_REDIRECT] 	... 18 more
2026-06-04 12:38:13,970 [INFO] LogOutputStream:77 - [STDOUT_REDIRECT] Unable to read repository at https://sw-center.st.com/stm32cubeide/updatesite1.
2026-06-04 12:38:13,970 [ERROR] LogOutputStream:75 - [STDERR_REDIRECT] org.eclipse.equinox.p2.core.ProvisionException: Unable to read repository at https://sw-center.st.com/stm32cubeide/eclipse.
2026-06-04 12:38:13,970 [ERROR] LogOutputStream:75 - [STDERR_REDIRECT] 	at org.eclipse.equinox.internal.p2.metadata.repository.CompositeMetadataRepository.addChild(CompositeMetadataRepository.java:190)
2026-06-04 12:38:13,970 [ERROR] LogOutputStream:75 - [STDERR_REDIRECT] 	at org.eclipse.equinox.internal.p2.metadata.repository.CompositeMetadataRepository.<init>(CompositeMetadataRepository.java:113)
2026-06-04 12:38:13,970 [ERROR] LogOutputStream:75 - [STDERR_REDIRECT] 	at org.eclipse.equinox.internal.p2.metadata.repository.CompositeMetadataRepositoryFactory.load(CompositeMetadataRepositoryFactory.java:124)
2026-06-04 12:38:13,971 [ERROR] LogOutputStream:75 - [STDERR_REDIRECT] 	at org.eclipse.equinox.internal.p2.metadata.repository.MetadataRepositoryManager.factoryLoad(MetadataRepositoryManager.java:63)
2026-06-04 12:38:13,971 [ERROR] LogOutputStream:75 - [STDERR_REDIRECT] 	at org.eclipse.equinox.internal.p2.repository.helpers.AbstractRepositoryManager.loadRepository(AbstractRepositoryManager.java:787)
2026-06-04 12:38:13,971 [ERROR] LogOutputStream:75 - [STDERR_REDIRECT] 	at org.eclipse.equinox.internal.p2.repository.helpers.AbstractRepositoryManager.loadRepository(AbstractRepositoryManager.java:685)
2026-06-04 12:38:13,971 [ERROR] LogOutputStream:75 - [STDERR_REDIRECT] 	at org.eclipse.equinox.internal.p2.metadata.repository.MetadataRepositoryManager.loadRepository(MetadataRepositoryManager.java:110)
2026-06-04 12:38:13,971 [ERROR] LogOutputStream:75 - [STDERR_REDIRECT] 	at org.eclipse.equinox.internal.p2.metadata.repository.MetadataRepositoryManager.loadRepository(MetadataRepositoryManager.java:105)
2026-06-04 12:38:13,971 [ERROR] LogOutputStream:75 - [STDERR_REDIRECT] 	at org.eclipse.equinox.internal.p2.metadata.repository.CompositeMetadataRepository.addChild(CompositeMetadataRepository.java:171)
2026-06-04 12:38:13,971 [ERROR] LogOutputStream:75 - [STDERR_REDIRECT] 	at org.eclipse.equinox.internal.p2.metadata.repository.CompositeMetadataRepository.<init>(CompositeMetadataRepository.java:113)
2026-06-04 12:38:13,972 [ERROR] LogOutputStream:75 - [STDERR_REDIRECT] 	at org.eclipse.equinox.internal.p2.metadata.repository.CompositeMetadataRepositoryFactory.load(CompositeMetadataRepositoryFactory.java:124)
2026-06-04 12:38:13,972 [ERROR] LogOutputStream:75 - [STDERR_REDIRECT] 	at org.eclipse.equinox.internal.p2.metadata.repository.MetadataRepositoryManager.factoryLoad(MetadataRepositoryManager.java:63)
2026-06-04 12:38:13,972 [ERROR] LogOutputStream:75 - [STDERR_REDIRECT] 	at org.eclipse.equinox.internal.p2.repository.helpers.AbstractRepositoryManager.loadRepository(AbstractRepositoryManager.java:787)
2026-06-04 12:38:13,972 [ERROR] LogOutputStream:75 - [STDERR_REDIRECT] 	at org.eclipse.equinox.internal.p2.repository.helpers.AbstractRepositoryManager.loadRepository(AbstractRepositoryManager.java:685)
2026-06-04 12:38:13,972 [ERROR] LogOutputStream:75 - [STDERR_REDIRECT] 	at org.eclipse.equinox.internal.p2.metadata.repository.MetadataRepositoryManager.loadRepository(MetadataRepositoryManager.java:110)
2026-06-04 12:38:13,972 [ERROR] LogOutputStream:75 - [STDERR_REDIRECT] 	at org.eclipse.equinox.internal.p2.metadata.repository.MetadataRepositoryManager.loadRepository(MetadataRepositoryManager.java:105)
2026-06-04 12:38:13,972 [ERROR] LogOutputStream:75 - [STDERR_REDIRECT] 	at org.eclipse.equinox.internal.p2.updatechecker.UpdateChecker.getAvailableRepositories(UpdateChecker.java:152)
2026-06-04 12:38:13,973 [ERROR] LogOutputStream:75 - [STDERR_REDIRECT] 	at org.eclipse.equinox.internal.p2.updatechecker.UpdateChecker.checkForUpdates(UpdateChecker.java:130)
2026-06-04 12:38:13,973 [ERROR] LogOutputStream:75 - [STDERR_REDIRECT] 	at org.eclipse.equinox.internal.p2.updatechecker.UpdateChecker$UpdateCheckThread.run(UpdateChecker.java:78)
2026-06-04 12:38:13,973 [ERROR] LogOutputStream:75 - [STDERR_REDIRECT] Caused by: org.eclipse.equinox.p2.core.ProvisionException: No repository found at https://sw-center.st.com/stm32cubeide/eclipse/2021-12.
2026-06-04 12:38:13,973 [ERROR] LogOutputStream:75 - [STDERR_REDIRECT] 	at org.eclipse.equinox.internal.p2.repository.helpers.AbstractRepositoryManager.fail(AbstractRepositoryManager.java:405)
2026-06-04 12:38:13,973 [ERROR] LogOutputStream:75 - [STDERR_REDIRECT] 	at org.eclipse.equinox.internal.p2.repository.helpers.AbstractRepositoryManager.loadRepository(AbstractRepositoryManager.java:709)
2026-06-04 12:38:13,973 [ERROR] LogOutputStream:75 - [STDERR_REDIRECT] 	at org.eclipse.equinox.internal.p2.metadata.repository.MetadataRepositoryManager.loadRepository(MetadataRepositoryManager.java:110)
2026-06-04 12:38:13,973 [ERROR] LogOutputStream:75 - [STDERR_REDIRECT] 	at org.eclipse.equinox.internal.p2.metadata.repository.MetadataRepositoryManager.loadRepository(MetadataRepositoryManager.java:105)
2026-06-04 12:38:13,973 [ERROR] LogOutputStream:75 - [STDERR_REDIRECT] 	at org.eclipse.equinox.internal.p2.metadata.repository.CompositeMetadataRepository.addChild(CompositeMetadataRepository.java:171)
2026-06-04 12:38:13,974 [ERROR] LogOutputStream:75 - [STDERR_REDIRECT] 	... 18 more
2026-06-04 12:42:10,621 [INFO] Activator:176 - 


2026-06-04 12:42:10,622 [INFO] Activator:177 - !SESSION log4j initialized
2026-06-04 12:42:13,419 [INFO] LogOutputStream:77 - [STDOUT_REDIRECT] 
2026-06-04 12:42:14,183 [INFO] ApplicationProperties:184 - Using Application install path: /opt/st/stm32cubeide_1.13.2_2/plugins/com.st.stm32cube.common.mx_6.9.2.202309101412
2026-06-04 12:42:14,194 [INFO] DbMcusXml:78 - Set database path to: /opt/st/stm32cubeide_1.13.2_2/plugins/com.st.stm32cube.common.mx_6.9.2.202309101412//db//mcu/
2026-06-04 12:42:14,194 [INFO] ApiDb:274 - Set plugin database path to: /opt/st/stm32cubeide_1.13.2_2/plugins/com.st.stm32cube.common.mx_6.9.2.202309101412//db//plugins/boardmanager/
2026-06-04 12:42:14,194 [WARN] ApiDb:259 - Overriding images path with different value:  => /opt/st/stm32cubeide_1.13.2_2/plugins/com.st.stm32cube.common.mx_6.9.2.202309101412//db//plugins/mcufinder/images/
2026-06-04 12:42:14,199 [INFO] ApiDb:250 - Set database path to: /home/papijou/.stmcufinder/plugins/mcufinder//mcu/
2026-06-04 12:42:14,206 [INFO] DbMcusAds:125 - Set database path to: /home/papijou/.stmcufinder/plugins/mcufinder//mcu/
2026-06-04 12:42:14,207 [INFO] CrossReferenceDbSqlite:203 - Set database path to: /home/papijou/.stmcufinder/plugins/mcufinder//mcu/cs/
2026-06-04 12:42:14,286 [INFO] RulesReader:64 - Compatibility file has been processed (293 Rules)
2026-06-04 12:42:14,327 [INFO] DbMcusXml:78 - Set database path to: /opt/st/stm32cubeide_1.13.2_2/plugins/com.st.stm32cube.common.mx_6.9.2.202309101412//db//mcu/
2026-06-04 12:42:14,327 [INFO] ApiDb:274 - Set plugin database path to: /opt/st/stm32cubeide_1.13.2_2/plugins/com.st.stm32cube.common.mx_6.9.2.202309101412//db//plugins/boardmanager/
2026-06-04 12:42:14,328 [INFO] ApiDb:261 - Set plugin images path to: /opt/st/stm32cubeide_1.13.2_2/plugins/com.st.stm32cube.common.mx_6.9.2.202309101412//db//plugins/mcufinder/images/
2026-06-04 12:42:14,328 [WARN] DbFile:41 - Overriding database path with different value: /home/papijou/.stmcufinder/plugins/mcufinder/ => /home/papijou/.stmcufinder/plugins/mcufinder
2026-06-04 12:42:14,328 [INFO] ApiDb:250 - Set database path to: /home/papijou/.stmcufinder/plugins/mcufinder//mcu/
2026-06-04 12:42:14,328 [WARN] DbFile:41 - Overriding database path with different value: /home/papijou/.stmcufinder/plugins/mcufinder/ => /home/papijou/.stmcufinder/plugins/mcufinder
2026-06-04 12:42:14,328 [INFO] DbMcusAds:125 - Set database path to: /home/papijou/.stmcufinder/plugins/mcufinder//mcu/
2026-06-04 12:42:14,328 [WARN] DbFile:41 - Overriding database path with different value: /home/papijou/.stmcufinder/plugins/mcufinder/ => /home/papijou/.stmcufinder/plugins/mcufinder
2026-06-04 12:42:14,328 [WARN] DbFile:41 - Overriding database path with different value: /home/papijou/.stmcufinder/plugins/mcufinder/ => /home/papijou/.stmcufinder/plugins/mcufinder
2026-06-04 12:42:14,328 [INFO] CrossReferenceDbSqlite:203 - Set database path to: /home/papijou/.stmcufinder/plugins/mcufinder//mcu/cs/
2026-06-04 12:42:14,362 [INFO] MainPanel:262 - HeapMemory: 268435456
2026-06-04 12:42:14,401 [INFO] DbMcusXml:78 - Set database path to: /opt/st/stm32cubeide_1.13.2_2/plugins/com.st.stm32cube.common.mx_6.9.2.202309101412//db//mcu/
2026-06-04 12:42:14,401 [INFO] ApiDb:274 - Set plugin database path to: /opt/st/stm32cubeide_1.13.2_2/plugins/com.st.stm32cube.common.mx_6.9.2.202309101412//db//plugins/boardmanager/
2026-06-04 12:42:14,402 [INFO] ApiDb:261 - Set plugin images path to: /opt/st/stm32cubeide_1.13.2_2/plugins/com.st.stm32cube.common.mx_6.9.2.202309101412//db//plugins/mcufinder/images/
2026-06-04 12:42:14,402 [WARN] DbFile:41 - Overriding database path with different value: /home/papijou/.stmcufinder/plugins/mcufinder/ => /home/papijou/.stmcufinder/plugins/mcufinder
2026-06-04 12:42:14,402 [INFO] ApiDb:250 - Set database path to: /home/papijou/.stmcufinder/plugins/mcufinder//mcu/
2026-06-04 12:42:14,402 [WARN] DbFile:41 - Overriding database path with different value: /home/papijou/.stmcufinder/plugins/mcufinder/ => /home/papijou/.stmcufinder/plugins/mcufinder
2026-06-04 12:42:14,402 [INFO] DbMcusAds:125 - Set database path to: /home/papijou/.stmcufinder/plugins/mcufinder//mcu/
2026-06-04 12:42:14,402 [WARN] DbFile:41 - Overriding database path with different value: /home/papijou/.stmcufinder/plugins/mcufinder/ => /home/papijou/.stmcufinder/plugins/mcufinder
2026-06-04 12:42:14,402 [WARN] DbFile:41 - Overriding database path with different value: /home/papijou/.stmcufinder/plugins/mcufinder/ => /home/papijou/.stmcufinder/plugins/mcufinder
2026-06-04 12:42:14,402 [INFO] CrossReferenceDbSqlite:203 - Set database path to: /home/papijou/.stmcufinder/plugins/mcufinder//mcu/cs/
2026-06-04 12:42:14,413 [INFO] ApplicationProperties:184 - Using Application install path: /opt/st/stm32cubeide_1.13.2_2/plugins/com.st.stm32cube.common.mx_6.9.2.202309101412
2026-06-04 12:42:14,413 [INFO] PluginManage:196 - Search for loadable plugins [exclusion list=, ]
2026-06-04 12:42:14,414 [INFO] PluginManage:310 - Check plugin analytics
2026-06-04 12:42:14,494 [INFO] AnalyticsPlugin:253 - Accepted Software Licenses: 
2026-06-04 12:42:14,494 [INFO] AnalyticsPlugin:255 - Accepted CMSIS Pack Licenses: 
2026-06-04 12:42:14,494 [INFO] AnalyticsPlugin:257 - Accepted Firmware Licenses: FW.L4.1.18.0
2026-06-04 12:42:14,496 [INFO] PluginManage:359 - Loaded plugin analytics (category:tool,tabindex:-1)
2026-06-04 12:42:14,496 [INFO] PluginManage:310 - Check plugin cadmodel
2026-06-04 12:42:14,514 [INFO] CADModel:105 - Init CAD model plugin
2026-06-04 12:42:14,514 [INFO] PluginManage:359 - Loaded plugin cadmodel (category:power,tabindex:5)
2026-06-04 12:42:14,514 [INFO] PluginManage:310 - Check plugin clock
2026-06-04 12:42:14,520 [INFO] PluginManage:359 - Loaded plugin clock (category:base,tabindex:2)
2026-06-04 12:42:14,520 [INFO] PluginManage:310 - Check plugin ddr
2026-06-04 12:42:14,522 [INFO] PluginManage:359 - Loaded plugin ddr (category:tool,tabindex:6)
2026-06-04 12:42:14,522 [INFO] PluginManage:310 - Check plugin filemanager
2026-06-04 12:42:14,588 [INFO] PluginManage:359 - Loaded plugin filemanager (category:base,tabindex:10)
2026-06-04 12:42:14,588 [INFO] PluginManage:310 - Check plugin ipmanager
2026-06-04 12:42:14,592 [INFO] PluginManage:359 - Loaded plugin ipmanager (category:base,tabindex:5)
2026-06-04 12:42:14,592 [INFO] PluginManage:310 - Check plugin lpbam
2026-06-04 12:42:14,596 [INFO] PluginManage:359 - Loaded plugin lpbam (category:base,tabindex:0)
2026-06-04 12:42:14,596 [INFO] PluginManage:310 - Check plugin memorymap
2026-06-04 12:42:14,601 [INFO] PluginManage:359 - Loaded plugin memorymap (category:base,tabindex:4)
2026-06-04 12:42:14,601 [INFO] PluginManage:310 - Check plugin pinoutandconfiguration
2026-06-04 12:42:14,604 [INFO] PluginManage:359 - Loaded plugin pinoutandconfiguration (category:base,tabindex:1)
2026-06-04 12:42:14,604 [INFO] PluginManage:310 - Check plugin pinoutconfig
2026-06-04 12:42:14,643 [WARN] SupportedApi:132 - Cannot load RTOS API schema: s4s-elt-must-match.1: The content of 'definitions' must match (annotation?, (simpleType | complexType)?, (unique | key | keyref)*)). A problem was found starting at: attribute.
2026-06-04 12:42:14,706 [INFO] PluginManage:359 - Loaded plugin pinoutconfig (category:base,tabindex:0)
2026-06-04 12:42:14,706 [INFO] PluginManage:310 - Check plugin power
2026-06-04 12:42:14,711 [INFO] PluginManage:359 - Loaded plugin power (category:power,tabindex:4)
2026-06-04 12:42:14,711 [INFO] PluginManage:310 - Check plugin projectmanager
2026-06-04 12:42:14,721 [INFO] PluginManage:359 - Loaded plugin projectmanager (category:projectmanager,tabindex:3)
2026-06-04 12:42:14,721 [INFO] PluginManage:310 - Check plugin thirdparty
2026-06-04 12:42:14,778 [INFO] PluginManage:359 - Loaded plugin thirdparty (category:base,tabindex:-1)
2026-06-04 12:42:14,778 [INFO] PluginManage:310 - Check plugin tools
2026-06-04 12:42:14,778 [WARN] IntegrityCheckThread:84 - waiting for thirdparty lock release [integrity check]
2026-06-04 12:42:14,779 [INFO] IntegrityCheckThread:86 - entering critical section [integrity check]
2026-06-04 12:42:14,779 [INFO] ThirdPartyUpdaterWithRetryManager:70 - Updater plugin not ready yet. [1/15]
2026-06-04 12:42:14,779 [INFO] PluginManage:359 - Loaded plugin tools (category:base,tabindex:7)
2026-06-04 12:42:14,779 [INFO] PluginManage:310 - Check plugin tutovideos
2026-06-04 12:42:14,877 [INFO] PluginManage:359 - Loaded plugin tutovideos (category:base,tabindex:-1)
2026-06-04 12:42:14,877 [INFO] PluginManage:310 - Check plugin updater
2026-06-04 12:42:14,884 [INFO] PluginManage:359 - Loaded plugin updater (category:base,tabindex:12)
2026-06-04 12:42:14,884 [INFO] PluginManage:310 - Check plugin userauth
2026-06-04 12:42:14,887 [INFO] UserAuth:113 - Init User Auth plugin
2026-06-04 12:42:14,887 [INFO] PluginManage:359 - Loaded plugin userauth (category:base,tabindex:14)
2026-06-04 12:42:14,887 [INFO] PluginManage:283 - PluginManage : Loaded plugins [17]
2026-06-04 12:42:14,992 [INFO] PinOutPanel:1499 - setPackage(No Configuration,No Configuration)
2026-06-04 12:42:15,049 [INFO] CADModel:165 - CPN selected for project level
2026-06-04 12:42:15,050 [INFO] CADModel:114 - Register for checkConnection events
2026-06-04 12:42:15,057 [INFO] IPUIPlugin:80 - create IPUIPlugin
2026-06-04 12:42:15,057 [INFO] PluginManager:220 - loadIPPluginJar : add can
2026-06-04 12:42:15,060 [INFO] IPUIPlugin:80 - create IPUIPlugin
2026-06-04 12:42:15,061 [INFO] PluginManager:220 - loadIPPluginJar : add gic
2026-06-04 12:42:15,062 [INFO] IPUIPlugin:80 - create IPUIPlugin
2026-06-04 12:42:15,062 [INFO] PluginManager:220 - loadIPPluginJar : add quadspi
2026-06-04 12:42:15,064 [INFO] IPUIPlugin:80 - create IPUIPlugin
2026-06-04 12:42:15,064 [INFO] PluginManager:220 - loadIPPluginJar : add sai
2026-06-04 12:42:15,065 [INFO] IPUIPlugin:80 - create IPUIPlugin
2026-06-04 12:42:15,065 [INFO] PluginManager:220 - loadIPPluginJar : add comp
2026-06-04 12:42:15,068 [INFO] IPUIPlugin:80 - create IPUIPlugin
2026-06-04 12:42:15,068 [INFO] PluginManager:220 - loadIPPluginJar : add fmc
2026-06-04 12:42:15,069 [INFO] IPUIPlugin:80 - create IPUIPlugin
2026-06-04 12:42:15,069 [INFO] PluginManager:220 - loadIPPluginJar : add spi
2026-06-04 12:42:15,071 [INFO] IPUIPlugin:80 - create IPUIPlugin
2026-06-04 12:42:15,071 [INFO] PluginManager:220 - loadIPPluginJar : add nvic
2026-06-04 12:42:15,072 [INFO] IPUIPlugin:80 - create IPUIPlugin
2026-06-04 12:42:15,073 [INFO] PluginManager:220 - loadIPPluginJar : add usbx
2026-06-04 12:42:15,073 [INFO] IPUIPlugin:80 - create IPUIPlugin
2026-06-04 12:42:15,073 [INFO] PluginManager:220 - loadIPPluginJar : add ucpd
2026-06-04 12:42:15,075 [INFO] IPUIPlugin:80 - create IPUIPlugin
2026-06-04 12:42:15,075 [INFO] PluginManager:220 - loadIPPluginJar : add lorawan
2026-06-04 12:42:15,076 [INFO] IPUIPlugin:80 - create IPUIPlugin
2026-06-04 12:42:15,076 [INFO] PluginManager:220 - loadIPPluginJar : add hash
2026-06-04 12:42:15,076 [INFO] IPUIPlugin:80 - create IPUIPlugin
2026-06-04 12:42:15,076 [INFO] PluginManager:220 - loadIPPluginJar : add ltdc
2026-06-04 12:42:15,077 [INFO] IPUIPlugin:80 - create IPUIPlugin
2026-06-04 12:42:15,077 [INFO] PluginManager:220 - loadIPPluginJar : add tim
2026-06-04 12:42:15,079 [INFO] IPUIPlugin:80 - create IPUIPlugin
2026-06-04 12:42:15,079 [INFO] PluginManager:220 - loadIPPluginJar : add usart
2026-06-04 12:42:15,082 [INFO] IPUIPlugin:80 - create IPUIPlugin
2026-06-04 12:42:15,083 [INFO] PluginManager:220 - loadIPPluginJar : add plateformsettings
2026-06-04 12:42:15,084 [INFO] IPUIPlugin:80 - create IPUIPlugin
2026-06-04 12:42:15,085 [INFO] PluginManager:220 - loadIPPluginJar : add aes
2026-06-04 12:42:15,086 [INFO] IPUIPlugin:80 - create IPUIPlugin
2026-06-04 12:42:15,086 [INFO] PluginManager:220 - loadIPPluginJar : add opamp
2026-06-04 12:42:15,087 [INFO] IPUIPlugin:80 - create IPUIPlugin
2026-06-04 12:42:15,087 [INFO] PluginManager:220 - loadIPPluginJar : add dma3
2026-06-04 12:42:15,090 [INFO] IPUIPlugin:80 - create IPUIPlugin
2026-06-04 12:42:15,090 [INFO] PluginManager:220 - loadIPPluginJar : add linkedlist
2026-06-04 12:42:15,091 [INFO] IPUIPlugin:80 - create IPUIPlugin
2026-06-04 12:42:15,092 [INFO] PluginManager:220 - loadIPPluginJar : add i3c
2026-06-04 12:42:15,095 [INFO] IPUIPlugin:80 - create IPUIPlugin
2026-06-04 12:42:15,095 [INFO] PluginManager:220 - loadIPPluginJar : add mdma
2026-06-04 12:42:15,096 [INFO] IPUIPlugin:80 - create IPUIPlugin
2026-06-04 12:42:15,096 [INFO] PluginManager:220 - loadIPPluginJar : add i2c
2026-06-04 12:42:15,098 [INFO] IPUIPlugin:80 - create IPUIPlugin
2026-06-04 12:42:15,098 [INFO] PluginManager:220 - loadIPPluginJar : add ipddr
2026-06-04 12:42:15,099 [INFO] IPUIPlugin:80 - create IPUIPlugin
2026-06-04 12:42:15,099 [INFO] PluginManager:220 - loadIPPluginJar : add fatfs
2026-06-04 12:42:15,100 [INFO] IPUIPlugin:80 - create IPUIPlugin
2026-06-04 12:42:15,100 [INFO] PluginManager:220 - loadIPPluginJar : add gfxmmu
2026-06-04 12:42:15,100 [INFO] IPUIPlugin:80 - create IPUIPlugin
2026-06-04 12:42:15,100 [INFO] PluginManager:220 - loadIPPluginJar : add tsc
2026-06-04 12:42:15,103 [INFO] IPUIPlugin:80 - create IPUIPlugin
2026-06-04 12:42:15,103 [INFO] PluginManager:220 - loadIPPluginJar : add stm32_wpan
2026-06-04 12:42:15,103 [INFO] IPUIPlugin:80 - create IPUIPlugin
2026-06-04 12:42:15,104 [INFO] PluginManager:220 - loadIPPluginJar : add genericplugin
2026-06-04 12:42:15,105 [INFO] IPUIPlugin:80 - create IPUIPlugin
2026-06-04 12:42:15,105 [INFO] PluginManager:220 - loadIPPluginJar : add i2s
2026-06-04 12:42:15,108 [INFO] IPUIPlugin:80 - create IPUIPlugin
2026-06-04 12:42:15,108 [INFO] PluginManager:220 - loadIPPluginJar : add adc
2026-06-04 12:42:15,110 [INFO] IPUIPlugin:80 - create IPUIPlugin
2026-06-04 12:42:15,110 [INFO] PluginManager:220 - loadIPPluginJar : add freertos
2026-06-04 12:42:15,114 [INFO] IPUIPlugin:80 - create IPUIPlugin
2026-06-04 12:42:15,114 [INFO] PluginManager:220 - loadIPPluginJar : add dma
2026-06-04 12:42:15,115 [INFO] IPUIPlugin:80 - create IPUIPlugin
2026-06-04 12:42:15,115 [INFO] PluginManager:220 - loadIPPluginJar : add cryp
2026-06-04 12:42:15,116 [INFO] IPUIPlugin:80 - create IPUIPlugin
2026-06-04 12:42:15,116 [INFO] PluginManager:220 - loadIPPluginJar : add touchsensing
2026-06-04 12:42:15,119 [INFO] IPUIPlugin:80 - create IPUIPlugin
2026-06-04 12:42:15,119 [INFO] PluginManager:220 - loadIPPluginJar : add gpio
2026-06-04 12:42:15,120 [INFO] IPUIPlugin:80 - create IPUIPlugin
2026-06-04 12:42:15,120 [INFO] PluginManager:220 - loadIPPluginJar : add openamp
2026-06-04 12:42:15,121 [INFO] IPUIPlugin:80 - create IPUIPlugin
2026-06-04 12:42:15,122 [INFO] PluginManager:220 - loadIPPluginJar : add gtzc
2026-06-04 12:42:15,122 [INFO] IPUIPlugin:80 - create IPUIPlugin
2026-06-04 12:42:15,122 [INFO] PluginManager:220 - loadIPPluginJar : add tracer_emb
2026-06-04 12:42:15,123 [INFO] IPUIPlugin:80 - create IPUIPlugin
2026-06-04 12:42:15,123 [INFO] PluginManager:220 - loadIPPluginJar : add dfsdm
2026-06-04 12:42:15,124 [INFO] IPUIPlugin:80 - create IPUIPlugin
2026-06-04 12:42:15,124 [INFO] PluginManager:220 - loadIPPluginJar : add ts
2026-06-04 12:42:15,126 [INFO] IPUIPlugin:80 - create IPUIPlugin
2026-06-04 12:42:15,126 [INFO] PluginManager:220 - loadIPPluginJar : add resmgrutility
2026-06-04 12:42:15,127 [INFO] IPUIPlugin:80 - create IPUIPlugin
2026-06-04 12:42:15,127 [INFO] PluginManager:220 - loadIPPluginJar : add pdm2pcm
2026-06-04 12:42:15,219 [INFO] CADModel:165 - CPN selected for project level
2026-06-04 12:42:15,219 [INFO] CADModel:114 - Register for checkConnection events
2026-06-04 12:42:15,219 [FATAL] Updater:308 - Updater called before beeing initialized
2026-06-04 12:42:15,220 [ERROR] CADModel:125 - Updater not yet initialized, retry later 
2026-06-04 12:42:15,292 [INFO] CADModel:165 - CPN selected for project level
2026-06-04 12:42:15,292 [INFO] CADModel:114 - Register for checkConnection events
2026-06-04 12:42:15,292 [FATAL] Updater:308 - Updater called before beeing initialized
2026-06-04 12:42:15,292 [ERROR] CADModel:125 - Updater not yet initialized, retry later 
2026-06-04 12:42:15,294 [FATAL] Updater:308 - Updater called before beeing initialized
2026-06-04 12:42:15,348 [FATAL] Updater:308 - Updater called before beeing initialized
2026-06-04 12:42:15,351 [INFO] DbMcusAds:53 - JSON generation date=Thu May 28 12:08:16 CLT 2026 (1779984496303)
2026-06-04 12:42:15,351 [FATAL] Updater:308 - Updater called before beeing initialized
2026-06-04 12:42:15,371 [WARN] DetailPanel:346 - Failed to get advertising image, set to default
2026-06-04 12:42:15,448 [FATAL] Updater:308 - Updater called before beeing initialized
2026-06-04 12:42:15,449 [FATAL] Updater:308 - Updater called before beeing initialized
2026-06-04 12:42:15,449 [FATAL] Updater:308 - Updater called before beeing initialized
2026-06-04 12:42:15,449 [WARN] DetailPanel:346 - Failed to get advertising image, set to default
2026-06-04 12:42:15,450 [FATAL] Updater:308 - Updater called before beeing initialized
2026-06-04 12:42:15,467 [ERROR] Updater:1120 - MainUpdater not yet initialized. External WinMGr cannot be set.
2026-06-04 12:42:15,468 [INFO] Updater:1056 - Updater Version found : 6.9.2
2026-06-04 12:42:15,478 [INFO] ApplicationProperties:184 - Using Application install path: /opt/st/stm32cubeide_1.13.2_2/plugins/com.st.stm32cube.common.mx_6.9.2.202309101412
2026-06-04 12:42:16,671 [INFO] MainUpdater:2868 - connection check result : 10
2026-06-04 12:42:16,671 [INFO] MainUpdater:285 - Updater Check For Update Now.
2026-06-04 12:42:16,671 [INFO] MicroXplorer:498 - Change Database Version : DB.6.0.92
2026-06-04 12:42:16,674 [INFO] McuFinderGlobals:63 - Set McuFinder mode to 2 (CubeIDE integrated)
2026-06-04 12:42:16,674 [INFO] UserAuth:179 - activating auth plugin
2026-06-04 12:42:16,677 [INFO] UserAuth:393 - Internet connection configuration mode: 1
2026-06-04 12:42:16,692 [INFO] JxBrowserEngine:151 - Initiate JxBrowser Engine with user profile folder
2026-06-04 12:42:16,836 [INFO] CheckServerUpdateThread:120 - End of CheckServer Thread
2026-06-04 12:42:17,407 [INFO] WebApp:157 - Instantiating new browser for Auth
2026-06-04 12:42:17,775 [INFO] WebApp:753 - Register for checkConnection events
2026-06-04 12:42:17,776 [INFO] WebApp:390 - Apply proxy settings
2026-06-04 12:42:17,776 [INFO] WebApp:475 - Chromium requires no authentication
2026-06-04 12:42:17,779 [INFO] WebApp:418 - Direct internet connection detected
2026-06-04 12:42:17,857 [WARN] PackLoader:240 - Cannot read IP mode file for STMicroelectronics.FP-ATR-SIGFOX1.3.2.0
2026-06-04 12:42:17,859 [INFO] ThirdParty:978 - Integrity check success = true
2026-06-04 12:42:17,859 [INFO] IntegrityCheckThread:100 - exiting critical section [integrity check]
2026-06-04 12:42:17,859 [INFO] IntegrityCheckThread:103 - End integrity checks thread
2026-06-04 12:42:17,876 [INFO] WebApp:188 - Starting web application
2026-06-04 12:42:17,876 [INFO] WebApp:520 - Web application path used /opt/st/stm32cubeide_1.13.2_2/plugins/com.st.stm32cube.common.mx_6.9.2.202309101412/db/plugins/mcufinder/reactClient1/index.html
2026-06-04 12:42:38,178 [ERROR] LogOutputStream:75 - [STDERR_REDIRECT] SLF4J: Failed to load class "org.slf4j.impl.StaticLoggerBinder".
2026-06-04 12:42:38,179 [ERROR] LogOutputStream:75 - [STDERR_REDIRECT] SLF4J: Defaulting to no-operation (NOP) logger implementation
2026-06-04 12:42:38,179 [ERROR] LogOutputStream:75 - [STDERR_REDIRECT] SLF4J: See http://www.slf4j.org/codes.html#StaticLoggerBinder for further details.
2026-06-04 14:21:36,882 [INFO] McuFinderGlobals:63 - Set McuFinder mode to 2 (CubeIDE integrated)
2026-06-04 14:21:36,885 [INFO] MainUpdater:2868 - connection check result : 10
2026-06-04 14:21:36,885 [INFO] MainUpdater:2868 - connection check result : 10
2026-06-04 14:21:36,905 [INFO] MicroXplorer:468 - Change Database Path : 
2026-06-04 14:21:36,905 [INFO] MicroXplorer:498 - Change Database Version : DB.6.0.92
2026-06-04 14:21:36,909 [WARN] ThirdParty:871 - waiting for thirdparty lock release [close project]
2026-06-04 14:21:36,909 [INFO] ThirdParty:873 - entering critical section [close project]
2026-06-04 14:21:36,910 [INFO] ThirdParty:883 - exiting critical section [close project]
2026-06-04 14:21:36,912 [INFO] PinOutPanel:1499 - setPackage(No Configuration,No Configuration)
2026-06-04 14:21:36,918 [INFO] UtilMem:75 - Begin LoadConfig() Used Memory: 258008488 Bytes (667942912)
2026-06-04 14:21:36,919 [INFO] MicroXplorer:468 - Change Database Path : 
2026-06-04 14:21:36,919 [INFO] MicroXplorer:498 - Change Database Version : DB.6.0.92
2026-06-04 14:21:36,920 [INFO] OpenFileManager:308 - Change cursor
2026-06-04 14:21:36,943 [INFO] Mcu:1946 - Initializing MCU STM32L476R(C-E-G)Tx STM32L476RGTx STM32L476RGT6
2026-06-04 14:21:38,023 [INFO] Context:659 - Trying to add GPIOservice into a context  which must be forbidden
2026-06-04 14:21:38,415 [INFO] RtosManager:555 - Registered RTOS mode: class=CMSIS, group=RTOS, mode=CMSIS_V1, owner=FREERTOS
2026-06-04 14:21:38,416 [INFO] RtosManager:555 - Registered RTOS mode: class=CMSIS, group=RTOS2, mode=CMSIS_V2, owner=FREERTOS
2026-06-04 14:21:38,416 [INFO] RtosManager:555 - Registered RTOS mode: class=RTOS, group=Core, mode=CMSIS_V1, owner=FREERTOS
2026-06-04 14:21:38,416 [INFO] RtosManager:555 - Registered RTOS mode: class=RTOS, group=Core, mode=CMSIS_V2, owner=FREERTOS
2026-06-04 14:21:38,416 [WARN] ModelIntegratedComponent:184 - Missing modes for component STMicroelectronics:FreeRTOS:0.0.1:STMicroelectronics:RTOS:FreeRTOS:Core:::10.2.0:
2026-06-04 14:21:38,417 [WARN] ModelIntegratedComponent:63 - No mode defined for component null
2026-06-04 14:21:38,417 [WARN] ModelIntegratedComponent:63 - No mode defined for component null
2026-06-04 14:21:38,417 [WARN] ModelIntegratedComponent:63 - No mode defined for component null
2026-06-04 14:21:38,417 [WARN] ModelIntegratedComponent:63 - No mode defined for component null
2026-06-04 14:21:38,417 [WARN] ModelIntegratedComponent:63 - No mode defined for component null
2026-06-04 14:21:38,417 [WARN] ModelIntegratedComponent:63 - No mode defined for component null
2026-06-04 14:21:38,417 [WARN] ModelIntegratedComponent:63 - No mode defined for component null
2026-06-04 14:21:38,417 [WARN] ModelIntegratedComponent:63 - No mode defined for component null
2026-06-04 14:21:38,417 [WARN] ModelIntegratedComponent:63 - No mode defined for component null
2026-06-04 14:21:38,417 [WARN] ModelIntegratedComponent:63 - No mode defined for component null
2026-06-04 14:21:38,417 [WARN] ModelIntegratedComponent:63 - No mode defined for component null
2026-06-04 14:21:38,417 [WARN] ModelIntegratedComponent:63 - No mode defined for component null
2026-06-04 14:21:38,417 [WARN] ModelIntegratedComponent:63 - No mode defined for component null
2026-06-04 14:21:38,417 [WARN] ModelIntegratedComponent:63 - No mode defined for component null
2026-06-04 14:21:38,417 [WARN] ModelIntegratedComponent:63 - No mode defined for component null
2026-06-04 14:21:38,417 [WARN] ModelIntegratedComponent:63 - No mode defined for component null
2026-06-04 14:21:38,417 [WARN] ModelIntegratedComponent:63 - No mode defined for component null
2026-06-04 14:21:38,417 [WARN] ModelIntegratedComponent:63 - No mode defined for component null
2026-06-04 14:21:38,417 [WARN] ModelIntegratedComponent:63 - No mode defined for component null
2026-06-04 14:21:38,417 [WARN] ModelIntegratedComponent:63 - No mode defined for component null
2026-06-04 14:21:38,417 [WARN] ModelIntegratedComponent:63 - No mode defined for component null
2026-06-04 14:21:38,417 [WARN] ModelIntegratedComponent:63 - No mode defined for component null
2026-06-04 14:21:38,417 [WARN] ModelIntegratedComponent:63 - No mode defined for component null
2026-06-04 14:21:38,418 [WARN] ModelIntegratedComponent:63 - No mode defined for component null
2026-06-04 14:21:38,418 [WARN] ModelIntegratedComponent:63 - No mode defined for component null
2026-06-04 14:21:38,418 [WARN] ModelIntegratedComponent:63 - No mode defined for component null
2026-06-04 14:21:38,418 [WARN] ModelIntegratedComponent:63 - No mode defined for component null
2026-06-04 14:21:38,418 [WARN] ModelIntegratedComponent:63 - No mode defined for component null
2026-06-04 14:21:38,418 [WARN] ModelIntegratedComponent:63 - No mode defined for component null
2026-06-04 14:21:38,418 [WARN] ModelIntegratedComponent:63 - No mode defined for component null
2026-06-04 14:21:38,418 [WARN] ModelIntegratedComponent:63 - No mode defined for component null
2026-06-04 14:21:38,418 [WARN] ModelIntegratedComponent:63 - No mode defined for component null
2026-06-04 14:21:38,418 [WARN] ModelIntegratedComponent:63 - No mode defined for component null
2026-06-04 14:21:38,424 [INFO] ThirdPartyModel:298 - Start build external matchings
2026-06-04 14:21:38,425 [INFO] ThirdPartyModel:316 - End build external matchings
2026-06-04 14:21:38,435 [INFO] ImportTextPane:194 - (OptionalMessage_ERROR) IP (ADC2) : Parameter (CommonPathInternal) has invalid value (null|null|null|null)
2026-06-04 14:21:38,435 [INFO] ImportTextPane:194 - (OptionalMessage_ERROR) IP (DMA) : Parameter (Instance) has Id (ADC2) currently not set
2026-06-04 14:21:38,435 [INFO] ImportTextPane:194 - (OptionalMessage_ERROR) IP (DMA) : Parameter (Request) has Id (ADC2) currently not set
2026-06-04 14:21:38,436 [INFO] ImportTextPane:194 - (OptionalMessage_ERROR) IP (DMA) : Parameter (Direction) has Id (ADC2) currently not set
2026-06-04 14:21:38,436 [INFO] ImportTextPane:194 - (OptionalMessage_ERROR) IP (DMA) : Parameter (PeriphInc) has Id (ADC2) currently not set
2026-06-04 14:21:38,436 [INFO] ImportTextPane:194 - (OptionalMessage_ERROR) IP (DMA) : Parameter (MemInc) has Id (ADC2) currently not set
2026-06-04 14:21:38,436 [INFO] ImportTextPane:194 - (OptionalMessage_ERROR) IP (DMA) : Parameter (PeriphDataAlignment) has Id (ADC2) currently not set
2026-06-04 14:21:38,437 [INFO] ImportTextPane:194 - (OptionalMessage_ERROR) IP (DMA) : Parameter (MemDataAlignment) has Id (ADC2) currently not set
2026-06-04 14:21:38,437 [INFO] ImportTextPane:194 - (OptionalMessage_ERROR) IP (DMA) : Parameter (Mode) has Id (ADC2) currently not set
2026-06-04 14:21:38,437 [INFO] ImportTextPane:194 - (OptionalMessage_ERROR) IP (DMA) : Parameter (Priority) has Id (ADC2) currently not set
2026-06-04 14:21:38,637 [INFO] UtilMem:75 - End LoadConfig() Used Memory: 174781664 Bytes (587202560)
2026-06-04 14:21:38,702 [INFO] ApiDb:581 - Connected to CubeFinder SQLite database (/home/papijou/.stmcufinder/plugins/mcufinder/mcu/cube-finder-db.db)
2026-06-04 14:21:38,757 [INFO] ApiDb:668 - CubeFinder database Data Model version=2.1
2026-06-04 14:21:38,758 [INFO] ApiDb:669 - CubeFinder database Configuration version=3.0.42
2026-06-04 14:21:38,758 [INFO] ApiDb:670 - CubeFinder database generation date=2026-05-14 (1778746352)
2026-06-04 14:21:38,759 [INFO] ApiDb:671 - CubeFinder database FW Pack versions=[FP-ATR-ASTRA1_V2.0.0, FP-SNS-FLIGHT1_V5.1.0, FP-SNS-MOTENV1_V5.1.0, FP-SNS-MOTENVWB1_V1.5.0, FP-SNS-SMARTAG2_V1.2.0, FP-SNS-STBOX1_V2.1.0, STM32Cube_FW_C0_V1.4.0, STM32Cube_FW_F4_V1.28.3, STM32Cube_FW_F7_V1.17.4, STM32Cube_FW_G0_V1.6.3, STM32Cube_FW_G4_V1.6.2, STM32Cube_FW_H5_V1.6.0, STM32Cube_FW_H7RS_V1.3.0, STM32Cube_FW_H7_V1.13.0, STM32Cube_FW_L0_V1.12.2, STM32Cube_FW_L4_V1.18.2, STM32Cube_FW_L5_V1.6.0, STM32Cube_FW_N6_V1.3.0, STM32Cube_FW_U0_V1.3.0, STM32Cube_FW_U3_V1.3.0, STM32Cube_FW_U5_V1.8.0, STM32Cube_FW_WB0_V1.4.0, STM32Cube_FW_WBA_V1.9.0, STM32Cube_FW_WB_V1.24.0, STM32Cube_FW_WL3_V1.4.0, STM32Cube_FW_WL_V1.5.0, X-CUBE-ALGOBUILD_V1.4.0, X-CUBE-ALS_V1.0.2, X-CUBE-AZRTOS-F4_V1.1.0, X-CUBE-AZRTOS-F7_V1.1.0, X-CUBE-AZRTOS-G0_V1.1.0, X-CUBE-AZRTOS-G4_V2.0.0, X-CUBE-AZRTOS-H7RS_V1.1.0, X-CUBE-AZRTOS-H7_V3.5.0, X-CUBE-AZRTOS-L4_V2.0.0, X-CUBE-AZRTOS-L5_V2.0.0, X-CUBE-AZRTOS-WB_V2.0.0, X-CUBE-AZRTOS-WL_V2.0.0, X-CUBE-BLE1_V7.1.0, X-CUBE-BLE2_V3.3.0, X-CUBE-BLEMGR_V4.1.0, X-CUBE-EEPRMA1_V5.2.0, X-CUBE-FREERTOS_V1.5.0, X-CUBE-GNSS1_V7.1.1, X-CUBE-MEMS1_V12.1.0, X-CUBE-NFC4_V3.0.0, X-CUBE-NFC7_V2.0.0, X-CUBE-SFXS2LP1_V4.0.0, X-CUBE-ST67W61_V1.3.0, X-CUBE-SUBG2_V5.0.0, X-CUBE-TOF1_V3.4.3]
2026-06-04 14:21:41,250 [INFO] ApiDb:240 - Found 323 in-development CPN: [B-G473E-ZEST1S, B-WB1M-WPAN1, B-WL5M-SUBG1, NUCLEO-C031C6, NUCLEO-H503RB, NUCLEO-H563ZI, NUCLEO-U545RE-Q, NUCLEO-U5A5ZJ-Q, NUCLEO-WBA52CG, STEVAL-PROTEUS1, STEVAL-SMARTAG2, STEVAL-STWINBX1, STM320518-EVAL, STM32C0116-DK, STM32C011D6Y3TR, STM32C011D6Y6TR, STM32C011F4P3, STM32C011F4P6, STM32C011F4U3, STM32C011F4U6TR, STM32C011F6P3, STM32C011F6P6, STM32C011F6U3, STM32C011F6U6TR, STM32C011J4M3, STM32C011J4M6, STM32C011J6M3, STM32C011J6M6, STM32C0316-DK, STM32C031C4T3, STM32C031C4T6, STM32C031C4U3, STM32C031C4U6, STM32C031C6T3, STM32C031C6T6, STM32C031C6U3, STM32C031C6U6, STM32C031F4P3, STM32C031F4P6, STM32C031F6P3, STM32C031F6P6, STM32C031G4U3, STM32C031G4U6, STM32C031G6U3, STM32C031G6U6, STM32C031K4T3, STM32C031K4T6, STM32C031K4U3, STM32C031K4U6, STM32C031K6T3, STM32C031K6T6, STM32C031K6U3, STM32C031K6U6, STM32G071K8TXN, STM32G071K8UXN, STM32G081GBU6N, STM32G081KBT6N, STM32G081KBUXN, STM32G0B1CCT6N, STM32G0B1KCT6, STM32G0B1NEY6TR, STM32G0B1RCT6N, STM32G0C1CCT6, STM32G0C1CCT6N, STM32G0C1CCU6N, STM32G0C1CET6N, STM32G0C1CEU6N, STM32G0C1KCT6, STM32G0C1NEY6TR, STM32G0C1RCI6N, STM32G0C1RCT6N, STM32G0C1REI6N, STM32G0C1RET6N, STM32G0C1VCI6, STM32G0C1VEI6, STM32G471CCT6, STM32G471CCU6, STM32G471CET3, STM32G471CET6, STM32G471CEU3, STM32G471CEU6, STM32G471MCT6, STM32G471MET3, STM32G471MET6, STM32G471MEY6TR, STM32G471QCT6, STM32G471QET3, STM32G471RCT6, STM32G471RET3, STM32G471RET6, STM32G471VCH6, STM32G471VCI6, STM32G471VCT6, STM32G471VEH3, STM32G471VEH6, STM32G471VEI3, STM32G471VEI6, STM32G471VET3, STM32G471VET6, STM32G474CCT6, STM32H503CBT6, STM32H503CBU6, STM32H503EBY6TR, STM32H503KBU6, STM32H503RBT6, STM32H562AGI6, STM32H562AII6, STM32H562IGK6, STM32H562IGT6, STM32H562IIK6, STM32H562IIT6, STM32H562RGT6, STM32H562RGV6, STM32H562RIT6, STM32H562RIV6, STM32H562VGT6, STM32H562VIT6, STM32H562ZGT6, STM32H562ZIT6, STM32H563AGI6, STM32H563AII3Q, STM32H563AII6, STM32H563IGK6, STM32H563IGT6, STM32H563IIK3Q, STM32H563IIK6, STM32H563IIT3Q, STM32H563IIT6, STM32H563MIY3QTR, STM32H563RGT6, STM32H563RGV6, STM32H563RIT6, STM32H563RIV6, STM32H563VGT6, STM32H563VIT3Q, STM32H563VIT6, STM32H563ZGT6, STM32H563ZIT3Q, STM32H563ZIT6, STM32H573AII3Q, STM32H573AII6, STM32H573I-DK, STM32H573IIK3Q, STM32H573IIK6, STM32H573IIT3Q, STM32H573IIT6, STM32H573MIY3QTR, STM32H573RIT6, STM32H573RIV6, STM32H573VIT3Q, STM32H573VIT6, STM32H573ZIT3Q, STM32H573ZIT6, STM32L4R5QGI6STR, STM32MP131AAE3, STM32MP131AAF3, STM32MP131AAG3, STM32MP131CAE3, STM32MP131CAF3, STM32MP131CAG3, STM32MP131DAE7, STM32MP131DAF7, STM32MP131DAG7, STM32MP131FAE7, STM32MP131FAF7, STM32MP131FAG7, STM32MP133AAE3, STM32MP133AAF3, STM32MP133AAG3, STM32MP133CAE3, STM32MP133CAF3, STM32MP133CAG3, STM32MP133DAE7, STM32MP133DAF7, STM32MP133DAG7, STM32MP133FAE7, STM32MP133FAF7, STM32MP133FAG7, STM32MP135AAE3, STM32MP135AAF3, STM32MP135AAG3, STM32MP135CAE3, STM32MP135CAF3, STM32MP135CAG3, STM32MP135DAE7, STM32MP135DAF7, STM32MP135DAG7, STM32MP135F-DK, STM32MP135FAE7, STM32MP135FAF7, STM32MP135FAF7T, STM32MP135FAF7U, STM32MP135FAG7, STM32U535CBT6, STM32U535CBT6Q, STM32U535CBU6, STM32U535CBU6Q, STM32U535CCT6, STM32U535CCT6Q, STM32U535CCU6, STM32U535CCU6Q, STM32U535CET6, STM32U535CET6Q, STM32U535CEU6, STM32U535CEU6Q, STM32U535JEY6QTR, STM32U535NCY6QTR, STM32U535NEY6QTR, STM32U535RBI6, STM32U535RBI6Q, STM32U535RBT6, STM32U535RBT6Q, STM32U535RCI6, STM32U535RCI6Q, STM32U535RCT6, STM32U535RCT6Q, STM32U535REI6, STM32U535REI6Q, STM32U535RET6, STM32U535RET6Q, STM32U535VCI6, STM32U535VCI6Q, STM32U535VCT6, STM32U535VCT6Q, STM32U535VEI6, STM32U535VEI6Q, STM32U535VET6, STM32U535VET6Q, STM32U545CET6, STM32U545CET6Q, STM32U545CEU6, STM32U545CEU6Q, STM32U545JEY6QTR, STM32U545NEY6QTR, STM32U545REI6, STM32U545REI6Q, STM32U545RET6, STM32U545RET6Q, STM32U545VEI6, STM32U545VEI6Q, STM32U545VET6, STM32U545VET6Q, STM32U595AIH6, STM32U595AIH6Q, STM32U595AJH6, STM32U595AJH6Q, STM32U595QII6, STM32U595QII6Q, STM32U595QJI6, STM32U595QJI6Q, STM32U595RIT6, STM32U595RIT6Q, STM32U595RJT6, STM32U595RJT6Q, STM32U595VIT6, STM32U595VIT6Q, STM32U595VJT6, STM32U595VJT6Q, STM32U595ZIT6, STM32U595ZIT6Q, STM32U595ZIY6QTR, STM32U595ZJT6, STM32U595ZJT6Q, STM32U595ZJY6QTR, STM32U599BJY6QTR, STM32U599NIH6Q, STM32U599NJH6Q, STM32U599VIT6Q, STM32U599VJT6, STM32U599VJT6Q, STM32U599ZIT6Q, STM32U599ZIY6QTR, STM32U599ZJT6Q, STM32U599ZJY6QTR, STM32U5A5AJH6, STM32U5A5AJH6Q, STM32U5A5QJI6, STM32U5A5QJI6Q, STM32U5A5RJT6, STM32U5A5RJT6Q, STM32U5A5VJT6, STM32U5A5VJT6Q, STM32U5A5ZJT6, STM32U5A5ZJT6Q, STM32U5A5ZJY6QTR, STM32U5A9BJY6QTR, STM32U5A9J-DK, STM32U5A9NJH6Q, STM32U5A9VJT6Q, STM32U5A9ZJT6Q, STM32U5A9ZJY6QTR, STM32U5F7VIT6, STM32U5F7VIT6Q, STM32U5F7VJT6, STM32U5F7VJT6Q, STM32U5F9BJY6QTR, STM32U5F9NJH6Q, STM32U5F9VIT6Q, STM32U5F9VJT6Q, STM32U5F9ZIJ6QTR, STM32U5F9ZIT6Q, STM32U5F9ZJJ6QTR, STM32U5F9ZJT6Q, STM32U5G7VJT6, STM32U5G7VJT6Q, STM32U5G9BJY6QTR, STM32U5G9J-DK1, STM32U5G9J-DK2, STM32U5G9NJH6Q, STM32U5G9VJT6Q, STM32U5G9ZJJ6QTR, STM32U5G9ZJT6Q, STM32WB1MMCH6, STM32WBA52CEU6, STM32WBA52CEU6T, STM32WBA52CGU6, STM32WBA52CGU6T, STM32WBA52KEU6, STM32WBA52KEU6T, STM32WBA52KGU6, STM32WBA52KGU6T, STM32WL5MOCH6, STM32WL5MOCH6TR]
2026-06-04 14:21:41,254 [INFO] DbMcus:217 - Found 5061 MCUs, 4943 are supported
2026-06-04 14:21:41,254 [INFO] ApiDb:423 - Load user favorites file /home/papijou/.stm32cubeide/favorites.mcus.txt: 0 item(s)
2026-06-04 14:21:41,254 [INFO] ApiDb:427 - User favorites MCUs=[]
2026-06-04 14:21:41,254 [INFO] DbMcus:223 - Set 0 / 0 favorites MCUs
2026-06-04 14:21:41,591 [WARN] ThirdParty:833 - waiting for thirdparty lock release [change project]
2026-06-04 14:21:41,591 [INFO] ThirdParty:835 - entering critical section [change project]
2026-06-04 14:21:41,591 [INFO] ThirdParty:1030 - CMSIS Pack Vendor :STMicroelectronics USBPD 4.1
2026-06-04 14:21:41,591 [INFO] ThirdParty:1030 - CMSIS Pack Vendor :STMicroelectronics ThreadX 1.0.0
2026-06-04 14:21:41,591 [INFO] ThirdParty:1030 - CMSIS Pack Vendor :STMicroelectronics USB_HOST 2.0.0
2026-06-04 14:21:41,591 [INFO] ThirdParty:1030 - CMSIS Pack Vendor :STMicroelectronics LIBJPEG 8.0.0
2026-06-04 14:21:41,591 [INFO] ThirdParty:1030 - CMSIS Pack Vendor :STMicroelectronics FP-ATR-SIGFOX1 3.2.0
2026-06-04 14:21:41,591 [INFO] ThirdParty:1030 - CMSIS Pack Vendor :STMicroelectronics FreeRTOS 0.0.1
2026-06-04 14:21:41,591 [INFO] ThirdParty:1030 - CMSIS Pack Vendor :STMicroelectronics USB_DEVICE 1.0.0
2026-06-04 14:21:41,591 [INFO] ThirdParty:1030 - CMSIS Pack Vendor :STMicroelectronics STM32_WPAN 1.0.0
2026-06-04 14:21:41,591 [INFO] ThirdParty:1030 - CMSIS Pack Vendor :STMicroelectronics USB_DEVICE 3.0.0
2026-06-04 14:21:41,591 [INFO] ThirdParty:1030 - CMSIS Pack Vendor :STMicroelectronics HAL Drivers 0.0.0
2026-06-04 14:21:41,591 [INFO] ThirdParty:1030 - CMSIS Pack Vendor :STMicroelectronics MBEDTLS 2.16.2
2026-06-04 14:21:41,591 [INFO] ThirdParty:1030 - CMSIS Pack Vendor :STMicroelectronics ThreadX 0.0.2
2026-06-04 14:21:41,591 [INFO] ThirdParty:1030 - CMSIS Pack Vendor :STMicroelectronics lwIP 2.1.2
2026-06-04 14:21:41,591 [INFO] ThirdParty:1030 - CMSIS Pack Vendor :STMicroelectronics lwIP 2.0.3
2026-06-04 14:21:41,591 [INFO] ThirdParty:1030 - CMSIS Pack Vendor :STMicroelectronics MBEDTLS 2.14.1
2026-06-04 14:21:41,591 [INFO] ThirdParty:1030 - CMSIS Pack Vendor :STMicroelectronics USB_HOST 1.0.0
2026-06-04 14:21:41,591 [INFO] ThirdParty:1030 - CMSIS Pack Vendor :STMicroelectronics PDM2PCM 3.1.0
2026-06-04 14:21:41,591 [INFO] ThirdParty:1030 - CMSIS Pack Vendor :STMicroelectronics PDM2PCM 3.2.0
2026-06-04 14:21:41,591 [INFO] ThirdParty:1030 - CMSIS Pack Vendor :STMicroelectronics USB_DEVICE 2.0.0
2026-06-04 14:21:41,591 [INFO] ThirdParty:1030 - CMSIS Pack Vendor :STMicroelectronics PDM2PCM 3.3.0
2026-06-04 14:21:41,591 [INFO] ThirdParty:841 - exiting critical section [change project]
2026-06-04 14:21:41,837 [INFO] PinOutPanel:1499 - setPackage(No Configuration,No Configuration)
2026-06-04 14:21:41,838 [INFO] PinOutPanel:1499 - setPackage(STM32L476RGTx,LQFP64)
2026-06-04 14:21:42,302 [INFO] UtilMem:75 - Before build in PCC Used Memory: 372555376 Bytes (587202560)
2026-06-04 14:21:42,763 [INFO] UtilMem:75 - After build in PCC Used Memory: 275827200 Bytes (587202560)
2026-06-04 14:21:42,787 [INFO] IPUIPlugin:80 - create IPUIPlugin
2026-06-04 14:21:42,787 [INFO] IPUIPlugin:80 - create IPUIPlugin
2026-06-04 14:21:42,787 [INFO] IPUIPlugin:80 - create IPUIPlugin
2026-06-04 14:21:42,788 [INFO] IPUIPlugin:80 - create IPUIPlugin
2026-06-04 14:21:42,788 [INFO] IPUIPlugin:80 - create IPUIPlugin
2026-06-04 14:21:42,788 [INFO] IPUIPlugin:80 - create IPUIPlugin
2026-06-04 14:21:42,788 [INFO] IPUIPlugin:80 - create IPUIPlugin
2026-06-04 14:21:42,788 [INFO] IPUIPlugin:80 - create IPUIPlugin
2026-06-04 14:21:42,788 [INFO] IPUIPlugin:80 - create IPUIPlugin
2026-06-04 14:21:42,788 [INFO] IPUIPlugin:80 - create IPUIPlugin
2026-06-04 14:21:42,788 [INFO] IPUIPlugin:80 - create IPUIPlugin
2026-06-04 14:21:42,788 [INFO] IPUIPlugin:80 - create IPUIPlugin
2026-06-04 14:21:42,788 [INFO] IPUIPlugin:80 - create IPUIPlugin
2026-06-04 14:21:42,788 [INFO] IPUIPlugin:80 - create IPUIPlugin
2026-06-04 14:21:42,789 [INFO] IPUIPlugin:80 - create IPUIPlugin
2026-06-04 14:21:42,789 [INFO] IPUIPlugin:80 - create IPUIPlugin
2026-06-04 14:21:42,789 [INFO] IPUIPlugin:80 - create IPUIPlugin
2026-06-04 14:21:42,789 [INFO] IPUIPlugin:80 - create IPUIPlugin
2026-06-04 14:21:42,789 [INFO] IPUIPlugin:80 - create IPUIPlugin
2026-06-04 14:21:42,789 [INFO] IPUIPlugin:80 - create IPUIPlugin
2026-06-04 14:21:42,789 [INFO] IPUIPlugin:80 - create IPUIPlugin
2026-06-04 14:21:42,789 [INFO] IPUIPlugin:80 - create IPUIPlugin
2026-06-04 14:21:42,789 [INFO] IPUIPlugin:80 - create IPUIPlugin
2026-06-04 14:21:42,790 [INFO] IPUIPlugin:80 - create IPUIPlugin
2026-06-04 14:21:42,790 [INFO] IPUIPlugin:80 - create IPUIPlugin
2026-06-04 14:21:42,790 [INFO] IPUIPlugin:80 - create IPUIPlugin
2026-06-04 14:21:42,790 [INFO] IPUIPlugin:80 - create IPUIPlugin
2026-06-04 14:21:42,790 [INFO] IPUIPlugin:80 - create IPUIPlugin
2026-06-04 14:21:42,790 [INFO] IPUIPlugin:80 - create IPUIPlugin
2026-06-04 14:21:42,790 [INFO] IPUIPlugin:80 - create IPUIPlugin
2026-06-04 14:21:42,790 [INFO] IPUIPlugin:80 - create IPUIPlugin
2026-06-04 14:21:42,790 [INFO] IPUIPlugin:80 - create IPUIPlugin
2026-06-04 14:21:42,791 [INFO] IPUIPlugin:80 - create IPUIPlugin
2026-06-04 14:21:42,791 [INFO] IPUIPlugin:80 - create IPUIPlugin
2026-06-04 14:21:42,791 [INFO] IPUIPlugin:80 - create IPUIPlugin
2026-06-04 14:21:42,791 [INFO] IPUIPlugin:80 - create IPUIPlugin
2026-06-04 14:21:42,791 [INFO] IPUIPlugin:80 - create IPUIPlugin
2026-06-04 14:21:42,791 [INFO] IPUIPlugin:80 - create IPUIPlugin
2026-06-04 14:21:42,791 [INFO] IPUIPlugin:80 - create IPUIPlugin
2026-06-04 14:21:42,791 [INFO] IPUIPlugin:80 - create IPUIPlugin
2026-06-04 14:21:42,791 [INFO] IPUIPlugin:80 - create IPUIPlugin
2026-06-04 14:21:42,791 [INFO] IPUIPlugin:80 - create IPUIPlugin
2026-06-04 14:21:42,792 [INFO] IPUIPlugin:80 - create IPUIPlugin
2026-06-04 14:21:42,792 [INFO] IPUIPlugin:80 - create IPUIPlugin
2026-06-04 14:21:42,792 [INFO] IPUIPlugin:80 - create IPUIPlugin
2026-06-04 14:21:42,792 [INFO] IPUIPlugin:80 - create IPUIPlugin
2026-06-04 14:21:42,792 [INFO] IPUIPlugin:80 - create IPUIPlugin
2026-06-04 14:21:42,792 [INFO] IPUIPlugin:80 - create IPUIPlugin
2026-06-04 14:21:42,792 [INFO] IPUIPlugin:80 - create IPUIPlugin
2026-06-04 14:21:42,792 [INFO] IPUIPlugin:80 - create IPUIPlugin
2026-06-04 14:21:42,792 [INFO] IPUIPlugin:80 - create IPUIPlugin
2026-06-04 14:21:42,793 [INFO] IPUIPlugin:80 - create IPUIPlugin
2026-06-04 14:21:42,793 [INFO] IPUIPlugin:80 - create IPUIPlugin
2026-06-04 14:21:42,793 [INFO] IPUIPlugin:80 - create IPUIPlugin
2026-06-04 14:21:42,793 [INFO] IPUIPlugin:80 - create IPUIPlugin
2026-06-04 14:21:42,793 [INFO] IPUIPlugin:80 - create IPUIPlugin
2026-06-04 14:21:42,793 [INFO] IPUIPlugin:80 - create IPUIPlugin
2026-06-04 14:21:42,794 [INFO] IPUIPlugin:80 - create IPUIPlugin
2026-06-04 14:21:42,794 [INFO] IPUIPlugin:80 - create IPUIPlugin
2026-06-04 14:21:42,913 [INFO] CADModel:165 - CPN selected for project levelSTM32L476RGT6
2026-06-04 14:21:42,913 [INFO] CADModel:114 - Register for checkConnection events
2026-06-04 14:21:42,956 [INFO] OpenFileManager:328 - Restore cursor
2026-06-04 14:21:54,017 [INFO] UtilMem:75 - End SaveConfig() Used Memory: 494865040 Bytes (692060160)
2026-06-04 14:21:54,353 [INFO] BlockDiagram:2759 - set Specific Code input for plugin: TIM1_8L4
2026-06-04 14:21:54,354 [INFO] BlockDiagram:2759 - set Specific Code input for plugin: ADC
2026-06-04 14:21:54,354 [INFO] BlockDiagram:2759 - set Specific Code input for plugin: RCC
2026-06-04 14:21:54,354 [INFO] BlockDiagram:2759 - set Specific Code input for plugin: NVIC
2026-06-04 14:21:54,354 [INFO] BlockDiagram:2759 - set Specific Code input for plugin: USART
2026-06-04 14:21:54,354 [INFO] BlockDiagram:2759 - set Specific Code input for plugin: DMA
2026-06-04 14:21:54,354 [INFO] BlockDiagram:2759 - set Specific Code input for plugin: GPIO
2026-06-04 14:21:54,355 [INFO] CodeGenerator:799 - code generatio: config db path: /opt/st/stm32cubeide_1.13.2_2/plugins/com.st.stm32cube.common.mx_6.9.2.202309101412//db/
2026-06-04 14:21:54,527 [INFO] CodeEngine:255 - oldGeneratedFile, /home/papijou/Desktop/IPD439/IPD_439_Workspaces/Proyecto/STM32_workspace/ADC_AC/MXTmpFiles/license.tmp_save
2026-06-04 14:21:54,750 [INFO] CodeEngine:279 - Generated code: /home/papijou/Desktop/IPD439/IPD_439_Workspaces/Proyecto/STM32_workspace/ADC_AC/MXTmpFiles/license.tmp
2026-06-04 14:21:54,818 [INFO] CodeEngine:255 - oldGeneratedFile, /home/papijou/Desktop/IPD439/IPD_439_Workspaces/Proyecto/STM32_workspace/ADC_AC/Core/Src/gpio.c_save
2026-06-04 14:21:54,916 [INFO] CodeEngine:279 - Generated code: /home/papijou/Desktop/IPD439/IPD_439_Workspaces/Proyecto/STM32_workspace/ADC_AC/Core/Src/gpio.c
2026-06-04 14:21:54,918 [INFO] CodeEngine:255 - oldGeneratedFile, /home/papijou/Desktop/IPD439/IPD_439_Workspaces/Proyecto/STM32_workspace/ADC_AC/Core/Inc/gpio.h_save
2026-06-04 14:21:54,981 [INFO] CodeEngine:279 - Generated code: /home/papijou/Desktop/IPD439/IPD_439_Workspaces/Proyecto/STM32_workspace/ADC_AC/Core/Inc/gpio.h
2026-06-04 14:21:55,091 [INFO] CodeEngine:255 - oldGeneratedFile, /home/papijou/Desktop/IPD439/IPD_439_Workspaces/Proyecto/STM32_workspace/ADC_AC/Core/Src/adc.c_save
2026-06-04 14:21:55,173 [INFO] CodeEngine:279 - Generated code: /home/papijou/Desktop/IPD439/IPD_439_Workspaces/Proyecto/STM32_workspace/ADC_AC/Core/Src/adc.c
2026-06-04 14:21:55,175 [INFO] CodeEngine:255 - oldGeneratedFile, /home/papijou/Desktop/IPD439/IPD_439_Workspaces/Proyecto/STM32_workspace/ADC_AC/Core/Inc/adc.h_save
2026-06-04 14:21:55,216 [INFO] CodeEngine:279 - Generated code: /home/papijou/Desktop/IPD439/IPD_439_Workspaces/Proyecto/STM32_workspace/ADC_AC/Core/Inc/adc.h
2026-06-04 14:21:55,224 [INFO] CodeEngine:255 - oldGeneratedFile, /home/papijou/Desktop/IPD439/IPD_439_Workspaces/Proyecto/STM32_workspace/ADC_AC/Core/Src/dma.c_save
2026-06-04 14:21:55,266 [INFO] CodeEngine:279 - Generated code: /home/papijou/Desktop/IPD439/IPD_439_Workspaces/Proyecto/STM32_workspace/ADC_AC/Core/Src/dma.c
2026-06-04 14:21:55,267 [INFO] CodeEngine:255 - oldGeneratedFile, /home/papijou/Desktop/IPD439/IPD_439_Workspaces/Proyecto/STM32_workspace/ADC_AC/Core/Inc/dma.h_save
2026-06-04 14:21:55,326 [INFO] CodeEngine:279 - Generated code: /home/papijou/Desktop/IPD439/IPD_439_Workspaces/Proyecto/STM32_workspace/ADC_AC/Core/Inc/dma.h
2026-06-04 14:21:55,329 [INFO] CodeEngine:255 - oldGeneratedFile, /home/papijou/Desktop/IPD439/IPD_439_Workspaces/Proyecto/STM32_workspace/ADC_AC/Core/Src/tim.c_save
2026-06-04 14:21:55,402 [INFO] CodeEngine:279 - Generated code: /home/papijou/Desktop/IPD439/IPD_439_Workspaces/Proyecto/STM32_workspace/ADC_AC/Core/Src/tim.c
2026-06-04 14:21:55,403 [INFO] CodeEngine:255 - oldGeneratedFile, /home/papijou/Desktop/IPD439/IPD_439_Workspaces/Proyecto/STM32_workspace/ADC_AC/Core/Inc/tim.h_save
2026-06-04 14:21:55,440 [INFO] CodeEngine:279 - Generated code: /home/papijou/Desktop/IPD439/IPD_439_Workspaces/Proyecto/STM32_workspace/ADC_AC/Core/Inc/tim.h
2026-06-04 14:21:55,442 [INFO] CodeEngine:255 - oldGeneratedFile, /home/papijou/Desktop/IPD439/IPD_439_Workspaces/Proyecto/STM32_workspace/ADC_AC/Core/Src/usart.c_save
2026-06-04 14:21:55,497 [INFO] CodeEngine:279 - Generated code: /home/papijou/Desktop/IPD439/IPD_439_Workspaces/Proyecto/STM32_workspace/ADC_AC/Core/Src/usart.c
2026-06-04 14:21:55,498 [INFO] CodeEngine:255 - oldGeneratedFile, /home/papijou/Desktop/IPD439/IPD_439_Workspaces/Proyecto/STM32_workspace/ADC_AC/Core/Inc/usart.h_save
2026-06-04 14:21:55,533 [INFO] CodeEngine:279 - Generated code: /home/papijou/Desktop/IPD439/IPD_439_Workspaces/Proyecto/STM32_workspace/ADC_AC/Core/Inc/usart.h
2026-06-04 14:21:55,538 [INFO] CodeEngine:255 - oldGeneratedFile, /home/papijou/Desktop/IPD439/IPD_439_Workspaces/Proyecto/STM32_workspace/ADC_AC/Core/Src/stm32l4xx_it.c_save
2026-06-04 14:21:55,586 [INFO] CodeEngine:279 - Generated code: /home/papijou/Desktop/IPD439/IPD_439_Workspaces/Proyecto/STM32_workspace/ADC_AC/Core/Src/stm32l4xx_it.c
2026-06-04 14:21:55,588 [INFO] CodeEngine:255 - oldGeneratedFile, /home/papijou/Desktop/IPD439/IPD_439_Workspaces/Proyecto/STM32_workspace/ADC_AC/Core/Inc/stm32l4xx_it.h_save
2026-06-04 14:21:55,628 [INFO] CodeEngine:279 - Generated code: /home/papijou/Desktop/IPD439/IPD_439_Workspaces/Proyecto/STM32_workspace/ADC_AC/Core/Inc/stm32l4xx_it.h
2026-06-04 14:21:55,642 [INFO] CodeEngine:255 - oldGeneratedFile, /home/papijou/Desktop/IPD439/IPD_439_Workspaces/Proyecto/STM32_workspace/ADC_AC/Core/Src/stm32l4xx_hal_msp.c_save
2026-06-04 14:21:55,694 [INFO] CodeEngine:279 - Generated code: /home/papijou/Desktop/IPD439/IPD_439_Workspaces/Proyecto/STM32_workspace/ADC_AC/Core/Src/stm32l4xx_hal_msp.c
2026-06-04 14:21:55,696 [INFO] CodeEngine:255 - oldGeneratedFile, /home/papijou/Desktop/IPD439/IPD_439_Workspaces/Proyecto/STM32_workspace/ADC_AC/MXTmpFiles/system.tmp_save
2026-06-04 14:21:55,745 [INFO] CodeEngine:279 - Generated code: /home/papijou/Desktop/IPD439/IPD_439_Workspaces/Proyecto/STM32_workspace/ADC_AC/MXTmpFiles/system.tmp
2026-06-04 14:21:55,747 [INFO] CodeEngine:311 - oldGeneratedFile, /home/papijou/Desktop/IPD439/IPD_439_Workspaces/Proyecto/STM32_workspace/ADC_AC/Core/Inc/stm32l4xx_hal_conf.h_save
2026-06-04 14:21:55,787 [INFO] CodeEngine:335 - Generated code: /home/papijou/Desktop/IPD439/IPD_439_Workspaces/Proyecto/STM32_workspace/ADC_AC/Core/Inc/stm32l4xx_hal_conf.h
2026-06-04 14:21:55,803 [INFO] CodeEngine:255 - oldGeneratedFile, /home/papijou/Desktop/IPD439/IPD_439_Workspaces/Proyecto/STM32_workspace/ADC_AC/Core/Inc/main.h_save
2026-06-04 14:21:55,849 [INFO] CodeEngine:279 - Generated code: /home/papijou/Desktop/IPD439/IPD_439_Workspaces/Proyecto/STM32_workspace/ADC_AC/Core/Inc/main.h
2026-06-04 14:21:55,850 [INFO] CodeEngine:255 - oldGeneratedFile, /home/papijou/Desktop/IPD439/IPD_439_Workspaces/Proyecto/STM32_workspace/ADC_AC/Core/Src/main.c_save
2026-06-04 14:21:55,916 [INFO] CodeEngine:279 - Generated code: /home/papijou/Desktop/IPD439/IPD_439_Workspaces/Proyecto/STM32_workspace/ADC_AC/Core/Src/main.c
2026-06-04 14:21:56,218 [INFO] ProjectBuilder:3064 - Time for Copy HAL[1] : 39mS.
2026-06-04 14:21:56,222 [INFO] ProjectBuilder:4404 - Project Generator version: 4.1.0
2026-06-04 14:21:56,353 [INFO] ConfigFileManager:1457 - The Die is : DIE415
2026-06-04 14:21:56,361 [INFO] ApiDbMcu:507 - Load IP Config File for FATFS
2026-06-04 14:21:56,378 [INFO] ApiDbMcu:507 - Load IP Config File for FREERTOS
2026-06-04 14:21:56,384 [INFO] ApiDbMcu:507 - Load IP Config File for TOUCHSENSING
2026-06-04 14:21:56,387 [INFO] ApiDbMcu:507 - Load IP Config File for USB_DEVICE
2026-06-04 14:21:56,389 [INFO] ApiDbMcu:507 - Load IP Config File for USB_HOST
2026-06-04 14:21:56,798 [INFO] LogOutputStream:77 - [STDOUT_REDIRECT] 
2026-06-04 14:21:57,221 [INFO] ProjectBuilder:4626 - Time for Generating toolchain IDE Files: 1000mS.
2026-06-04 14:21:57,222 [INFO] ProjectBuilder:2935 - Time for Copy CMSIS : 0mS.
2026-06-04 14:21:57,223 [INFO] ProjectBuilder:2935 - Time for Copy CMSIS : 1mS.
2026-06-04 14:22:38,134 [INFO] ADCParametersView:116 -                Rank 1 : false
2026-06-04 14:22:38,213 [INFO] ADCParametersView:116 -                Rank 1 : false
2026-06-04 14:22:38,214 [INFO] ADCParametersView:116 -                Rank 1 : false
2026-06-04 14:22:38,214 [INFO] ADCParametersView:116 -                Rank 1 : false
2026-06-04 14:22:38,214 [INFO] ADCParametersView:116 -                Rank 1 : false
2026-06-04 14:22:38,214 [INFO] ADCParametersView:116 -                Rank 1 : false
2026-06-04 14:22:38,214 [INFO] ADCParametersView:116 -                Rank 1 : false
2026-06-04 14:22:38,214 [INFO] ADCParametersView:116 -                Rank 1 : false
2026-06-04 14:22:38,214 [INFO] ADCParametersView:116 -                Rank 1 : false
2026-06-04 14:22:38,215 [INFO] ADCParametersView:116 -                Rank 1 : false
2026-06-04 14:22:38,215 [INFO] ADCParametersView:116 -                Rank 1 : false
2026-06-04 14:22:38,215 [INFO] ADCParametersView:116 -                Rank 1 : false
2026-06-04 14:22:38,215 [INFO] ADCParametersView:116 -                Rank 1 : false
2026-06-04 14:22:38,215 [INFO] ADCParametersView:116 -                Rank 1 : false
2026-06-04 14:22:38,215 [INFO] ADCParametersView:116 -                Rank 1 : false
2026-06-04 14:22:38,215 [INFO] ADCParametersView:116 -                Rank 1 : false
2026-06-04 14:22:38,215 [INFO] ADCParametersView:116 -                Rank 1 : false
2026-06-04 14:22:38,215 [INFO] ADCParametersView:116 -                Rank 1 : false
2026-06-04 14:22:38,215 [INFO] ADCParametersView:116 -                Rank 1 : false
2026-06-04 14:22:38,215 [INFO] ADCParametersView:116 -                Rank 1 : false
2026-06-04 14:22:38,215 [INFO] ADCParametersView:116 -                Rank 1 : false
2026-06-04 14:22:38,238 [INFO] ADCParametersView:116 -                Rank 1 : false
2026-06-04 14:23:07,048 [INFO] MainUpdater:2868 - connection check result : 10
2026-06-04 14:23:07,050 [INFO] McuFinderGlobals:76 - Set McuFinderConnectedMode to true
2026-06-04 14:23:07,752 [INFO] ServerAccessManage:473 - Download File mcusAds.json._tmp_
2026-06-04 14:23:07,856 [INFO] LoadUrlFilesThread:156 - End of LoadUrlFiles Thread
2026-06-04 14:23:08,022 [INFO] ServerAccessManage:473 - Download File cube-finder-db.zip
2026-06-04 14:23:13,119 [INFO] FileExtend:240 - Unzip File : cube-finder-db.zip
2026-06-04 14:23:13,120 [INFO] FileExtend:255 - Standard Zip Deflate
2026-06-04 14:23:13,587 [INFO] LoadUrlFilesThread:156 - End of LoadUrlFiles Thread
2026-06-04 14:23:15,079 [INFO] ServerAccessManage:473 - Download File crdb.zip
2026-06-04 14:23:16,361 [INFO] FileExtend:240 - Unzip File : crdb.zip
2026-06-04 14:23:16,361 [INFO] FileExtend:255 - Standard Zip Deflate
2026-06-04 14:23:16,477 [INFO] LoadUrlFilesThread:156 - End of LoadUrlFiles Thread
2026-06-04 14:23:18,055 [INFO] ServerAccessManage:473 - Download File tutoVideoDB.zip
2026-06-04 14:23:18,077 [INFO] FileExtend:240 - Unzip File : tutoVideoDB.zip
2026-06-04 14:23:18,077 [INFO] FileExtend:255 - Standard Zip Deflate
2026-06-04 14:23:18,180 [INFO] LoadUrlFilesThread:156 - End of LoadUrlFiles Thread
2026-06-04 14:23:18,183 [WARN] DbFile:41 - Overriding database path with different value: /home/papijou/.stmcufinder/plugins/mcufinder/ => /home/papijou/.stmcufinder/plugins/mcufinder
2026-06-04 14:23:19,031 [ERROR] ServerAccessManage:1089 - Problem, file not found on Server
2026-06-04 14:23:19,032 [ERROR] ServerAccessManage:651 - Problem, file not found on Server : api_config.json.
2026-06-04 14:23:20,148 [INFO] LoadUrlFilesThread:156 - End of LoadUrlFiles Thread
2026-06-04 14:23:21,317 [INFO] DbMcusAds:53 - JSON generation date=Thu May 28 12:08:16 CLT 2026 (1779984496303)
2026-06-04 14:23:21,320 [INFO] ApiDb:448 - Save user favorites file /home/papijou/.stm32cubeide/favorites.mcus.txt: 0 item(s)
2026-06-04 14:23:21,320 [INFO] ApiDb:452 - User favorites MCUs=[]
2026-06-04 14:23:21,322 [INFO] ApiDb:581 - Connected to CubeFinder SQLite database (/home/papijou/.stmcufinder/plugins/mcufinder/mcu/cube-finder-db.db)
2026-06-04 14:23:21,365 [INFO] ApiDb:668 - CubeFinder database Data Model version=2.1
2026-06-04 14:23:21,365 [INFO] ApiDb:669 - CubeFinder database Configuration version=3.0.42
2026-06-04 14:23:21,365 [INFO] ApiDb:670 - CubeFinder database generation date=2026-05-14 (1778746352)
2026-06-04 14:23:21,365 [INFO] ApiDb:671 - CubeFinder database FW Pack versions=[FP-ATR-ASTRA1_V2.0.0, FP-SNS-FLIGHT1_V5.1.0, FP-SNS-MOTENV1_V5.1.0, FP-SNS-MOTENVWB1_V1.5.0, FP-SNS-SMARTAG2_V1.2.0, FP-SNS-STBOX1_V2.1.0, STM32Cube_FW_C0_V1.4.0, STM32Cube_FW_F4_V1.28.3, STM32Cube_FW_F7_V1.17.4, STM32Cube_FW_G0_V1.6.3, STM32Cube_FW_G4_V1.6.2, STM32Cube_FW_H5_V1.6.0, STM32Cube_FW_H7RS_V1.3.0, STM32Cube_FW_H7_V1.13.0, STM32Cube_FW_L0_V1.12.2, STM32Cube_FW_L4_V1.18.2, STM32Cube_FW_L5_V1.6.0, STM32Cube_FW_N6_V1.3.0, STM32Cube_FW_U0_V1.3.0, STM32Cube_FW_U3_V1.3.0, STM32Cube_FW_U5_V1.8.0, STM32Cube_FW_WB0_V1.4.0, STM32Cube_FW_WBA_V1.9.0, STM32Cube_FW_WB_V1.24.0, STM32Cube_FW_WL3_V1.4.0, STM32Cube_FW_WL_V1.5.0, X-CUBE-ALGOBUILD_V1.4.0, X-CUBE-ALS_V1.0.2, X-CUBE-AZRTOS-F4_V1.1.0, X-CUBE-AZRTOS-F7_V1.1.0, X-CUBE-AZRTOS-G0_V1.1.0, X-CUBE-AZRTOS-G4_V2.0.0, X-CUBE-AZRTOS-H7RS_V1.1.0, X-CUBE-AZRTOS-H7_V3.5.0, X-CUBE-AZRTOS-L4_V2.0.0, X-CUBE-AZRTOS-L5_V2.0.0, X-CUBE-AZRTOS-WB_V2.0.0, X-CUBE-AZRTOS-WL_V2.0.0, X-CUBE-BLE1_V7.1.0, X-CUBE-BLE2_V3.3.0, X-CUBE-BLEMGR_V4.1.0, X-CUBE-EEPRMA1_V5.2.0, X-CUBE-FREERTOS_V1.5.0, X-CUBE-GNSS1_V7.1.1, X-CUBE-MEMS1_V12.1.0, X-CUBE-NFC4_V3.0.0, X-CUBE-NFC7_V2.0.0, X-CUBE-SFXS2LP1_V4.0.0, X-CUBE-ST67W61_V1.3.0, X-CUBE-SUBG2_V5.0.0, X-CUBE-TOF1_V3.4.3]
2026-06-04 14:23:23,127 [INFO] ApiDb:240 - Found 323 in-development CPN: [B-G473E-ZEST1S, B-WB1M-WPAN1, B-WL5M-SUBG1, NUCLEO-C031C6, NUCLEO-H503RB, NUCLEO-H563ZI, NUCLEO-U545RE-Q, NUCLEO-U5A5ZJ-Q, NUCLEO-WBA52CG, STEVAL-PROTEUS1, STEVAL-SMARTAG2, STEVAL-STWINBX1, STM320518-EVAL, STM32C0116-DK, STM32C011D6Y3TR, STM32C011D6Y6TR, STM32C011F4P3, STM32C011F4P6, STM32C011F4U3, STM32C011F4U6TR, STM32C011F6P3, STM32C011F6P6, STM32C011F6U3, STM32C011F6U6TR, STM32C011J4M3, STM32C011J4M6, STM32C011J6M3, STM32C011J6M6, STM32C0316-DK, STM32C031C4T3, STM32C031C4T6, STM32C031C4U3, STM32C031C4U6, STM32C031C6T3, STM32C031C6T6, STM32C031C6U3, STM32C031C6U6, STM32C031F4P3, STM32C031F4P6, STM32C031F6P3, STM32C031F6P6, STM32C031G4U3, STM32C031G4U6, STM32C031G6U3, STM32C031G6U6, STM32C031K4T3, STM32C031K4T6, STM32C031K4U3, STM32C031K4U6, STM32C031K6T3, STM32C031K6T6, STM32C031K6U3, STM32C031K6U6, STM32G071K8TXN, STM32G071K8UXN, STM32G081GBU6N, STM32G081KBT6N, STM32G081KBUXN, STM32G0B1CCT6N, STM32G0B1KCT6, STM32G0B1NEY6TR, STM32G0B1RCT6N, STM32G0C1CCT6, STM32G0C1CCT6N, STM32G0C1CCU6N, STM32G0C1CET6N, STM32G0C1CEU6N, STM32G0C1KCT6, STM32G0C1NEY6TR, STM32G0C1RCI6N, STM32G0C1RCT6N, STM32G0C1REI6N, STM32G0C1RET6N, STM32G0C1VCI6, STM32G0C1VEI6, STM32G471CCT6, STM32G471CCU6, STM32G471CET3, STM32G471CET6, STM32G471CEU3, STM32G471CEU6, STM32G471MCT6, STM32G471MET3, STM32G471MET6, STM32G471MEY6TR, STM32G471QCT6, STM32G471QET3, STM32G471RCT6, STM32G471RET3, STM32G471RET6, STM32G471VCH6, STM32G471VCI6, STM32G471VCT6, STM32G471VEH3, STM32G471VEH6, STM32G471VEI3, STM32G471VEI6, STM32G471VET3, STM32G471VET6, STM32G474CCT6, STM32H503CBT6, STM32H503CBU6, STM32H503EBY6TR, STM32H503KBU6, STM32H503RBT6, STM32H562AGI6, STM32H562AII6, STM32H562IGK6, STM32H562IGT6, STM32H562IIK6, STM32H562IIT6, STM32H562RGT6, STM32H562RGV6, STM32H562RIT6, STM32H562RIV6, STM32H562VGT6, STM32H562VIT6, STM32H562ZGT6, STM32H562ZIT6, STM32H563AGI6, STM32H563AII3Q, STM32H563AII6, STM32H563IGK6, STM32H563IGT6, STM32H563IIK3Q, STM32H563IIK6, STM32H563IIT3Q, STM32H563IIT6, STM32H563MIY3QTR, STM32H563RGT6, STM32H563RGV6, STM32H563RIT6, STM32H563RIV6, STM32H563VGT6, STM32H563VIT3Q, STM32H563VIT6, STM32H563ZGT6, STM32H563ZIT3Q, STM32H563ZIT6, STM32H573AII3Q, STM32H573AII6, STM32H573I-DK, STM32H573IIK3Q, STM32H573IIK6, STM32H573IIT3Q, STM32H573IIT6, STM32H573MIY3QTR, STM32H573RIT6, STM32H573RIV6, STM32H573VIT3Q, STM32H573VIT6, STM32H573ZIT3Q, STM32H573ZIT6, STM32L4R5QGI6STR, STM32MP131AAE3, STM32MP131AAF3, STM32MP131AAG3, STM32MP131CAE3, STM32MP131CAF3, STM32MP131CAG3, STM32MP131DAE7, STM32MP131DAF7, STM32MP131DAG7, STM32MP131FAE7, STM32MP131FAF7, STM32MP131FAG7, STM32MP133AAE3, STM32MP133AAF3, STM32MP133AAG3, STM32MP133CAE3, STM32MP133CAF3, STM32MP133CAG3, STM32MP133DAE7, STM32MP133DAF7, STM32MP133DAG7, STM32MP133FAE7, STM32MP133FAF7, STM32MP133FAG7, STM32MP135AAE3, STM32MP135AAF3, STM32MP135AAG3, STM32MP135CAE3, STM32MP135CAF3, STM32MP135CAG3, STM32MP135DAE7, STM32MP135DAF7, STM32MP135DAG7, STM32MP135F-DK, STM32MP135FAE7, STM32MP135FAF7, STM32MP135FAF7T, STM32MP135FAF7U, STM32MP135FAG7, STM32U535CBT6, STM32U535CBT6Q, STM32U535CBU6, STM32U535CBU6Q, STM32U535CCT6, STM32U535CCT6Q, STM32U535CCU6, STM32U535CCU6Q, STM32U535CET6, STM32U535CET6Q, STM32U535CEU6, STM32U535CEU6Q, STM32U535JEY6QTR, STM32U535NCY6QTR, STM32U535NEY6QTR, STM32U535RBI6, STM32U535RBI6Q, STM32U535RBT6, STM32U535RBT6Q, STM32U535RCI6, STM32U535RCI6Q, STM32U535RCT6, STM32U535RCT6Q, STM32U535REI6, STM32U535REI6Q, STM32U535RET6, STM32U535RET6Q, STM32U535VCI6, STM32U535VCI6Q, STM32U535VCT6, STM32U535VCT6Q, STM32U535VEI6, STM32U535VEI6Q, STM32U535VET6, STM32U535VET6Q, STM32U545CET6, STM32U545CET6Q, STM32U545CEU6, STM32U545CEU6Q, STM32U545JEY6QTR, STM32U545NEY6QTR, STM32U545REI6, STM32U545REI6Q, STM32U545RET6, STM32U545RET6Q, STM32U545VEI6, STM32U545VEI6Q, STM32U545VET6, STM32U545VET6Q, STM32U595AIH6, STM32U595AIH6Q, STM32U595AJH6, STM32U595AJH6Q, STM32U595QII6, STM32U595QII6Q, STM32U595QJI6, STM32U595QJI6Q, STM32U595RIT6, STM32U595RIT6Q, STM32U595RJT6, STM32U595RJT6Q, STM32U595VIT6, STM32U595VIT6Q, STM32U595VJT6, STM32U595VJT6Q, STM32U595ZIT6, STM32U595ZIT6Q, STM32U595ZIY6QTR, STM32U595ZJT6, STM32U595ZJT6Q, STM32U595ZJY6QTR, STM32U599BJY6QTR, STM32U599NIH6Q, STM32U599NJH6Q, STM32U599VIT6Q, STM32U599VJT6, STM32U599VJT6Q, STM32U599ZIT6Q, STM32U599ZIY6QTR, STM32U599ZJT6Q, STM32U599ZJY6QTR, STM32U5A5AJH6, STM32U5A5AJH6Q, STM32U5A5QJI6, STM32U5A5QJI6Q, STM32U5A5RJT6, STM32U5A5RJT6Q, STM32U5A5VJT6, STM32U5A5VJT6Q, STM32U5A5ZJT6, STM32U5A5ZJT6Q, STM32U5A5ZJY6QTR, STM32U5A9BJY6QTR, STM32U5A9J-DK, STM32U5A9NJH6Q, STM32U5A9VJT6Q, STM32U5A9ZJT6Q, STM32U5A9ZJY6QTR, STM32U5F7VIT6, STM32U5F7VIT6Q, STM32U5F7VJT6, STM32U5F7VJT6Q, STM32U5F9BJY6QTR, STM32U5F9NJH6Q, STM32U5F9VIT6Q, STM32U5F9VJT6Q, STM32U5F9ZIJ6QTR, STM32U5F9ZIT6Q, STM32U5F9ZJJ6QTR, STM32U5F9ZJT6Q, STM32U5G7VJT6, STM32U5G7VJT6Q, STM32U5G9BJY6QTR, STM32U5G9J-DK1, STM32U5G9J-DK2, STM32U5G9NJH6Q, STM32U5G9VJT6Q, STM32U5G9ZJJ6QTR, STM32U5G9ZJT6Q, STM32WB1MMCH6, STM32WBA52CEU6, STM32WBA52CEU6T, STM32WBA52CGU6, STM32WBA52CGU6T, STM32WBA52KEU6, STM32WBA52KEU6T, STM32WBA52KGU6, STM32WBA52KGU6T, STM32WL5MOCH6, STM32WL5MOCH6TR]
2026-06-04 14:23:23,130 [INFO] DbMcus:217 - Found 5061 MCUs, 4943 are supported
2026-06-04 14:23:23,130 [INFO] ApiDb:423 - Load user favorites file /home/papijou/.stm32cubeide/favorites.mcus.txt: 0 item(s)
2026-06-04 14:23:23,130 [INFO] ApiDb:427 - User favorites MCUs=[]
2026-06-04 14:23:23,131 [INFO] DbMcus:223 - Set 0 / 0 favorites MCUs
2026-06-04 14:23:23,384 [ERROR] TargetSelectorAdapter:267 - Unable to refresh data
2026-06-04 14:23:23,451 [INFO] ApiDb:668 - CubeFinder database Data Model version=2.1
2026-06-04 14:23:23,451 [INFO] ApiDb:669 - CubeFinder database Configuration version=3.0.42
2026-06-04 14:23:23,451 [INFO] ApiDb:670 - CubeFinder database generation date=2026-05-14 (1778746352)
2026-06-04 14:23:23,451 [INFO] ApiDb:671 - CubeFinder database FW Pack versions=[FP-ATR-ASTRA1_V2.0.0, FP-SNS-FLIGHT1_V5.1.0, FP-SNS-MOTENV1_V5.1.0, FP-SNS-MOTENVWB1_V1.5.0, FP-SNS-SMARTAG2_V1.2.0, FP-SNS-STBOX1_V2.1.0, STM32Cube_FW_C0_V1.4.0, STM32Cube_FW_F4_V1.28.3, STM32Cube_FW_F7_V1.17.4, STM32Cube_FW_G0_V1.6.3, STM32Cube_FW_G4_V1.6.2, STM32Cube_FW_H5_V1.6.0, STM32Cube_FW_H7RS_V1.3.0, STM32Cube_FW_H7_V1.13.0, STM32Cube_FW_L0_V1.12.2, STM32Cube_FW_L4_V1.18.2, STM32Cube_FW_L5_V1.6.0, STM32Cube_FW_N6_V1.3.0, STM32Cube_FW_U0_V1.3.0, STM32Cube_FW_U3_V1.3.0, STM32Cube_FW_U5_V1.8.0, STM32Cube_FW_WB0_V1.4.0, STM32Cube_FW_WBA_V1.9.0, STM32Cube_FW_WB_V1.24.0, STM32Cube_FW_WL3_V1.4.0, STM32Cube_FW_WL_V1.5.0, X-CUBE-ALGOBUILD_V1.4.0, X-CUBE-ALS_V1.0.2, X-CUBE-AZRTOS-F4_V1.1.0, X-CUBE-AZRTOS-F7_V1.1.0, X-CUBE-AZRTOS-G0_V1.1.0, X-CUBE-AZRTOS-G4_V2.0.0, X-CUBE-AZRTOS-H7RS_V1.1.0, X-CUBE-AZRTOS-H7_V3.5.0, X-CUBE-AZRTOS-L4_V2.0.0, X-CUBE-AZRTOS-L5_V2.0.0, X-CUBE-AZRTOS-WB_V2.0.0, X-CUBE-AZRTOS-WL_V2.0.0, X-CUBE-BLE1_V7.1.0, X-CUBE-BLE2_V3.3.0, X-CUBE-BLEMGR_V4.1.0, X-CUBE-EEPRMA1_V5.2.0, X-CUBE-FREERTOS_V1.5.0, X-CUBE-GNSS1_V7.1.1, X-CUBE-MEMS1_V12.1.0, X-CUBE-NFC4_V3.0.0, X-CUBE-NFC7_V2.0.0, X-CUBE-SFXS2LP1_V4.0.0, X-CUBE-ST67W61_V1.3.0, X-CUBE-SUBG2_V5.0.0, X-CUBE-TOF1_V3.4.3]
2026-06-04 14:23:23,482 [INFO] DbBoardsSqlite:226 - include board P-NUCLEO-WB55-NUCLEO as a kit item of type 'Nucleo-64'
2026-06-04 14:23:23,482 [INFO] DbBoardsSqlite:226 - include board P-NUCLEO-WB55-USBDONGLE as a kit item of type 'Nucleo USB Dongle'
2026-06-04 14:23:23,482 [INFO] DbBoardsSqlite:226 - include board STEVAL-IDP005V1 as a kit item of type 'Evaluation Board'
2026-06-04 14:23:23,482 [INFO] DbBoardsSqlite:226 - include board STEVAL-IDP005V2 as a kit item of type 'Evaluation Board'
2026-06-04 14:23:23,519 [INFO] ApiDb:240 - Found 323 in-development CPN: [B-G473E-ZEST1S, B-WB1M-WPAN1, B-WL5M-SUBG1, NUCLEO-C031C6, NUCLEO-H503RB, NUCLEO-H563ZI, NUCLEO-U545RE-Q, NUCLEO-U5A5ZJ-Q, NUCLEO-WBA52CG, STEVAL-PROTEUS1, STEVAL-SMARTAG2, STEVAL-STWINBX1, STM320518-EVAL, STM32C0116-DK, STM32C011D6Y3TR, STM32C011D6Y6TR, STM32C011F4P3, STM32C011F4P6, STM32C011F4U3, STM32C011F4U6TR, STM32C011F6P3, STM32C011F6P6, STM32C011F6U3, STM32C011F6U6TR, STM32C011J4M3, STM32C011J4M6, STM32C011J6M3, STM32C011J6M6, STM32C0316-DK, STM32C031C4T3, STM32C031C4T6, STM32C031C4U3, STM32C031C4U6, STM32C031C6T3, STM32C031C6T6, STM32C031C6U3, STM32C031C6U6, STM32C031F4P3, STM32C031F4P6, STM32C031F6P3, STM32C031F6P6, STM32C031G4U3, STM32C031G4U6, STM32C031G6U3, STM32C031G6U6, STM32C031K4T3, STM32C031K4T6, STM32C031K4U3, STM32C031K4U6, STM32C031K6T3, STM32C031K6T6, STM32C031K6U3, STM32C031K6U6, STM32G071K8TXN, STM32G071K8UXN, STM32G081GBU6N, STM32G081KBT6N, STM32G081KBUXN, STM32G0B1CCT6N, STM32G0B1KCT6, STM32G0B1NEY6TR, STM32G0B1RCT6N, STM32G0C1CCT6, STM32G0C1CCT6N, STM32G0C1CCU6N, STM32G0C1CET6N, STM32G0C1CEU6N, STM32G0C1KCT6, STM32G0C1NEY6TR, STM32G0C1RCI6N, STM32G0C1RCT6N, STM32G0C1REI6N, STM32G0C1RET6N, STM32G0C1VCI6, STM32G0C1VEI6, STM32G471CCT6, STM32G471CCU6, STM32G471CET3, STM32G471CET6, STM32G471CEU3, STM32G471CEU6, STM32G471MCT6, STM32G471MET3, STM32G471MET6, STM32G471MEY6TR, STM32G471QCT6, STM32G471QET3, STM32G471RCT6, STM32G471RET3, STM32G471RET6, STM32G471VCH6, STM32G471VCI6, STM32G471VCT6, STM32G471VEH3, STM32G471VEH6, STM32G471VEI3, STM32G471VEI6, STM32G471VET3, STM32G471VET6, STM32G474CCT6, STM32H503CBT6, STM32H503CBU6, STM32H503EBY6TR, STM32H503KBU6, STM32H503RBT6, STM32H562AGI6, STM32H562AII6, STM32H562IGK6, STM32H562IGT6, STM32H562IIK6, STM32H562IIT6, STM32H562RGT6, STM32H562RGV6, STM32H562RIT6, STM32H562RIV6, STM32H562VGT6, STM32H562VIT6, STM32H562ZGT6, STM32H562ZIT6, STM32H563AGI6, STM32H563AII3Q, STM32H563AII6, STM32H563IGK6, STM32H563IGT6, STM32H563IIK3Q, STM32H563IIK6, STM32H563IIT3Q, STM32H563IIT6, STM32H563MIY3QTR, STM32H563RGT6, STM32H563RGV6, STM32H563RIT6, STM32H563RIV6, STM32H563VGT6, STM32H563VIT3Q, STM32H563VIT6, STM32H563ZGT6, STM32H563ZIT3Q, STM32H563ZIT6, STM32H573AII3Q, STM32H573AII6, STM32H573I-DK, STM32H573IIK3Q, STM32H573IIK6, STM32H573IIT3Q, STM32H573IIT6, STM32H573MIY3QTR, STM32H573RIT6, STM32H573RIV6, STM32H573VIT3Q, STM32H573VIT6, STM32H573ZIT3Q, STM32H573ZIT6, STM32L4R5QGI6STR, STM32MP131AAE3, STM32MP131AAF3, STM32MP131AAG3, STM32MP131CAE3, STM32MP131CAF3, STM32MP131CAG3, STM32MP131DAE7, STM32MP131DAF7, STM32MP131DAG7, STM32MP131FAE7, STM32MP131FAF7, STM32MP131FAG7, STM32MP133AAE3, STM32MP133AAF3, STM32MP133AAG3, STM32MP133CAE3, STM32MP133CAF3, STM32MP133CAG3, STM32MP133DAE7, STM32MP133DAF7, STM32MP133DAG7, STM32MP133FAE7, STM32MP133FAF7, STM32MP133FAG7, STM32MP135AAE3, STM32MP135AAF3, STM32MP135AAG3, STM32MP135CAE3, STM32MP135CAF3, STM32MP135CAG3, STM32MP135DAE7, STM32MP135DAF7, STM32MP135DAG7, STM32MP135F-DK, STM32MP135FAE7, STM32MP135FAF7, STM32MP135FAF7T, STM32MP135FAF7U, STM32MP135FAG7, STM32U535CBT6, STM32U535CBT6Q, STM32U535CBU6, STM32U535CBU6Q, STM32U535CCT6, STM32U535CCT6Q, STM32U535CCU6, STM32U535CCU6Q, STM32U535CET6, STM32U535CET6Q, STM32U535CEU6, STM32U535CEU6Q, STM32U535JEY6QTR, STM32U535NCY6QTR, STM32U535NEY6QTR, STM32U535RBI6, STM32U535RBI6Q, STM32U535RBT6, STM32U535RBT6Q, STM32U535RCI6, STM32U535RCI6Q, STM32U535RCT6, STM32U535RCT6Q, STM32U535REI6, STM32U535REI6Q, STM32U535RET6, STM32U535RET6Q, STM32U535VCI6, STM32U535VCI6Q, STM32U535VCT6, STM32U535VCT6Q, STM32U535VEI6, STM32U535VEI6Q, STM32U535VET6, STM32U535VET6Q, STM32U545CET6, STM32U545CET6Q, STM32U545CEU6, STM32U545CEU6Q, STM32U545JEY6QTR, STM32U545NEY6QTR, STM32U545REI6, STM32U545REI6Q, STM32U545RET6, STM32U545RET6Q, STM32U545VEI6, STM32U545VEI6Q, STM32U545VET6, STM32U545VET6Q, STM32U595AIH6, STM32U595AIH6Q, STM32U595AJH6, STM32U595AJH6Q, STM32U595QII6, STM32U595QII6Q, STM32U595QJI6, STM32U595QJI6Q, STM32U595RIT6, STM32U595RIT6Q, STM32U595RJT6, STM32U595RJT6Q, STM32U595VIT6, STM32U595VIT6Q, STM32U595VJT6, STM32U595VJT6Q, STM32U595ZIT6, STM32U595ZIT6Q, STM32U595ZIY6QTR, STM32U595ZJT6, STM32U595ZJT6Q, STM32U595ZJY6QTR, STM32U599BJY6QTR, STM32U599NIH6Q, STM32U599NJH6Q, STM32U599VIT6Q, STM32U599VJT6, STM32U599VJT6Q, STM32U599ZIT6Q, STM32U599ZIY6QTR, STM32U599ZJT6Q, STM32U599ZJY6QTR, STM32U5A5AJH6, STM32U5A5AJH6Q, STM32U5A5QJI6, STM32U5A5QJI6Q, STM32U5A5RJT6, STM32U5A5RJT6Q, STM32U5A5VJT6, STM32U5A5VJT6Q, STM32U5A5ZJT6, STM32U5A5ZJT6Q, STM32U5A5ZJY6QTR, STM32U5A9BJY6QTR, STM32U5A9J-DK, STM32U5A9NJH6Q, STM32U5A9VJT6Q, STM32U5A9ZJT6Q, STM32U5A9ZJY6QTR, STM32U5F7VIT6, STM32U5F7VIT6Q, STM32U5F7VJT6, STM32U5F7VJT6Q, STM32U5F9BJY6QTR, STM32U5F9NJH6Q, STM32U5F9VIT6Q, STM32U5F9VJT6Q, STM32U5F9ZIJ6QTR, STM32U5F9ZIT6Q, STM32U5F9ZJJ6QTR, STM32U5F9ZJT6Q, STM32U5G7VJT6, STM32U5G7VJT6Q, STM32U5G9BJY6QTR, STM32U5G9J-DK1, STM32U5G9J-DK2, STM32U5G9NJH6Q, STM32U5G9VJT6Q, STM32U5G9ZJJ6QTR, STM32U5G9ZJT6Q, STM32WB1MMCH6, STM32WBA52CEU6, STM32WBA52CEU6T, STM32WBA52CGU6, STM32WBA52CGU6T, STM32WBA52KEU6, STM32WBA52KEU6T, STM32WBA52KGU6, STM32WBA52KGU6T, STM32WL5MOCH6, STM32WL5MOCH6TR]
2026-06-04 14:23:23,529 [INFO] BoardInfo:880 - No configuration file found for board B-WBA5M-WPAN
2026-06-04 14:23:23,530 [INFO] DbBoards:157 - Board is not supported: B-WBA5M-WPAN
2026-06-04 14:23:23,531 [INFO] BoardInfo:880 - No configuration file found for board NUCLEO-C051C8
2026-06-04 14:23:23,531 [INFO] DbBoards:157 - Board is not supported: NUCLEO-C051C8
2026-06-04 14:23:23,532 [INFO] BoardInfo:880 - No configuration file found for board NUCLEO-C071RB
2026-06-04 14:23:23,532 [INFO] DbBoards:157 - Board is not supported: NUCLEO-C071RB
2026-06-04 14:23:23,532 [INFO] BoardInfo:880 - No configuration file found for board NUCLEO-C092RC
2026-06-04 14:23:23,532 [INFO] DbBoards:157 - Board is not supported: NUCLEO-C092RC
2026-06-04 14:23:23,548 [INFO] BoardInfo:880 - No configuration file found for board NUCLEO-H533RE
2026-06-04 14:23:23,548 [INFO] DbBoards:157 - Board is not supported: NUCLEO-H533RE
2026-06-04 14:23:23,548 [INFO] BoardInfo:880 - No configuration file found for board NUCLEO-H5E5ZJ
2026-06-04 14:23:23,549 [INFO] DbBoards:157 - Board is not supported: NUCLEO-H5E5ZJ
2026-06-04 14:23:23,552 [INFO] BoardInfo:880 - No configuration file found for board NUCLEO-H7S3L8
2026-06-04 14:23:23,552 [INFO] DbBoards:157 - Board is not supported: NUCLEO-H7S3L8
2026-06-04 14:23:23,560 [INFO] BoardInfo:880 - No configuration file found for board NUCLEO-N657X0-Q
2026-06-04 14:23:23,560 [INFO] DbBoards:157 - Board is not supported: NUCLEO-N657X0-Q
2026-06-04 14:23:23,561 [INFO] BoardInfo:880 - No configuration file found for board NUCLEO-U031R8
2026-06-04 14:23:23,561 [INFO] DbBoards:157 - Board is not supported: NUCLEO-U031R8
2026-06-04 14:23:23,561 [INFO] BoardInfo:880 - No configuration file found for board NUCLEO-U083RC
2026-06-04 14:23:23,561 [INFO] DbBoards:157 - Board is not supported: NUCLEO-U083RC
2026-06-04 14:23:23,561 [INFO] BoardInfo:880 - No configuration file found for board NUCLEO-U385RG-Q
2026-06-04 14:23:23,562 [INFO] DbBoards:157 - Board is not supported: NUCLEO-U385RG-Q
2026-06-04 14:23:23,562 [INFO] BoardInfo:880 - No configuration file found for board NUCLEO-U3C5ZI-Q
2026-06-04 14:23:23,562 [INFO] DbBoards:157 - Board is not supported: NUCLEO-U3C5ZI-Q
2026-06-04 14:23:23,564 [INFO] BoardInfo:880 - No configuration file found for board NUCLEO-WB05KZ
2026-06-04 14:23:23,564 [INFO] DbBoards:157 - Board is not supported: NUCLEO-WB05KZ
2026-06-04 14:23:23,564 [INFO] BoardInfo:880 - No configuration file found for board NUCLEO-WB07CC
2026-06-04 14:23:23,564 [INFO] DbBoards:157 - Board is not supported: NUCLEO-WB07CC
2026-06-04 14:23:23,565 [INFO] BoardInfo:880 - No configuration file found for board NUCLEO-WB09KE
2026-06-04 14:23:23,565 [INFO] DbBoards:157 - Board is not supported: NUCLEO-WB09KE
2026-06-04 14:23:23,573 [INFO] BoardInfo:880 - No configuration file found for board NUCLEO-WBA25CE1
2026-06-04 14:23:23,573 [INFO] DbBoards:157 - Board is not supported: NUCLEO-WBA25CE1
2026-06-04 14:23:23,575 [INFO] BoardInfo:880 - No configuration file found for board NUCLEO-WBA55CG
2026-06-04 14:23:23,575 [INFO] DbBoards:157 - Board is not supported: NUCLEO-WBA55CG
2026-06-04 14:23:23,576 [INFO] BoardInfo:880 - No configuration file found for board NUCLEO-WBA65RI
2026-06-04 14:23:23,576 [INFO] DbBoards:157 - Board is not supported: NUCLEO-WBA65RI
2026-06-04 14:23:23,577 [INFO] BoardInfo:880 - No configuration file found for board NUCLEO-WL33CC1
2026-06-04 14:23:23,577 [INFO] DbBoards:157 - Board is not supported: NUCLEO-WL33CC1
2026-06-04 14:23:23,578 [INFO] BoardInfo:880 - No configuration file found for board NUCLEO-WL33CC2
2026-06-04 14:23:23,578 [INFO] DbBoards:157 - Board is not supported: NUCLEO-WL33CC2
2026-06-04 14:23:23,579 [INFO] BoardInfo:880 - No configuration file found for board NUCLEO-WL3RKB1
2026-06-04 14:23:23,579 [INFO] DbBoards:157 - Board is not supported: NUCLEO-WL3RKB1
2026-06-04 14:23:23,580 [INFO] BoardInfo:880 - No configuration file found for board NUCLEO-WL3RKB2
2026-06-04 14:23:23,580 [INFO] DbBoards:157 - Board is not supported: NUCLEO-WL3RKB2
2026-06-04 14:23:23,584 [INFO] BoardInfo:880 - No configuration file found for board P-NUCLEO-WB55
2026-06-04 14:23:23,584 [INFO] DbBoards:157 - Kit is not supported: P-NUCLEO-WB55
2026-06-04 14:23:23,587 [INFO] BoardInfo:880 - No configuration file found for board STEVAL-BFA001V1B
2026-06-04 14:23:23,587 [INFO] DbBoards:157 - Kit is not supported: STEVAL-BFA001V1B
2026-06-04 14:23:23,588 [INFO] BoardInfo:880 - No configuration file found for board STEVAL-BFA001V2B
2026-06-04 14:23:23,588 [INFO] DbBoards:157 - Kit is not supported: STEVAL-BFA001V2B
2026-06-04 14:23:23,590 [INFO] BoardInfo:880 - No configuration file found for board STEVAL-MKBOXPRO
2026-06-04 14:23:23,590 [INFO] DbBoards:157 - Board is not supported: STEVAL-MKBOXPRO
2026-06-04 14:23:23,626 [INFO] BoardInfo:880 - No configuration file found for board STM32H5F5J-DK
2026-06-04 14:23:23,626 [INFO] DbBoards:157 - Board is not supported: STM32H5F5J-DK
2026-06-04 14:23:23,631 [INFO] BoardInfo:880 - No configuration file found for board STM32H7S78-DK
2026-06-04 14:23:23,631 [INFO] DbBoards:157 - Board is not supported: STM32H7S78-DK
2026-06-04 14:23:23,639 [INFO] BoardInfo:880 - No configuration file found for board STM32MP215F-DK
2026-06-04 14:23:23,640 [INFO] DbBoards:157 - Board is not supported: STM32MP215F-DK
2026-06-04 14:23:23,640 [INFO] BoardInfo:880 - No configuration file found for board STM32MP257F-DK
2026-06-04 14:23:23,640 [INFO] DbBoards:157 - Board is not supported: STM32MP257F-DK
2026-06-04 14:23:23,641 [INFO] BoardInfo:880 - No configuration file found for board STM32MP257F-EV1
2026-06-04 14:23:23,641 [INFO] DbBoards:157 - Board is not supported: STM32MP257F-EV1
2026-06-04 14:23:23,641 [INFO] BoardInfo:880 - No configuration file found for board STM32N6570-DK
2026-06-04 14:23:23,641 [INFO] DbBoards:157 - Board is not supported: STM32N6570-DK
2026-06-04 14:23:23,641 [INFO] BoardInfo:880 - No configuration file found for board STM32U083C-DK
2026-06-04 14:23:23,641 [INFO] DbBoards:157 - Board is not supported: STM32U083C-DK
2026-06-04 14:23:23,644 [INFO] BoardInfo:880 - No configuration file found for board STM32WBA55G-DK1
2026-06-04 14:23:23,644 [INFO] DbBoards:157 - Board is not supported: STM32WBA55G-DK1
2026-06-04 14:23:23,645 [INFO] BoardInfo:880 - No configuration file found for board STM32WBA65I-DK1
2026-06-04 14:23:23,645 [INFO] DbBoards:157 - Board is not supported: STM32WBA65I-DK1
2026-06-04 14:23:23,645 [INFO] DbBoards:161 - Found 218 boards, 183 are supported
2026-06-04 14:23:23,649 [INFO] ApiDb:423 - Load user favorites file /home/papijou/.stm32cubeide/favorites.boards.txt: 0 item(s)
2026-06-04 14:23:23,649 [INFO] ApiDb:427 - User favorites Boards=[]
2026-06-04 14:23:23,649 [INFO] DbBoards:190 - Set 0 / 0 favorites Boards
2026-06-04 14:23:23,650 [INFO] McuFinderGlobals:76 - Set McuFinderConnectedMode to true
2026-06-04 14:23:23,656 [INFO] MultiScanPanel:200 - Auto-refresh data requested => check proxy status ongoing
2026-06-04 14:23:23,657 [INFO] FinderPluginLoader:95 - Searching for filters in installed packs
2026-06-04 14:23:24,437 [INFO] LoadUrlFilesThread:185 - End of LoadServerUrlFiles without Thread
2026-06-04 14:23:24,460 [INFO] DetailPanel:341 - Set advertising image to /home/papijou/STM32Cube/Repository//en.prom-stm32wl3r-0526.jpg
2026-06-04 14:23:44,640 [INFO] MainUpdater:2868 - connection check result : 10
2026-06-04 14:23:44,640 [INFO] MainUpdater:2868 - connection check result : 10
2026-06-04 14:23:44,657 [INFO] MicroXplorer:468 - Change Database Path : 
2026-06-04 14:23:44,657 [INFO] MicroXplorer:498 - Change Database Version : DB.6.0.92
2026-06-04 14:23:44,669 [WARN] ThirdParty:871 - waiting for thirdparty lock release [close project]
2026-06-04 14:23:44,669 [INFO] ThirdParty:873 - entering critical section [close project]
2026-06-04 14:23:44,669 [INFO] ThirdParty:883 - exiting critical section [close project]
2026-06-04 14:23:44,671 [INFO] PinOutPanel:1499 - setPackage(No Configuration,No Configuration)
2026-06-04 14:23:44,675 [INFO] UtilMem:75 - Begin LoadConfig() Used Memory: 330339744 Bytes (856686592)
2026-06-04 14:23:44,676 [INFO] MicroXplorer:468 - Change Database Path : 
2026-06-04 14:23:44,676 [INFO] MicroXplorer:498 - Change Database Version : DB.6.0.92
2026-06-04 14:23:44,676 [INFO] OpenFileManager:308 - Change cursor
2026-06-04 14:23:44,685 [INFO] RulesReader:64 - Compatibility file has been processed (293 Rules)
2026-06-04 14:23:44,687 [INFO] Mcu:1946 - Initializing MCU STM32L476R(C-E-G)Tx STM32L476RGTx STM32L476RGT6
2026-06-04 14:23:45,394 [INFO] Context:659 - Trying to add GPIOservice into a context  which must be forbidden
2026-06-04 14:23:45,713 [INFO] RtosManager:555 - Registered RTOS mode: class=CMSIS, group=RTOS, mode=CMSIS_V1, owner=FREERTOS
2026-06-04 14:23:45,713 [INFO] RtosManager:555 - Registered RTOS mode: class=CMSIS, group=RTOS2, mode=CMSIS_V2, owner=FREERTOS
2026-06-04 14:23:45,713 [INFO] RtosManager:555 - Registered RTOS mode: class=RTOS, group=Core, mode=CMSIS_V1, owner=FREERTOS
2026-06-04 14:23:45,713 [INFO] RtosManager:555 - Registered RTOS mode: class=RTOS, group=Core, mode=CMSIS_V2, owner=FREERTOS
2026-06-04 14:23:45,713 [WARN] ModelIntegratedComponent:184 - Missing modes for component STMicroelectronics:FreeRTOS:0.0.1:STMicroelectronics:RTOS:FreeRTOS:Core:::10.2.0:
2026-06-04 14:23:45,713 [WARN] ModelIntegratedComponent:63 - No mode defined for component null
2026-06-04 14:23:45,713 [WARN] ModelIntegratedComponent:63 - No mode defined for component null
2026-06-04 14:23:45,713 [WARN] ModelIntegratedComponent:63 - No mode defined for component null
2026-06-04 14:23:45,713 [WARN] ModelIntegratedComponent:63 - No mode defined for component null
2026-06-04 14:23:45,713 [WARN] ModelIntegratedComponent:63 - No mode defined for component null
2026-06-04 14:23:45,713 [WARN] ModelIntegratedComponent:63 - No mode defined for component null
2026-06-04 14:23:45,713 [WARN] ModelIntegratedComponent:63 - No mode defined for component null
2026-06-04 14:23:45,713 [WARN] ModelIntegratedComponent:63 - No mode defined for component null
2026-06-04 14:23:45,713 [WARN] ModelIntegratedComponent:63 - No mode defined for component null
2026-06-04 14:23:45,713 [WARN] ModelIntegratedComponent:63 - No mode defined for component null
2026-06-04 14:23:45,713 [WARN] ModelIntegratedComponent:63 - No mode defined for component null
2026-06-04 14:23:45,713 [WARN] ModelIntegratedComponent:63 - No mode defined for component null
2026-06-04 14:23:45,714 [WARN] ModelIntegratedComponent:63 - No mode defined for component null
2026-06-04 14:23:45,714 [WARN] ModelIntegratedComponent:63 - No mode defined for component null
2026-06-04 14:23:45,714 [WARN] ModelIntegratedComponent:63 - No mode defined for component null
2026-06-04 14:23:45,714 [WARN] ModelIntegratedComponent:63 - No mode defined for component null
2026-06-04 14:23:45,714 [WARN] ModelIntegratedComponent:63 - No mode defined for component null
2026-06-04 14:23:45,714 [WARN] ModelIntegratedComponent:63 - No mode defined for component null
2026-06-04 14:23:45,714 [WARN] ModelIntegratedComponent:63 - No mode defined for component null
2026-06-04 14:23:45,714 [WARN] ModelIntegratedComponent:63 - No mode defined for component null
2026-06-04 14:23:45,714 [WARN] ModelIntegratedComponent:63 - No mode defined for component null
2026-06-04 14:23:45,714 [WARN] ModelIntegratedComponent:63 - No mode defined for component null
2026-06-04 14:23:45,714 [WARN] ModelIntegratedComponent:63 - No mode defined for component null
2026-06-04 14:23:45,714 [WARN] ModelIntegratedComponent:63 - No mode defined for component null
2026-06-04 14:23:45,714 [WARN] ModelIntegratedComponent:63 - No mode defined for component null
2026-06-04 14:23:45,714 [WARN] ModelIntegratedComponent:63 - No mode defined for component null
2026-06-04 14:23:45,714 [WARN] ModelIntegratedComponent:63 - No mode defined for component null
2026-06-04 14:23:45,714 [WARN] ModelIntegratedComponent:63 - No mode defined for component null
2026-06-04 14:23:45,714 [WARN] ModelIntegratedComponent:63 - No mode defined for component null
2026-06-04 14:23:45,714 [WARN] ModelIntegratedComponent:63 - No mode defined for component null
2026-06-04 14:23:45,714 [WARN] ModelIntegratedComponent:63 - No mode defined for component null
2026-06-04 14:23:45,714 [WARN] ModelIntegratedComponent:63 - No mode defined for component null
2026-06-04 14:23:45,714 [WARN] ModelIntegratedComponent:63 - No mode defined for component null
2026-06-04 14:23:45,715 [INFO] ThirdPartyModel:298 - Start build external matchings
2026-06-04 14:23:45,716 [INFO] ThirdPartyModel:316 - End build external matchings
2026-06-04 14:23:45,717 [INFO] ImportTextPane:194 - (OptionalMessage_ERROR) IP (ADC2) : Parameter (CommonPathInternal) has invalid value (null|null|null|null)
2026-06-04 14:23:45,717 [INFO] ImportTextPane:194 - (OptionalMessage_ERROR) IP (DMA) : Parameter (Instance) has Id (ADC2) currently not set
2026-06-04 14:23:45,718 [INFO] ImportTextPane:194 - (OptionalMessage_ERROR) IP (DMA) : Parameter (Request) has Id (ADC2) currently not set
2026-06-04 14:23:45,718 [INFO] ImportTextPane:194 - (OptionalMessage_ERROR) IP (DMA) : Parameter (Direction) has Id (ADC2) currently not set
2026-06-04 14:23:45,718 [INFO] ImportTextPane:194 - (OptionalMessage_ERROR) IP (DMA) : Parameter (PeriphInc) has Id (ADC2) currently not set
2026-06-04 14:23:45,718 [INFO] ImportTextPane:194 - (OptionalMessage_ERROR) IP (DMA) : Parameter (MemInc) has Id (ADC2) currently not set
2026-06-04 14:23:45,718 [INFO] ImportTextPane:194 - (OptionalMessage_ERROR) IP (DMA) : Parameter (PeriphDataAlignment) has Id (ADC2) currently not set
2026-06-04 14:23:45,718 [INFO] ImportTextPane:194 - (OptionalMessage_ERROR) IP (DMA) : Parameter (MemDataAlignment) has Id (ADC2) currently not set
2026-06-04 14:23:45,718 [INFO] ImportTextPane:194 - (OptionalMessage_ERROR) IP (DMA) : Parameter (Mode) has Id (ADC2) currently not set
2026-06-04 14:23:45,718 [INFO] ImportTextPane:194 - (OptionalMessage_ERROR) IP (DMA) : Parameter (Priority) has Id (ADC2) currently not set
2026-06-04 14:23:45,892 [INFO] UtilMem:75 - End LoadConfig() Used Memory: 306191640 Bytes (856686592)
2026-06-04 14:23:46,004 [WARN] ThirdParty:833 - waiting for thirdparty lock release [change project]
2026-06-04 14:23:46,004 [INFO] ThirdParty:835 - entering critical section [change project]
2026-06-04 14:23:46,004 [INFO] ThirdParty:1030 - CMSIS Pack Vendor :STMicroelectronics USBPD 4.1
2026-06-04 14:23:46,004 [INFO] ThirdParty:1030 - CMSIS Pack Vendor :STMicroelectronics ThreadX 1.0.0
2026-06-04 14:23:46,004 [INFO] ThirdParty:1030 - CMSIS Pack Vendor :STMicroelectronics USB_HOST 2.0.0
2026-06-04 14:23:46,004 [INFO] ThirdParty:1030 - CMSIS Pack Vendor :STMicroelectronics LIBJPEG 8.0.0
2026-06-04 14:23:46,004 [INFO] ThirdParty:1030 - CMSIS Pack Vendor :STMicroelectronics FP-ATR-SIGFOX1 3.2.0
2026-06-04 14:23:46,004 [INFO] ThirdParty:1030 - CMSIS Pack Vendor :STMicroelectronics FreeRTOS 0.0.1
2026-06-04 14:23:46,004 [INFO] ThirdParty:1030 - CMSIS Pack Vendor :STMicroelectronics USB_DEVICE 1.0.0
2026-06-04 14:23:46,004 [INFO] ThirdParty:1030 - CMSIS Pack Vendor :STMicroelectronics STM32_WPAN 1.0.0
2026-06-04 14:23:46,004 [INFO] ThirdParty:1030 - CMSIS Pack Vendor :STMicroelectronics USB_DEVICE 3.0.0
2026-06-04 14:23:46,004 [INFO] ThirdParty:1030 - CMSIS Pack Vendor :STMicroelectronics HAL Drivers 0.0.0
2026-06-04 14:23:46,005 [INFO] ThirdParty:1030 - CMSIS Pack Vendor :STMicroelectronics MBEDTLS 2.16.2
2026-06-04 14:23:46,005 [INFO] ThirdParty:1030 - CMSIS Pack Vendor :STMicroelectronics ThreadX 0.0.2
2026-06-04 14:23:46,005 [INFO] ThirdParty:1030 - CMSIS Pack Vendor :STMicroelectronics lwIP 2.1.2
2026-06-04 14:23:46,005 [INFO] ThirdParty:1030 - CMSIS Pack Vendor :STMicroelectronics lwIP 2.0.3
2026-06-04 14:23:46,005 [INFO] ThirdParty:1030 - CMSIS Pack Vendor :STMicroelectronics MBEDTLS 2.14.1
2026-06-04 14:23:46,005 [INFO] ThirdParty:1030 - CMSIS Pack Vendor :STMicroelectronics USB_HOST 1.0.0
2026-06-04 14:23:46,005 [INFO] ThirdParty:1030 - CMSIS Pack Vendor :STMicroelectronics PDM2PCM 3.1.0
2026-06-04 14:23:46,005 [INFO] ThirdParty:1030 - CMSIS Pack Vendor :STMicroelectronics PDM2PCM 3.2.0
2026-06-04 14:23:46,005 [INFO] ThirdParty:1030 - CMSIS Pack Vendor :STMicroelectronics USB_DEVICE 2.0.0
2026-06-04 14:23:46,005 [INFO] ThirdParty:1030 - CMSIS Pack Vendor :STMicroelectronics PDM2PCM 3.3.0
2026-06-04 14:23:46,005 [INFO] ThirdParty:841 - exiting critical section [change project]
2026-06-04 14:23:46,166 [INFO] PinOutPanel:1499 - setPackage(No Configuration,No Configuration)
2026-06-04 14:23:46,166 [INFO] PinOutPanel:1499 - setPackage(STM32L476RGTx,LQFP64)
2026-06-04 14:23:46,381 [INFO] UtilMem:75 - Before build in PCC Used Memory: 412338128 Bytes (856686592)
2026-06-04 14:23:46,518 [INFO] UtilMem:75 - After build in PCC Used Memory: 490981328 Bytes (856686592)
2026-06-04 14:23:46,529 [INFO] IPUIPlugin:80 - create IPUIPlugin
2026-06-04 14:23:46,529 [INFO] IPUIPlugin:80 - create IPUIPlugin
2026-06-04 14:23:46,530 [INFO] IPUIPlugin:80 - create IPUIPlugin
2026-06-04 14:23:46,530 [INFO] IPUIPlugin:80 - create IPUIPlugin
2026-06-04 14:23:46,530 [INFO] IPUIPlugin:80 - create IPUIPlugin
2026-06-04 14:23:46,530 [INFO] IPUIPlugin:80 - create IPUIPlugin
2026-06-04 14:23:46,530 [INFO] IPUIPlugin:80 - create IPUIPlugin
2026-06-04 14:23:46,530 [INFO] IPUIPlugin:80 - create IPUIPlugin
2026-06-04 14:23:46,530 [INFO] IPUIPlugin:80 - create IPUIPlugin
2026-06-04 14:23:46,530 [INFO] IPUIPlugin:80 - create IPUIPlugin
2026-06-04 14:23:46,530 [INFO] IPUIPlugin:80 - create IPUIPlugin
2026-06-04 14:23:46,530 [INFO] IPUIPlugin:80 - create IPUIPlugin
2026-06-04 14:23:46,530 [INFO] IPUIPlugin:80 - create IPUIPlugin
2026-06-04 14:23:46,530 [INFO] IPUIPlugin:80 - create IPUIPlugin
2026-06-04 14:23:46,530 [INFO] IPUIPlugin:80 - create IPUIPlugin
2026-06-04 14:23:46,530 [INFO] IPUIPlugin:80 - create IPUIPlugin
2026-06-04 14:23:46,530 [INFO] IPUIPlugin:80 - create IPUIPlugin
2026-06-04 14:23:46,530 [INFO] IPUIPlugin:80 - create IPUIPlugin
2026-06-04 14:23:46,530 [INFO] IPUIPlugin:80 - create IPUIPlugin
2026-06-04 14:23:46,530 [INFO] IPUIPlugin:80 - create IPUIPlugin
2026-06-04 14:23:46,530 [INFO] IPUIPlugin:80 - create IPUIPlugin
2026-06-04 14:23:46,531 [INFO] IPUIPlugin:80 - create IPUIPlugin
2026-06-04 14:23:46,531 [INFO] IPUIPlugin:80 - create IPUIPlugin
2026-06-04 14:23:46,531 [INFO] IPUIPlugin:80 - create IPUIPlugin
2026-06-04 14:23:46,531 [INFO] IPUIPlugin:80 - create IPUIPlugin
2026-06-04 14:23:46,531 [INFO] IPUIPlugin:80 - create IPUIPlugin
2026-06-04 14:23:46,531 [INFO] IPUIPlugin:80 - create IPUIPlugin
2026-06-04 14:23:46,531 [INFO] IPUIPlugin:80 - create IPUIPlugin
2026-06-04 14:23:46,531 [INFO] IPUIPlugin:80 - create IPUIPlugin
2026-06-04 14:23:46,531 [INFO] IPUIPlugin:80 - create IPUIPlugin
2026-06-04 14:23:46,531 [INFO] IPUIPlugin:80 - create IPUIPlugin
2026-06-04 14:23:46,531 [INFO] IPUIPlugin:80 - create IPUIPlugin
2026-06-04 14:23:46,531 [INFO] IPUIPlugin:80 - create IPUIPlugin
2026-06-04 14:23:46,531 [INFO] IPUIPlugin:80 - create IPUIPlugin
2026-06-04 14:23:46,531 [INFO] IPUIPlugin:80 - create IPUIPlugin
2026-06-04 14:23:46,531 [INFO] IPUIPlugin:80 - create IPUIPlugin
2026-06-04 14:23:46,531 [INFO] IPUIPlugin:80 - create IPUIPlugin
2026-06-04 14:23:46,531 [INFO] IPUIPlugin:80 - create IPUIPlugin
2026-06-04 14:23:46,531 [INFO] IPUIPlugin:80 - create IPUIPlugin
2026-06-04 14:23:46,531 [INFO] IPUIPlugin:80 - create IPUIPlugin
2026-06-04 14:23:46,532 [INFO] IPUIPlugin:80 - create IPUIPlugin
2026-06-04 14:23:46,532 [INFO] IPUIPlugin:80 - create IPUIPlugin
2026-06-04 14:23:46,532 [INFO] IPUIPlugin:80 - create IPUIPlugin
2026-06-04 14:23:46,532 [INFO] IPUIPlugin:80 - create IPUIPlugin
2026-06-04 14:23:46,532 [INFO] IPUIPlugin:80 - create IPUIPlugin
2026-06-04 14:23:46,532 [INFO] IPUIPlugin:80 - create IPUIPlugin
2026-06-04 14:23:46,532 [INFO] IPUIPlugin:80 - create IPUIPlugin
2026-06-04 14:23:46,532 [INFO] IPUIPlugin:80 - create IPUIPlugin
2026-06-04 14:23:46,532 [INFO] IPUIPlugin:80 - create IPUIPlugin
2026-06-04 14:23:46,532 [INFO] IPUIPlugin:80 - create IPUIPlugin
2026-06-04 14:23:46,532 [INFO] IPUIPlugin:80 - create IPUIPlugin
2026-06-04 14:23:46,532 [INFO] IPUIPlugin:80 - create IPUIPlugin
2026-06-04 14:23:46,533 [INFO] IPUIPlugin:80 - create IPUIPlugin
2026-06-04 14:23:46,533 [INFO] IPUIPlugin:80 - create IPUIPlugin
2026-06-04 14:23:46,533 [INFO] IPUIPlugin:80 - create IPUIPlugin
2026-06-04 14:23:46,533 [INFO] IPUIPlugin:80 - create IPUIPlugin
2026-06-04 14:23:46,533 [INFO] IPUIPlugin:80 - create IPUIPlugin
2026-06-04 14:23:46,533 [INFO] IPUIPlugin:80 - create IPUIPlugin
2026-06-04 14:23:46,533 [INFO] IPUIPlugin:80 - create IPUIPlugin
2026-06-04 14:23:46,558 [INFO] CADModel:165 - CPN selected for project levelSTM32L476RGT6
2026-06-04 14:23:46,558 [INFO] CADModel:114 - Register for checkConnection events
2026-06-04 14:23:46,596 [INFO] OpenFileManager:328 - Restore cursor
2026-06-04 14:23:46,840 [INFO] UtilMem:75 - End SaveConfig() Used Memory: 672165656 Bytes (856686592)
2026-06-04 14:23:46,881 [INFO] UtilMem:75 - End SaveConfig() Used Memory: 696917896 Bytes (856686592)
2026-06-04 14:23:47,018 [INFO] BlockDiagram:2759 - set Specific Code input for plugin: TIM1_8L4
2026-06-04 14:23:47,018 [INFO] BlockDiagram:2759 - set Specific Code input for plugin: ADC
2026-06-04 14:23:47,018 [INFO] BlockDiagram:2759 - set Specific Code input for plugin: RCC
2026-06-04 14:23:47,018 [INFO] BlockDiagram:2759 - set Specific Code input for plugin: NVIC
2026-06-04 14:23:47,018 [INFO] BlockDiagram:2759 - set Specific Code input for plugin: USART
2026-06-04 14:23:47,018 [INFO] BlockDiagram:2759 - set Specific Code input for plugin: DMA
2026-06-04 14:23:47,019 [INFO] BlockDiagram:2759 - set Specific Code input for plugin: GPIO
2026-06-04 14:23:47,019 [INFO] CodeGenerator:799 - code generatio: config db path: /opt/st/stm32cubeide_1.13.2_2/plugins/com.st.stm32cube.common.mx_6.9.2.202309101412//db/
2026-06-04 14:23:47,022 [INFO] Argument:319 - Argument : hdmavalue: null
2026-06-04 14:23:47,022 [INFO] Argument:321 - 	 sub Args: 
2026-06-04 14:23:47,022 [INFO] Argument:319 - Argument : Instancevalue: DMA1_Channel2
2026-06-04 14:23:47,022 [INFO] Argument:329 - Argument : Instancevalue: DMA1_Channel2
2026-06-04 14:23:47,022 [INFO] Argument:319 - Argument : Initvalue: null
2026-06-04 14:23:47,022 [INFO] Argument:321 - 	 sub Args: 
2026-06-04 14:23:47,022 [INFO] Argument:319 - Argument : Requestvalue: DMA_REQUEST_0
2026-06-04 14:23:47,022 [INFO] Argument:329 - Argument : Requestvalue: DMA_REQUEST_0
2026-06-04 14:23:47,022 [INFO] Argument:319 - Argument : Directionvalue: DMA_PERIPH_TO_MEMORY
2026-06-04 14:23:47,022 [INFO] Argument:329 - Argument : Directionvalue: DMA_PERIPH_TO_MEMORY
2026-06-04 14:23:47,022 [INFO] Argument:319 - Argument : PeriphIncvalue: DMA_PINC_DISABLE
2026-06-04 14:23:47,022 [INFO] Argument:329 - Argument : PeriphIncvalue: DMA_PINC_DISABLE
2026-06-04 14:23:47,022 [INFO] Argument:319 - Argument : MemIncvalue: DMA_MINC_ENABLE
2026-06-04 14:23:47,022 [INFO] Argument:329 - Argument : MemIncvalue: DMA_MINC_ENABLE
2026-06-04 14:23:47,022 [INFO] Argument:319 - Argument : PeriphDataAlignmentvalue: DMA_PDATAALIGN_HALFWORD
2026-06-04 14:23:47,022 [INFO] Argument:329 - Argument : PeriphDataAlignmentvalue: DMA_PDATAALIGN_HALFWORD
2026-06-04 14:23:47,022 [INFO] Argument:319 - Argument : MemDataAlignmentvalue: DMA_MDATAALIGN_HALFWORD
2026-06-04 14:23:47,022 [INFO] Argument:329 - Argument : MemDataAlignmentvalue: DMA_MDATAALIGN_HALFWORD
2026-06-04 14:23:47,022 [INFO] Argument:319 - Argument : Modevalue: DMA_NORMAL
2026-06-04 14:23:47,022 [INFO] Argument:329 - Argument : Modevalue: DMA_NORMAL
2026-06-04 14:23:47,022 [INFO] Argument:319 - Argument : Priorityvalue: DMA_PRIORITY_VERY_HIGH
2026-06-04 14:23:47,022 [INFO] Argument:329 - Argument : Priorityvalue: DMA_PRIORITY_VERY_HIGH
2026-06-04 14:23:47,022 [INFO] Argument:319 - Argument : Lockvalue: null
2026-06-04 14:23:47,023 [INFO] Argument:329 - Argument : Lockvalue: null
2026-06-04 14:23:47,023 [INFO] Argument:319 - Argument : Statevalue: null
2026-06-04 14:23:47,023 [INFO] Argument:329 - Argument : Statevalue: null
2026-06-04 14:23:47,023 [INFO] Argument:319 - Argument : Parentvalue: null
2026-06-04 14:23:47,023 [INFO] Argument:329 - Argument : Parentvalue: null
2026-06-04 14:23:47,023 [INFO] Argument:319 - Argument : XferCpltCallbackvalue: null
2026-06-04 14:23:47,023 [INFO] Argument:329 - Argument : XferCpltCallbackvalue: null
2026-06-04 14:23:47,023 [INFO] Argument:319 - Argument : XferHalfCpltCallbackvalue: null
2026-06-04 14:23:47,023 [INFO] Argument:329 - Argument : XferHalfCpltCallbackvalue: null
2026-06-04 14:23:47,023 [INFO] Argument:319 - Argument : XferErrorCallbackvalue: null
2026-06-04 14:23:47,023 [INFO] Argument:329 - Argument : XferErrorCallbackvalue: null
2026-06-04 14:23:47,023 [INFO] Argument:319 - Argument : XferAbortCallbackvalue: null
2026-06-04 14:23:47,023 [INFO] Argument:329 - Argument : XferAbortCallbackvalue: null
2026-06-04 14:23:47,023 [INFO] Argument:319 - Argument : ErrorCodevalue: null
2026-06-04 14:23:47,023 [INFO] Argument:329 - Argument : ErrorCodevalue: null
2026-06-04 14:23:47,023 [INFO] Argument:319 - Argument : DmaBaseAddressvalue: null
2026-06-04 14:23:47,023 [INFO] Argument:329 - Argument : DmaBaseAddressvalue: null
2026-06-04 14:23:47,023 [INFO] Argument:319 - Argument : ChannelIndexvalue: null
2026-06-04 14:23:47,023 [INFO] Argument:329 - Argument : ChannelIndexvalue: null
2026-06-04 14:23:47,023 [INFO] Argument:319 - Argument : hdmavalue: null
2026-06-04 14:23:47,023 [INFO] Argument:321 - 	 sub Args: 
2026-06-04 14:23:47,023 [INFO] Argument:319 - Argument : Instancevalue: DMA1_Channel2
2026-06-04 14:23:47,023 [INFO] Argument:329 - Argument : Instancevalue: DMA1_Channel2
2026-06-04 14:23:47,023 [INFO] Argument:319 - Argument : Initvalue: null
2026-06-04 14:23:47,023 [INFO] Argument:321 - 	 sub Args: 
2026-06-04 14:23:47,023 [INFO] Argument:319 - Argument : Requestvalue: DMA_REQUEST_0
2026-06-04 14:23:47,023 [INFO] Argument:329 - Argument : Requestvalue: DMA_REQUEST_0
2026-06-04 14:23:47,023 [INFO] Argument:319 - Argument : Directionvalue: DMA_PERIPH_TO_MEMORY
2026-06-04 14:23:47,023 [INFO] Argument:329 - Argument : Directionvalue: DMA_PERIPH_TO_MEMORY
2026-06-04 14:23:47,023 [INFO] Argument:319 - Argument : PeriphIncvalue: DMA_PINC_DISABLE
2026-06-04 14:23:47,023 [INFO] Argument:329 - Argument : PeriphIncvalue: DMA_PINC_DISABLE
2026-06-04 14:23:47,023 [INFO] Argument:319 - Argument : MemIncvalue: DMA_MINC_ENABLE
2026-06-04 14:23:47,023 [INFO] Argument:329 - Argument : MemIncvalue: DMA_MINC_ENABLE
2026-06-04 14:23:47,023 [INFO] Argument:319 - Argument : PeriphDataAlignmentvalue: DMA_PDATAALIGN_HALFWORD
2026-06-04 14:23:47,023 [INFO] Argument:329 - Argument : PeriphDataAlignmentvalue: DMA_PDATAALIGN_HALFWORD
2026-06-04 14:23:47,023 [INFO] Argument:319 - Argument : MemDataAlignmentvalue: DMA_MDATAALIGN_HALFWORD
2026-06-04 14:23:47,023 [INFO] Argument:329 - Argument : MemDataAlignmentvalue: DMA_MDATAALIGN_HALFWORD
2026-06-04 14:23:47,023 [INFO] Argument:319 - Argument : Modevalue: DMA_NORMAL
2026-06-04 14:23:47,023 [INFO] Argument:329 - Argument : Modevalue: DMA_NORMAL
2026-06-04 14:23:47,023 [INFO] Argument:319 - Argument : Priorityvalue: DMA_PRIORITY_VERY_HIGH
2026-06-04 14:23:47,023 [INFO] Argument:329 - Argument : Priorityvalue: DMA_PRIORITY_VERY_HIGH
2026-06-04 14:23:47,023 [INFO] Argument:319 - Argument : Lockvalue: null
2026-06-04 14:23:47,023 [INFO] Argument:329 - Argument : Lockvalue: null
2026-06-04 14:23:47,023 [INFO] Argument:319 - Argument : Statevalue: null
2026-06-04 14:23:47,023 [INFO] Argument:329 - Argument : Statevalue: null
2026-06-04 14:23:47,023 [INFO] Argument:319 - Argument : Parentvalue: null
2026-06-04 14:23:47,023 [INFO] Argument:329 - Argument : Parentvalue: null
2026-06-04 14:23:47,023 [INFO] Argument:319 - Argument : XferCpltCallbackvalue: null
2026-06-04 14:23:47,023 [INFO] Argument:329 - Argument : XferCpltCallbackvalue: null
2026-06-04 14:23:47,023 [INFO] Argument:319 - Argument : XferHalfCpltCallbackvalue: null
2026-06-04 14:23:47,023 [INFO] Argument:329 - Argument : XferHalfCpltCallbackvalue: null
2026-06-04 14:23:47,023 [INFO] Argument:319 - Argument : XferErrorCallbackvalue: null
2026-06-04 14:23:47,023 [INFO] Argument:329 - Argument : XferErrorCallbackvalue: null
2026-06-04 14:23:47,023 [INFO] Argument:319 - Argument : XferAbortCallbackvalue: null
2026-06-04 14:23:47,023 [INFO] Argument:329 - Argument : XferAbortCallbackvalue: null
2026-06-04 14:23:47,023 [INFO] Argument:319 - Argument : ErrorCodevalue: null
2026-06-04 14:23:47,023 [INFO] Argument:329 - Argument : ErrorCodevalue: null
2026-06-04 14:23:47,023 [INFO] Argument:319 - Argument : DmaBaseAddressvalue: null
2026-06-04 14:23:47,023 [INFO] Argument:329 - Argument : DmaBaseAddressvalue: null
2026-06-04 14:23:47,023 [INFO] Argument:319 - Argument : ChannelIndexvalue: null
2026-06-04 14:23:47,023 [INFO] Argument:329 - Argument : ChannelIndexvalue: null
2026-06-04 14:23:47,023 [INFO] Argument:319 - Argument : pSyncConfigvalue: null
2026-06-04 14:23:47,023 [INFO] Argument:321 - 	 sub Args: 
2026-06-04 14:23:47,023 [INFO] Argument:319 - Argument : SyncSignalIDvalue: null
2026-06-04 14:23:47,023 [INFO] Argument:329 - Argument : SyncSignalIDvalue: null
2026-06-04 14:23:47,023 [INFO] Argument:319 - Argument : SyncPolarityvalue: null
2026-06-04 14:23:47,023 [INFO] Argument:329 - Argument : SyncPolarityvalue: null
2026-06-04 14:23:47,023 [INFO] Argument:319 - Argument : SyncEnablevalue: null
2026-06-04 14:23:47,023 [INFO] Argument:329 - Argument : SyncEnablevalue: null
2026-06-04 14:23:47,024 [INFO] Argument:319 - Argument : EventEnablevalue: null
2026-06-04 14:23:47,024 [INFO] Argument:329 - Argument : EventEnablevalue: null
2026-06-04 14:23:47,024 [INFO] Argument:319 - Argument : RequestNumbervalue: null
2026-06-04 14:23:47,024 [INFO] Argument:329 - Argument : RequestNumbervalue: null
2026-06-04 14:23:47,099 [INFO] CodeEngine:255 - oldGeneratedFile, /home/papijou/Desktop/IPD439/IPD_439_Workspaces/Proyecto/STM32_workspace/ADC_AC/MXTmpFiles/license.tmp_save
2026-06-04 14:23:47,155 [INFO] CodeEngine:279 - Generated code: /home/papijou/Desktop/IPD439/IPD_439_Workspaces/Proyecto/STM32_workspace/ADC_AC/MXTmpFiles/license.tmp
2026-06-04 14:23:47,178 [INFO] CodeEngine:255 - oldGeneratedFile, /home/papijou/Desktop/IPD439/IPD_439_Workspaces/Proyecto/STM32_workspace/ADC_AC/Core/Src/gpio.c_save
2026-06-04 14:23:47,231 [INFO] CodeEngine:279 - Generated code: /home/papijou/Desktop/IPD439/IPD_439_Workspaces/Proyecto/STM32_workspace/ADC_AC/Core/Src/gpio.c
2026-06-04 14:23:47,232 [INFO] CodeEngine:255 - oldGeneratedFile, /home/papijou/Desktop/IPD439/IPD_439_Workspaces/Proyecto/STM32_workspace/ADC_AC/Core/Inc/gpio.h_save
2026-06-04 14:23:47,264 [INFO] CodeEngine:279 - Generated code: /home/papijou/Desktop/IPD439/IPD_439_Workspaces/Proyecto/STM32_workspace/ADC_AC/Core/Inc/gpio.h
2026-06-04 14:23:47,321 [INFO] CodeEngine:255 - oldGeneratedFile, /home/papijou/Desktop/IPD439/IPD_439_Workspaces/Proyecto/STM32_workspace/ADC_AC/Core/Src/adc.c_save
2026-06-04 14:23:47,372 [INFO] CodeEngine:279 - Generated code: /home/papijou/Desktop/IPD439/IPD_439_Workspaces/Proyecto/STM32_workspace/ADC_AC/Core/Src/adc.c
2026-06-04 14:23:47,373 [INFO] CodeEngine:255 - oldGeneratedFile, /home/papijou/Desktop/IPD439/IPD_439_Workspaces/Proyecto/STM32_workspace/ADC_AC/Core/Inc/adc.h_save
2026-06-04 14:23:47,408 [INFO] CodeEngine:279 - Generated code: /home/papijou/Desktop/IPD439/IPD_439_Workspaces/Proyecto/STM32_workspace/ADC_AC/Core/Inc/adc.h
2026-06-04 14:23:47,412 [INFO] CodeEngine:255 - oldGeneratedFile, /home/papijou/Desktop/IPD439/IPD_439_Workspaces/Proyecto/STM32_workspace/ADC_AC/Core/Src/dma.c_save
2026-06-04 14:23:47,447 [INFO] CodeEngine:279 - Generated code: /home/papijou/Desktop/IPD439/IPD_439_Workspaces/Proyecto/STM32_workspace/ADC_AC/Core/Src/dma.c
2026-06-04 14:23:47,447 [INFO] CodeEngine:255 - oldGeneratedFile, /home/papijou/Desktop/IPD439/IPD_439_Workspaces/Proyecto/STM32_workspace/ADC_AC/Core/Inc/dma.h_save
2026-06-04 14:23:47,480 [INFO] CodeEngine:279 - Generated code: /home/papijou/Desktop/IPD439/IPD_439_Workspaces/Proyecto/STM32_workspace/ADC_AC/Core/Inc/dma.h
2026-06-04 14:23:47,481 [INFO] CodeEngine:255 - oldGeneratedFile, /home/papijou/Desktop/IPD439/IPD_439_Workspaces/Proyecto/STM32_workspace/ADC_AC/Core/Src/tim.c_save
2026-06-04 14:23:47,540 [INFO] CodeEngine:279 - Generated code: /home/papijou/Desktop/IPD439/IPD_439_Workspaces/Proyecto/STM32_workspace/ADC_AC/Core/Src/tim.c
2026-06-04 14:23:47,541 [INFO] CodeEngine:255 - oldGeneratedFile, /home/papijou/Desktop/IPD439/IPD_439_Workspaces/Proyecto/STM32_workspace/ADC_AC/Core/Inc/tim.h_save
2026-06-04 14:23:47,575 [INFO] CodeEngine:279 - Generated code: /home/papijou/Desktop/IPD439/IPD_439_Workspaces/Proyecto/STM32_workspace/ADC_AC/Core/Inc/tim.h
2026-06-04 14:23:47,577 [INFO] CodeEngine:255 - oldGeneratedFile, /home/papijou/Desktop/IPD439/IPD_439_Workspaces/Proyecto/STM32_workspace/ADC_AC/Core/Src/usart.c_save
2026-06-04 14:23:47,647 [INFO] CodeEngine:279 - Generated code: /home/papijou/Desktop/IPD439/IPD_439_Workspaces/Proyecto/STM32_workspace/ADC_AC/Core/Src/usart.c
2026-06-04 14:23:47,647 [INFO] CodeEngine:255 - oldGeneratedFile, /home/papijou/Desktop/IPD439/IPD_439_Workspaces/Proyecto/STM32_workspace/ADC_AC/Core/Inc/usart.h_save
2026-06-04 14:23:47,694 [INFO] CodeEngine:279 - Generated code: /home/papijou/Desktop/IPD439/IPD_439_Workspaces/Proyecto/STM32_workspace/ADC_AC/Core/Inc/usart.h
2026-06-04 14:23:47,699 [INFO] CodeEngine:255 - oldGeneratedFile, /home/papijou/Desktop/IPD439/IPD_439_Workspaces/Proyecto/STM32_workspace/ADC_AC/Core/Src/stm32l4xx_it.c_save
2026-06-04 14:23:47,753 [INFO] CodeEngine:279 - Generated code: /home/papijou/Desktop/IPD439/IPD_439_Workspaces/Proyecto/STM32_workspace/ADC_AC/Core/Src/stm32l4xx_it.c
2026-06-04 14:23:47,754 [INFO] CodeEngine:255 - oldGeneratedFile, /home/papijou/Desktop/IPD439/IPD_439_Workspaces/Proyecto/STM32_workspace/ADC_AC/Core/Inc/stm32l4xx_it.h_save
2026-06-04 14:23:47,797 [INFO] CodeEngine:279 - Generated code: /home/papijou/Desktop/IPD439/IPD_439_Workspaces/Proyecto/STM32_workspace/ADC_AC/Core/Inc/stm32l4xx_it.h
2026-06-04 14:23:47,805 [INFO] CodeEngine:255 - oldGeneratedFile, /home/papijou/Desktop/IPD439/IPD_439_Workspaces/Proyecto/STM32_workspace/ADC_AC/Core/Src/stm32l4xx_hal_msp.c_save
2026-06-04 14:23:47,853 [INFO] CodeEngine:279 - Generated code: /home/papijou/Desktop/IPD439/IPD_439_Workspaces/Proyecto/STM32_workspace/ADC_AC/Core/Src/stm32l4xx_hal_msp.c
2026-06-04 14:23:47,853 [INFO] CodeEngine:255 - oldGeneratedFile, /home/papijou/Desktop/IPD439/IPD_439_Workspaces/Proyecto/STM32_workspace/ADC_AC/MXTmpFiles/system.tmp_save
2026-06-04 14:23:47,886 [INFO] CodeEngine:279 - Generated code: /home/papijou/Desktop/IPD439/IPD_439_Workspaces/Proyecto/STM32_workspace/ADC_AC/MXTmpFiles/system.tmp
2026-06-04 14:23:47,887 [INFO] CodeEngine:311 - oldGeneratedFile, /home/papijou/Desktop/IPD439/IPD_439_Workspaces/Proyecto/STM32_workspace/ADC_AC/Core/Inc/stm32l4xx_hal_conf.h_save
2026-06-04 14:23:47,928 [INFO] CodeEngine:335 - Generated code: /home/papijou/Desktop/IPD439/IPD_439_Workspaces/Proyecto/STM32_workspace/ADC_AC/Core/Inc/stm32l4xx_hal_conf.h
2026-06-04 14:23:47,942 [INFO] CodeEngine:255 - oldGeneratedFile, /home/papijou/Desktop/IPD439/IPD_439_Workspaces/Proyecto/STM32_workspace/ADC_AC/Core/Inc/main.h_save
2026-06-04 14:23:47,988 [INFO] CodeEngine:279 - Generated code: /home/papijou/Desktop/IPD439/IPD_439_Workspaces/Proyecto/STM32_workspace/ADC_AC/Core/Inc/main.h
2026-06-04 14:23:47,989 [INFO] CodeEngine:255 - oldGeneratedFile, /home/papijou/Desktop/IPD439/IPD_439_Workspaces/Proyecto/STM32_workspace/ADC_AC/Core/Src/main.c_save
2026-06-04 14:23:48,032 [INFO] CodeEngine:279 - Generated code: /home/papijou/Desktop/IPD439/IPD_439_Workspaces/Proyecto/STM32_workspace/ADC_AC/Core/Src/main.c
2026-06-04 14:23:48,248 [INFO] ProjectBuilder:3064 - Time for Copy HAL[1] : 15mS.
2026-06-04 14:23:48,249 [INFO] ProjectBuilder:4404 - Project Generator version: 4.1.0
2026-06-04 14:23:48,333 [INFO] ConfigFileManager:1457 - The Die is : DIE415
2026-06-04 14:23:48,335 [INFO] ApiDbMcu:507 - Load IP Config File for FATFS
2026-06-04 14:23:48,336 [INFO] ApiDbMcu:507 - Load IP Config File for FREERTOS
2026-06-04 14:23:48,340 [INFO] ApiDbMcu:507 - Load IP Config File for TOUCHSENSING
2026-06-04 14:23:48,342 [INFO] ApiDbMcu:507 - Load IP Config File for USB_DEVICE
2026-06-04 14:23:48,343 [INFO] ApiDbMcu:507 - Load IP Config File for USB_HOST
2026-06-04 14:23:50,699 [INFO] ProjectBuilder:4626 - Time for Generating toolchain IDE Files: 2449mS.
2026-06-04 14:23:50,699 [INFO] ProjectBuilder:2935 - Time for Copy CMSIS : 0mS.
2026-06-04 14:23:50,699 [INFO] ProjectBuilder:2935 - Time for Copy CMSIS : 0mS.
2026-06-04 14:23:51,288 [INFO] McuFinderGlobals:76 - Set McuFinderConnectedMode to true
2026-06-04 14:23:52,097 [INFO] ApiDb:448 - Save user favorites file /home/papijou/.stm32cubeide/favorites.mcus.txt: 0 item(s)
2026-06-04 14:23:52,097 [INFO] ApiDb:452 - User favorites MCUs=[]
2026-06-04 14:24:00,622 [INFO] ADCParametersView:116 -                Rank 1 : false
2026-06-04 14:24:00,670 [INFO] ADCParametersView:116 -                Rank 1 : false
2026-06-04 14:24:00,670 [INFO] ADCParametersView:116 -                Rank 1 : false
2026-06-04 14:24:00,670 [INFO] ADCParametersView:116 -                Rank 1 : false
2026-06-04 14:24:00,670 [INFO] ADCParametersView:116 -                Rank 1 : false
2026-06-04 14:24:00,670 [INFO] ADCParametersView:116 -                Rank 1 : false
2026-06-04 14:24:00,670 [INFO] ADCParametersView:116 -                Rank 1 : false
2026-06-04 14:24:00,671 [INFO] ADCParametersView:116 -                Rank 1 : false
2026-06-04 14:24:00,671 [INFO] ADCParametersView:116 -                Rank 1 : false
2026-06-04 14:24:00,671 [INFO] ADCParametersView:116 -                Rank 1 : false
2026-06-04 14:24:00,671 [INFO] ADCParametersView:116 -                Rank 1 : false
2026-06-04 14:24:00,671 [INFO] ADCParametersView:116 -                Rank 1 : false
2026-06-04 14:24:00,671 [INFO] ADCParametersView:116 -                Rank 1 : false
2026-06-04 14:24:00,671 [INFO] ADCParametersView:116 -                Rank 1 : false
2026-06-04 14:24:00,671 [INFO] ADCParametersView:116 -                Rank 1 : false
2026-06-04 14:24:00,671 [INFO] ADCParametersView:116 -                Rank 1 : false
2026-06-04 14:24:00,671 [INFO] ADCParametersView:116 -                Rank 1 : false
2026-06-04 14:24:00,671 [INFO] ADCParametersView:116 -                Rank 1 : false
2026-06-04 14:24:00,671 [INFO] ADCParametersView:116 -                Rank 1 : false
2026-06-04 14:24:00,671 [INFO] ADCParametersView:116 -                Rank 1 : false
2026-06-04 14:24:00,671 [INFO] ADCParametersView:116 -                Rank 1 : false
2026-06-04 14:24:00,713 [INFO] ADCParametersView:116 -                Rank 1 : false
2026-06-04 14:24:04,754 [INFO] MainUpdater:2868 - connection check result : 10
2026-06-04 14:24:04,754 [INFO] MainUpdater:2868 - connection check result : 10
2026-06-04 14:24:05,648 [INFO] MicroXplorer:468 - Change Database Path : 
2026-06-04 14:24:05,648 [INFO] MicroXplorer:498 - Change Database Version : DB.6.0.92
2026-06-04 14:24:05,656 [WARN] ThirdParty:871 - waiting for thirdparty lock release [close project]
2026-06-04 14:24:05,656 [INFO] ThirdParty:873 - entering critical section [close project]
2026-06-04 14:24:05,656 [INFO] ThirdParty:883 - exiting critical section [close project]
2026-06-04 14:24:05,657 [INFO] PinOutPanel:1499 - setPackage(No Configuration,No Configuration)
2026-06-04 14:24:05,658 [INFO] UtilMem:75 - Begin LoadConfig() Used Memory: 323396848 Bytes (744488960)
2026-06-04 14:24:05,658 [INFO] MicroXplorer:468 - Change Database Path : 
2026-06-04 14:24:05,658 [INFO] MicroXplorer:498 - Change Database Version : DB.6.0.92
2026-06-04 14:24:05,658 [INFO] OpenFileManager:308 - Change cursor
2026-06-04 14:24:05,662 [INFO] RulesReader:64 - Compatibility file has been processed (293 Rules)
2026-06-04 14:24:05,663 [INFO] Mcu:1946 - Initializing MCU STM32L476R(C-E-G)Tx STM32L476RGTx STM32L476RGT6
2026-06-04 14:24:06,312 [INFO] Context:659 - Trying to add GPIOservice into a context  which must be forbidden
2026-06-04 14:24:06,477 [INFO] RtosManager:555 - Registered RTOS mode: class=CMSIS, group=RTOS, mode=CMSIS_V1, owner=FREERTOS
2026-06-04 14:24:06,477 [INFO] RtosManager:555 - Registered RTOS mode: class=CMSIS, group=RTOS2, mode=CMSIS_V2, owner=FREERTOS
2026-06-04 14:24:06,477 [INFO] RtosManager:555 - Registered RTOS mode: class=RTOS, group=Core, mode=CMSIS_V1, owner=FREERTOS
2026-06-04 14:24:06,477 [INFO] RtosManager:555 - Registered RTOS mode: class=RTOS, group=Core, mode=CMSIS_V2, owner=FREERTOS
2026-06-04 14:24:06,477 [WARN] ModelIntegratedComponent:184 - Missing modes for component STMicroelectronics:FreeRTOS:0.0.1:STMicroelectronics:RTOS:FreeRTOS:Core:::10.2.0:
2026-06-04 14:24:06,478 [WARN] ModelIntegratedComponent:63 - No mode defined for component null
2026-06-04 14:24:06,478 [WARN] ModelIntegratedComponent:63 - No mode defined for component null
2026-06-04 14:24:06,478 [WARN] ModelIntegratedComponent:63 - No mode defined for component null
2026-06-04 14:24:06,478 [WARN] ModelIntegratedComponent:63 - No mode defined for component null
2026-06-04 14:24:06,478 [WARN] ModelIntegratedComponent:63 - No mode defined for component null
2026-06-04 14:24:06,478 [WARN] ModelIntegratedComponent:63 - No mode defined for component null
2026-06-04 14:24:06,478 [WARN] ModelIntegratedComponent:63 - No mode defined for component null
2026-06-04 14:24:06,478 [WARN] ModelIntegratedComponent:63 - No mode defined for component null
2026-06-04 14:24:06,478 [WARN] ModelIntegratedComponent:63 - No mode defined for component null
2026-06-04 14:24:06,478 [WARN] ModelIntegratedComponent:63 - No mode defined for component null
2026-06-04 14:24:06,478 [WARN] ModelIntegratedComponent:63 - No mode defined for component null
2026-06-04 14:24:06,478 [WARN] ModelIntegratedComponent:63 - No mode defined for component null
2026-06-04 14:24:06,478 [WARN] ModelIntegratedComponent:63 - No mode defined for component null
2026-06-04 14:24:06,478 [WARN] ModelIntegratedComponent:63 - No mode defined for component null
2026-06-04 14:24:06,478 [WARN] ModelIntegratedComponent:63 - No mode defined for component null
2026-06-04 14:24:06,478 [WARN] ModelIntegratedComponent:63 - No mode defined for component null
2026-06-04 14:24:06,478 [WARN] ModelIntegratedComponent:63 - No mode defined for component null
2026-06-04 14:24:06,478 [WARN] ModelIntegratedComponent:63 - No mode defined for component null
2026-06-04 14:24:06,478 [WARN] ModelIntegratedComponent:63 - No mode defined for component null
2026-06-04 14:24:06,478 [WARN] ModelIntegratedComponent:63 - No mode defined for component null
2026-06-04 14:24:06,478 [WARN] ModelIntegratedComponent:63 - No mode defined for component null
2026-06-04 14:24:06,478 [WARN] ModelIntegratedComponent:63 - No mode defined for component null
2026-06-04 14:24:06,478 [WARN] ModelIntegratedComponent:63 - No mode defined for component null
2026-06-04 14:24:06,478 [WARN] ModelIntegratedComponent:63 - No mode defined for component null
2026-06-04 14:24:06,478 [WARN] ModelIntegratedComponent:63 - No mode defined for component null
2026-06-04 14:24:06,478 [WARN] ModelIntegratedComponent:63 - No mode defined for component null
2026-06-04 14:24:06,478 [WARN] ModelIntegratedComponent:63 - No mode defined for component null
2026-06-04 14:24:06,478 [WARN] ModelIntegratedComponent:63 - No mode defined for component null
2026-06-04 14:24:06,478 [WARN] ModelIntegratedComponent:63 - No mode defined for component null
2026-06-04 14:24:06,478 [WARN] ModelIntegratedComponent:63 - No mode defined for component null
2026-06-04 14:24:06,478 [WARN] ModelIntegratedComponent:63 - No mode defined for component null
2026-06-04 14:24:06,478 [WARN] ModelIntegratedComponent:63 - No mode defined for component null
2026-06-04 14:24:06,478 [WARN] ModelIntegratedComponent:63 - No mode defined for component null
2026-06-04 14:24:06,479 [INFO] ThirdPartyModel:298 - Start build external matchings
2026-06-04 14:24:06,479 [INFO] ThirdPartyModel:316 - End build external matchings
2026-06-04 14:24:06,480 [INFO] ImportTextPane:194 - (OptionalMessage_ERROR) IP (ADC1) : Parameter (CommonPathInternal) has invalid value (null|ADC_CHANNEL_TEMPSENSOR|null|null)
2026-06-04 14:24:06,480 [INFO] ImportTextPane:194 - (OptionalMessage_ERROR) IP (ADC2) : Parameter (CommonPathInternal) has invalid value (null|null|null|null)
2026-06-04 14:24:06,480 [INFO] ImportTextPane:194 - (OptionalMessage_ERROR) IP (DMA) : Parameter (Instance) has Id (ADC2) currently not set
2026-06-04 14:24:06,480 [INFO] ImportTextPane:194 - (OptionalMessage_ERROR) IP (DMA) : Parameter (Request) has Id (ADC2) currently not set
2026-06-04 14:24:06,480 [INFO] ImportTextPane:194 - (OptionalMessage_ERROR) IP (DMA) : Parameter (Direction) has Id (ADC2) currently not set
2026-06-04 14:24:06,480 [INFO] ImportTextPane:194 - (OptionalMessage_ERROR) IP (DMA) : Parameter (PeriphInc) has Id (ADC2) currently not set
2026-06-04 14:24:06,480 [INFO] ImportTextPane:194 - (OptionalMessage_ERROR) IP (DMA) : Parameter (MemInc) has Id (ADC2) currently not set
2026-06-04 14:24:06,480 [INFO] ImportTextPane:194 - (OptionalMessage_ERROR) IP (DMA) : Parameter (PeriphDataAlignment) has Id (ADC2) currently not set
2026-06-04 14:24:06,481 [INFO] ImportTextPane:194 - (OptionalMessage_ERROR) IP (DMA) : Parameter (MemDataAlignment) has Id (ADC2) currently not set
2026-06-04 14:24:06,481 [INFO] ImportTextPane:194 - (OptionalMessage_ERROR) IP (DMA) : Parameter (Mode) has Id (ADC2) currently not set
2026-06-04 14:24:06,481 [INFO] ImportTextPane:194 - (OptionalMessage_ERROR) IP (DMA) : Parameter (Priority) has Id (ADC2) currently not set
2026-06-04 14:24:06,618 [INFO] UtilMem:75 - End LoadConfig() Used Memory: 359567392 Bytes (796917760)
2026-06-04 14:24:06,626 [WARN] ThirdParty:833 - waiting for thirdparty lock release [change project]
2026-06-04 14:24:06,626 [INFO] ThirdParty:835 - entering critical section [change project]
2026-06-04 14:24:06,626 [INFO] ThirdParty:1030 - CMSIS Pack Vendor :STMicroelectronics USBPD 4.1
2026-06-04 14:24:06,626 [INFO] ThirdParty:1030 - CMSIS Pack Vendor :STMicroelectronics ThreadX 1.0.0
2026-06-04 14:24:06,626 [INFO] ThirdParty:1030 - CMSIS Pack Vendor :STMicroelectronics USB_HOST 2.0.0
2026-06-04 14:24:06,626 [INFO] ThirdParty:1030 - CMSIS Pack Vendor :STMicroelectronics LIBJPEG 8.0.0
2026-06-04 14:24:06,626 [INFO] ThirdParty:1030 - CMSIS Pack Vendor :STMicroelectronics FP-ATR-SIGFOX1 3.2.0
2026-06-04 14:24:06,626 [INFO] ThirdParty:1030 - CMSIS Pack Vendor :STMicroelectronics FreeRTOS 0.0.1
2026-06-04 14:24:06,626 [INFO] ThirdParty:1030 - CMSIS Pack Vendor :STMicroelectronics USB_DEVICE 1.0.0
2026-06-04 14:24:06,626 [INFO] ThirdParty:1030 - CMSIS Pack Vendor :STMicroelectronics STM32_WPAN 1.0.0
2026-06-04 14:24:06,626 [INFO] ThirdParty:1030 - CMSIS Pack Vendor :STMicroelectronics USB_DEVICE 3.0.0
2026-06-04 14:24:06,626 [INFO] ThirdParty:1030 - CMSIS Pack Vendor :STMicroelectronics HAL Drivers 0.0.0
2026-06-04 14:24:06,626 [INFO] ThirdParty:1030 - CMSIS Pack Vendor :STMicroelectronics MBEDTLS 2.16.2
2026-06-04 14:24:06,627 [INFO] ThirdParty:1030 - CMSIS Pack Vendor :STMicroelectronics ThreadX 0.0.2
2026-06-04 14:24:06,627 [INFO] ThirdParty:1030 - CMSIS Pack Vendor :STMicroelectronics lwIP 2.1.2
2026-06-04 14:24:06,627 [INFO] ThirdParty:1030 - CMSIS Pack Vendor :STMicroelectronics lwIP 2.0.3
2026-06-04 14:24:06,627 [INFO] ThirdParty:1030 - CMSIS Pack Vendor :STMicroelectronics MBEDTLS 2.14.1
2026-06-04 14:24:06,627 [INFO] ThirdParty:1030 - CMSIS Pack Vendor :STMicroelectronics USB_HOST 1.0.0
2026-06-04 14:24:06,627 [INFO] ThirdParty:1030 - CMSIS Pack Vendor :STMicroelectronics PDM2PCM 3.1.0
2026-06-04 14:24:06,627 [INFO] ThirdParty:1030 - CMSIS Pack Vendor :STMicroelectronics PDM2PCM 3.2.0
2026-06-04 14:24:06,627 [INFO] ThirdParty:1030 - CMSIS Pack Vendor :STMicroelectronics USB_DEVICE 2.0.0
2026-06-04 14:24:06,627 [INFO] ThirdParty:1030 - CMSIS Pack Vendor :STMicroelectronics PDM2PCM 3.3.0
2026-06-04 14:24:06,627 [INFO] ThirdParty:841 - exiting critical section [change project]
2026-06-04 14:24:06,768 [INFO] PinOutPanel:1499 - setPackage(No Configuration,No Configuration)
2026-06-04 14:24:06,769 [INFO] PinOutPanel:1499 - setPackage(STM32L476RGTx,LQFP64)
2026-06-04 14:24:06,959 [INFO] UtilMem:75 - Before build in PCC Used Memory: 255304984 Bytes (796917760)
2026-06-04 14:24:07,068 [INFO] UtilMem:75 - After build in PCC Used Memory: 333948184 Bytes (796917760)
2026-06-04 14:24:07,081 [INFO] IPUIPlugin:80 - create IPUIPlugin
2026-06-04 14:24:07,081 [INFO] IPUIPlugin:80 - create IPUIPlugin
2026-06-04 14:24:07,081 [INFO] IPUIPlugin:80 - create IPUIPlugin
2026-06-04 14:24:07,081 [INFO] IPUIPlugin:80 - create IPUIPlugin
2026-06-04 14:24:07,081 [INFO] IPUIPlugin:80 - create IPUIPlugin
2026-06-04 14:24:07,081 [INFO] IPUIPlugin:80 - create IPUIPlugin
2026-06-04 14:24:07,081 [INFO] IPUIPlugin:80 - create IPUIPlugin
2026-06-04 14:24:07,081 [INFO] IPUIPlugin:80 - create IPUIPlugin
2026-06-04 14:24:07,081 [INFO] IPUIPlugin:80 - create IPUIPlugin
2026-06-04 14:24:07,081 [INFO] IPUIPlugin:80 - create IPUIPlugin
2026-06-04 14:24:07,081 [INFO] IPUIPlugin:80 - create IPUIPlugin
2026-06-04 14:24:07,081 [INFO] IPUIPlugin:80 - create IPUIPlugin
2026-06-04 14:24:07,081 [INFO] IPUIPlugin:80 - create IPUIPlugin
2026-06-04 14:24:07,081 [INFO] IPUIPlugin:80 - create IPUIPlugin
2026-06-04 14:24:07,081 [INFO] IPUIPlugin:80 - create IPUIPlugin
2026-06-04 14:24:07,081 [INFO] IPUIPlugin:80 - create IPUIPlugin
2026-06-04 14:24:07,081 [INFO] IPUIPlugin:80 - create IPUIPlugin
2026-06-04 14:24:07,082 [INFO] IPUIPlugin:80 - create IPUIPlugin
2026-06-04 14:24:07,082 [INFO] IPUIPlugin:80 - create IPUIPlugin
2026-06-04 14:24:07,082 [INFO] IPUIPlugin:80 - create IPUIPlugin
2026-06-04 14:24:07,082 [INFO] IPUIPlugin:80 - create IPUIPlugin
2026-06-04 14:24:07,082 [INFO] IPUIPlugin:80 - create IPUIPlugin
2026-06-04 14:24:07,082 [INFO] IPUIPlugin:80 - create IPUIPlugin
2026-06-04 14:24:07,082 [INFO] IPUIPlugin:80 - create IPUIPlugin
2026-06-04 14:24:07,082 [INFO] IPUIPlugin:80 - create IPUIPlugin
2026-06-04 14:24:07,082 [INFO] IPUIPlugin:80 - create IPUIPlugin
2026-06-04 14:24:07,082 [INFO] IPUIPlugin:80 - create IPUIPlugin
2026-06-04 14:24:07,082 [INFO] IPUIPlugin:80 - create IPUIPlugin
2026-06-04 14:24:07,082 [INFO] IPUIPlugin:80 - create IPUIPlugin
2026-06-04 14:24:07,082 [INFO] IPUIPlugin:80 - create IPUIPlugin
2026-06-04 14:24:07,082 [INFO] IPUIPlugin:80 - create IPUIPlugin
2026-06-04 14:24:07,082 [INFO] IPUIPlugin:80 - create IPUIPlugin
2026-06-04 14:24:07,082 [INFO] IPUIPlugin:80 - create IPUIPlugin
2026-06-04 14:24:07,083 [INFO] IPUIPlugin:80 - create IPUIPlugin
2026-06-04 14:24:07,083 [INFO] IPUIPlugin:80 - create IPUIPlugin
2026-06-04 14:24:07,083 [INFO] IPUIPlugin:80 - create IPUIPlugin
2026-06-04 14:24:07,083 [INFO] IPUIPlugin:80 - create IPUIPlugin
2026-06-04 14:24:07,083 [INFO] IPUIPlugin:80 - create IPUIPlugin
2026-06-04 14:24:07,083 [INFO] IPUIPlugin:80 - create IPUIPlugin
2026-06-04 14:24:07,083 [INFO] IPUIPlugin:80 - create IPUIPlugin
2026-06-04 14:24:07,083 [INFO] IPUIPlugin:80 - create IPUIPlugin
2026-06-04 14:24:07,083 [INFO] IPUIPlugin:80 - create IPUIPlugin
2026-06-04 14:24:07,083 [INFO] IPUIPlugin:80 - create IPUIPlugin
2026-06-04 14:24:07,083 [INFO] IPUIPlugin:80 - create IPUIPlugin
2026-06-04 14:24:07,083 [INFO] IPUIPlugin:80 - create IPUIPlugin
2026-06-04 14:24:07,083 [INFO] IPUIPlugin:80 - create IPUIPlugin
2026-06-04 14:24:07,083 [INFO] IPUIPlugin:80 - create IPUIPlugin
2026-06-04 14:24:07,083 [INFO] IPUIPlugin:80 - create IPUIPlugin
2026-06-04 14:24:07,083 [INFO] IPUIPlugin:80 - create IPUIPlugin
2026-06-04 14:24:07,083 [INFO] IPUIPlugin:80 - create IPUIPlugin
2026-06-04 14:24:07,083 [INFO] IPUIPlugin:80 - create IPUIPlugin
2026-06-04 14:24:07,084 [INFO] IPUIPlugin:80 - create IPUIPlugin
2026-06-04 14:24:07,084 [INFO] IPUIPlugin:80 - create IPUIPlugin
2026-06-04 14:24:07,084 [INFO] IPUIPlugin:80 - create IPUIPlugin
2026-06-04 14:24:07,084 [INFO] IPUIPlugin:80 - create IPUIPlugin
2026-06-04 14:24:07,084 [INFO] IPUIPlugin:80 - create IPUIPlugin
2026-06-04 14:24:07,084 [INFO] IPUIPlugin:80 - create IPUIPlugin
2026-06-04 14:24:07,084 [INFO] IPUIPlugin:80 - create IPUIPlugin
2026-06-04 14:24:07,084 [INFO] IPUIPlugin:80 - create IPUIPlugin
2026-06-04 14:24:07,107 [INFO] CADModel:165 - CPN selected for project levelSTM32L476RGT6
2026-06-04 14:24:07,107 [INFO] CADModel:114 - Register for checkConnection events
2026-06-04 14:24:07,144 [INFO] OpenFileManager:328 - Restore cursor
2026-06-04 14:25:49,661 [INFO] MainUpdater:2868 - connection check result : 10
2026-06-04 14:25:49,661 [INFO] McuFinderGlobals:76 - Set McuFinderConnectedMode to true
2026-06-04 14:25:49,845 [INFO] ServerAccessManage:473 - Download File mcusAds.json._tmp_
2026-06-04 14:25:49,948 [INFO] LoadUrlFilesThread:156 - End of LoadUrlFiles Thread
2026-06-04 14:25:50,112 [INFO] ServerAccessManage:473 - Download File cube-finder-db.zip
2026-06-04 14:25:54,088 [INFO] FileExtend:240 - Unzip File : cube-finder-db.zip
2026-06-04 14:25:54,088 [INFO] FileExtend:255 - Standard Zip Deflate
2026-06-04 14:25:54,501 [INFO] LoadUrlFilesThread:156 - End of LoadUrlFiles Thread
2026-06-04 14:25:55,293 [INFO] ServerAccessManage:473 - Download File crdb.zip
2026-06-04 14:25:56,566 [INFO] FileExtend:240 - Unzip File : crdb.zip
2026-06-04 14:25:56,566 [INFO] FileExtend:255 - Standard Zip Deflate
2026-06-04 14:25:56,687 [INFO] LoadUrlFilesThread:156 - End of LoadUrlFiles Thread
2026-06-04 14:25:56,799 [INFO] ServerAccessManage:473 - Download File tutoVideoDB.zip
2026-06-04 14:25:56,813 [INFO] FileExtend:240 - Unzip File : tutoVideoDB.zip
2026-06-04 14:25:56,813 [INFO] FileExtend:255 - Standard Zip Deflate
2026-06-04 14:25:56,918 [INFO] LoadUrlFilesThread:156 - End of LoadUrlFiles Thread
2026-06-04 14:25:56,920 [WARN] DbFile:41 - Overriding database path with different value: /home/papijou/.stmcufinder/plugins/mcufinder/ => /home/papijou/.stmcufinder/plugins/mcufinder
2026-06-04 14:25:57,678 [ERROR] ServerAccessManage:1089 - Problem, file not found on Server
2026-06-04 14:25:57,679 [ERROR] ServerAccessManage:651 - Problem, file not found on Server : api_config.json.
2026-06-04 14:26:02,691 [INFO] LoadUrlFilesThread:156 - End of LoadUrlFiles Thread
2026-06-04 14:26:03,645 [INFO] DbMcusAds:53 - JSON generation date=Thu May 28 12:08:16 CLT 2026 (1779984496303)
2026-06-04 14:26:03,646 [INFO] ApiDb:448 - Save user favorites file /home/papijou/.stm32cubeide/favorites.mcus.txt: 0 item(s)
2026-06-04 14:26:03,646 [INFO] ApiDb:452 - User favorites MCUs=[]
2026-06-04 14:26:03,647 [INFO] ApiDb:581 - Connected to CubeFinder SQLite database (/home/papijou/.stmcufinder/plugins/mcufinder/mcu/cube-finder-db.db)
2026-06-04 14:26:03,692 [INFO] ApiDb:668 - CubeFinder database Data Model version=2.1
2026-06-04 14:26:03,692 [INFO] ApiDb:669 - CubeFinder database Configuration version=3.0.42
2026-06-04 14:26:03,692 [INFO] ApiDb:670 - CubeFinder database generation date=2026-05-14 (1778746352)
2026-06-04 14:26:03,692 [INFO] ApiDb:671 - CubeFinder database FW Pack versions=[FP-ATR-ASTRA1_V2.0.0, FP-SNS-FLIGHT1_V5.1.0, FP-SNS-MOTENV1_V5.1.0, FP-SNS-MOTENVWB1_V1.5.0, FP-SNS-SMARTAG2_V1.2.0, FP-SNS-STBOX1_V2.1.0, STM32Cube_FW_C0_V1.4.0, STM32Cube_FW_F4_V1.28.3, STM32Cube_FW_F7_V1.17.4, STM32Cube_FW_G0_V1.6.3, STM32Cube_FW_G4_V1.6.2, STM32Cube_FW_H5_V1.6.0, STM32Cube_FW_H7RS_V1.3.0, STM32Cube_FW_H7_V1.13.0, STM32Cube_FW_L0_V1.12.2, STM32Cube_FW_L4_V1.18.2, STM32Cube_FW_L5_V1.6.0, STM32Cube_FW_N6_V1.3.0, STM32Cube_FW_U0_V1.3.0, STM32Cube_FW_U3_V1.3.0, STM32Cube_FW_U5_V1.8.0, STM32Cube_FW_WB0_V1.4.0, STM32Cube_FW_WBA_V1.9.0, STM32Cube_FW_WB_V1.24.0, STM32Cube_FW_WL3_V1.4.0, STM32Cube_FW_WL_V1.5.0, X-CUBE-ALGOBUILD_V1.4.0, X-CUBE-ALS_V1.0.2, X-CUBE-AZRTOS-F4_V1.1.0, X-CUBE-AZRTOS-F7_V1.1.0, X-CUBE-AZRTOS-G0_V1.1.0, X-CUBE-AZRTOS-G4_V2.0.0, X-CUBE-AZRTOS-H7RS_V1.1.0, X-CUBE-AZRTOS-H7_V3.5.0, X-CUBE-AZRTOS-L4_V2.0.0, X-CUBE-AZRTOS-L5_V2.0.0, X-CUBE-AZRTOS-WB_V2.0.0, X-CUBE-AZRTOS-WL_V2.0.0, X-CUBE-BLE1_V7.1.0, X-CUBE-BLE2_V3.3.0, X-CUBE-BLEMGR_V4.1.0, X-CUBE-EEPRMA1_V5.2.0, X-CUBE-FREERTOS_V1.5.0, X-CUBE-GNSS1_V7.1.1, X-CUBE-MEMS1_V12.1.0, X-CUBE-NFC4_V3.0.0, X-CUBE-NFC7_V2.0.0, X-CUBE-SFXS2LP1_V4.0.0, X-CUBE-ST67W61_V1.3.0, X-CUBE-SUBG2_V5.0.0, X-CUBE-TOF1_V3.4.3]
2026-06-04 14:26:05,238 [INFO] ApiDb:240 - Found 323 in-development CPN: [B-G473E-ZEST1S, B-WB1M-WPAN1, B-WL5M-SUBG1, NUCLEO-C031C6, NUCLEO-H503RB, NUCLEO-H563ZI, NUCLEO-U545RE-Q, NUCLEO-U5A5ZJ-Q, NUCLEO-WBA52CG, STEVAL-PROTEUS1, STEVAL-SMARTAG2, STEVAL-STWINBX1, STM320518-EVAL, STM32C0116-DK, STM32C011D6Y3TR, STM32C011D6Y6TR, STM32C011F4P3, STM32C011F4P6, STM32C011F4U3, STM32C011F4U6TR, STM32C011F6P3, STM32C011F6P6, STM32C011F6U3, STM32C011F6U6TR, STM32C011J4M3, STM32C011J4M6, STM32C011J6M3, STM32C011J6M6, STM32C0316-DK, STM32C031C4T3, STM32C031C4T6, STM32C031C4U3, STM32C031C4U6, STM32C031C6T3, STM32C031C6T6, STM32C031C6U3, STM32C031C6U6, STM32C031F4P3, STM32C031F4P6, STM32C031F6P3, STM32C031F6P6, STM32C031G4U3, STM32C031G4U6, STM32C031G6U3, STM32C031G6U6, STM32C031K4T3, STM32C031K4T6, STM32C031K4U3, STM32C031K4U6, STM32C031K6T3, STM32C031K6T6, STM32C031K6U3, STM32C031K6U6, STM32G071K8TXN, STM32G071K8UXN, STM32G081GBU6N, STM32G081KBT6N, STM32G081KBUXN, STM32G0B1CCT6N, STM32G0B1KCT6, STM32G0B1NEY6TR, STM32G0B1RCT6N, STM32G0C1CCT6, STM32G0C1CCT6N, STM32G0C1CCU6N, STM32G0C1CET6N, STM32G0C1CEU6N, STM32G0C1KCT6, STM32G0C1NEY6TR, STM32G0C1RCI6N, STM32G0C1RCT6N, STM32G0C1REI6N, STM32G0C1RET6N, STM32G0C1VCI6, STM32G0C1VEI6, STM32G471CCT6, STM32G471CCU6, STM32G471CET3, STM32G471CET6, STM32G471CEU3, STM32G471CEU6, STM32G471MCT6, STM32G471MET3, STM32G471MET6, STM32G471MEY6TR, STM32G471QCT6, STM32G471QET3, STM32G471RCT6, STM32G471RET3, STM32G471RET6, STM32G471VCH6, STM32G471VCI6, STM32G471VCT6, STM32G471VEH3, STM32G471VEH6, STM32G471VEI3, STM32G471VEI6, STM32G471VET3, STM32G471VET6, STM32G474CCT6, STM32H503CBT6, STM32H503CBU6, STM32H503EBY6TR, STM32H503KBU6, STM32H503RBT6, STM32H562AGI6, STM32H562AII6, STM32H562IGK6, STM32H562IGT6, STM32H562IIK6, STM32H562IIT6, STM32H562RGT6, STM32H562RGV6, STM32H562RIT6, STM32H562RIV6, STM32H562VGT6, STM32H562VIT6, STM32H562ZGT6, STM32H562ZIT6, STM32H563AGI6, STM32H563AII3Q, STM32H563AII6, STM32H563IGK6, STM32H563IGT6, STM32H563IIK3Q, STM32H563IIK6, STM32H563IIT3Q, STM32H563IIT6, STM32H563MIY3QTR, STM32H563RGT6, STM32H563RGV6, STM32H563RIT6, STM32H563RIV6, STM32H563VGT6, STM32H563VIT3Q, STM32H563VIT6, STM32H563ZGT6, STM32H563ZIT3Q, STM32H563ZIT6, STM32H573AII3Q, STM32H573AII6, STM32H573I-DK, STM32H573IIK3Q, STM32H573IIK6, STM32H573IIT3Q, STM32H573IIT6, STM32H573MIY3QTR, STM32H573RIT6, STM32H573RIV6, STM32H573VIT3Q, STM32H573VIT6, STM32H573ZIT3Q, STM32H573ZIT6, STM32L4R5QGI6STR, STM32MP131AAE3, STM32MP131AAF3, STM32MP131AAG3, STM32MP131CAE3, STM32MP131CAF3, STM32MP131CAG3, STM32MP131DAE7, STM32MP131DAF7, STM32MP131DAG7, STM32MP131FAE7, STM32MP131FAF7, STM32MP131FAG7, STM32MP133AAE3, STM32MP133AAF3, STM32MP133AAG3, STM32MP133CAE3, STM32MP133CAF3, STM32MP133CAG3, STM32MP133DAE7, STM32MP133DAF7, STM32MP133DAG7, STM32MP133FAE7, STM32MP133FAF7, STM32MP133FAG7, STM32MP135AAE3, STM32MP135AAF3, STM32MP135AAG3, STM32MP135CAE3, STM32MP135CAF3, STM32MP135CAG3, STM32MP135DAE7, STM32MP135DAF7, STM32MP135DAG7, STM32MP135F-DK, STM32MP135FAE7, STM32MP135FAF7, STM32MP135FAF7T, STM32MP135FAF7U, STM32MP135FAG7, STM32U535CBT6, STM32U535CBT6Q, STM32U535CBU6, STM32U535CBU6Q, STM32U535CCT6, STM32U535CCT6Q, STM32U535CCU6, STM32U535CCU6Q, STM32U535CET6, STM32U535CET6Q, STM32U535CEU6, STM32U535CEU6Q, STM32U535JEY6QTR, STM32U535NCY6QTR, STM32U535NEY6QTR, STM32U535RBI6, STM32U535RBI6Q, STM32U535RBT6, STM32U535RBT6Q, STM32U535RCI6, STM32U535RCI6Q, STM32U535RCT6, STM32U535RCT6Q, STM32U535REI6, STM32U535REI6Q, STM32U535RET6, STM32U535RET6Q, STM32U535VCI6, STM32U535VCI6Q, STM32U535VCT6, STM32U535VCT6Q, STM32U535VEI6, STM32U535VEI6Q, STM32U535VET6, STM32U535VET6Q, STM32U545CET6, STM32U545CET6Q, STM32U545CEU6, STM32U545CEU6Q, STM32U545JEY6QTR, STM32U545NEY6QTR, STM32U545REI6, STM32U545REI6Q, STM32U545RET6, STM32U545RET6Q, STM32U545VEI6, STM32U545VEI6Q, STM32U545VET6, STM32U545VET6Q, STM32U595AIH6, STM32U595AIH6Q, STM32U595AJH6, STM32U595AJH6Q, STM32U595QII6, STM32U595QII6Q, STM32U595QJI6, STM32U595QJI6Q, STM32U595RIT6, STM32U595RIT6Q, STM32U595RJT6, STM32U595RJT6Q, STM32U595VIT6, STM32U595VIT6Q, STM32U595VJT6, STM32U595VJT6Q, STM32U595ZIT6, STM32U595ZIT6Q, STM32U595ZIY6QTR, STM32U595ZJT6, STM32U595ZJT6Q, STM32U595ZJY6QTR, STM32U599BJY6QTR, STM32U599NIH6Q, STM32U599NJH6Q, STM32U599VIT6Q, STM32U599VJT6, STM32U599VJT6Q, STM32U599ZIT6Q, STM32U599ZIY6QTR, STM32U599ZJT6Q, STM32U599ZJY6QTR, STM32U5A5AJH6, STM32U5A5AJH6Q, STM32U5A5QJI6, STM32U5A5QJI6Q, STM32U5A5RJT6, STM32U5A5RJT6Q, STM32U5A5VJT6, STM32U5A5VJT6Q, STM32U5A5ZJT6, STM32U5A5ZJT6Q, STM32U5A5ZJY6QTR, STM32U5A9BJY6QTR, STM32U5A9J-DK, STM32U5A9NJH6Q, STM32U5A9VJT6Q, STM32U5A9ZJT6Q, STM32U5A9ZJY6QTR, STM32U5F7VIT6, STM32U5F7VIT6Q, STM32U5F7VJT6, STM32U5F7VJT6Q, STM32U5F9BJY6QTR, STM32U5F9NJH6Q, STM32U5F9VIT6Q, STM32U5F9VJT6Q, STM32U5F9ZIJ6QTR, STM32U5F9ZIT6Q, STM32U5F9ZJJ6QTR, STM32U5F9ZJT6Q, STM32U5G7VJT6, STM32U5G7VJT6Q, STM32U5G9BJY6QTR, STM32U5G9J-DK1, STM32U5G9J-DK2, STM32U5G9NJH6Q, STM32U5G9VJT6Q, STM32U5G9ZJJ6QTR, STM32U5G9ZJT6Q, STM32WB1MMCH6, STM32WBA52CEU6, STM32WBA52CEU6T, STM32WBA52CGU6, STM32WBA52CGU6T, STM32WBA52KEU6, STM32WBA52KEU6T, STM32WBA52KGU6, STM32WBA52KGU6T, STM32WL5MOCH6, STM32WL5MOCH6TR]
2026-06-04 14:26:05,239 [INFO] DbMcus:217 - Found 5061 MCUs, 4943 are supported
2026-06-04 14:26:05,239 [INFO] ApiDb:423 - Load user favorites file /home/papijou/.stm32cubeide/favorites.mcus.txt: 0 item(s)
2026-06-04 14:26:05,239 [INFO] ApiDb:427 - User favorites MCUs=[]
2026-06-04 14:26:05,239 [INFO] DbMcus:223 - Set 0 / 0 favorites MCUs
2026-06-04 14:26:05,435 [INFO] ApiDb:448 - Save user favorites file /home/papijou/.stm32cubeide/favorites.boards.txt: 0 item(s)
2026-06-04 14:26:05,435 [INFO] ApiDb:452 - User favorites Boards=[]
2026-06-04 14:26:05,435 [INFO] ApiDb:581 - Connected to CubeFinder SQLite database (/home/papijou/.stmcufinder/plugins/mcufinder/mcu/cube-finder-db.db)
2026-06-04 14:26:05,474 [INFO] ApiDb:668 - CubeFinder database Data Model version=2.1
2026-06-04 14:26:05,474 [INFO] ApiDb:669 - CubeFinder database Configuration version=3.0.42
2026-06-04 14:26:05,474 [INFO] ApiDb:670 - CubeFinder database generation date=2026-05-14 (1778746352)
2026-06-04 14:26:05,474 [INFO] ApiDb:671 - CubeFinder database FW Pack versions=[FP-ATR-ASTRA1_V2.0.0, FP-SNS-FLIGHT1_V5.1.0, FP-SNS-MOTENV1_V5.1.0, FP-SNS-MOTENVWB1_V1.5.0, FP-SNS-SMARTAG2_V1.2.0, FP-SNS-STBOX1_V2.1.0, STM32Cube_FW_C0_V1.4.0, STM32Cube_FW_F4_V1.28.3, STM32Cube_FW_F7_V1.17.4, STM32Cube_FW_G0_V1.6.3, STM32Cube_FW_G4_V1.6.2, STM32Cube_FW_H5_V1.6.0, STM32Cube_FW_H7RS_V1.3.0, STM32Cube_FW_H7_V1.13.0, STM32Cube_FW_L0_V1.12.2, STM32Cube_FW_L4_V1.18.2, STM32Cube_FW_L5_V1.6.0, STM32Cube_FW_N6_V1.3.0, STM32Cube_FW_U0_V1.3.0, STM32Cube_FW_U3_V1.3.0, STM32Cube_FW_U5_V1.8.0, STM32Cube_FW_WB0_V1.4.0, STM32Cube_FW_WBA_V1.9.0, STM32Cube_FW_WB_V1.24.0, STM32Cube_FW_WL3_V1.4.0, STM32Cube_FW_WL_V1.5.0, X-CUBE-ALGOBUILD_V1.4.0, X-CUBE-ALS_V1.0.2, X-CUBE-AZRTOS-F4_V1.1.0, X-CUBE-AZRTOS-F7_V1.1.0, X-CUBE-AZRTOS-G0_V1.1.0, X-CUBE-AZRTOS-G4_V2.0.0, X-CUBE-AZRTOS-H7RS_V1.1.0, X-CUBE-AZRTOS-H7_V3.5.0, X-CUBE-AZRTOS-L4_V2.0.0, X-CUBE-AZRTOS-L5_V2.0.0, X-CUBE-AZRTOS-WB_V2.0.0, X-CUBE-AZRTOS-WL_V2.0.0, X-CUBE-BLE1_V7.1.0, X-CUBE-BLE2_V3.3.0, X-CUBE-BLEMGR_V4.1.0, X-CUBE-EEPRMA1_V5.2.0, X-CUBE-FREERTOS_V1.5.0, X-CUBE-GNSS1_V7.1.1, X-CUBE-MEMS1_V12.1.0, X-CUBE-NFC4_V3.0.0, X-CUBE-NFC7_V2.0.0, X-CUBE-SFXS2LP1_V4.0.0, X-CUBE-ST67W61_V1.3.0, X-CUBE-SUBG2_V5.0.0, X-CUBE-TOF1_V3.4.3]
2026-06-04 14:26:05,500 [INFO] DbBoardsSqlite:226 - include board P-NUCLEO-WB55-NUCLEO as a kit item of type 'Nucleo-64'
2026-06-04 14:26:05,500 [INFO] DbBoardsSqlite:226 - include board P-NUCLEO-WB55-USBDONGLE as a kit item of type 'Nucleo USB Dongle'
2026-06-04 14:26:05,500 [INFO] DbBoardsSqlite:226 - include board STEVAL-IDP005V1 as a kit item of type 'Evaluation Board'
2026-06-04 14:26:05,500 [INFO] DbBoardsSqlite:226 - include board STEVAL-IDP005V2 as a kit item of type 'Evaluation Board'
2026-06-04 14:26:05,534 [INFO] ApiDb:240 - Found 323 in-development CPN: [B-G473E-ZEST1S, B-WB1M-WPAN1, B-WL5M-SUBG1, NUCLEO-C031C6, NUCLEO-H503RB, NUCLEO-H563ZI, NUCLEO-U545RE-Q, NUCLEO-U5A5ZJ-Q, NUCLEO-WBA52CG, STEVAL-PROTEUS1, STEVAL-SMARTAG2, STEVAL-STWINBX1, STM320518-EVAL, STM32C0116-DK, STM32C011D6Y3TR, STM32C011D6Y6TR, STM32C011F4P3, STM32C011F4P6, STM32C011F4U3, STM32C011F4U6TR, STM32C011F6P3, STM32C011F6P6, STM32C011F6U3, STM32C011F6U6TR, STM32C011J4M3, STM32C011J4M6, STM32C011J6M3, STM32C011J6M6, STM32C0316-DK, STM32C031C4T3, STM32C031C4T6, STM32C031C4U3, STM32C031C4U6, STM32C031C6T3, STM32C031C6T6, STM32C031C6U3, STM32C031C6U6, STM32C031F4P3, STM32C031F4P6, STM32C031F6P3, STM32C031F6P6, STM32C031G4U3, STM32C031G4U6, STM32C031G6U3, STM32C031G6U6, STM32C031K4T3, STM32C031K4T6, STM32C031K4U3, STM32C031K4U6, STM32C031K6T3, STM32C031K6T6, STM32C031K6U3, STM32C031K6U6, STM32G071K8TXN, STM32G071K8UXN, STM32G081GBU6N, STM32G081KBT6N, STM32G081KBUXN, STM32G0B1CCT6N, STM32G0B1KCT6, STM32G0B1NEY6TR, STM32G0B1RCT6N, STM32G0C1CCT6, STM32G0C1CCT6N, STM32G0C1CCU6N, STM32G0C1CET6N, STM32G0C1CEU6N, STM32G0C1KCT6, STM32G0C1NEY6TR, STM32G0C1RCI6N, STM32G0C1RCT6N, STM32G0C1REI6N, STM32G0C1RET6N, STM32G0C1VCI6, STM32G0C1VEI6, STM32G471CCT6, STM32G471CCU6, STM32G471CET3, STM32G471CET6, STM32G471CEU3, STM32G471CEU6, STM32G471MCT6, STM32G471MET3, STM32G471MET6, STM32G471MEY6TR, STM32G471QCT6, STM32G471QET3, STM32G471RCT6, STM32G471RET3, STM32G471RET6, STM32G471VCH6, STM32G471VCI6, STM32G471VCT6, STM32G471VEH3, STM32G471VEH6, STM32G471VEI3, STM32G471VEI6, STM32G471VET3, STM32G471VET6, STM32G474CCT6, STM32H503CBT6, STM32H503CBU6, STM32H503EBY6TR, STM32H503KBU6, STM32H503RBT6, STM32H562AGI6, STM32H562AII6, STM32H562IGK6, STM32H562IGT6, STM32H562IIK6, STM32H562IIT6, STM32H562RGT6, STM32H562RGV6, STM32H562RIT6, STM32H562RIV6, STM32H562VGT6, STM32H562VIT6, STM32H562ZGT6, STM32H562ZIT6, STM32H563AGI6, STM32H563AII3Q, STM32H563AII6, STM32H563IGK6, STM32H563IGT6, STM32H563IIK3Q, STM32H563IIK6, STM32H563IIT3Q, STM32H563IIT6, STM32H563MIY3QTR, STM32H563RGT6, STM32H563RGV6, STM32H563RIT6, STM32H563RIV6, STM32H563VGT6, STM32H563VIT3Q, STM32H563VIT6, STM32H563ZGT6, STM32H563ZIT3Q, STM32H563ZIT6, STM32H573AII3Q, STM32H573AII6, STM32H573I-DK, STM32H573IIK3Q, STM32H573IIK6, STM32H573IIT3Q, STM32H573IIT6, STM32H573MIY3QTR, STM32H573RIT6, STM32H573RIV6, STM32H573VIT3Q, STM32H573VIT6, STM32H573ZIT3Q, STM32H573ZIT6, STM32L4R5QGI6STR, STM32MP131AAE3, STM32MP131AAF3, STM32MP131AAG3, STM32MP131CAE3, STM32MP131CAF3, STM32MP131CAG3, STM32MP131DAE7, STM32MP131DAF7, STM32MP131DAG7, STM32MP131FAE7, STM32MP131FAF7, STM32MP131FAG7, STM32MP133AAE3, STM32MP133AAF3, STM32MP133AAG3, STM32MP133CAE3, STM32MP133CAF3, STM32MP133CAG3, STM32MP133DAE7, STM32MP133DAF7, STM32MP133DAG7, STM32MP133FAE7, STM32MP133FAF7, STM32MP133FAG7, STM32MP135AAE3, STM32MP135AAF3, STM32MP135AAG3, STM32MP135CAE3, STM32MP135CAF3, STM32MP135CAG3, STM32MP135DAE7, STM32MP135DAF7, STM32MP135DAG7, STM32MP135F-DK, STM32MP135FAE7, STM32MP135FAF7, STM32MP135FAF7T, STM32MP135FAF7U, STM32MP135FAG7, STM32U535CBT6, STM32U535CBT6Q, STM32U535CBU6, STM32U535CBU6Q, STM32U535CCT6, STM32U535CCT6Q, STM32U535CCU6, STM32U535CCU6Q, STM32U535CET6, STM32U535CET6Q, STM32U535CEU6, STM32U535CEU6Q, STM32U535JEY6QTR, STM32U535NCY6QTR, STM32U535NEY6QTR, STM32U535RBI6, STM32U535RBI6Q, STM32U535RBT6, STM32U535RBT6Q, STM32U535RCI6, STM32U535RCI6Q, STM32U535RCT6, STM32U535RCT6Q, STM32U535REI6, STM32U535REI6Q, STM32U535RET6, STM32U535RET6Q, STM32U535VCI6, STM32U535VCI6Q, STM32U535VCT6, STM32U535VCT6Q, STM32U535VEI6, STM32U535VEI6Q, STM32U535VET6, STM32U535VET6Q, STM32U545CET6, STM32U545CET6Q, STM32U545CEU6, STM32U545CEU6Q, STM32U545JEY6QTR, STM32U545NEY6QTR, STM32U545REI6, STM32U545REI6Q, STM32U545RET6, STM32U545RET6Q, STM32U545VEI6, STM32U545VEI6Q, STM32U545VET6, STM32U545VET6Q, STM32U595AIH6, STM32U595AIH6Q, STM32U595AJH6, STM32U595AJH6Q, STM32U595QII6, STM32U595QII6Q, STM32U595QJI6, STM32U595QJI6Q, STM32U595RIT6, STM32U595RIT6Q, STM32U595RJT6, STM32U595RJT6Q, STM32U595VIT6, STM32U595VIT6Q, STM32U595VJT6, STM32U595VJT6Q, STM32U595ZIT6, STM32U595ZIT6Q, STM32U595ZIY6QTR, STM32U595ZJT6, STM32U595ZJT6Q, STM32U595ZJY6QTR, STM32U599BJY6QTR, STM32U599NIH6Q, STM32U599NJH6Q, STM32U599VIT6Q, STM32U599VJT6, STM32U599VJT6Q, STM32U599ZIT6Q, STM32U599ZIY6QTR, STM32U599ZJT6Q, STM32U599ZJY6QTR, STM32U5A5AJH6, STM32U5A5AJH6Q, STM32U5A5QJI6, STM32U5A5QJI6Q, STM32U5A5RJT6, STM32U5A5RJT6Q, STM32U5A5VJT6, STM32U5A5VJT6Q, STM32U5A5ZJT6, STM32U5A5ZJT6Q, STM32U5A5ZJY6QTR, STM32U5A9BJY6QTR, STM32U5A9J-DK, STM32U5A9NJH6Q, STM32U5A9VJT6Q, STM32U5A9ZJT6Q, STM32U5A9ZJY6QTR, STM32U5F7VIT6, STM32U5F7VIT6Q, STM32U5F7VJT6, STM32U5F7VJT6Q, STM32U5F9BJY6QTR, STM32U5F9NJH6Q, STM32U5F9VIT6Q, STM32U5F9VJT6Q, STM32U5F9ZIJ6QTR, STM32U5F9ZIT6Q, STM32U5F9ZJJ6QTR, STM32U5F9ZJT6Q, STM32U5G7VJT6, STM32U5G7VJT6Q, STM32U5G9BJY6QTR, STM32U5G9J-DK1, STM32U5G9J-DK2, STM32U5G9NJH6Q, STM32U5G9VJT6Q, STM32U5G9ZJJ6QTR, STM32U5G9ZJT6Q, STM32WB1MMCH6, STM32WBA52CEU6, STM32WBA52CEU6T, STM32WBA52CGU6, STM32WBA52CGU6T, STM32WBA52KEU6, STM32WBA52KEU6T, STM32WBA52KGU6, STM32WBA52KGU6T, STM32WL5MOCH6, STM32WL5MOCH6TR]
2026-06-04 14:26:05,540 [INFO] BoardInfo:880 - No configuration file found for board B-WBA5M-WPAN
2026-06-04 14:26:05,540 [INFO] DbBoards:157 - Board is not supported: B-WBA5M-WPAN
2026-06-04 14:26:05,542 [INFO] BoardInfo:880 - No configuration file found for board NUCLEO-C051C8
2026-06-04 14:26:05,542 [INFO] DbBoards:157 - Board is not supported: NUCLEO-C051C8
2026-06-04 14:26:05,542 [INFO] BoardInfo:880 - No configuration file found for board NUCLEO-C071RB
2026-06-04 14:26:05,542 [INFO] DbBoards:157 - Board is not supported: NUCLEO-C071RB
2026-06-04 14:26:05,543 [INFO] BoardInfo:880 - No configuration file found for board NUCLEO-C092RC
2026-06-04 14:26:05,543 [INFO] DbBoards:157 - Board is not supported: NUCLEO-C092RC
2026-06-04 14:26:05,556 [INFO] BoardInfo:880 - No configuration file found for board NUCLEO-H533RE
2026-06-04 14:26:05,556 [INFO] DbBoards:157 - Board is not supported: NUCLEO-H533RE
2026-06-04 14:26:05,557 [INFO] BoardInfo:880 - No configuration file found for board NUCLEO-H5E5ZJ
2026-06-04 14:26:05,557 [INFO] DbBoards:157 - Board is not supported: NUCLEO-H5E5ZJ
2026-06-04 14:26:05,560 [INFO] BoardInfo:880 - No configuration file found for board NUCLEO-H7S3L8
2026-06-04 14:26:05,560 [INFO] DbBoards:157 - Board is not supported: NUCLEO-H7S3L8
2026-06-04 14:26:05,568 [INFO] BoardInfo:880 - No configuration file found for board NUCLEO-N657X0-Q
2026-06-04 14:26:05,568 [INFO] DbBoards:157 - Board is not supported: NUCLEO-N657X0-Q
2026-06-04 14:26:05,568 [INFO] BoardInfo:880 - No configuration file found for board NUCLEO-U031R8
2026-06-04 14:26:05,568 [INFO] DbBoards:157 - Board is not supported: NUCLEO-U031R8
2026-06-04 14:26:05,568 [INFO] BoardInfo:880 - No configuration file found for board NUCLEO-U083RC
2026-06-04 14:26:05,568 [INFO] DbBoards:157 - Board is not supported: NUCLEO-U083RC
2026-06-04 14:26:05,569 [INFO] BoardInfo:880 - No configuration file found for board NUCLEO-U385RG-Q
2026-06-04 14:26:05,569 [INFO] DbBoards:157 - Board is not supported: NUCLEO-U385RG-Q
2026-06-04 14:26:05,569 [INFO] BoardInfo:880 - No configuration file found for board NUCLEO-U3C5ZI-Q
2026-06-04 14:26:05,569 [INFO] DbBoards:157 - Board is not supported: NUCLEO-U3C5ZI-Q
2026-06-04 14:26:05,571 [INFO] BoardInfo:880 - No configuration file found for board NUCLEO-WB05KZ
2026-06-04 14:26:05,571 [INFO] DbBoards:157 - Board is not supported: NUCLEO-WB05KZ
2026-06-04 14:26:05,571 [INFO] BoardInfo:880 - No configuration file found for board NUCLEO-WB07CC
2026-06-04 14:26:05,571 [INFO] DbBoards:157 - Board is not supported: NUCLEO-WB07CC
2026-06-04 14:26:05,571 [INFO] BoardInfo:880 - No configuration file found for board NUCLEO-WB09KE
2026-06-04 14:26:05,571 [INFO] DbBoards:157 - Board is not supported: NUCLEO-WB09KE
2026-06-04 14:26:05,573 [INFO] BoardInfo:880 - No configuration file found for board NUCLEO-WBA25CE1
2026-06-04 14:26:05,573 [INFO] DbBoards:157 - Board is not supported: NUCLEO-WBA25CE1
2026-06-04 14:26:05,573 [INFO] BoardInfo:880 - No configuration file found for board NUCLEO-WBA55CG
2026-06-04 14:26:05,573 [INFO] DbBoards:157 - Board is not supported: NUCLEO-WBA55CG
2026-06-04 14:26:05,574 [INFO] BoardInfo:880 - No configuration file found for board NUCLEO-WBA65RI
2026-06-04 14:26:05,574 [INFO] DbBoards:157 - Board is not supported: NUCLEO-WBA65RI
2026-06-04 14:26:05,574 [INFO] BoardInfo:880 - No configuration file found for board NUCLEO-WL33CC1
2026-06-04 14:26:05,574 [INFO] DbBoards:157 - Board is not supported: NUCLEO-WL33CC1
2026-06-04 14:26:05,575 [INFO] BoardInfo:880 - No configuration file found for board NUCLEO-WL33CC2
2026-06-04 14:26:05,575 [INFO] DbBoards:157 - Board is not supported: NUCLEO-WL33CC2
2026-06-04 14:26:05,575 [INFO] BoardInfo:880 - No configuration file found for board NUCLEO-WL3RKB1
2026-06-04 14:26:05,575 [INFO] DbBoards:157 - Board is not supported: NUCLEO-WL3RKB1
2026-06-04 14:26:05,575 [INFO] BoardInfo:880 - No configuration file found for board NUCLEO-WL3RKB2
2026-06-04 14:26:05,575 [INFO] DbBoards:157 - Board is not supported: NUCLEO-WL3RKB2
2026-06-04 14:26:05,577 [INFO] BoardInfo:880 - No configuration file found for board P-NUCLEO-WB55
2026-06-04 14:26:05,577 [INFO] DbBoards:157 - Kit is not supported: P-NUCLEO-WB55
2026-06-04 14:26:05,579 [INFO] BoardInfo:880 - No configuration file found for board STEVAL-BFA001V1B
2026-06-04 14:26:05,579 [INFO] DbBoards:157 - Kit is not supported: STEVAL-BFA001V1B
2026-06-04 14:26:05,579 [INFO] BoardInfo:880 - No configuration file found for board STEVAL-BFA001V2B
2026-06-04 14:26:05,579 [INFO] DbBoards:157 - Kit is not supported: STEVAL-BFA001V2B
2026-06-04 14:26:05,580 [INFO] BoardInfo:880 - No configuration file found for board STEVAL-MKBOXPRO
2026-06-04 14:26:05,580 [INFO] DbBoards:157 - Board is not supported: STEVAL-MKBOXPRO
2026-06-04 14:26:05,602 [INFO] BoardInfo:880 - No configuration file found for board STM32H5F5J-DK
2026-06-04 14:26:05,602 [INFO] DbBoards:157 - Board is not supported: STM32H5F5J-DK
2026-06-04 14:26:05,607 [INFO] BoardInfo:880 - No configuration file found for board STM32H7S78-DK
2026-06-04 14:26:05,607 [INFO] DbBoards:157 - Board is not supported: STM32H7S78-DK
2026-06-04 14:26:05,615 [INFO] BoardInfo:880 - No configuration file found for board STM32MP215F-DK
2026-06-04 14:26:05,615 [INFO] DbBoards:157 - Board is not supported: STM32MP215F-DK
2026-06-04 14:26:05,615 [INFO] BoardInfo:880 - No configuration file found for board STM32MP257F-DK
2026-06-04 14:26:05,615 [INFO] DbBoards:157 - Board is not supported: STM32MP257F-DK
2026-06-04 14:26:05,616 [INFO] BoardInfo:880 - No configuration file found for board STM32MP257F-EV1
2026-06-04 14:26:05,616 [INFO] DbBoards:157 - Board is not supported: STM32MP257F-EV1
2026-06-04 14:26:05,616 [INFO] BoardInfo:880 - No configuration file found for board STM32N6570-DK
2026-06-04 14:26:05,616 [INFO] DbBoards:157 - Board is not supported: STM32N6570-DK
2026-06-04 14:26:05,617 [INFO] BoardInfo:880 - No configuration file found for board STM32U083C-DK
2026-06-04 14:26:05,617 [INFO] DbBoards:157 - Board is not supported: STM32U083C-DK
2026-06-04 14:26:05,619 [INFO] BoardInfo:880 - No configuration file found for board STM32WBA55G-DK1
2026-06-04 14:26:05,619 [INFO] DbBoards:157 - Board is not supported: STM32WBA55G-DK1
2026-06-04 14:26:05,620 [INFO] BoardInfo:880 - No configuration file found for board STM32WBA65I-DK1
2026-06-04 14:26:05,620 [INFO] DbBoards:157 - Board is not supported: STM32WBA65I-DK1
2026-06-04 14:26:05,620 [INFO] DbBoards:161 - Found 218 boards, 183 are supported
2026-06-04 14:26:05,623 [INFO] ApiDb:423 - Load user favorites file /home/papijou/.stm32cubeide/favorites.boards.txt: 0 item(s)
2026-06-04 14:26:05,623 [INFO] ApiDb:427 - User favorites Boards=[]
2026-06-04 14:26:05,623 [INFO] DbBoards:190 - Set 0 / 0 favorites Boards
2026-06-04 14:26:05,626 [ERROR] TargetSelectorAdapter:267 - Unable to refresh data
2026-06-04 14:26:05,655 [INFO] McuFinderGlobals:76 - Set McuFinderConnectedMode to true
2026-06-04 14:26:05,656 [INFO] MultiScanPanel:200 - Auto-refresh data requested => check proxy status ongoing
2026-06-04 14:26:05,656 [INFO] FinderPluginLoader:95 - Searching for filters in installed packs
2026-06-04 14:26:06,221 [INFO] LoadUrlFilesThread:185 - End of LoadServerUrlFiles without Thread
2026-06-04 14:26:06,222 [INFO] DetailPanel:341 - Set advertising image to /home/papijou/STM32Cube/Repository//en.prom-stm32wl3r-0526.jpg
2026-06-04 14:26:15,135 [INFO] MainUpdater:2868 - connection check result : 10
2026-06-04 14:26:15,136 [INFO] MainUpdater:2868 - connection check result : 10
2026-06-04 14:26:15,151 [INFO] MicroXplorer:468 - Change Database Path : 
2026-06-04 14:26:15,151 [INFO] MicroXplorer:498 - Change Database Version : DB.6.0.92
2026-06-04 14:26:15,158 [WARN] ThirdParty:871 - waiting for thirdparty lock release [close project]
2026-06-04 14:26:15,158 [INFO] ThirdParty:873 - entering critical section [close project]
2026-06-04 14:26:15,158 [INFO] ThirdParty:883 - exiting critical section [close project]
2026-06-04 14:26:15,159 [INFO] PinOutPanel:1499 - setPackage(No Configuration,No Configuration)
2026-06-04 14:26:15,161 [INFO] UtilMem:75 - Begin LoadConfig() Used Memory: 625015200 Bytes (796917760)
2026-06-04 14:26:15,161 [INFO] MicroXplorer:468 - Change Database Path : 
2026-06-04 14:26:15,161 [INFO] MicroXplorer:498 - Change Database Version : DB.6.0.92
2026-06-04 14:26:15,161 [INFO] OpenFileManager:308 - Change cursor
2026-06-04 14:26:15,164 [INFO] Mcu:1946 - Initializing MCU STM32L476R(C-E-G)Tx STM32L476RGTx STM32L476RGT6
2026-06-04 14:26:15,837 [INFO] Context:659 - Trying to add GPIOservice into a context  which must be forbidden
2026-06-04 14:26:16,005 [INFO] RtosManager:555 - Registered RTOS mode: class=CMSIS, group=RTOS, mode=CMSIS_V1, owner=FREERTOS
2026-06-04 14:26:16,005 [INFO] RtosManager:555 - Registered RTOS mode: class=CMSIS, group=RTOS2, mode=CMSIS_V2, owner=FREERTOS
2026-06-04 14:26:16,005 [INFO] RtosManager:555 - Registered RTOS mode: class=RTOS, group=Core, mode=CMSIS_V1, owner=FREERTOS
2026-06-04 14:26:16,005 [INFO] RtosManager:555 - Registered RTOS mode: class=RTOS, group=Core, mode=CMSIS_V2, owner=FREERTOS
2026-06-04 14:26:16,005 [WARN] ModelIntegratedComponent:184 - Missing modes for component STMicroelectronics:FreeRTOS:0.0.1:STMicroelectronics:RTOS:FreeRTOS:Core:::10.2.0:
2026-06-04 14:26:16,005 [WARN] ModelIntegratedComponent:63 - No mode defined for component null
2026-06-04 14:26:16,005 [WARN] ModelIntegratedComponent:63 - No mode defined for component null
2026-06-04 14:26:16,005 [WARN] ModelIntegratedComponent:63 - No mode defined for component null
2026-06-04 14:26:16,005 [WARN] ModelIntegratedComponent:63 - No mode defined for component null
2026-06-04 14:26:16,005 [WARN] ModelIntegratedComponent:63 - No mode defined for component null
2026-06-04 14:26:16,005 [WARN] ModelIntegratedComponent:63 - No mode defined for component null
2026-06-04 14:26:16,005 [WARN] ModelIntegratedComponent:63 - No mode defined for component null
2026-06-04 14:26:16,005 [WARN] ModelIntegratedComponent:63 - No mode defined for component null
2026-06-04 14:26:16,005 [WARN] ModelIntegratedComponent:63 - No mode defined for component null
2026-06-04 14:26:16,005 [WARN] ModelIntegratedComponent:63 - No mode defined for component null
2026-06-04 14:26:16,005 [WARN] ModelIntegratedComponent:63 - No mode defined for component null
2026-06-04 14:26:16,005 [WARN] ModelIntegratedComponent:63 - No mode defined for component null
2026-06-04 14:26:16,005 [WARN] ModelIntegratedComponent:63 - No mode defined for component null
2026-06-04 14:26:16,005 [WARN] ModelIntegratedComponent:63 - No mode defined for component null
2026-06-04 14:26:16,005 [WARN] ModelIntegratedComponent:63 - No mode defined for component null
2026-06-04 14:26:16,005 [WARN] ModelIntegratedComponent:63 - No mode defined for component null
2026-06-04 14:26:16,005 [WARN] ModelIntegratedComponent:63 - No mode defined for component null
2026-06-04 14:26:16,005 [WARN] ModelIntegratedComponent:63 - No mode defined for component null
2026-06-04 14:26:16,005 [WARN] ModelIntegratedComponent:63 - No mode defined for component null
2026-06-04 14:26:16,005 [WARN] ModelIntegratedComponent:63 - No mode defined for component null
2026-06-04 14:26:16,005 [WARN] ModelIntegratedComponent:63 - No mode defined for component null
2026-06-04 14:26:16,005 [WARN] ModelIntegratedComponent:63 - No mode defined for component null
2026-06-04 14:26:16,005 [WARN] ModelIntegratedComponent:63 - No mode defined for component null
2026-06-04 14:26:16,005 [WARN] ModelIntegratedComponent:63 - No mode defined for component null
2026-06-04 14:26:16,005 [WARN] ModelIntegratedComponent:63 - No mode defined for component null
2026-06-04 14:26:16,005 [WARN] ModelIntegratedComponent:63 - No mode defined for component null
2026-06-04 14:26:16,005 [WARN] ModelIntegratedComponent:63 - No mode defined for component null
2026-06-04 14:26:16,005 [WARN] ModelIntegratedComponent:63 - No mode defined for component null
2026-06-04 14:26:16,005 [WARN] ModelIntegratedComponent:63 - No mode defined for component null
2026-06-04 14:26:16,005 [WARN] ModelIntegratedComponent:63 - No mode defined for component null
2026-06-04 14:26:16,005 [WARN] ModelIntegratedComponent:63 - No mode defined for component null
2026-06-04 14:26:16,005 [WARN] ModelIntegratedComponent:63 - No mode defined for component null
2026-06-04 14:26:16,005 [WARN] ModelIntegratedComponent:63 - No mode defined for component null
2026-06-04 14:26:16,007 [INFO] ThirdPartyModel:298 - Start build external matchings
2026-06-04 14:26:16,007 [INFO] ThirdPartyModel:316 - End build external matchings
2026-06-04 14:26:16,009 [INFO] ImportTextPane:194 - (OptionalMessage_ERROR) IP (ADC1) : Parameter (CommonPathInternal) has invalid value (null|ADC_CHANNEL_TEMPSENSOR|null|null)
2026-06-04 14:26:16,009 [INFO] ImportTextPane:194 - (OptionalMessage_ERROR) IP (ADC2) : Parameter (CommonPathInternal) has invalid value (null|null|null|null)
2026-06-04 14:26:16,009 [INFO] ImportTextPane:194 - (OptionalMessage_ERROR) IP (DMA) : Parameter (Instance) has Id (ADC2) currently not set
2026-06-04 14:26:16,009 [INFO] ImportTextPane:194 - (OptionalMessage_ERROR) IP (DMA) : Parameter (Request) has Id (ADC2) currently not set
2026-06-04 14:26:16,009 [INFO] ImportTextPane:194 - (OptionalMessage_ERROR) IP (DMA) : Parameter (Direction) has Id (ADC2) currently not set
2026-06-04 14:26:16,009 [INFO] ImportTextPane:194 - (OptionalMessage_ERROR) IP (DMA) : Parameter (PeriphInc) has Id (ADC2) currently not set
2026-06-04 14:26:16,009 [INFO] ImportTextPane:194 - (OptionalMessage_ERROR) IP (DMA) : Parameter (MemInc) has Id (ADC2) currently not set
2026-06-04 14:26:16,009 [INFO] ImportTextPane:194 - (OptionalMessage_ERROR) IP (DMA) : Parameter (PeriphDataAlignment) has Id (ADC2) currently not set
2026-06-04 14:26:16,009 [INFO] ImportTextPane:194 - (OptionalMessage_ERROR) IP (DMA) : Parameter (MemDataAlignment) has Id (ADC2) currently not set
2026-06-04 14:26:16,009 [INFO] ImportTextPane:194 - (OptionalMessage_ERROR) IP (DMA) : Parameter (Mode) has Id (ADC2) currently not set
2026-06-04 14:26:16,009 [INFO] ImportTextPane:194 - (OptionalMessage_ERROR) IP (DMA) : Parameter (Priority) has Id (ADC2) currently not set
2026-06-04 14:26:16,151 [INFO] UtilMem:75 - End LoadConfig() Used Memory: 640369432 Bytes (872415232)
2026-06-04 14:26:16,224 [WARN] ThirdParty:833 - waiting for thirdparty lock release [change project]
2026-06-04 14:26:16,224 [INFO] ThirdParty:835 - entering critical section [change project]
2026-06-04 14:26:16,225 [INFO] ThirdParty:1030 - CMSIS Pack Vendor :STMicroelectronics USBPD 4.1
2026-06-04 14:26:16,225 [INFO] ThirdParty:1030 - CMSIS Pack Vendor :STMicroelectronics ThreadX 1.0.0
2026-06-04 14:26:16,225 [INFO] ThirdParty:1030 - CMSIS Pack Vendor :STMicroelectronics USB_HOST 2.0.0
2026-06-04 14:26:16,225 [INFO] ThirdParty:1030 - CMSIS Pack Vendor :STMicroelectronics LIBJPEG 8.0.0
2026-06-04 14:26:16,225 [INFO] ThirdParty:1030 - CMSIS Pack Vendor :STMicroelectronics FP-ATR-SIGFOX1 3.2.0
2026-06-04 14:26:16,225 [INFO] ThirdParty:1030 - CMSIS Pack Vendor :STMicroelectronics FreeRTOS 0.0.1
2026-06-04 14:26:16,225 [INFO] ThirdParty:1030 - CMSIS Pack Vendor :STMicroelectronics USB_DEVICE 1.0.0
2026-06-04 14:26:16,225 [INFO] ThirdParty:1030 - CMSIS Pack Vendor :STMicroelectronics STM32_WPAN 1.0.0
2026-06-04 14:26:16,225 [INFO] ThirdParty:1030 - CMSIS Pack Vendor :STMicroelectronics USB_DEVICE 3.0.0
2026-06-04 14:26:16,225 [INFO] ThirdParty:1030 - CMSIS Pack Vendor :STMicroelectronics HAL Drivers 0.0.0
2026-06-04 14:26:16,225 [INFO] ThirdParty:1030 - CMSIS Pack Vendor :STMicroelectronics MBEDTLS 2.16.2
2026-06-04 14:26:16,225 [INFO] ThirdParty:1030 - CMSIS Pack Vendor :STMicroelectronics ThreadX 0.0.2
2026-06-04 14:26:16,225 [INFO] ThirdParty:1030 - CMSIS Pack Vendor :STMicroelectronics lwIP 2.1.2
2026-06-04 14:26:16,225 [INFO] ThirdParty:1030 - CMSIS Pack Vendor :STMicroelectronics lwIP 2.0.3
2026-06-04 14:26:16,225 [INFO] ThirdParty:1030 - CMSIS Pack Vendor :STMicroelectronics MBEDTLS 2.14.1
2026-06-04 14:26:16,225 [INFO] ThirdParty:1030 - CMSIS Pack Vendor :STMicroelectronics USB_HOST 1.0.0
2026-06-04 14:26:16,225 [INFO] ThirdParty:1030 - CMSIS Pack Vendor :STMicroelectronics PDM2PCM 3.1.0
2026-06-04 14:26:16,225 [INFO] ThirdParty:1030 - CMSIS Pack Vendor :STMicroelectronics PDM2PCM 3.2.0
2026-06-04 14:26:16,225 [INFO] ThirdParty:1030 - CMSIS Pack Vendor :STMicroelectronics USB_DEVICE 2.0.0
2026-06-04 14:26:16,225 [INFO] ThirdParty:1030 - CMSIS Pack Vendor :STMicroelectronics PDM2PCM 3.3.0
2026-06-04 14:26:16,225 [INFO] ThirdParty:841 - exiting critical section [change project]
2026-06-04 14:26:16,345 [INFO] PinOutPanel:1499 - setPackage(No Configuration,No Configuration)
2026-06-04 14:26:16,345 [INFO] PinOutPanel:1499 - setPackage(STM32L476RGTx,LQFP64)
2026-06-04 14:26:16,561 [INFO] UtilMem:75 - Before build in PCC Used Memory: 524593328 Bytes (872415232)
2026-06-04 14:26:16,646 [INFO] UtilMem:75 - After build in PCC Used Memory: 603762864 Bytes (872415232)
2026-06-04 14:26:16,656 [INFO] IPUIPlugin:80 - create IPUIPlugin
2026-06-04 14:26:16,656 [INFO] IPUIPlugin:80 - create IPUIPlugin
2026-06-04 14:26:16,656 [INFO] IPUIPlugin:80 - create IPUIPlugin
2026-06-04 14:26:16,656 [INFO] IPUIPlugin:80 - create IPUIPlugin
2026-06-04 14:26:16,656 [INFO] IPUIPlugin:80 - create IPUIPlugin
2026-06-04 14:26:16,656 [INFO] IPUIPlugin:80 - create IPUIPlugin
2026-06-04 14:26:16,656 [INFO] IPUIPlugin:80 - create IPUIPlugin
2026-06-04 14:26:16,656 [INFO] IPUIPlugin:80 - create IPUIPlugin
2026-06-04 14:26:16,656 [INFO] IPUIPlugin:80 - create IPUIPlugin
2026-06-04 14:26:16,656 [INFO] IPUIPlugin:80 - create IPUIPlugin
2026-06-04 14:26:16,656 [INFO] IPUIPlugin:80 - create IPUIPlugin
2026-06-04 14:26:16,656 [INFO] IPUIPlugin:80 - create IPUIPlugin
2026-06-04 14:26:16,657 [INFO] IPUIPlugin:80 - create IPUIPlugin
2026-06-04 14:26:16,657 [INFO] IPUIPlugin:80 - create IPUIPlugin
2026-06-04 14:26:16,657 [INFO] IPUIPlugin:80 - create IPUIPlugin
2026-06-04 14:26:16,657 [INFO] IPUIPlugin:80 - create IPUIPlugin
2026-06-04 14:26:16,657 [INFO] IPUIPlugin:80 - create IPUIPlugin
2026-06-04 14:26:16,657 [INFO] IPUIPlugin:80 - create IPUIPlugin
2026-06-04 14:26:16,657 [INFO] IPUIPlugin:80 - create IPUIPlugin
2026-06-04 14:26:16,657 [INFO] IPUIPlugin:80 - create IPUIPlugin
2026-06-04 14:26:16,657 [INFO] IPUIPlugin:80 - create IPUIPlugin
2026-06-04 14:26:16,657 [INFO] IPUIPlugin:80 - create IPUIPlugin
2026-06-04 14:26:16,657 [INFO] IPUIPlugin:80 - create IPUIPlugin
2026-06-04 14:26:16,657 [INFO] IPUIPlugin:80 - create IPUIPlugin
2026-06-04 14:26:16,657 [INFO] IPUIPlugin:80 - create IPUIPlugin
2026-06-04 14:26:16,657 [INFO] IPUIPlugin:80 - create IPUIPlugin
2026-06-04 14:26:16,657 [INFO] IPUIPlugin:80 - create IPUIPlugin
2026-06-04 14:26:16,657 [INFO] IPUIPlugin:80 - create IPUIPlugin
2026-06-04 14:26:16,657 [INFO] IPUIPlugin:80 - create IPUIPlugin
2026-06-04 14:26:16,657 [INFO] IPUIPlugin:80 - create IPUIPlugin
2026-06-04 14:26:16,657 [INFO] IPUIPlugin:80 - create IPUIPlugin
2026-06-04 14:26:16,657 [INFO] IPUIPlugin:80 - create IPUIPlugin
2026-06-04 14:26:16,658 [INFO] IPUIPlugin:80 - create IPUIPlugin
2026-06-04 14:26:16,658 [INFO] IPUIPlugin:80 - create IPUIPlugin
2026-06-04 14:26:16,658 [INFO] IPUIPlugin:80 - create IPUIPlugin
2026-06-04 14:26:16,658 [INFO] IPUIPlugin:80 - create IPUIPlugin
2026-06-04 14:26:16,658 [INFO] IPUIPlugin:80 - create IPUIPlugin
2026-06-04 14:26:16,658 [INFO] IPUIPlugin:80 - create IPUIPlugin
2026-06-04 14:26:16,658 [INFO] IPUIPlugin:80 - create IPUIPlugin
2026-06-04 14:26:16,658 [INFO] IPUIPlugin:80 - create IPUIPlugin
2026-06-04 14:26:16,658 [INFO] IPUIPlugin:80 - create IPUIPlugin
2026-06-04 14:26:16,658 [INFO] IPUIPlugin:80 - create IPUIPlugin
2026-06-04 14:26:16,658 [INFO] IPUIPlugin:80 - create IPUIPlugin
2026-06-04 14:26:16,658 [INFO] IPUIPlugin:80 - create IPUIPlugin
2026-06-04 14:26:16,658 [INFO] IPUIPlugin:80 - create IPUIPlugin
2026-06-04 14:26:16,658 [INFO] IPUIPlugin:80 - create IPUIPlugin
2026-06-04 14:26:16,658 [INFO] IPUIPlugin:80 - create IPUIPlugin
2026-06-04 14:26:16,658 [INFO] IPUIPlugin:80 - create IPUIPlugin
2026-06-04 14:26:16,658 [INFO] IPUIPlugin:80 - create IPUIPlugin
2026-06-04 14:26:16,659 [INFO] IPUIPlugin:80 - create IPUIPlugin
2026-06-04 14:26:16,659 [INFO] IPUIPlugin:80 - create IPUIPlugin
2026-06-04 14:26:16,659 [INFO] IPUIPlugin:80 - create IPUIPlugin
2026-06-04 14:26:16,659 [INFO] IPUIPlugin:80 - create IPUIPlugin
2026-06-04 14:26:16,659 [INFO] IPUIPlugin:80 - create IPUIPlugin
2026-06-04 14:26:16,659 [INFO] IPUIPlugin:80 - create IPUIPlugin
2026-06-04 14:26:16,659 [INFO] IPUIPlugin:80 - create IPUIPlugin
2026-06-04 14:26:16,659 [INFO] IPUIPlugin:80 - create IPUIPlugin
2026-06-04 14:26:16,659 [INFO] IPUIPlugin:80 - create IPUIPlugin
2026-06-04 14:26:16,659 [INFO] IPUIPlugin:80 - create IPUIPlugin
2026-06-04 14:26:16,682 [INFO] CADModel:165 - CPN selected for project levelSTM32L476RGT6
2026-06-04 14:26:16,682 [INFO] CADModel:114 - Register for checkConnection events
2026-06-04 14:26:16,719 [INFO] OpenFileManager:328 - Restore cursor
2026-06-04 14:26:16,946 [INFO] UtilMem:75 - End SaveConfig() Used Memory: 347289824 Bytes (872415232)
2026-06-04 14:26:16,978 [INFO] UtilMem:75 - End SaveConfig() Used Memory: 372421328 Bytes (872415232)
2026-06-04 14:26:17,076 [INFO] BlockDiagram:2759 - set Specific Code input for plugin: TIM1_8L4
2026-06-04 14:26:17,076 [INFO] BlockDiagram:2759 - set Specific Code input for plugin: TIM1_8L4
2026-06-04 14:26:17,076 [INFO] BlockDiagram:2759 - set Specific Code input for plugin: ADC
2026-06-04 14:26:17,076 [INFO] BlockDiagram:2759 - set Specific Code input for plugin: ADC
2026-06-04 14:26:17,076 [INFO] BlockDiagram:2759 - set Specific Code input for plugin: RCC
2026-06-04 14:26:17,076 [INFO] BlockDiagram:2759 - set Specific Code input for plugin: NVIC
2026-06-04 14:26:17,076 [INFO] BlockDiagram:2759 - set Specific Code input for plugin: USART
2026-06-04 14:26:17,076 [INFO] BlockDiagram:2759 - set Specific Code input for plugin: DMA
2026-06-04 14:26:17,077 [INFO] BlockDiagram:2759 - set Specific Code input for plugin: GPIO
2026-06-04 14:26:17,077 [INFO] CodeGenerator:799 - code generatio: config db path: /opt/st/stm32cubeide_1.13.2_2/plugins/com.st.stm32cube.common.mx_6.9.2.202309101412//db/
2026-06-04 14:26:17,084 [INFO] Argument:319 - Argument : hdmavalue: null
2026-06-04 14:26:17,084 [INFO] Argument:321 - 	 sub Args: 
2026-06-04 14:26:17,084 [INFO] Argument:319 - Argument : Instancevalue: DMA1_Channel2
2026-06-04 14:26:17,084 [INFO] Argument:329 - Argument : Instancevalue: DMA1_Channel2
2026-06-04 14:26:17,084 [INFO] Argument:319 - Argument : Initvalue: null
2026-06-04 14:26:17,084 [INFO] Argument:321 - 	 sub Args: 
2026-06-04 14:26:17,084 [INFO] Argument:319 - Argument : Requestvalue: DMA_REQUEST_0
2026-06-04 14:26:17,085 [INFO] Argument:329 - Argument : Requestvalue: DMA_REQUEST_0
2026-06-04 14:26:17,085 [INFO] Argument:319 - Argument : Directionvalue: DMA_PERIPH_TO_MEMORY
2026-06-04 14:26:17,085 [INFO] Argument:329 - Argument : Directionvalue: DMA_PERIPH_TO_MEMORY
2026-06-04 14:26:17,085 [INFO] Argument:319 - Argument : PeriphIncvalue: DMA_PINC_DISABLE
2026-06-04 14:26:17,085 [INFO] Argument:329 - Argument : PeriphIncvalue: DMA_PINC_DISABLE
2026-06-04 14:26:17,085 [INFO] Argument:319 - Argument : MemIncvalue: DMA_MINC_ENABLE
2026-06-04 14:26:17,085 [INFO] Argument:329 - Argument : MemIncvalue: DMA_MINC_ENABLE
2026-06-04 14:26:17,085 [INFO] Argument:319 - Argument : PeriphDataAlignmentvalue: DMA_PDATAALIGN_HALFWORD
2026-06-04 14:26:17,085 [INFO] Argument:329 - Argument : PeriphDataAlignmentvalue: DMA_PDATAALIGN_HALFWORD
2026-06-04 14:26:17,085 [INFO] Argument:319 - Argument : MemDataAlignmentvalue: DMA_MDATAALIGN_HALFWORD
2026-06-04 14:26:17,085 [INFO] Argument:329 - Argument : MemDataAlignmentvalue: DMA_MDATAALIGN_HALFWORD
2026-06-04 14:26:17,085 [INFO] Argument:319 - Argument : Modevalue: DMA_NORMAL
2026-06-04 14:26:17,085 [INFO] Argument:329 - Argument : Modevalue: DMA_NORMAL
2026-06-04 14:26:17,085 [INFO] Argument:319 - Argument : Priorityvalue: DMA_PRIORITY_VERY_HIGH
2026-06-04 14:26:17,085 [INFO] Argument:329 - Argument : Priorityvalue: DMA_PRIORITY_VERY_HIGH
2026-06-04 14:26:17,085 [INFO] Argument:319 - Argument : Lockvalue: null
2026-06-04 14:26:17,085 [INFO] Argument:329 - Argument : Lockvalue: null
2026-06-04 14:26:17,085 [INFO] Argument:319 - Argument : Statevalue: null
2026-06-04 14:26:17,085 [INFO] Argument:329 - Argument : Statevalue: null
2026-06-04 14:26:17,085 [INFO] Argument:319 - Argument : Parentvalue: null
2026-06-04 14:26:17,085 [INFO] Argument:329 - Argument : Parentvalue: null
2026-06-04 14:26:17,085 [INFO] Argument:319 - Argument : XferCpltCallbackvalue: null
2026-06-04 14:26:17,085 [INFO] Argument:329 - Argument : XferCpltCallbackvalue: null
2026-06-04 14:26:17,085 [INFO] Argument:319 - Argument : XferHalfCpltCallbackvalue: null
2026-06-04 14:26:17,085 [INFO] Argument:329 - Argument : XferHalfCpltCallbackvalue: null
2026-06-04 14:26:17,085 [INFO] Argument:319 - Argument : XferErrorCallbackvalue: null
2026-06-04 14:26:17,085 [INFO] Argument:329 - Argument : XferErrorCallbackvalue: null
2026-06-04 14:26:17,085 [INFO] Argument:319 - Argument : XferAbortCallbackvalue: null
2026-06-04 14:26:17,085 [INFO] Argument:329 - Argument : XferAbortCallbackvalue: null
2026-06-04 14:26:17,085 [INFO] Argument:319 - Argument : ErrorCodevalue: null
2026-06-04 14:26:17,085 [INFO] Argument:329 - Argument : ErrorCodevalue: null
2026-06-04 14:26:17,085 [INFO] Argument:319 - Argument : DmaBaseAddressvalue: null
2026-06-04 14:26:17,085 [INFO] Argument:329 - Argument : DmaBaseAddressvalue: null
2026-06-04 14:26:17,085 [INFO] Argument:319 - Argument : ChannelIndexvalue: null
2026-06-04 14:26:17,085 [INFO] Argument:329 - Argument : ChannelIndexvalue: null
2026-06-04 14:26:17,085 [INFO] Argument:319 - Argument : hdmavalue: null
2026-06-04 14:26:17,085 [INFO] Argument:321 - 	 sub Args: 
2026-06-04 14:26:17,085 [INFO] Argument:319 - Argument : Instancevalue: DMA1_Channel2
2026-06-04 14:26:17,085 [INFO] Argument:329 - Argument : Instancevalue: DMA1_Channel2
2026-06-04 14:26:17,085 [INFO] Argument:319 - Argument : Initvalue: null
2026-06-04 14:26:17,085 [INFO] Argument:321 - 	 sub Args: 
2026-06-04 14:26:17,085 [INFO] Argument:319 - Argument : Requestvalue: DMA_REQUEST_0
2026-06-04 14:26:17,085 [INFO] Argument:329 - Argument : Requestvalue: DMA_REQUEST_0
2026-06-04 14:26:17,085 [INFO] Argument:319 - Argument : Directionvalue: DMA_PERIPH_TO_MEMORY
2026-06-04 14:26:17,085 [INFO] Argument:329 - Argument : Directionvalue: DMA_PERIPH_TO_MEMORY
2026-06-04 14:26:17,085 [INFO] Argument:319 - Argument : PeriphIncvalue: DMA_PINC_DISABLE
2026-06-04 14:26:17,085 [INFO] Argument:329 - Argument : PeriphIncvalue: DMA_PINC_DISABLE
2026-06-04 14:26:17,085 [INFO] Argument:319 - Argument : MemIncvalue: DMA_MINC_ENABLE
2026-06-04 14:26:17,085 [INFO] Argument:329 - Argument : MemIncvalue: DMA_MINC_ENABLE
2026-06-04 14:26:17,085 [INFO] Argument:319 - Argument : PeriphDataAlignmentvalue: DMA_PDATAALIGN_HALFWORD
2026-06-04 14:26:17,085 [INFO] Argument:329 - Argument : PeriphDataAlignmentvalue: DMA_PDATAALIGN_HALFWORD
2026-06-04 14:26:17,085 [INFO] Argument:319 - Argument : MemDataAlignmentvalue: DMA_MDATAALIGN_HALFWORD
2026-06-04 14:26:17,085 [INFO] Argument:329 - Argument : MemDataAlignmentvalue: DMA_MDATAALIGN_HALFWORD
2026-06-04 14:26:17,085 [INFO] Argument:319 - Argument : Modevalue: DMA_NORMAL
2026-06-04 14:26:17,085 [INFO] Argument:329 - Argument : Modevalue: DMA_NORMAL
2026-06-04 14:26:17,085 [INFO] Argument:319 - Argument : Priorityvalue: DMA_PRIORITY_VERY_HIGH
2026-06-04 14:26:17,085 [INFO] Argument:329 - Argument : Priorityvalue: DMA_PRIORITY_VERY_HIGH
2026-06-04 14:26:17,085 [INFO] Argument:319 - Argument : Lockvalue: null
2026-06-04 14:26:17,085 [INFO] Argument:329 - Argument : Lockvalue: null
2026-06-04 14:26:17,085 [INFO] Argument:319 - Argument : Statevalue: null
2026-06-04 14:26:17,085 [INFO] Argument:329 - Argument : Statevalue: null
2026-06-04 14:26:17,085 [INFO] Argument:319 - Argument : Parentvalue: null
2026-06-04 14:26:17,085 [INFO] Argument:329 - Argument : Parentvalue: null
2026-06-04 14:26:17,085 [INFO] Argument:319 - Argument : XferCpltCallbackvalue: null
2026-06-04 14:26:17,085 [INFO] Argument:329 - Argument : XferCpltCallbackvalue: null
2026-06-04 14:26:17,085 [INFO] Argument:319 - Argument : XferHalfCpltCallbackvalue: null
2026-06-04 14:26:17,085 [INFO] Argument:329 - Argument : XferHalfCpltCallbackvalue: null
2026-06-04 14:26:17,085 [INFO] Argument:319 - Argument : XferErrorCallbackvalue: null
2026-06-04 14:26:17,085 [INFO] Argument:329 - Argument : XferErrorCallbackvalue: null
2026-06-04 14:26:17,085 [INFO] Argument:319 - Argument : XferAbortCallbackvalue: null
2026-06-04 14:26:17,085 [INFO] Argument:329 - Argument : XferAbortCallbackvalue: null
2026-06-04 14:26:17,085 [INFO] Argument:319 - Argument : ErrorCodevalue: null
2026-06-04 14:26:17,085 [INFO] Argument:329 - Argument : ErrorCodevalue: null
2026-06-04 14:26:17,085 [INFO] Argument:319 - Argument : DmaBaseAddressvalue: null
2026-06-04 14:26:17,085 [INFO] Argument:329 - Argument : DmaBaseAddressvalue: null
2026-06-04 14:26:17,085 [INFO] Argument:319 - Argument : ChannelIndexvalue: null
2026-06-04 14:26:17,085 [INFO] Argument:329 - Argument : ChannelIndexvalue: null
2026-06-04 14:26:17,085 [INFO] Argument:319 - Argument : pSyncConfigvalue: null
2026-06-04 14:26:17,085 [INFO] Argument:321 - 	 sub Args: 
2026-06-04 14:26:17,085 [INFO] Argument:319 - Argument : SyncSignalIDvalue: null
2026-06-04 14:26:17,085 [INFO] Argument:329 - Argument : SyncSignalIDvalue: null
2026-06-04 14:26:17,085 [INFO] Argument:319 - Argument : SyncPolarityvalue: null
2026-06-04 14:26:17,085 [INFO] Argument:329 - Argument : SyncPolarityvalue: null
2026-06-04 14:26:17,085 [INFO] Argument:319 - Argument : SyncEnablevalue: null
2026-06-04 14:26:17,085 [INFO] Argument:329 - Argument : SyncEnablevalue: null
2026-06-04 14:26:17,085 [INFO] Argument:319 - Argument : EventEnablevalue: null
2026-06-04 14:26:17,085 [INFO] Argument:329 - Argument : EventEnablevalue: null
2026-06-04 14:26:17,085 [INFO] Argument:319 - Argument : RequestNumbervalue: null
2026-06-04 14:26:17,085 [INFO] Argument:329 - Argument : RequestNumbervalue: null
2026-06-04 14:26:17,172 [INFO] CodeEngine:255 - oldGeneratedFile, /home/papijou/Desktop/IPD439/IPD_439_Workspaces/Proyecto/STM32_workspace/ADC_AC/MXTmpFiles/license.tmp_save
2026-06-04 14:26:17,206 [INFO] CodeEngine:279 - Generated code: /home/papijou/Desktop/IPD439/IPD_439_Workspaces/Proyecto/STM32_workspace/ADC_AC/MXTmpFiles/license.tmp
2026-06-04 14:26:17,220 [INFO] CodeEngine:255 - oldGeneratedFile, /home/papijou/Desktop/IPD439/IPD_439_Workspaces/Proyecto/STM32_workspace/ADC_AC/Core/Src/gpio.c_save
2026-06-04 14:26:17,255 [INFO] CodeEngine:279 - Generated code: /home/papijou/Desktop/IPD439/IPD_439_Workspaces/Proyecto/STM32_workspace/ADC_AC/Core/Src/gpio.c
2026-06-04 14:26:17,256 [INFO] CodeEngine:255 - oldGeneratedFile, /home/papijou/Desktop/IPD439/IPD_439_Workspaces/Proyecto/STM32_workspace/ADC_AC/Core/Inc/gpio.h_save
2026-06-04 14:26:17,288 [INFO] CodeEngine:279 - Generated code: /home/papijou/Desktop/IPD439/IPD_439_Workspaces/Proyecto/STM32_workspace/ADC_AC/Core/Inc/gpio.h
2026-06-04 14:26:17,382 [INFO] CodeEngine:255 - oldGeneratedFile, /home/papijou/Desktop/IPD439/IPD_439_Workspaces/Proyecto/STM32_workspace/ADC_AC/Core/Src/adc.c_save
2026-06-04 14:26:17,432 [INFO] CodeEngine:279 - Generated code: /home/papijou/Desktop/IPD439/IPD_439_Workspaces/Proyecto/STM32_workspace/ADC_AC/Core/Src/adc.c
2026-06-04 14:26:17,433 [INFO] CodeEngine:255 - oldGeneratedFile, /home/papijou/Desktop/IPD439/IPD_439_Workspaces/Proyecto/STM32_workspace/ADC_AC/Core/Inc/adc.h_save
2026-06-04 14:26:17,466 [INFO] CodeEngine:279 - Generated code: /home/papijou/Desktop/IPD439/IPD_439_Workspaces/Proyecto/STM32_workspace/ADC_AC/Core/Inc/adc.h
2026-06-04 14:26:17,470 [INFO] CodeEngine:255 - oldGeneratedFile, /home/papijou/Desktop/IPD439/IPD_439_Workspaces/Proyecto/STM32_workspace/ADC_AC/Core/Src/dma.c_save
2026-06-04 14:26:17,505 [INFO] CodeEngine:279 - Generated code: /home/papijou/Desktop/IPD439/IPD_439_Workspaces/Proyecto/STM32_workspace/ADC_AC/Core/Src/dma.c
2026-06-04 14:26:17,506 [INFO] CodeEngine:255 - oldGeneratedFile, /home/papijou/Desktop/IPD439/IPD_439_Workspaces/Proyecto/STM32_workspace/ADC_AC/Core/Inc/dma.h_save
2026-06-04 14:26:17,540 [INFO] CodeEngine:279 - Generated code: /home/papijou/Desktop/IPD439/IPD_439_Workspaces/Proyecto/STM32_workspace/ADC_AC/Core/Inc/dma.h
2026-06-04 14:26:17,542 [INFO] CodeEngine:255 - oldGeneratedFile, /home/papijou/Desktop/IPD439/IPD_439_Workspaces/Proyecto/STM32_workspace/ADC_AC/Core/Src/tim.c_save
2026-06-04 14:26:17,590 [INFO] CodeEngine:279 - Generated code: /home/papijou/Desktop/IPD439/IPD_439_Workspaces/Proyecto/STM32_workspace/ADC_AC/Core/Src/tim.c
2026-06-04 14:26:17,591 [INFO] CodeEngine:255 - oldGeneratedFile, /home/papijou/Desktop/IPD439/IPD_439_Workspaces/Proyecto/STM32_workspace/ADC_AC/Core/Inc/tim.h_save
2026-06-04 14:26:17,625 [INFO] CodeEngine:279 - Generated code: /home/papijou/Desktop/IPD439/IPD_439_Workspaces/Proyecto/STM32_workspace/ADC_AC/Core/Inc/tim.h
2026-06-04 14:26:17,627 [INFO] CodeEngine:255 - oldGeneratedFile, /home/papijou/Desktop/IPD439/IPD_439_Workspaces/Proyecto/STM32_workspace/ADC_AC/Core/Src/usart.c_save
2026-06-04 14:26:17,673 [INFO] CodeEngine:279 - Generated code: /home/papijou/Desktop/IPD439/IPD_439_Workspaces/Proyecto/STM32_workspace/ADC_AC/Core/Src/usart.c
2026-06-04 14:26:17,674 [INFO] CodeEngine:255 - oldGeneratedFile, /home/papijou/Desktop/IPD439/IPD_439_Workspaces/Proyecto/STM32_workspace/ADC_AC/Core/Inc/usart.h_save
2026-06-04 14:26:17,707 [INFO] CodeEngine:279 - Generated code: /home/papijou/Desktop/IPD439/IPD_439_Workspaces/Proyecto/STM32_workspace/ADC_AC/Core/Inc/usart.h
2026-06-04 14:26:17,710 [INFO] CodeEngine:255 - oldGeneratedFile, /home/papijou/Desktop/IPD439/IPD_439_Workspaces/Proyecto/STM32_workspace/ADC_AC/Core/Src/stm32l4xx_it.c_save
2026-06-04 14:26:17,746 [INFO] CodeEngine:279 - Generated code: /home/papijou/Desktop/IPD439/IPD_439_Workspaces/Proyecto/STM32_workspace/ADC_AC/Core/Src/stm32l4xx_it.c
2026-06-04 14:26:17,747 [INFO] CodeEngine:255 - oldGeneratedFile, /home/papijou/Desktop/IPD439/IPD_439_Workspaces/Proyecto/STM32_workspace/ADC_AC/Core/Inc/stm32l4xx_it.h_save
2026-06-04 14:26:17,779 [INFO] CodeEngine:279 - Generated code: /home/papijou/Desktop/IPD439/IPD_439_Workspaces/Proyecto/STM32_workspace/ADC_AC/Core/Inc/stm32l4xx_it.h
2026-06-04 14:26:17,786 [INFO] CodeEngine:255 - oldGeneratedFile, /home/papijou/Desktop/IPD439/IPD_439_Workspaces/Proyecto/STM32_workspace/ADC_AC/Core/Src/stm32l4xx_hal_msp.c_save
2026-06-04 14:26:17,831 [INFO] CodeEngine:279 - Generated code: /home/papijou/Desktop/IPD439/IPD_439_Workspaces/Proyecto/STM32_workspace/ADC_AC/Core/Src/stm32l4xx_hal_msp.c
2026-06-04 14:26:17,832 [INFO] CodeEngine:255 - oldGeneratedFile, /home/papijou/Desktop/IPD439/IPD_439_Workspaces/Proyecto/STM32_workspace/ADC_AC/MXTmpFiles/system.tmp_save
2026-06-04 14:26:17,864 [INFO] CodeEngine:279 - Generated code: /home/papijou/Desktop/IPD439/IPD_439_Workspaces/Proyecto/STM32_workspace/ADC_AC/MXTmpFiles/system.tmp
2026-06-04 14:26:17,865 [INFO] CodeEngine:311 - oldGeneratedFile, /home/papijou/Desktop/IPD439/IPD_439_Workspaces/Proyecto/STM32_workspace/ADC_AC/Core/Inc/stm32l4xx_hal_conf.h_save
2026-06-04 14:26:17,900 [INFO] CodeEngine:335 - Generated code: /home/papijou/Desktop/IPD439/IPD_439_Workspaces/Proyecto/STM32_workspace/ADC_AC/Core/Inc/stm32l4xx_hal_conf.h
2026-06-04 14:26:17,911 [INFO] CodeEngine:255 - oldGeneratedFile, /home/papijou/Desktop/IPD439/IPD_439_Workspaces/Proyecto/STM32_workspace/ADC_AC/Core/Inc/main.h_save
2026-06-04 14:26:17,949 [INFO] CodeEngine:279 - Generated code: /home/papijou/Desktop/IPD439/IPD_439_Workspaces/Proyecto/STM32_workspace/ADC_AC/Core/Inc/main.h
2026-06-04 14:26:17,950 [INFO] CodeEngine:255 - oldGeneratedFile, /home/papijou/Desktop/IPD439/IPD_439_Workspaces/Proyecto/STM32_workspace/ADC_AC/Core/Src/main.c_save
2026-06-04 14:26:17,995 [INFO] CodeEngine:279 - Generated code: /home/papijou/Desktop/IPD439/IPD_439_Workspaces/Proyecto/STM32_workspace/ADC_AC/Core/Src/main.c
2026-06-04 14:26:18,250 [INFO] ProjectBuilder:3064 - Time for Copy HAL[1] : 12mS.
2026-06-04 14:26:18,251 [INFO] ProjectBuilder:4404 - Project Generator version: 4.1.0
2026-06-04 14:26:18,338 [INFO] ConfigFileManager:1457 - The Die is : DIE415
2026-06-04 14:26:18,339 [INFO] ApiDbMcu:507 - Load IP Config File for FATFS
2026-06-04 14:26:18,341 [INFO] ApiDbMcu:507 - Load IP Config File for FREERTOS
2026-06-04 14:26:18,345 [INFO] ApiDbMcu:507 - Load IP Config File for TOUCHSENSING
2026-06-04 14:26:18,346 [INFO] ApiDbMcu:507 - Load IP Config File for USB_DEVICE
2026-06-04 14:26:18,348 [INFO] ApiDbMcu:507 - Load IP Config File for USB_HOST
2026-06-04 14:26:20,535 [INFO] ProjectBuilder:4626 - Time for Generating toolchain IDE Files: 2284mS.
2026-06-04 14:26:20,535 [INFO] ProjectBuilder:2935 - Time for Copy CMSIS : 0mS.
2026-06-04 14:26:20,535 [INFO] ProjectBuilder:2935 - Time for Copy CMSIS : 0mS.
2026-06-04 14:26:21,060 [INFO] McuFinderGlobals:76 - Set McuFinderConnectedMode to true
2026-06-04 14:26:21,534 [INFO] ApiDb:448 - Save user favorites file /home/papijou/.stm32cubeide/favorites.mcus.txt: 0 item(s)
2026-06-04 14:26:21,534 [INFO] ApiDb:452 - User favorites MCUs=[]
2026-06-04 14:27:58,840 [INFO] UtilMem:75 - End SaveConfig() Used Memory: 442512800 Bytes (786432000)
2026-06-04 14:27:58,920 [INFO] BlockDiagram:2759 - set Specific Code input for plugin: TIM1_8L4
2026-06-04 14:27:58,921 [INFO] BlockDiagram:2759 - set Specific Code input for plugin: TIM1_8L4
2026-06-04 14:27:58,921 [INFO] BlockDiagram:2759 - set Specific Code input for plugin: ADC
2026-06-04 14:27:58,921 [INFO] BlockDiagram:2759 - set Specific Code input for plugin: ADC
2026-06-04 14:27:58,921 [INFO] BlockDiagram:2759 - set Specific Code input for plugin: RCC
2026-06-04 14:27:58,921 [INFO] BlockDiagram:2759 - set Specific Code input for plugin: NVIC
2026-06-04 14:27:58,921 [INFO] BlockDiagram:2759 - set Specific Code input for plugin: USART
2026-06-04 14:27:58,921 [INFO] BlockDiagram:2759 - set Specific Code input for plugin: DMA
2026-06-04 14:27:58,921 [INFO] BlockDiagram:2759 - set Specific Code input for plugin: GPIO
2026-06-04 14:27:58,921 [INFO] CodeGenerator:799 - code generatio: config db path: /opt/st/stm32cubeide_1.13.2_2/plugins/com.st.stm32cube.common.mx_6.9.2.202309101412//db/
2026-06-04 14:27:58,926 [INFO] Argument:319 - Argument : hdmavalue: null
2026-06-04 14:27:58,926 [INFO] Argument:321 - 	 sub Args: 
2026-06-04 14:27:58,926 [INFO] Argument:319 - Argument : Instancevalue: DMA1_Channel2
2026-06-04 14:27:58,926 [INFO] Argument:329 - Argument : Instancevalue: DMA1_Channel2
2026-06-04 14:27:58,926 [INFO] Argument:319 - Argument : Initvalue: null
2026-06-04 14:27:58,926 [INFO] Argument:321 - 	 sub Args: 
2026-06-04 14:27:58,926 [INFO] Argument:319 - Argument : Requestvalue: DMA_REQUEST_0
2026-06-04 14:27:58,926 [INFO] Argument:329 - Argument : Requestvalue: DMA_REQUEST_0
2026-06-04 14:27:58,926 [INFO] Argument:319 - Argument : Directionvalue: DMA_PERIPH_TO_MEMORY
2026-06-04 14:27:58,926 [INFO] Argument:329 - Argument : Directionvalue: DMA_PERIPH_TO_MEMORY
2026-06-04 14:27:58,926 [INFO] Argument:319 - Argument : PeriphIncvalue: DMA_PINC_DISABLE
2026-06-04 14:27:58,926 [INFO] Argument:329 - Argument : PeriphIncvalue: DMA_PINC_DISABLE
2026-06-04 14:27:58,926 [INFO] Argument:319 - Argument : MemIncvalue: DMA_MINC_ENABLE
2026-06-04 14:27:58,926 [INFO] Argument:329 - Argument : MemIncvalue: DMA_MINC_ENABLE
2026-06-04 14:27:58,926 [INFO] Argument:319 - Argument : PeriphDataAlignmentvalue: DMA_PDATAALIGN_HALFWORD
2026-06-04 14:27:58,926 [INFO] Argument:329 - Argument : PeriphDataAlignmentvalue: DMA_PDATAALIGN_HALFWORD
2026-06-04 14:27:58,926 [INFO] Argument:319 - Argument : MemDataAlignmentvalue: DMA_MDATAALIGN_HALFWORD
2026-06-04 14:27:58,926 [INFO] Argument:329 - Argument : MemDataAlignmentvalue: DMA_MDATAALIGN_HALFWORD
2026-06-04 14:27:58,926 [INFO] Argument:319 - Argument : Modevalue: DMA_NORMAL
2026-06-04 14:27:58,926 [INFO] Argument:329 - Argument : Modevalue: DMA_NORMAL
2026-06-04 14:27:58,926 [INFO] Argument:319 - Argument : Priorityvalue: DMA_PRIORITY_VERY_HIGH
2026-06-04 14:27:58,926 [INFO] Argument:329 - Argument : Priorityvalue: DMA_PRIORITY_VERY_HIGH
2026-06-04 14:27:58,926 [INFO] Argument:319 - Argument : Lockvalue: null
2026-06-04 14:27:58,926 [INFO] Argument:329 - Argument : Lockvalue: null
2026-06-04 14:27:58,926 [INFO] Argument:319 - Argument : Statevalue: null
2026-06-04 14:27:58,926 [INFO] Argument:329 - Argument : Statevalue: null
2026-06-04 14:27:58,926 [INFO] Argument:319 - Argument : Parentvalue: null
2026-06-04 14:27:58,926 [INFO] Argument:329 - Argument : Parentvalue: null
2026-06-04 14:27:58,926 [INFO] Argument:319 - Argument : XferCpltCallbackvalue: null
2026-06-04 14:27:58,926 [INFO] Argument:329 - Argument : XferCpltCallbackvalue: null
2026-06-04 14:27:58,926 [INFO] Argument:319 - Argument : XferHalfCpltCallbackvalue: null
2026-06-04 14:27:58,926 [INFO] Argument:329 - Argument : XferHalfCpltCallbackvalue: null
2026-06-04 14:27:58,926 [INFO] Argument:319 - Argument : XferErrorCallbackvalue: null
2026-06-04 14:27:58,926 [INFO] Argument:329 - Argument : XferErrorCallbackvalue: null
2026-06-04 14:27:58,926 [INFO] Argument:319 - Argument : XferAbortCallbackvalue: null
2026-06-04 14:27:58,926 [INFO] Argument:329 - Argument : XferAbortCallbackvalue: null
2026-06-04 14:27:58,926 [INFO] Argument:319 - Argument : ErrorCodevalue: null
2026-06-04 14:27:58,926 [INFO] Argument:329 - Argument : ErrorCodevalue: null
2026-06-04 14:27:58,926 [INFO] Argument:319 - Argument : DmaBaseAddressvalue: null
2026-06-04 14:27:58,926 [INFO] Argument:329 - Argument : DmaBaseAddressvalue: null
2026-06-04 14:27:58,926 [INFO] Argument:319 - Argument : ChannelIndexvalue: null
2026-06-04 14:27:58,926 [INFO] Argument:329 - Argument : ChannelIndexvalue: null
2026-06-04 14:27:58,926 [INFO] Argument:319 - Argument : hdmavalue: null
2026-06-04 14:27:58,926 [INFO] Argument:321 - 	 sub Args: 
2026-06-04 14:27:58,926 [INFO] Argument:319 - Argument : Instancevalue: DMA1_Channel2
2026-06-04 14:27:58,926 [INFO] Argument:329 - Argument : Instancevalue: DMA1_Channel2
2026-06-04 14:27:58,926 [INFO] Argument:319 - Argument : Initvalue: null
2026-06-04 14:27:58,926 [INFO] Argument:321 - 	 sub Args: 
2026-06-04 14:27:58,926 [INFO] Argument:319 - Argument : Requestvalue: DMA_REQUEST_0
2026-06-04 14:27:58,926 [INFO] Argument:329 - Argument : Requestvalue: DMA_REQUEST_0
2026-06-04 14:27:58,926 [INFO] Argument:319 - Argument : Directionvalue: DMA_PERIPH_TO_MEMORY
2026-06-04 14:27:58,926 [INFO] Argument:329 - Argument : Directionvalue: DMA_PERIPH_TO_MEMORY
2026-06-04 14:27:58,926 [INFO] Argument:319 - Argument : PeriphIncvalue: DMA_PINC_DISABLE
2026-06-04 14:27:58,926 [INFO] Argument:329 - Argument : PeriphIncvalue: DMA_PINC_DISABLE
2026-06-04 14:27:58,926 [INFO] Argument:319 - Argument : MemIncvalue: DMA_MINC_ENABLE
2026-06-04 14:27:58,926 [INFO] Argument:329 - Argument : MemIncvalue: DMA_MINC_ENABLE
2026-06-04 14:27:58,926 [INFO] Argument:319 - Argument : PeriphDataAlignmentvalue: DMA_PDATAALIGN_HALFWORD
2026-06-04 14:27:58,926 [INFO] Argument:329 - Argument : PeriphDataAlignmentvalue: DMA_PDATAALIGN_HALFWORD
2026-06-04 14:27:58,926 [INFO] Argument:319 - Argument : MemDataAlignmentvalue: DMA_MDATAALIGN_HALFWORD
2026-06-04 14:27:58,926 [INFO] Argument:329 - Argument : MemDataAlignmentvalue: DMA_MDATAALIGN_HALFWORD
2026-06-04 14:27:58,926 [INFO] Argument:319 - Argument : Modevalue: DMA_NORMAL
2026-06-04 14:27:58,926 [INFO] Argument:329 - Argument : Modevalue: DMA_NORMAL
2026-06-04 14:27:58,926 [INFO] Argument:319 - Argument : Priorityvalue: DMA_PRIORITY_VERY_HIGH
2026-06-04 14:27:58,926 [INFO] Argument:329 - Argument : Priorityvalue: DMA_PRIORITY_VERY_HIGH
2026-06-04 14:27:58,926 [INFO] Argument:319 - Argument : Lockvalue: null
2026-06-04 14:27:58,926 [INFO] Argument:329 - Argument : Lockvalue: null
2026-06-04 14:27:58,926 [INFO] Argument:319 - Argument : Statevalue: null
2026-06-04 14:27:58,926 [INFO] Argument:329 - Argument : Statevalue: null
2026-06-04 14:27:58,926 [INFO] Argument:319 - Argument : Parentvalue: null
2026-06-04 14:27:58,926 [INFO] Argument:329 - Argument : Parentvalue: null
2026-06-04 14:27:58,926 [INFO] Argument:319 - Argument : XferCpltCallbackvalue: null
2026-06-04 14:27:58,926 [INFO] Argument:329 - Argument : XferCpltCallbackvalue: null
2026-06-04 14:27:58,926 [INFO] Argument:319 - Argument : XferHalfCpltCallbackvalue: null
2026-06-04 14:27:58,926 [INFO] Argument:329 - Argument : XferHalfCpltCallbackvalue: null
2026-06-04 14:27:58,926 [INFO] Argument:319 - Argument : XferErrorCallbackvalue: null
2026-06-04 14:27:58,926 [INFO] Argument:329 - Argument : XferErrorCallbackvalue: null
2026-06-04 14:27:58,926 [INFO] Argument:319 - Argument : XferAbortCallbackvalue: null
2026-06-04 14:27:58,926 [INFO] Argument:329 - Argument : XferAbortCallbackvalue: null
2026-06-04 14:27:58,926 [INFO] Argument:319 - Argument : ErrorCodevalue: null
2026-06-04 14:27:58,926 [INFO] Argument:329 - Argument : ErrorCodevalue: null
2026-06-04 14:27:58,927 [INFO] Argument:319 - Argument : DmaBaseAddressvalue: null
2026-06-04 14:27:58,927 [INFO] Argument:329 - Argument : DmaBaseAddressvalue: null
2026-06-04 14:27:58,927 [INFO] Argument:319 - Argument : ChannelIndexvalue: null
2026-06-04 14:27:58,927 [INFO] Argument:329 - Argument : ChannelIndexvalue: null
2026-06-04 14:27:58,927 [INFO] Argument:319 - Argument : pSyncConfigvalue: null
2026-06-04 14:27:58,927 [INFO] Argument:321 - 	 sub Args: 
2026-06-04 14:27:58,927 [INFO] Argument:319 - Argument : SyncSignalIDvalue: null
2026-06-04 14:27:58,927 [INFO] Argument:329 - Argument : SyncSignalIDvalue: null
2026-06-04 14:27:58,927 [INFO] Argument:319 - Argument : SyncPolarityvalue: null
2026-06-04 14:27:58,927 [INFO] Argument:329 - Argument : SyncPolarityvalue: null
2026-06-04 14:27:58,927 [INFO] Argument:319 - Argument : SyncEnablevalue: null
2026-06-04 14:27:58,927 [INFO] Argument:329 - Argument : SyncEnablevalue: null
2026-06-04 14:27:58,927 [INFO] Argument:319 - Argument : EventEnablevalue: null
2026-06-04 14:27:58,927 [INFO] Argument:329 - Argument : EventEnablevalue: null
2026-06-04 14:27:58,927 [INFO] Argument:319 - Argument : RequestNumbervalue: null
2026-06-04 14:27:58,927 [INFO] Argument:329 - Argument : RequestNumbervalue: null
2026-06-04 14:27:59,007 [INFO] CodeEngine:255 - oldGeneratedFile, /home/papijou/Desktop/IPD439/IPD_439_Workspaces/Proyecto/STM32_workspace/ADC_AC/MXTmpFiles/license.tmp_save
2026-06-04 14:27:59,043 [INFO] CodeEngine:279 - Generated code: /home/papijou/Desktop/IPD439/IPD_439_Workspaces/Proyecto/STM32_workspace/ADC_AC/MXTmpFiles/license.tmp
2026-06-04 14:27:59,050 [INFO] CodeEngine:255 - oldGeneratedFile, /home/papijou/Desktop/IPD439/IPD_439_Workspaces/Proyecto/STM32_workspace/ADC_AC/Core/Src/gpio.c_save
2026-06-04 14:27:59,085 [INFO] CodeEngine:279 - Generated code: /home/papijou/Desktop/IPD439/IPD_439_Workspaces/Proyecto/STM32_workspace/ADC_AC/Core/Src/gpio.c
2026-06-04 14:27:59,086 [INFO] CodeEngine:255 - oldGeneratedFile, /home/papijou/Desktop/IPD439/IPD_439_Workspaces/Proyecto/STM32_workspace/ADC_AC/Core/Inc/gpio.h_save
2026-06-04 14:27:59,131 [INFO] CodeEngine:279 - Generated code: /home/papijou/Desktop/IPD439/IPD_439_Workspaces/Proyecto/STM32_workspace/ADC_AC/Core/Inc/gpio.h
2026-06-04 14:27:59,265 [INFO] CodeEngine:255 - oldGeneratedFile, /home/papijou/Desktop/IPD439/IPD_439_Workspaces/Proyecto/STM32_workspace/ADC_AC/Core/Src/adc.c_save
2026-06-04 14:27:59,319 [INFO] CodeEngine:279 - Generated code: /home/papijou/Desktop/IPD439/IPD_439_Workspaces/Proyecto/STM32_workspace/ADC_AC/Core/Src/adc.c
2026-06-04 14:27:59,320 [INFO] CodeEngine:255 - oldGeneratedFile, /home/papijou/Desktop/IPD439/IPD_439_Workspaces/Proyecto/STM32_workspace/ADC_AC/Core/Inc/adc.h_save
2026-06-04 14:27:59,357 [INFO] CodeEngine:279 - Generated code: /home/papijou/Desktop/IPD439/IPD_439_Workspaces/Proyecto/STM32_workspace/ADC_AC/Core/Inc/adc.h
2026-06-04 14:27:59,364 [INFO] CodeEngine:255 - oldGeneratedFile, /home/papijou/Desktop/IPD439/IPD_439_Workspaces/Proyecto/STM32_workspace/ADC_AC/Core/Src/dma.c_save
2026-06-04 14:27:59,402 [INFO] CodeEngine:279 - Generated code: /home/papijou/Desktop/IPD439/IPD_439_Workspaces/Proyecto/STM32_workspace/ADC_AC/Core/Src/dma.c
2026-06-04 14:27:59,403 [INFO] CodeEngine:255 - oldGeneratedFile, /home/papijou/Desktop/IPD439/IPD_439_Workspaces/Proyecto/STM32_workspace/ADC_AC/Core/Inc/dma.h_save
2026-06-04 14:27:59,436 [INFO] CodeEngine:279 - Generated code: /home/papijou/Desktop/IPD439/IPD_439_Workspaces/Proyecto/STM32_workspace/ADC_AC/Core/Inc/dma.h
2026-06-04 14:27:59,438 [INFO] CodeEngine:255 - oldGeneratedFile, /home/papijou/Desktop/IPD439/IPD_439_Workspaces/Proyecto/STM32_workspace/ADC_AC/Core/Src/tim.c_save
2026-06-04 14:27:59,494 [INFO] CodeEngine:279 - Generated code: /home/papijou/Desktop/IPD439/IPD_439_Workspaces/Proyecto/STM32_workspace/ADC_AC/Core/Src/tim.c
2026-06-04 14:27:59,495 [INFO] CodeEngine:255 - oldGeneratedFile, /home/papijou/Desktop/IPD439/IPD_439_Workspaces/Proyecto/STM32_workspace/ADC_AC/Core/Inc/tim.h_save
2026-06-04 14:27:59,535 [INFO] CodeEngine:279 - Generated code: /home/papijou/Desktop/IPD439/IPD_439_Workspaces/Proyecto/STM32_workspace/ADC_AC/Core/Inc/tim.h
2026-06-04 14:27:59,537 [INFO] CodeEngine:255 - oldGeneratedFile, /home/papijou/Desktop/IPD439/IPD_439_Workspaces/Proyecto/STM32_workspace/ADC_AC/Core/Src/usart.c_save
2026-06-04 14:27:59,588 [INFO] CodeEngine:279 - Generated code: /home/papijou/Desktop/IPD439/IPD_439_Workspaces/Proyecto/STM32_workspace/ADC_AC/Core/Src/usart.c
2026-06-04 14:27:59,589 [INFO] CodeEngine:255 - oldGeneratedFile, /home/papijou/Desktop/IPD439/IPD_439_Workspaces/Proyecto/STM32_workspace/ADC_AC/Core/Inc/usart.h_save
2026-06-04 14:27:59,627 [INFO] CodeEngine:279 - Generated code: /home/papijou/Desktop/IPD439/IPD_439_Workspaces/Proyecto/STM32_workspace/ADC_AC/Core/Inc/usart.h
2026-06-04 14:27:59,632 [INFO] CodeEngine:255 - oldGeneratedFile, /home/papijou/Desktop/IPD439/IPD_439_Workspaces/Proyecto/STM32_workspace/ADC_AC/Core/Src/stm32l4xx_it.c_save
2026-06-04 14:27:59,680 [INFO] CodeEngine:279 - Generated code: /home/papijou/Desktop/IPD439/IPD_439_Workspaces/Proyecto/STM32_workspace/ADC_AC/Core/Src/stm32l4xx_it.c
2026-06-04 14:27:59,681 [INFO] CodeEngine:255 - oldGeneratedFile, /home/papijou/Desktop/IPD439/IPD_439_Workspaces/Proyecto/STM32_workspace/ADC_AC/Core/Inc/stm32l4xx_it.h_save
2026-06-04 14:27:59,719 [INFO] CodeEngine:279 - Generated code: /home/papijou/Desktop/IPD439/IPD_439_Workspaces/Proyecto/STM32_workspace/ADC_AC/Core/Inc/stm32l4xx_it.h
2026-06-04 14:27:59,728 [INFO] CodeEngine:255 - oldGeneratedFile, /home/papijou/Desktop/IPD439/IPD_439_Workspaces/Proyecto/STM32_workspace/ADC_AC/Core/Src/stm32l4xx_hal_msp.c_save
2026-06-04 14:27:59,777 [INFO] CodeEngine:279 - Generated code: /home/papijou/Desktop/IPD439/IPD_439_Workspaces/Proyecto/STM32_workspace/ADC_AC/Core/Src/stm32l4xx_hal_msp.c
2026-06-04 14:27:59,778 [INFO] CodeEngine:255 - oldGeneratedFile, /home/papijou/Desktop/IPD439/IPD_439_Workspaces/Proyecto/STM32_workspace/ADC_AC/MXTmpFiles/system.tmp_save
2026-06-04 14:27:59,811 [INFO] CodeEngine:279 - Generated code: /home/papijou/Desktop/IPD439/IPD_439_Workspaces/Proyecto/STM32_workspace/ADC_AC/MXTmpFiles/system.tmp
2026-06-04 14:27:59,812 [INFO] CodeEngine:311 - oldGeneratedFile, /home/papijou/Desktop/IPD439/IPD_439_Workspaces/Proyecto/STM32_workspace/ADC_AC/Core/Inc/stm32l4xx_hal_conf.h_save
2026-06-04 14:27:59,848 [INFO] CodeEngine:335 - Generated code: /home/papijou/Desktop/IPD439/IPD_439_Workspaces/Proyecto/STM32_workspace/ADC_AC/Core/Inc/stm32l4xx_hal_conf.h
2026-06-04 14:27:59,855 [INFO] CodeEngine:255 - oldGeneratedFile, /home/papijou/Desktop/IPD439/IPD_439_Workspaces/Proyecto/STM32_workspace/ADC_AC/Core/Inc/main.h_save
2026-06-04 14:27:59,890 [INFO] CodeEngine:279 - Generated code: /home/papijou/Desktop/IPD439/IPD_439_Workspaces/Proyecto/STM32_workspace/ADC_AC/Core/Inc/main.h
2026-06-04 14:27:59,891 [INFO] CodeEngine:255 - oldGeneratedFile, /home/papijou/Desktop/IPD439/IPD_439_Workspaces/Proyecto/STM32_workspace/ADC_AC/Core/Src/main.c_save
2026-06-04 14:27:59,936 [INFO] CodeEngine:279 - Generated code: /home/papijou/Desktop/IPD439/IPD_439_Workspaces/Proyecto/STM32_workspace/ADC_AC/Core/Src/main.c
2026-06-04 14:28:00,186 [INFO] ProjectBuilder:3064 - Time for Copy HAL[1] : 16mS.
2026-06-04 14:28:00,187 [INFO] ProjectBuilder:4404 - Project Generator version: 4.1.0
2026-06-04 14:28:00,308 [INFO] ConfigFileManager:1457 - The Die is : DIE415
2026-06-04 14:28:00,887 [INFO] ProjectBuilder:4626 - Time for Generating toolchain IDE Files: 700mS.
2026-06-04 14:28:00,888 [INFO] ProjectBuilder:2935 - Time for Copy CMSIS : 0mS.
2026-06-04 14:28:00,888 [INFO] ProjectBuilder:2935 - Time for Copy CMSIS : 0mS.
2026-06-04 14:30:03,296 [INFO] UtilMem:75 - End SaveConfig() Used Memory: 505068128 Bytes (943718400)
2026-06-04 14:30:03,389 [INFO] BlockDiagram:2759 - set Specific Code input for plugin: TIM1_8L4
2026-06-04 14:30:03,389 [INFO] BlockDiagram:2759 - set Specific Code input for plugin: TIM1_8L4
2026-06-04 14:30:03,389 [INFO] BlockDiagram:2759 - set Specific Code input for plugin: ADC
2026-06-04 14:30:03,389 [INFO] BlockDiagram:2759 - set Specific Code input for plugin: ADC
2026-06-04 14:30:03,389 [INFO] BlockDiagram:2759 - set Specific Code input for plugin: RCC
2026-06-04 14:30:03,389 [INFO] BlockDiagram:2759 - set Specific Code input for plugin: NVIC
2026-06-04 14:30:03,389 [INFO] BlockDiagram:2759 - set Specific Code input for plugin: USART
2026-06-04 14:30:03,389 [INFO] BlockDiagram:2759 - set Specific Code input for plugin: DMA
2026-06-04 14:30:03,389 [INFO] BlockDiagram:2759 - set Specific Code input for plugin: GPIO
2026-06-04 14:30:03,389 [INFO] CodeGenerator:799 - code generatio: config db path: /opt/st/stm32cubeide_1.13.2_2/plugins/com.st.stm32cube.common.mx_6.9.2.202309101412//db/
2026-06-04 14:30:03,395 [INFO] Argument:319 - Argument : hdmavalue: null
2026-06-04 14:30:03,395 [INFO] Argument:321 - 	 sub Args: 
2026-06-04 14:30:03,395 [INFO] Argument:319 - Argument : Instancevalue: DMA1_Channel2
2026-06-04 14:30:03,395 [INFO] Argument:329 - Argument : Instancevalue: DMA1_Channel2
2026-06-04 14:30:03,395 [INFO] Argument:319 - Argument : Initvalue: null
2026-06-04 14:30:03,395 [INFO] Argument:321 - 	 sub Args: 
2026-06-04 14:30:03,395 [INFO] Argument:319 - Argument : Requestvalue: DMA_REQUEST_0
2026-06-04 14:30:03,395 [INFO] Argument:329 - Argument : Requestvalue: DMA_REQUEST_0
2026-06-04 14:30:03,395 [INFO] Argument:319 - Argument : Directionvalue: DMA_PERIPH_TO_MEMORY
2026-06-04 14:30:03,395 [INFO] Argument:329 - Argument : Directionvalue: DMA_PERIPH_TO_MEMORY
2026-06-04 14:30:03,395 [INFO] Argument:319 - Argument : PeriphIncvalue: DMA_PINC_DISABLE
2026-06-04 14:30:03,395 [INFO] Argument:329 - Argument : PeriphIncvalue: DMA_PINC_DISABLE
2026-06-04 14:30:03,395 [INFO] Argument:319 - Argument : MemIncvalue: DMA_MINC_ENABLE
2026-06-04 14:30:03,395 [INFO] Argument:329 - Argument : MemIncvalue: DMA_MINC_ENABLE
2026-06-04 14:30:03,395 [INFO] Argument:319 - Argument : PeriphDataAlignmentvalue: DMA_PDATAALIGN_HALFWORD
2026-06-04 14:30:03,395 [INFO] Argument:329 - Argument : PeriphDataAlignmentvalue: DMA_PDATAALIGN_HALFWORD
2026-06-04 14:30:03,395 [INFO] Argument:319 - Argument : MemDataAlignmentvalue: DMA_MDATAALIGN_HALFWORD
2026-06-04 14:30:03,395 [INFO] Argument:329 - Argument : MemDataAlignmentvalue: DMA_MDATAALIGN_HALFWORD
2026-06-04 14:30:03,395 [INFO] Argument:319 - Argument : Modevalue: DMA_NORMAL
2026-06-04 14:30:03,395 [INFO] Argument:329 - Argument : Modevalue: DMA_NORMAL
2026-06-04 14:30:03,395 [INFO] Argument:319 - Argument : Priorityvalue: DMA_PRIORITY_VERY_HIGH
2026-06-04 14:30:03,395 [INFO] Argument:329 - Argument : Priorityvalue: DMA_PRIORITY_VERY_HIGH
2026-06-04 14:30:03,395 [INFO] Argument:319 - Argument : Lockvalue: null
2026-06-04 14:30:03,395 [INFO] Argument:329 - Argument : Lockvalue: null
2026-06-04 14:30:03,395 [INFO] Argument:319 - Argument : Statevalue: null
2026-06-04 14:30:03,395 [INFO] Argument:329 - Argument : Statevalue: null
2026-06-04 14:30:03,395 [INFO] Argument:319 - Argument : Parentvalue: null
2026-06-04 14:30:03,395 [INFO] Argument:329 - Argument : Parentvalue: null
2026-06-04 14:30:03,395 [INFO] Argument:319 - Argument : XferCpltCallbackvalue: null
2026-06-04 14:30:03,395 [INFO] Argument:329 - Argument : XferCpltCallbackvalue: null
2026-06-04 14:30:03,395 [INFO] Argument:319 - Argument : XferHalfCpltCallbackvalue: null
2026-06-04 14:30:03,395 [INFO] Argument:329 - Argument : XferHalfCpltCallbackvalue: null
2026-06-04 14:30:03,396 [INFO] Argument:319 - Argument : XferErrorCallbackvalue: null
2026-06-04 14:30:03,396 [INFO] Argument:329 - Argument : XferErrorCallbackvalue: null
2026-06-04 14:30:03,396 [INFO] Argument:319 - Argument : XferAbortCallbackvalue: null
2026-06-04 14:30:03,396 [INFO] Argument:329 - Argument : XferAbortCallbackvalue: null
2026-06-04 14:30:03,396 [INFO] Argument:319 - Argument : ErrorCodevalue: null
2026-06-04 14:30:03,396 [INFO] Argument:329 - Argument : ErrorCodevalue: null
2026-06-04 14:30:03,396 [INFO] Argument:319 - Argument : DmaBaseAddressvalue: null
2026-06-04 14:30:03,396 [INFO] Argument:329 - Argument : DmaBaseAddressvalue: null
2026-06-04 14:30:03,396 [INFO] Argument:319 - Argument : ChannelIndexvalue: null
2026-06-04 14:30:03,396 [INFO] Argument:329 - Argument : ChannelIndexvalue: null
2026-06-04 14:30:03,396 [INFO] Argument:319 - Argument : hdmavalue: null
2026-06-04 14:30:03,396 [INFO] Argument:321 - 	 sub Args: 
2026-06-04 14:30:03,396 [INFO] Argument:319 - Argument : Instancevalue: DMA1_Channel2
2026-06-04 14:30:03,396 [INFO] Argument:329 - Argument : Instancevalue: DMA1_Channel2
2026-06-04 14:30:03,396 [INFO] Argument:319 - Argument : Initvalue: null
2026-06-04 14:30:03,396 [INFO] Argument:321 - 	 sub Args: 
2026-06-04 14:30:03,396 [INFO] Argument:319 - Argument : Requestvalue: DMA_REQUEST_0
2026-06-04 14:30:03,396 [INFO] Argument:329 - Argument : Requestvalue: DMA_REQUEST_0
2026-06-04 14:30:03,396 [INFO] Argument:319 - Argument : Directionvalue: DMA_PERIPH_TO_MEMORY
2026-06-04 14:30:03,396 [INFO] Argument:329 - Argument : Directionvalue: DMA_PERIPH_TO_MEMORY
2026-06-04 14:30:03,396 [INFO] Argument:319 - Argument : PeriphIncvalue: DMA_PINC_DISABLE
2026-06-04 14:30:03,396 [INFO] Argument:329 - Argument : PeriphIncvalue: DMA_PINC_DISABLE
2026-06-04 14:30:03,396 [INFO] Argument:319 - Argument : MemIncvalue: DMA_MINC_ENABLE
2026-06-04 14:30:03,396 [INFO] Argument:329 - Argument : MemIncvalue: DMA_MINC_ENABLE
2026-06-04 14:30:03,396 [INFO] Argument:319 - Argument : PeriphDataAlignmentvalue: DMA_PDATAALIGN_HALFWORD
2026-06-04 14:30:03,396 [INFO] Argument:329 - Argument : PeriphDataAlignmentvalue: DMA_PDATAALIGN_HALFWORD
2026-06-04 14:30:03,396 [INFO] Argument:319 - Argument : MemDataAlignmentvalue: DMA_MDATAALIGN_HALFWORD
2026-06-04 14:30:03,396 [INFO] Argument:329 - Argument : MemDataAlignmentvalue: DMA_MDATAALIGN_HALFWORD
2026-06-04 14:30:03,396 [INFO] Argument:319 - Argument : Modevalue: DMA_NORMAL
2026-06-04 14:30:03,396 [INFO] Argument:329 - Argument : Modevalue: DMA_NORMAL
2026-06-04 14:30:03,396 [INFO] Argument:319 - Argument : Priorityvalue: DMA_PRIORITY_VERY_HIGH
2026-06-04 14:30:03,396 [INFO] Argument:329 - Argument : Priorityvalue: DMA_PRIORITY_VERY_HIGH
2026-06-04 14:30:03,396 [INFO] Argument:319 - Argument : Lockvalue: null
2026-06-04 14:30:03,396 [INFO] Argument:329 - Argument : Lockvalue: null
2026-06-04 14:30:03,396 [INFO] Argument:319 - Argument : Statevalue: null
2026-06-04 14:30:03,396 [INFO] Argument:329 - Argument : Statevalue: null
2026-06-04 14:30:03,396 [INFO] Argument:319 - Argument : Parentvalue: null
2026-06-04 14:30:03,396 [INFO] Argument:329 - Argument : Parentvalue: null
2026-06-04 14:30:03,396 [INFO] Argument:319 - Argument : XferCpltCallbackvalue: null
2026-06-04 14:30:03,396 [INFO] Argument:329 - Argument : XferCpltCallbackvalue: null
2026-06-04 14:30:03,396 [INFO] Argument:319 - Argument : XferHalfCpltCallbackvalue: null
2026-06-04 14:30:03,396 [INFO] Argument:329 - Argument : XferHalfCpltCallbackvalue: null
2026-06-04 14:30:03,396 [INFO] Argument:319 - Argument : XferErrorCallbackvalue: null
2026-06-04 14:30:03,396 [INFO] Argument:329 - Argument : XferErrorCallbackvalue: null
2026-06-04 14:30:03,396 [INFO] Argument:319 - Argument : XferAbortCallbackvalue: null
2026-06-04 14:30:03,396 [INFO] Argument:329 - Argument : XferAbortCallbackvalue: null
2026-06-04 14:30:03,396 [INFO] Argument:319 - Argument : ErrorCodevalue: null
2026-06-04 14:30:03,396 [INFO] Argument:329 - Argument : ErrorCodevalue: null
2026-06-04 14:30:03,396 [INFO] Argument:319 - Argument : DmaBaseAddressvalue: null
2026-06-04 14:30:03,396 [INFO] Argument:329 - Argument : DmaBaseAddressvalue: null
2026-06-04 14:30:03,396 [INFO] Argument:319 - Argument : ChannelIndexvalue: null
2026-06-04 14:30:03,396 [INFO] Argument:329 - Argument : ChannelIndexvalue: null
2026-06-04 14:30:03,396 [INFO] Argument:319 - Argument : pSyncConfigvalue: null
2026-06-04 14:30:03,396 [INFO] Argument:321 - 	 sub Args: 
2026-06-04 14:30:03,396 [INFO] Argument:319 - Argument : SyncSignalIDvalue: null
2026-06-04 14:30:03,396 [INFO] Argument:329 - Argument : SyncSignalIDvalue: null
2026-06-04 14:30:03,396 [INFO] Argument:319 - Argument : SyncPolarityvalue: null
2026-06-04 14:30:03,396 [INFO] Argument:329 - Argument : SyncPolarityvalue: null
2026-06-04 14:30:03,396 [INFO] Argument:319 - Argument : SyncEnablevalue: null
2026-06-04 14:30:03,396 [INFO] Argument:329 - Argument : SyncEnablevalue: null
2026-06-04 14:30:03,396 [INFO] Argument:319 - Argument : EventEnablevalue: null
2026-06-04 14:30:03,396 [INFO] Argument:329 - Argument : EventEnablevalue: null
2026-06-04 14:30:03,396 [INFO] Argument:319 - Argument : RequestNumbervalue: null
2026-06-04 14:30:03,396 [INFO] Argument:329 - Argument : RequestNumbervalue: null
2026-06-04 14:30:03,525 [INFO] CodeEngine:255 - oldGeneratedFile, /home/papijou/Desktop/IPD439/IPD_439_Workspaces/Proyecto/STM32_workspace/ADC_AC/MXTmpFiles/license.tmp_save
2026-06-04 14:30:03,586 [INFO] CodeEngine:279 - Generated code: /home/papijou/Desktop/IPD439/IPD_439_Workspaces/Proyecto/STM32_workspace/ADC_AC/MXTmpFiles/license.tmp
2026-06-04 14:30:03,598 [INFO] CodeEngine:255 - oldGeneratedFile, /home/papijou/Desktop/IPD439/IPD_439_Workspaces/Proyecto/STM32_workspace/ADC_AC/Core/Src/gpio.c_save
2026-06-04 14:30:03,639 [INFO] CodeEngine:279 - Generated code: /home/papijou/Desktop/IPD439/IPD_439_Workspaces/Proyecto/STM32_workspace/ADC_AC/Core/Src/gpio.c
2026-06-04 14:30:03,640 [INFO] CodeEngine:255 - oldGeneratedFile, /home/papijou/Desktop/IPD439/IPD_439_Workspaces/Proyecto/STM32_workspace/ADC_AC/Core/Inc/gpio.h_save
2026-06-04 14:30:03,678 [INFO] CodeEngine:279 - Generated code: /home/papijou/Desktop/IPD439/IPD_439_Workspaces/Proyecto/STM32_workspace/ADC_AC/Core/Inc/gpio.h
2026-06-04 14:30:03,768 [INFO] CodeEngine:255 - oldGeneratedFile, /home/papijou/Desktop/IPD439/IPD_439_Workspaces/Proyecto/STM32_workspace/ADC_AC/Core/Src/adc.c_save
2026-06-04 14:30:03,819 [INFO] CodeEngine:279 - Generated code: /home/papijou/Desktop/IPD439/IPD_439_Workspaces/Proyecto/STM32_workspace/ADC_AC/Core/Src/adc.c
2026-06-04 14:30:03,819 [INFO] CodeEngine:255 - oldGeneratedFile, /home/papijou/Desktop/IPD439/IPD_439_Workspaces/Proyecto/STM32_workspace/ADC_AC/Core/Inc/adc.h_save
2026-06-04 14:30:03,852 [INFO] CodeEngine:279 - Generated code: /home/papijou/Desktop/IPD439/IPD_439_Workspaces/Proyecto/STM32_workspace/ADC_AC/Core/Inc/adc.h
2026-06-04 14:30:03,859 [INFO] CodeEngine:255 - oldGeneratedFile, /home/papijou/Desktop/IPD439/IPD_439_Workspaces/Proyecto/STM32_workspace/ADC_AC/Core/Src/dma.c_save
2026-06-04 14:30:03,892 [INFO] CodeEngine:279 - Generated code: /home/papijou/Desktop/IPD439/IPD_439_Workspaces/Proyecto/STM32_workspace/ADC_AC/Core/Src/dma.c
2026-06-04 14:30:03,893 [INFO] CodeEngine:255 - oldGeneratedFile, /home/papijou/Desktop/IPD439/IPD_439_Workspaces/Proyecto/STM32_workspace/ADC_AC/Core/Inc/dma.h_save
2026-06-04 14:30:03,926 [INFO] CodeEngine:279 - Generated code: /home/papijou/Desktop/IPD439/IPD_439_Workspaces/Proyecto/STM32_workspace/ADC_AC/Core/Inc/dma.h
2026-06-04 14:30:03,928 [INFO] CodeEngine:255 - oldGeneratedFile, /home/papijou/Desktop/IPD439/IPD_439_Workspaces/Proyecto/STM32_workspace/ADC_AC/Core/Src/tim.c_save
2026-06-04 14:30:03,976 [INFO] CodeEngine:279 - Generated code: /home/papijou/Desktop/IPD439/IPD_439_Workspaces/Proyecto/STM32_workspace/ADC_AC/Core/Src/tim.c
2026-06-04 14:30:03,977 [INFO] CodeEngine:255 - oldGeneratedFile, /home/papijou/Desktop/IPD439/IPD_439_Workspaces/Proyecto/STM32_workspace/ADC_AC/Core/Inc/tim.h_save
2026-06-04 14:30:04,010 [INFO] CodeEngine:279 - Generated code: /home/papijou/Desktop/IPD439/IPD_439_Workspaces/Proyecto/STM32_workspace/ADC_AC/Core/Inc/tim.h
2026-06-04 14:30:04,012 [INFO] CodeEngine:255 - oldGeneratedFile, /home/papijou/Desktop/IPD439/IPD_439_Workspaces/Proyecto/STM32_workspace/ADC_AC/Core/Src/usart.c_save
2026-06-04 14:30:04,059 [INFO] CodeEngine:279 - Generated code: /home/papijou/Desktop/IPD439/IPD_439_Workspaces/Proyecto/STM32_workspace/ADC_AC/Core/Src/usart.c
2026-06-04 14:30:04,061 [INFO] CodeEngine:255 - oldGeneratedFile, /home/papijou/Desktop/IPD439/IPD_439_Workspaces/Proyecto/STM32_workspace/ADC_AC/Core/Inc/usart.h_save
2026-06-04 14:30:04,109 [INFO] CodeEngine:279 - Generated code: /home/papijou/Desktop/IPD439/IPD_439_Workspaces/Proyecto/STM32_workspace/ADC_AC/Core/Inc/usart.h
2026-06-04 14:30:04,115 [INFO] CodeEngine:255 - oldGeneratedFile, /home/papijou/Desktop/IPD439/IPD_439_Workspaces/Proyecto/STM32_workspace/ADC_AC/Core/Src/stm32l4xx_it.c_save
2026-06-04 14:30:04,152 [INFO] CodeEngine:279 - Generated code: /home/papijou/Desktop/IPD439/IPD_439_Workspaces/Proyecto/STM32_workspace/ADC_AC/Core/Src/stm32l4xx_it.c
2026-06-04 14:30:04,153 [INFO] CodeEngine:255 - oldGeneratedFile, /home/papijou/Desktop/IPD439/IPD_439_Workspaces/Proyecto/STM32_workspace/ADC_AC/Core/Inc/stm32l4xx_it.h_save
2026-06-04 14:30:04,197 [INFO] CodeEngine:279 - Generated code: /home/papijou/Desktop/IPD439/IPD_439_Workspaces/Proyecto/STM32_workspace/ADC_AC/Core/Inc/stm32l4xx_it.h
2026-06-04 14:30:04,205 [INFO] CodeEngine:255 - oldGeneratedFile, /home/papijou/Desktop/IPD439/IPD_439_Workspaces/Proyecto/STM32_workspace/ADC_AC/Core/Src/stm32l4xx_hal_msp.c_save
2026-06-04 14:30:04,251 [INFO] CodeEngine:279 - Generated code: /home/papijou/Desktop/IPD439/IPD_439_Workspaces/Proyecto/STM32_workspace/ADC_AC/Core/Src/stm32l4xx_hal_msp.c
2026-06-04 14:30:04,252 [INFO] CodeEngine:255 - oldGeneratedFile, /home/papijou/Desktop/IPD439/IPD_439_Workspaces/Proyecto/STM32_workspace/ADC_AC/MXTmpFiles/system.tmp_save
2026-06-04 14:30:04,286 [INFO] CodeEngine:279 - Generated code: /home/papijou/Desktop/IPD439/IPD_439_Workspaces/Proyecto/STM32_workspace/ADC_AC/MXTmpFiles/system.tmp
2026-06-04 14:30:04,287 [INFO] CodeEngine:311 - oldGeneratedFile, /home/papijou/Desktop/IPD439/IPD_439_Workspaces/Proyecto/STM32_workspace/ADC_AC/Core/Inc/stm32l4xx_hal_conf.h_save
2026-06-04 14:30:04,324 [INFO] CodeEngine:335 - Generated code: /home/papijou/Desktop/IPD439/IPD_439_Workspaces/Proyecto/STM32_workspace/ADC_AC/Core/Inc/stm32l4xx_hal_conf.h
2026-06-04 14:30:04,332 [INFO] CodeEngine:255 - oldGeneratedFile, /home/papijou/Desktop/IPD439/IPD_439_Workspaces/Proyecto/STM32_workspace/ADC_AC/Core/Inc/main.h_save
2026-06-04 14:30:04,367 [INFO] CodeEngine:279 - Generated code: /home/papijou/Desktop/IPD439/IPD_439_Workspaces/Proyecto/STM32_workspace/ADC_AC/Core/Inc/main.h
2026-06-04 14:30:04,368 [INFO] CodeEngine:255 - oldGeneratedFile, /home/papijou/Desktop/IPD439/IPD_439_Workspaces/Proyecto/STM32_workspace/ADC_AC/Core/Src/main.c_save
2026-06-04 14:30:04,414 [INFO] CodeEngine:279 - Generated code: /home/papijou/Desktop/IPD439/IPD_439_Workspaces/Proyecto/STM32_workspace/ADC_AC/Core/Src/main.c
2026-06-04 14:30:04,599 [INFO] ProjectBuilder:3064 - Time for Copy HAL[1] : 14mS.
2026-06-04 14:30:04,600 [INFO] ProjectBuilder:4404 - Project Generator version: 4.1.0
2026-06-04 14:30:04,688 [INFO] ConfigFileManager:1457 - The Die is : DIE415
2026-06-04 14:30:05,146 [INFO] ProjectBuilder:4626 - Time for Generating toolchain IDE Files: 546mS.
2026-06-04 14:30:05,146 [INFO] ProjectBuilder:2935 - Time for Copy CMSIS : 0mS.
2026-06-04 14:30:05,147 [INFO] ProjectBuilder:2935 - Time for Copy CMSIS : 0mS.
2026-06-04 14:32:29,395 [INFO] NvicIntPanel:101 - NVIC parent = com.st.microxplorer.plugins.ip.nvic.MultiNvicIntPanel[,0,0,0x0,invalid,layout=javax.swing.BoxLayout,alignmentX=0.0,alignmentY=0.0,border=,flags=9,maximumSize=,minimumSize=,preferredSize=]
2026-06-04 14:42:29,440 [INFO] UtilMem:75 - End SaveConfig() Used Memory: 615474456 Bytes (991952896)
2026-06-04 14:42:33,305 [INFO] UtilMem:75 - End SaveConfig() Used Memory: 353139280 Bytes (991952896)
2026-06-04 14:42:33,585 [INFO] UtilMem:75 - End SaveConfig() Used Memory: 402422352 Bytes (991952896)
2026-06-04 14:42:33,894 [INFO] BlockDiagram:2759 - set Specific Code input for plugin: TIM1_8L4
2026-06-04 14:42:33,894 [INFO] BlockDiagram:2759 - set Specific Code input for plugin: TIM1_8L4
2026-06-04 14:42:33,894 [INFO] BlockDiagram:2759 - set Specific Code input for plugin: ADC
2026-06-04 14:42:33,894 [INFO] BlockDiagram:2759 - set Specific Code input for plugin: ADC
2026-06-04 14:42:33,894 [INFO] BlockDiagram:2759 - set Specific Code input for plugin: RCC
2026-06-04 14:42:33,894 [INFO] BlockDiagram:2759 - set Specific Code input for plugin: NVIC
2026-06-04 14:42:33,895 [INFO] BlockDiagram:2759 - set Specific Code input for plugin: USART
2026-06-04 14:42:33,895 [INFO] BlockDiagram:2759 - set Specific Code input for plugin: DMA
2026-06-04 14:42:33,895 [INFO] BlockDiagram:2759 - set Specific Code input for plugin: GPIO
2026-06-04 14:42:33,895 [INFO] CodeGenerator:799 - code generatio: config db path: /opt/st/stm32cubeide_1.13.2_2/plugins/com.st.stm32cube.common.mx_6.9.2.202309101412//db/
2026-06-04 14:42:33,907 [INFO] Argument:319 - Argument : hdmavalue: null
2026-06-04 14:42:33,907 [INFO] Argument:321 - 	 sub Args: 
2026-06-04 14:42:33,907 [INFO] Argument:319 - Argument : Instancevalue: DMA1_Channel2
2026-06-04 14:42:33,907 [INFO] Argument:329 - Argument : Instancevalue: DMA1_Channel2
2026-06-04 14:42:33,907 [INFO] Argument:319 - Argument : Initvalue: null
2026-06-04 14:42:33,907 [INFO] Argument:321 - 	 sub Args: 
2026-06-04 14:42:33,907 [INFO] Argument:319 - Argument : Requestvalue: DMA_REQUEST_0
2026-06-04 14:42:33,907 [INFO] Argument:329 - Argument : Requestvalue: DMA_REQUEST_0
2026-06-04 14:42:33,907 [INFO] Argument:319 - Argument : Directionvalue: DMA_PERIPH_TO_MEMORY
2026-06-04 14:42:33,907 [INFO] Argument:329 - Argument : Directionvalue: DMA_PERIPH_TO_MEMORY
2026-06-04 14:42:33,907 [INFO] Argument:319 - Argument : PeriphIncvalue: DMA_PINC_DISABLE
2026-06-04 14:42:33,907 [INFO] Argument:329 - Argument : PeriphIncvalue: DMA_PINC_DISABLE
2026-06-04 14:42:33,907 [INFO] Argument:319 - Argument : MemIncvalue: DMA_MINC_ENABLE
2026-06-04 14:42:33,907 [INFO] Argument:329 - Argument : MemIncvalue: DMA_MINC_ENABLE
2026-06-04 14:42:33,907 [INFO] Argument:319 - Argument : PeriphDataAlignmentvalue: DMA_PDATAALIGN_HALFWORD
2026-06-04 14:42:33,907 [INFO] Argument:329 - Argument : PeriphDataAlignmentvalue: DMA_PDATAALIGN_HALFWORD
2026-06-04 14:42:33,907 [INFO] Argument:319 - Argument : MemDataAlignmentvalue: DMA_MDATAALIGN_HALFWORD
2026-06-04 14:42:33,907 [INFO] Argument:329 - Argument : MemDataAlignmentvalue: DMA_MDATAALIGN_HALFWORD
2026-06-04 14:42:33,907 [INFO] Argument:319 - Argument : Modevalue: DMA_NORMAL
2026-06-04 14:42:33,907 [INFO] Argument:329 - Argument : Modevalue: DMA_NORMAL
2026-06-04 14:42:33,907 [INFO] Argument:319 - Argument : Priorityvalue: DMA_PRIORITY_VERY_HIGH
2026-06-04 14:42:33,907 [INFO] Argument:329 - Argument : Priorityvalue: DMA_PRIORITY_VERY_HIGH
2026-06-04 14:42:33,907 [INFO] Argument:319 - Argument : Lockvalue: null
2026-06-04 14:42:33,907 [INFO] Argument:329 - Argument : Lockvalue: null
2026-06-04 14:42:33,907 [INFO] Argument:319 - Argument : Statevalue: null
2026-06-04 14:42:33,907 [INFO] Argument:329 - Argument : Statevalue: null
2026-06-04 14:42:33,907 [INFO] Argument:319 - Argument : Parentvalue: null
2026-06-04 14:42:33,907 [INFO] Argument:329 - Argument : Parentvalue: null
2026-06-04 14:42:33,907 [INFO] Argument:319 - Argument : XferCpltCallbackvalue: null
2026-06-04 14:42:33,907 [INFO] Argument:329 - Argument : XferCpltCallbackvalue: null
2026-06-04 14:42:33,907 [INFO] Argument:319 - Argument : XferHalfCpltCallbackvalue: null
2026-06-04 14:42:33,907 [INFO] Argument:329 - Argument : XferHalfCpltCallbackvalue: null
2026-06-04 14:42:33,907 [INFO] Argument:319 - Argument : XferErrorCallbackvalue: null
2026-06-04 14:42:33,907 [INFO] Argument:329 - Argument : XferErrorCallbackvalue: null
2026-06-04 14:42:33,907 [INFO] Argument:319 - Argument : XferAbortCallbackvalue: null
2026-06-04 14:42:33,907 [INFO] Argument:329 - Argument : XferAbortCallbackvalue: null
2026-06-04 14:42:33,907 [INFO] Argument:319 - Argument : ErrorCodevalue: null
2026-06-04 14:42:33,907 [INFO] Argument:329 - Argument : ErrorCodevalue: null
2026-06-04 14:42:33,907 [INFO] Argument:319 - Argument : DmaBaseAddressvalue: null
2026-06-04 14:42:33,907 [INFO] Argument:329 - Argument : DmaBaseAddressvalue: null
2026-06-04 14:42:33,907 [INFO] Argument:319 - Argument : ChannelIndexvalue: null
2026-06-04 14:42:33,907 [INFO] Argument:329 - Argument : ChannelIndexvalue: null
2026-06-04 14:42:33,907 [INFO] Argument:319 - Argument : hdmavalue: null
2026-06-04 14:42:33,907 [INFO] Argument:321 - 	 sub Args: 
2026-06-04 14:42:33,907 [INFO] Argument:319 - Argument : Instancevalue: DMA1_Channel2
2026-06-04 14:42:33,907 [INFO] Argument:329 - Argument : Instancevalue: DMA1_Channel2
2026-06-04 14:42:33,907 [INFO] Argument:319 - Argument : Initvalue: null
2026-06-04 14:42:33,907 [INFO] Argument:321 - 	 sub Args: 
2026-06-04 14:42:33,907 [INFO] Argument:319 - Argument : Requestvalue: DMA_REQUEST_0
2026-06-04 14:42:33,907 [INFO] Argument:329 - Argument : Requestvalue: DMA_REQUEST_0
2026-06-04 14:42:33,907 [INFO] Argument:319 - Argument : Directionvalue: DMA_PERIPH_TO_MEMORY
2026-06-04 14:42:33,907 [INFO] Argument:329 - Argument : Directionvalue: DMA_PERIPH_TO_MEMORY
2026-06-04 14:42:33,907 [INFO] Argument:319 - Argument : PeriphIncvalue: DMA_PINC_DISABLE
2026-06-04 14:42:33,907 [INFO] Argument:329 - Argument : PeriphIncvalue: DMA_PINC_DISABLE
2026-06-04 14:42:33,907 [INFO] Argument:319 - Argument : MemIncvalue: DMA_MINC_ENABLE
2026-06-04 14:42:33,907 [INFO] Argument:329 - Argument : MemIncvalue: DMA_MINC_ENABLE
2026-06-04 14:42:33,907 [INFO] Argument:319 - Argument : PeriphDataAlignmentvalue: DMA_PDATAALIGN_HALFWORD
2026-06-04 14:42:33,907 [INFO] Argument:329 - Argument : PeriphDataAlignmentvalue: DMA_PDATAALIGN_HALFWORD
2026-06-04 14:42:33,907 [INFO] Argument:319 - Argument : MemDataAlignmentvalue: DMA_MDATAALIGN_HALFWORD
2026-06-04 14:42:33,907 [INFO] Argument:329 - Argument : MemDataAlignmentvalue: DMA_MDATAALIGN_HALFWORD
2026-06-04 14:42:33,907 [INFO] Argument:319 - Argument : Modevalue: DMA_NORMAL
2026-06-04 14:42:33,907 [INFO] Argument:329 - Argument : Modevalue: DMA_NORMAL
2026-06-04 14:42:33,907 [INFO] Argument:319 - Argument : Priorityvalue: DMA_PRIORITY_VERY_HIGH
2026-06-04 14:42:33,907 [INFO] Argument:329 - Argument : Priorityvalue: DMA_PRIORITY_VERY_HIGH
2026-06-04 14:42:33,907 [INFO] Argument:319 - Argument : Lockvalue: null
2026-06-04 14:42:33,907 [INFO] Argument:329 - Argument : Lockvalue: null
2026-06-04 14:42:33,907 [INFO] Argument:319 - Argument : Statevalue: null
2026-06-04 14:42:33,907 [INFO] Argument:329 - Argument : Statevalue: null
2026-06-04 14:42:33,907 [INFO] Argument:319 - Argument : Parentvalue: null
2026-06-04 14:42:33,907 [INFO] Argument:329 - Argument : Parentvalue: null
2026-06-04 14:42:33,907 [INFO] Argument:319 - Argument : XferCpltCallbackvalue: null
2026-06-04 14:42:33,907 [INFO] Argument:329 - Argument : XferCpltCallbackvalue: null
2026-06-04 14:42:33,907 [INFO] Argument:319 - Argument : XferHalfCpltCallbackvalue: null
2026-06-04 14:42:33,907 [INFO] Argument:329 - Argument : XferHalfCpltCallbackvalue: null
2026-06-04 14:42:33,907 [INFO] Argument:319 - Argument : XferErrorCallbackvalue: null
2026-06-04 14:42:33,907 [INFO] Argument:329 - Argument : XferErrorCallbackvalue: null
2026-06-04 14:42:33,907 [INFO] Argument:319 - Argument : XferAbortCallbackvalue: null
2026-06-04 14:42:33,907 [INFO] Argument:329 - Argument : XferAbortCallbackvalue: null
2026-06-04 14:42:33,907 [INFO] Argument:319 - Argument : ErrorCodevalue: null
2026-06-04 14:42:33,907 [INFO] Argument:329 - Argument : ErrorCodevalue: null
2026-06-04 14:42:33,907 [INFO] Argument:319 - Argument : DmaBaseAddressvalue: null
2026-06-04 14:42:33,907 [INFO] Argument:329 - Argument : DmaBaseAddressvalue: null
2026-06-04 14:42:33,907 [INFO] Argument:319 - Argument : ChannelIndexvalue: null
2026-06-04 14:42:33,907 [INFO] Argument:329 - Argument : ChannelIndexvalue: null
2026-06-04 14:42:33,907 [INFO] Argument:319 - Argument : pSyncConfigvalue: null
2026-06-04 14:42:33,907 [INFO] Argument:321 - 	 sub Args: 
2026-06-04 14:42:33,907 [INFO] Argument:319 - Argument : SyncSignalIDvalue: null
2026-06-04 14:42:33,907 [INFO] Argument:329 - Argument : SyncSignalIDvalue: null
2026-06-04 14:42:33,908 [INFO] Argument:319 - Argument : SyncPolarityvalue: null
2026-06-04 14:42:33,908 [INFO] Argument:329 - Argument : SyncPolarityvalue: null
2026-06-04 14:42:33,908 [INFO] Argument:319 - Argument : SyncEnablevalue: null
2026-06-04 14:42:33,908 [INFO] Argument:329 - Argument : SyncEnablevalue: null
2026-06-04 14:42:33,908 [INFO] Argument:319 - Argument : EventEnablevalue: null
2026-06-04 14:42:33,908 [INFO] Argument:329 - Argument : EventEnablevalue: null
2026-06-04 14:42:33,908 [INFO] Argument:319 - Argument : RequestNumbervalue: null
2026-06-04 14:42:33,908 [INFO] Argument:329 - Argument : RequestNumbervalue: null
2026-06-04 14:42:34,223 [INFO] CodeEngine:255 - oldGeneratedFile, /home/papijou/Desktop/IPD439/IPD_439_Workspaces/Proyecto/STM32_workspace/ADC_AC/MXTmpFiles/license.tmp_save
2026-06-04 14:42:34,301 [INFO] CodeEngine:279 - Generated code: /home/papijou/Desktop/IPD439/IPD_439_Workspaces/Proyecto/STM32_workspace/ADC_AC/MXTmpFiles/license.tmp
2026-06-04 14:42:34,317 [INFO] CodeEngine:255 - oldGeneratedFile, /home/papijou/Desktop/IPD439/IPD_439_Workspaces/Proyecto/STM32_workspace/ADC_AC/Core/Src/gpio.c_save
2026-06-04 14:42:34,378 [INFO] CodeEngine:279 - Generated code: /home/papijou/Desktop/IPD439/IPD_439_Workspaces/Proyecto/STM32_workspace/ADC_AC/Core/Src/gpio.c
2026-06-04 14:42:34,379 [INFO] CodeEngine:255 - oldGeneratedFile, /home/papijou/Desktop/IPD439/IPD_439_Workspaces/Proyecto/STM32_workspace/ADC_AC/Core/Inc/gpio.h_save
2026-06-04 14:42:34,424 [INFO] CodeEngine:279 - Generated code: /home/papijou/Desktop/IPD439/IPD_439_Workspaces/Proyecto/STM32_workspace/ADC_AC/Core/Inc/gpio.h
2026-06-04 14:42:34,552 [INFO] CodeEngine:255 - oldGeneratedFile, /home/papijou/Desktop/IPD439/IPD_439_Workspaces/Proyecto/STM32_workspace/ADC_AC/Core/Src/adc.c_save
2026-06-04 14:42:34,739 [INFO] CodeEngine:279 - Generated code: /home/papijou/Desktop/IPD439/IPD_439_Workspaces/Proyecto/STM32_workspace/ADC_AC/Core/Src/adc.c
2026-06-04 14:42:34,742 [INFO] CodeEngine:255 - oldGeneratedFile, /home/papijou/Desktop/IPD439/IPD_439_Workspaces/Proyecto/STM32_workspace/ADC_AC/Core/Inc/adc.h_save
2026-06-04 14:42:34,820 [INFO] CodeEngine:279 - Generated code: /home/papijou/Desktop/IPD439/IPD_439_Workspaces/Proyecto/STM32_workspace/ADC_AC/Core/Inc/adc.h
2026-06-04 14:42:34,834 [INFO] CodeEngine:255 - oldGeneratedFile, /home/papijou/Desktop/IPD439/IPD_439_Workspaces/Proyecto/STM32_workspace/ADC_AC/Core/Src/dma.c_save
2026-06-04 14:42:34,898 [INFO] CodeEngine:279 - Generated code: /home/papijou/Desktop/IPD439/IPD_439_Workspaces/Proyecto/STM32_workspace/ADC_AC/Core/Src/dma.c
2026-06-04 14:42:34,899 [INFO] CodeEngine:255 - oldGeneratedFile, /home/papijou/Desktop/IPD439/IPD_439_Workspaces/Proyecto/STM32_workspace/ADC_AC/Core/Inc/dma.h_save
2026-06-04 14:42:34,947 [INFO] CodeEngine:279 - Generated code: /home/papijou/Desktop/IPD439/IPD_439_Workspaces/Proyecto/STM32_workspace/ADC_AC/Core/Inc/dma.h
2026-06-04 14:42:34,951 [INFO] CodeEngine:255 - oldGeneratedFile, /home/papijou/Desktop/IPD439/IPD_439_Workspaces/Proyecto/STM32_workspace/ADC_AC/Core/Src/tim.c_save
2026-06-04 14:42:35,012 [INFO] CodeEngine:279 - Generated code: /home/papijou/Desktop/IPD439/IPD_439_Workspaces/Proyecto/STM32_workspace/ADC_AC/Core/Src/tim.c
2026-06-04 14:42:35,014 [INFO] CodeEngine:255 - oldGeneratedFile, /home/papijou/Desktop/IPD439/IPD_439_Workspaces/Proyecto/STM32_workspace/ADC_AC/Core/Inc/tim.h_save
2026-06-04 14:42:35,060 [INFO] CodeEngine:279 - Generated code: /home/papijou/Desktop/IPD439/IPD_439_Workspaces/Proyecto/STM32_workspace/ADC_AC/Core/Inc/tim.h
2026-06-04 14:42:35,063 [INFO] CodeEngine:255 - oldGeneratedFile, /home/papijou/Desktop/IPD439/IPD_439_Workspaces/Proyecto/STM32_workspace/ADC_AC/Core/Src/usart.c_save
2026-06-04 14:42:35,140 [INFO] CodeEngine:279 - Generated code: /home/papijou/Desktop/IPD439/IPD_439_Workspaces/Proyecto/STM32_workspace/ADC_AC/Core/Src/usart.c
2026-06-04 14:42:35,141 [INFO] CodeEngine:255 - oldGeneratedFile, /home/papijou/Desktop/IPD439/IPD_439_Workspaces/Proyecto/STM32_workspace/ADC_AC/Core/Inc/usart.h_save
2026-06-04 14:42:35,228 [INFO] CodeEngine:279 - Generated code: /home/papijou/Desktop/IPD439/IPD_439_Workspaces/Proyecto/STM32_workspace/ADC_AC/Core/Inc/usart.h
2026-06-04 14:42:35,233 [INFO] CodeEngine:255 - oldGeneratedFile, /home/papijou/Desktop/IPD439/IPD_439_Workspaces/Proyecto/STM32_workspace/ADC_AC/Core/Src/stm32l4xx_it.c_save
2026-06-04 14:42:35,335 [INFO] CodeEngine:279 - Generated code: /home/papijou/Desktop/IPD439/IPD_439_Workspaces/Proyecto/STM32_workspace/ADC_AC/Core/Src/stm32l4xx_it.c
2026-06-04 14:42:35,335 [INFO] CodeEngine:255 - oldGeneratedFile, /home/papijou/Desktop/IPD439/IPD_439_Workspaces/Proyecto/STM32_workspace/ADC_AC/Core/Inc/stm32l4xx_it.h_save
2026-06-04 14:42:35,387 [INFO] CodeEngine:279 - Generated code: /home/papijou/Desktop/IPD439/IPD_439_Workspaces/Proyecto/STM32_workspace/ADC_AC/Core/Inc/stm32l4xx_it.h
2026-06-04 14:42:35,400 [INFO] CodeEngine:255 - oldGeneratedFile, /home/papijou/Desktop/IPD439/IPD_439_Workspaces/Proyecto/STM32_workspace/ADC_AC/Core/Src/stm32l4xx_hal_msp.c_save
2026-06-04 14:42:35,460 [INFO] CodeEngine:279 - Generated code: /home/papijou/Desktop/IPD439/IPD_439_Workspaces/Proyecto/STM32_workspace/ADC_AC/Core/Src/stm32l4xx_hal_msp.c
2026-06-04 14:42:35,460 [INFO] CodeEngine:255 - oldGeneratedFile, /home/papijou/Desktop/IPD439/IPD_439_Workspaces/Proyecto/STM32_workspace/ADC_AC/MXTmpFiles/system.tmp_save
2026-06-04 14:42:35,495 [INFO] CodeEngine:279 - Generated code: /home/papijou/Desktop/IPD439/IPD_439_Workspaces/Proyecto/STM32_workspace/ADC_AC/MXTmpFiles/system.tmp
2026-06-04 14:42:35,496 [INFO] CodeEngine:311 - oldGeneratedFile, /home/papijou/Desktop/IPD439/IPD_439_Workspaces/Proyecto/STM32_workspace/ADC_AC/Core/Inc/stm32l4xx_hal_conf.h_save
2026-06-04 14:42:35,536 [INFO] CodeEngine:335 - Generated code: /home/papijou/Desktop/IPD439/IPD_439_Workspaces/Proyecto/STM32_workspace/ADC_AC/Core/Inc/stm32l4xx_hal_conf.h
2026-06-04 14:42:35,546 [INFO] CodeEngine:255 - oldGeneratedFile, /home/papijou/Desktop/IPD439/IPD_439_Workspaces/Proyecto/STM32_workspace/ADC_AC/Core/Inc/main.h_save
2026-06-04 14:42:35,600 [INFO] CodeEngine:279 - Generated code: /home/papijou/Desktop/IPD439/IPD_439_Workspaces/Proyecto/STM32_workspace/ADC_AC/Core/Inc/main.h
2026-06-04 14:42:35,601 [INFO] CodeEngine:255 - oldGeneratedFile, /home/papijou/Desktop/IPD439/IPD_439_Workspaces/Proyecto/STM32_workspace/ADC_AC/Core/Src/main.c_save
2026-06-04 14:42:35,659 [INFO] CodeEngine:279 - Generated code: /home/papijou/Desktop/IPD439/IPD_439_Workspaces/Proyecto/STM32_workspace/ADC_AC/Core/Src/main.c
2026-06-04 14:42:35,893 [INFO] ProjectBuilder:3064 - Time for Copy HAL[1] : 14mS.
2026-06-04 14:42:35,894 [INFO] ProjectBuilder:4404 - Project Generator version: 4.1.0
2026-06-04 14:42:35,978 [INFO] ConfigFileManager:1457 - The Die is : DIE415
2026-06-04 14:42:36,608 [INFO] ProjectBuilder:4626 - Time for Generating toolchain IDE Files: 714mS.
2026-06-04 14:42:36,608 [INFO] ProjectBuilder:2935 - Time for Copy CMSIS : 0mS.
2026-06-04 14:42:36,609 [INFO] ProjectBuilder:2935 - Time for Copy CMSIS : 0mS.
2026-06-04 15:06:00,105 [ERROR] LogOutputStream:75 - [STDERR_REDIRECT] 
2026-06-04 15:07:26,981 [INFO] Activator:176 - 


2026-06-04 15:07:26,982 [INFO] Activator:177 - !SESSION log4j initialized
2026-06-04 15:07:29,541 [INFO] LogOutputStream:77 - [STDOUT_REDIRECT] 
2026-06-04 15:07:30,211 [INFO] ApplicationProperties:184 - Using Application install path: /opt/st/stm32cubeide_1.13.2_2/plugins/com.st.stm32cube.common.mx_6.9.2.202309101412
2026-06-04 15:07:30,224 [INFO] DbMcusXml:78 - Set database path to: /opt/st/stm32cubeide_1.13.2_2/plugins/com.st.stm32cube.common.mx_6.9.2.202309101412//db//mcu/
2026-06-04 15:07:30,224 [INFO] ApiDb:274 - Set plugin database path to: /opt/st/stm32cubeide_1.13.2_2/plugins/com.st.stm32cube.common.mx_6.9.2.202309101412//db//plugins/boardmanager/
2026-06-04 15:07:30,225 [WARN] ApiDb:259 - Overriding images path with different value:  => /opt/st/stm32cubeide_1.13.2_2/plugins/com.st.stm32cube.common.mx_6.9.2.202309101412//db//plugins/mcufinder/images/
2026-06-04 15:07:30,238 [INFO] ApiDb:250 - Set database path to: /home/papijou/.stmcufinder/plugins/mcufinder//mcu/
2026-06-04 15:07:30,239 [INFO] DbMcusAds:125 - Set database path to: /home/papijou/.stmcufinder/plugins/mcufinder//mcu/
2026-06-04 15:07:30,241 [INFO] CrossReferenceDbSqlite:203 - Set database path to: /home/papijou/.stmcufinder/plugins/mcufinder//mcu/cs/
2026-06-04 15:07:30,318 [INFO] RulesReader:64 - Compatibility file has been processed (293 Rules)
2026-06-04 15:07:30,357 [INFO] DbMcusXml:78 - Set database path to: /opt/st/stm32cubeide_1.13.2_2/plugins/com.st.stm32cube.common.mx_6.9.2.202309101412//db//mcu/
2026-06-04 15:07:30,357 [INFO] ApiDb:274 - Set plugin database path to: /opt/st/stm32cubeide_1.13.2_2/plugins/com.st.stm32cube.common.mx_6.9.2.202309101412//db//plugins/boardmanager/
2026-06-04 15:07:30,357 [INFO] ApiDb:261 - Set plugin images path to: /opt/st/stm32cubeide_1.13.2_2/plugins/com.st.stm32cube.common.mx_6.9.2.202309101412//db//plugins/mcufinder/images/
2026-06-04 15:07:30,357 [WARN] DbFile:41 - Overriding database path with different value: /home/papijou/.stmcufinder/plugins/mcufinder/ => /home/papijou/.stmcufinder/plugins/mcufinder
2026-06-04 15:07:30,357 [INFO] ApiDb:250 - Set database path to: /home/papijou/.stmcufinder/plugins/mcufinder//mcu/
2026-06-04 15:07:30,357 [WARN] DbFile:41 - Overriding database path with different value: /home/papijou/.stmcufinder/plugins/mcufinder/ => /home/papijou/.stmcufinder/plugins/mcufinder
2026-06-04 15:07:30,358 [INFO] DbMcusAds:125 - Set database path to: /home/papijou/.stmcufinder/plugins/mcufinder//mcu/
2026-06-04 15:07:30,358 [WARN] DbFile:41 - Overriding database path with different value: /home/papijou/.stmcufinder/plugins/mcufinder/ => /home/papijou/.stmcufinder/plugins/mcufinder
2026-06-04 15:07:30,358 [WARN] DbFile:41 - Overriding database path with different value: /home/papijou/.stmcufinder/plugins/mcufinder/ => /home/papijou/.stmcufinder/plugins/mcufinder
2026-06-04 15:07:30,358 [INFO] CrossReferenceDbSqlite:203 - Set database path to: /home/papijou/.stmcufinder/plugins/mcufinder//mcu/cs/
2026-06-04 15:07:30,406 [INFO] MainPanel:262 - HeapMemory: 268435456
2026-06-04 15:07:30,462 [INFO] DbMcusXml:78 - Set database path to: /opt/st/stm32cubeide_1.13.2_2/plugins/com.st.stm32cube.common.mx_6.9.2.202309101412//db//mcu/
2026-06-04 15:07:30,462 [INFO] ApiDb:274 - Set plugin database path to: /opt/st/stm32cubeide_1.13.2_2/plugins/com.st.stm32cube.common.mx_6.9.2.202309101412//db//plugins/boardmanager/
2026-06-04 15:07:30,462 [INFO] ApiDb:261 - Set plugin images path to: /opt/st/stm32cubeide_1.13.2_2/plugins/com.st.stm32cube.common.mx_6.9.2.202309101412//db//plugins/mcufinder/images/
2026-06-04 15:07:30,463 [WARN] DbFile:41 - Overriding database path with different value: /home/papijou/.stmcufinder/plugins/mcufinder/ => /home/papijou/.stmcufinder/plugins/mcufinder
2026-06-04 15:07:30,463 [INFO] ApiDb:250 - Set database path to: /home/papijou/.stmcufinder/plugins/mcufinder//mcu/
2026-06-04 15:07:30,463 [WARN] DbFile:41 - Overriding database path with different value: /home/papijou/.stmcufinder/plugins/mcufinder/ => /home/papijou/.stmcufinder/plugins/mcufinder
2026-06-04 15:07:30,463 [INFO] DbMcusAds:125 - Set database path to: /home/papijou/.stmcufinder/plugins/mcufinder//mcu/
2026-06-04 15:07:30,463 [WARN] DbFile:41 - Overriding database path with different value: /home/papijou/.stmcufinder/plugins/mcufinder/ => /home/papijou/.stmcufinder/plugins/mcufinder
2026-06-04 15:07:30,463 [WARN] DbFile:41 - Overriding database path with different value: /home/papijou/.stmcufinder/plugins/mcufinder/ => /home/papijou/.stmcufinder/plugins/mcufinder
2026-06-04 15:07:30,463 [INFO] CrossReferenceDbSqlite:203 - Set database path to: /home/papijou/.stmcufinder/plugins/mcufinder//mcu/cs/
2026-06-04 15:07:30,473 [INFO] ApplicationProperties:184 - Using Application install path: /opt/st/stm32cubeide_1.13.2_2/plugins/com.st.stm32cube.common.mx_6.9.2.202309101412
2026-06-04 15:07:30,474 [INFO] PluginManage:196 - Search for loadable plugins [exclusion list=, ]
2026-06-04 15:07:30,474 [INFO] PluginManage:310 - Check plugin analytics
2026-06-04 15:07:30,558 [INFO] AnalyticsPlugin:253 - Accepted Software Licenses: 
2026-06-04 15:07:30,558 [INFO] AnalyticsPlugin:255 - Accepted CMSIS Pack Licenses: 
2026-06-04 15:07:30,558 [INFO] AnalyticsPlugin:257 - Accepted Firmware Licenses: FW.L4.1.18.0
2026-06-04 15:07:30,560 [INFO] PluginManage:359 - Loaded plugin analytics (category:tool,tabindex:-1)
2026-06-04 15:07:30,560 [INFO] PluginManage:310 - Check plugin cadmodel
2026-06-04 15:07:30,624 [INFO] CADModel:105 - Init CAD model plugin
2026-06-04 15:07:30,624 [INFO] PluginManage:359 - Loaded plugin cadmodel (category:power,tabindex:5)
2026-06-04 15:07:30,624 [INFO] PluginManage:310 - Check plugin clock
2026-06-04 15:07:30,631 [INFO] PluginManage:359 - Loaded plugin clock (category:base,tabindex:2)
2026-06-04 15:07:30,631 [INFO] PluginManage:310 - Check plugin ddr
2026-06-04 15:07:30,633 [INFO] PluginManage:359 - Loaded plugin ddr (category:tool,tabindex:6)
2026-06-04 15:07:30,633 [INFO] PluginManage:310 - Check plugin filemanager
2026-06-04 15:07:30,699 [INFO] PluginManage:359 - Loaded plugin filemanager (category:base,tabindex:10)
2026-06-04 15:07:30,699 [INFO] PluginManage:310 - Check plugin ipmanager
2026-06-04 15:07:30,702 [INFO] PluginManage:359 - Loaded plugin ipmanager (category:base,tabindex:5)
2026-06-04 15:07:30,703 [INFO] PluginManage:310 - Check plugin lpbam
2026-06-04 15:07:30,708 [INFO] PluginManage:359 - Loaded plugin lpbam (category:base,tabindex:0)
2026-06-04 15:07:30,709 [INFO] PluginManage:310 - Check plugin memorymap
2026-06-04 15:07:30,716 [INFO] PluginManage:359 - Loaded plugin memorymap (category:base,tabindex:4)
2026-06-04 15:07:30,716 [INFO] PluginManage:310 - Check plugin pinoutandconfiguration
2026-06-04 15:07:30,721 [INFO] PluginManage:359 - Loaded plugin pinoutandconfiguration (category:base,tabindex:1)
2026-06-04 15:07:30,721 [INFO] PluginManage:310 - Check plugin pinoutconfig
2026-06-04 15:07:30,770 [WARN] SupportedApi:132 - Cannot load RTOS API schema: s4s-elt-must-match.1: The content of 'definitions' must match (annotation?, (simpleType | complexType)?, (unique | key | keyref)*)). A problem was found starting at: attribute.
2026-06-04 15:07:30,841 [INFO] PluginManage:359 - Loaded plugin pinoutconfig (category:base,tabindex:0)
2026-06-04 15:07:30,841 [INFO] PluginManage:310 - Check plugin power
2026-06-04 15:07:30,847 [INFO] PluginManage:359 - Loaded plugin power (category:power,tabindex:4)
2026-06-04 15:07:30,848 [INFO] PluginManage:310 - Check plugin projectmanager
2026-06-04 15:07:30,856 [INFO] PluginManage:359 - Loaded plugin projectmanager (category:projectmanager,tabindex:3)
2026-06-04 15:07:30,856 [INFO] PluginManage:310 - Check plugin thirdparty
2026-06-04 15:07:30,929 [INFO] PluginManage:359 - Loaded plugin thirdparty (category:base,tabindex:-1)
2026-06-04 15:07:30,929 [WARN] IntegrityCheckThread:84 - waiting for thirdparty lock release [integrity check]
2026-06-04 15:07:30,929 [INFO] PluginManage:310 - Check plugin tools
2026-06-04 15:07:30,929 [INFO] IntegrityCheckThread:86 - entering critical section [integrity check]
2026-06-04 15:07:30,929 [INFO] ThirdPartyUpdaterWithRetryManager:70 - Updater plugin not ready yet. [1/15]
2026-06-04 15:07:30,930 [INFO] PluginManage:359 - Loaded plugin tools (category:base,tabindex:7)
2026-06-04 15:07:30,930 [INFO] PluginManage:310 - Check plugin tutovideos
2026-06-04 15:07:31,016 [INFO] PluginManage:359 - Loaded plugin tutovideos (category:base,tabindex:-1)
2026-06-04 15:07:31,016 [INFO] PluginManage:310 - Check plugin updater
2026-06-04 15:07:31,024 [INFO] PluginManage:359 - Loaded plugin updater (category:base,tabindex:12)
2026-06-04 15:07:31,024 [INFO] PluginManage:310 - Check plugin userauth
2026-06-04 15:07:31,027 [INFO] UserAuth:113 - Init User Auth plugin
2026-06-04 15:07:31,027 [INFO] PluginManage:359 - Loaded plugin userauth (category:base,tabindex:14)
2026-06-04 15:07:31,028 [INFO] PluginManage:283 - PluginManage : Loaded plugins [17]
2026-06-04 15:07:31,130 [INFO] PinOutPanel:1499 - setPackage(No Configuration,No Configuration)
2026-06-04 15:07:31,181 [INFO] CADModel:165 - CPN selected for project level
2026-06-04 15:07:31,181 [INFO] CADModel:114 - Register for checkConnection events
2026-06-04 15:07:31,188 [INFO] IPUIPlugin:80 - create IPUIPlugin
2026-06-04 15:07:31,189 [INFO] PluginManager:220 - loadIPPluginJar : add can
2026-06-04 15:07:31,191 [INFO] IPUIPlugin:80 - create IPUIPlugin
2026-06-04 15:07:31,191 [INFO] PluginManager:220 - loadIPPluginJar : add gic
2026-06-04 15:07:31,192 [INFO] IPUIPlugin:80 - create IPUIPlugin
2026-06-04 15:07:31,192 [INFO] PluginManager:220 - loadIPPluginJar : add quadspi
2026-06-04 15:07:31,194 [INFO] IPUIPlugin:80 - create IPUIPlugin
2026-06-04 15:07:31,194 [INFO] PluginManager:220 - loadIPPluginJar : add sai
2026-06-04 15:07:31,195 [INFO] IPUIPlugin:80 - create IPUIPlugin
2026-06-04 15:07:31,195 [INFO] PluginManager:220 - loadIPPluginJar : add comp
2026-06-04 15:07:31,197 [INFO] IPUIPlugin:80 - create IPUIPlugin
2026-06-04 15:07:31,197 [INFO] PluginManager:220 - loadIPPluginJar : add fmc
2026-06-04 15:07:31,198 [INFO] IPUIPlugin:80 - create IPUIPlugin
2026-06-04 15:07:31,198 [INFO] PluginManager:220 - loadIPPluginJar : add spi
2026-06-04 15:07:31,200 [INFO] IPUIPlugin:80 - create IPUIPlugin
2026-06-04 15:07:31,200 [INFO] PluginManager:220 - loadIPPluginJar : add nvic
2026-06-04 15:07:31,201 [INFO] IPUIPlugin:80 - create IPUIPlugin
2026-06-04 15:07:31,202 [INFO] PluginManager:220 - loadIPPluginJar : add usbx
2026-06-04 15:07:31,202 [INFO] IPUIPlugin:80 - create IPUIPlugin
2026-06-04 15:07:31,202 [INFO] PluginManager:220 - loadIPPluginJar : add ucpd
2026-06-04 15:07:31,203 [INFO] IPUIPlugin:80 - create IPUIPlugin
2026-06-04 15:07:31,203 [INFO] PluginManager:220 - loadIPPluginJar : add lorawan
2026-06-04 15:07:31,204 [INFO] IPUIPlugin:80 - create IPUIPlugin
2026-06-04 15:07:31,205 [INFO] PluginManager:220 - loadIPPluginJar : add hash
2026-06-04 15:07:31,205 [INFO] IPUIPlugin:80 - create IPUIPlugin
2026-06-04 15:07:31,205 [INFO] PluginManager:220 - loadIPPluginJar : add ltdc
2026-06-04 15:07:31,206 [INFO] IPUIPlugin:80 - create IPUIPlugin
2026-06-04 15:07:31,206 [INFO] PluginManager:220 - loadIPPluginJar : add tim
2026-06-04 15:07:31,207 [INFO] IPUIPlugin:80 - create IPUIPlugin
2026-06-04 15:07:31,208 [INFO] PluginManager:220 - loadIPPluginJar : add usart
2026-06-04 15:07:31,211 [INFO] IPUIPlugin:80 - create IPUIPlugin
2026-06-04 15:07:31,213 [INFO] PluginManager:220 - loadIPPluginJar : add plateformsettings
2026-06-04 15:07:31,214 [INFO] IPUIPlugin:80 - create IPUIPlugin
2026-06-04 15:07:31,214 [INFO] PluginManager:220 - loadIPPluginJar : add aes
2026-06-04 15:07:31,216 [INFO] IPUIPlugin:80 - create IPUIPlugin
2026-06-04 15:07:31,216 [INFO] PluginManager:220 - loadIPPluginJar : add opamp
2026-06-04 15:07:31,217 [INFO] IPUIPlugin:80 - create IPUIPlugin
2026-06-04 15:07:31,218 [INFO] PluginManager:220 - loadIPPluginJar : add dma3
2026-06-04 15:07:31,223 [INFO] IPUIPlugin:80 - create IPUIPlugin
2026-06-04 15:07:31,223 [INFO] PluginManager:220 - loadIPPluginJar : add linkedlist
2026-06-04 15:07:31,224 [INFO] IPUIPlugin:80 - create IPUIPlugin
2026-06-04 15:07:31,225 [INFO] PluginManager:220 - loadIPPluginJar : add i3c
2026-06-04 15:07:31,228 [INFO] IPUIPlugin:80 - create IPUIPlugin
2026-06-04 15:07:31,228 [INFO] PluginManager:220 - loadIPPluginJar : add mdma
2026-06-04 15:07:31,230 [INFO] IPUIPlugin:80 - create IPUIPlugin
2026-06-04 15:07:31,230 [INFO] PluginManager:220 - loadIPPluginJar : add i2c
2026-06-04 15:07:31,232 [INFO] IPUIPlugin:80 - create IPUIPlugin
2026-06-04 15:07:31,232 [INFO] PluginManager:220 - loadIPPluginJar : add ipddr
2026-06-04 15:07:31,233 [INFO] IPUIPlugin:80 - create IPUIPlugin
2026-06-04 15:07:31,233 [INFO] PluginManager:220 - loadIPPluginJar : add fatfs
2026-06-04 15:07:31,235 [INFO] IPUIPlugin:80 - create IPUIPlugin
2026-06-04 15:07:31,235 [INFO] PluginManager:220 - loadIPPluginJar : add gfxmmu
2026-06-04 15:07:31,236 [INFO] IPUIPlugin:80 - create IPUIPlugin
2026-06-04 15:07:31,236 [INFO] PluginManager:220 - loadIPPluginJar : add tsc
2026-06-04 15:07:31,239 [INFO] IPUIPlugin:80 - create IPUIPlugin
2026-06-04 15:07:31,239 [INFO] PluginManager:220 - loadIPPluginJar : add stm32_wpan
2026-06-04 15:07:31,239 [INFO] IPUIPlugin:80 - create IPUIPlugin
2026-06-04 15:07:31,239 [INFO] PluginManager:220 - loadIPPluginJar : add genericplugin
2026-06-04 15:07:31,241 [INFO] IPUIPlugin:80 - create IPUIPlugin
2026-06-04 15:07:31,241 [INFO] PluginManager:220 - loadIPPluginJar : add i2s
2026-06-04 15:07:31,244 [INFO] IPUIPlugin:80 - create IPUIPlugin
2026-06-04 15:07:31,244 [INFO] PluginManager:220 - loadIPPluginJar : add adc
2026-06-04 15:07:31,248 [INFO] IPUIPlugin:80 - create IPUIPlugin
2026-06-04 15:07:31,249 [INFO] PluginManager:220 - loadIPPluginJar : add freertos
2026-06-04 15:07:31,252 [INFO] IPUIPlugin:80 - create IPUIPlugin
2026-06-04 15:07:31,252 [INFO] PluginManager:220 - loadIPPluginJar : add dma
2026-06-04 15:07:31,253 [INFO] IPUIPlugin:80 - create IPUIPlugin
2026-06-04 15:07:31,253 [INFO] PluginManager:220 - loadIPPluginJar : add cryp
2026-06-04 15:07:31,254 [INFO] IPUIPlugin:80 - create IPUIPlugin
2026-06-04 15:07:31,254 [INFO] PluginManager:220 - loadIPPluginJar : add touchsensing
2026-06-04 15:07:31,256 [INFO] IPUIPlugin:80 - create IPUIPlugin
2026-06-04 15:07:31,256 [INFO] PluginManager:220 - loadIPPluginJar : add gpio
2026-06-04 15:07:31,257 [INFO] IPUIPlugin:80 - create IPUIPlugin
2026-06-04 15:07:31,257 [INFO] PluginManager:220 - loadIPPluginJar : add openamp
2026-06-04 15:07:31,258 [INFO] IPUIPlugin:80 - create IPUIPlugin
2026-06-04 15:07:31,258 [INFO] PluginManager:220 - loadIPPluginJar : add gtzc
2026-06-04 15:07:31,259 [INFO] IPUIPlugin:80 - create IPUIPlugin
2026-06-04 15:07:31,259 [INFO] PluginManager:220 - loadIPPluginJar : add tracer_emb
2026-06-04 15:07:31,260 [INFO] IPUIPlugin:80 - create IPUIPlugin
2026-06-04 15:07:31,260 [INFO] PluginManager:220 - loadIPPluginJar : add dfsdm
2026-06-04 15:07:31,261 [INFO] IPUIPlugin:80 - create IPUIPlugin
2026-06-04 15:07:31,261 [INFO] PluginManager:220 - loadIPPluginJar : add ts
2026-06-04 15:07:31,263 [INFO] IPUIPlugin:80 - create IPUIPlugin
2026-06-04 15:07:31,263 [INFO] PluginManager:220 - loadIPPluginJar : add resmgrutility
2026-06-04 15:07:31,264 [INFO] IPUIPlugin:80 - create IPUIPlugin
2026-06-04 15:07:31,264 [INFO] PluginManager:220 - loadIPPluginJar : add pdm2pcm
2026-06-04 15:07:31,353 [INFO] CADModel:165 - CPN selected for project level
2026-06-04 15:07:31,353 [INFO] CADModel:114 - Register for checkConnection events
2026-06-04 15:07:31,353 [FATAL] Updater:308 - Updater called before beeing initialized
2026-06-04 15:07:31,354 [ERROR] CADModel:125 - Updater not yet initialized, retry later 
2026-06-04 15:07:31,423 [INFO] CADModel:165 - CPN selected for project level
2026-06-04 15:07:31,423 [INFO] CADModel:114 - Register for checkConnection events
2026-06-04 15:07:31,423 [FATAL] Updater:308 - Updater called before beeing initialized
2026-06-04 15:07:31,423 [ERROR] CADModel:125 - Updater not yet initialized, retry later 
2026-06-04 15:07:31,425 [FATAL] Updater:308 - Updater called before beeing initialized
2026-06-04 15:07:31,474 [FATAL] Updater:308 - Updater called before beeing initialized
2026-06-04 15:07:31,477 [INFO] DbMcusAds:53 - JSON generation date=Thu May 28 12:08:16 CLT 2026 (1779984496303)
2026-06-04 15:07:31,477 [FATAL] Updater:308 - Updater called before beeing initialized
2026-06-04 15:07:31,498 [WARN] DetailPanel:346 - Failed to get advertising image, set to default
2026-06-04 15:07:31,568 [FATAL] Updater:308 - Updater called before beeing initialized
2026-06-04 15:07:31,569 [FATAL] Updater:308 - Updater called before beeing initialized
2026-06-04 15:07:31,569 [FATAL] Updater:308 - Updater called before beeing initialized
2026-06-04 15:07:31,569 [WARN] DetailPanel:346 - Failed to get advertising image, set to default
2026-06-04 15:07:31,570 [FATAL] Updater:308 - Updater called before beeing initialized
2026-06-04 15:07:31,586 [ERROR] Updater:1120 - MainUpdater not yet initialized. External WinMGr cannot be set.
2026-06-04 15:07:31,587 [INFO] Updater:1056 - Updater Version found : 6.9.2
2026-06-04 15:07:31,605 [INFO] ApplicationProperties:184 - Using Application install path: /opt/st/stm32cubeide_1.13.2_2/plugins/com.st.stm32cube.common.mx_6.9.2.202309101412
2026-06-04 15:07:32,597 [INFO] MainUpdater:2868 - connection check result : 10
2026-06-04 15:07:32,598 [INFO] MainUpdater:285 - Updater Check For Update Now.
2026-06-04 15:07:32,598 [INFO] MicroXplorer:498 - Change Database Version : DB.6.0.92
2026-06-04 15:07:32,604 [INFO] McuFinderGlobals:63 - Set McuFinder mode to 2 (CubeIDE integrated)
2026-06-04 15:07:32,604 [INFO] UserAuth:179 - activating auth plugin
2026-06-04 15:07:32,607 [INFO] UserAuth:393 - Internet connection configuration mode: 1
2026-06-04 15:07:32,619 [INFO] JxBrowserEngine:151 - Initiate JxBrowser Engine with user profile folder
2026-06-04 15:07:32,754 [INFO] CheckServerUpdateThread:120 - End of CheckServer Thread
2026-06-04 15:07:33,102 [INFO] WebApp:157 - Instantiating new browser for Auth
2026-06-04 15:07:33,430 [INFO] WebApp:753 - Register for checkConnection events
2026-06-04 15:07:33,430 [INFO] WebApp:390 - Apply proxy settings
2026-06-04 15:07:33,430 [INFO] WebApp:475 - Chromium requires no authentication
2026-06-04 15:07:33,433 [INFO] WebApp:418 - Direct internet connection detected
2026-06-04 15:07:33,492 [INFO] WebApp:188 - Starting web application
2026-06-04 15:07:33,492 [INFO] WebApp:520 - Web application path used /opt/st/stm32cubeide_1.13.2_2/plugins/com.st.stm32cube.common.mx_6.9.2.202309101412/db/plugins/mcufinder/reactClient1/index.html
2026-06-04 15:07:33,975 [WARN] PackLoader:240 - Cannot read IP mode file for STMicroelectronics.FP-ATR-SIGFOX1.3.2.0
2026-06-04 15:07:33,977 [INFO] ThirdParty:978 - Integrity check success = true
2026-06-04 15:07:33,977 [INFO] IntegrityCheckThread:100 - exiting critical section [integrity check]
2026-06-04 15:07:33,977 [INFO] IntegrityCheckThread:103 - End integrity checks thread
2026-06-04 15:07:53,726 [ERROR] LogOutputStream:75 - [STDERR_REDIRECT] SLF4J: Failed to load class "org.slf4j.impl.StaticLoggerBinder".
2026-06-04 15:07:53,726 [ERROR] LogOutputStream:75 - [STDERR_REDIRECT] SLF4J: Defaulting to no-operation (NOP) logger implementation
2026-06-04 15:07:53,726 [ERROR] LogOutputStream:75 - [STDERR_REDIRECT] SLF4J: See http://www.slf4j.org/codes.html#StaticLoggerBinder for further details.
2026-06-04 16:11:05,956 [ERROR] LogOutputStream:75 - [STDERR_REDIRECT] 
2026-06-04 16:50:56,779 [INFO] Activator:176 - 


2026-06-04 16:50:56,780 [INFO] Activator:177 - !SESSION log4j initialized
2026-06-04 16:51:00,128 [INFO] LogOutputStream:77 - [STDOUT_REDIRECT] 
2026-06-04 16:51:00,570 [INFO] ApplicationProperties:184 - Using Application install path: /opt/st/stm32cubeide_1.13.2_2/plugins/com.st.stm32cube.common.mx_6.9.2.202309101412
2026-06-04 16:51:00,599 [INFO] DbMcusXml:78 - Set database path to: /opt/st/stm32cubeide_1.13.2_2/plugins/com.st.stm32cube.common.mx_6.9.2.202309101412//db//mcu/
2026-06-04 16:51:00,600 [INFO] ApiDb:274 - Set plugin database path to: /opt/st/stm32cubeide_1.13.2_2/plugins/com.st.stm32cube.common.mx_6.9.2.202309101412//db//plugins/boardmanager/
2026-06-04 16:51:00,600 [WARN] ApiDb:259 - Overriding images path with different value:  => /opt/st/stm32cubeide_1.13.2_2/plugins/com.st.stm32cube.common.mx_6.9.2.202309101412//db//plugins/mcufinder/images/
2026-06-04 16:51:00,607 [INFO] ApiDb:250 - Set database path to: /home/papijou/.stmcufinder/plugins/mcufinder//mcu/
2026-06-04 16:51:00,608 [INFO] DbMcusAds:125 - Set database path to: /home/papijou/.stmcufinder/plugins/mcufinder//mcu/
2026-06-04 16:51:00,609 [INFO] CrossReferenceDbSqlite:203 - Set database path to: /home/papijou/.stmcufinder/plugins/mcufinder//mcu/cs/
2026-06-04 16:51:00,710 [INFO] RulesReader:64 - Compatibility file has been processed (293 Rules)
2026-06-04 16:51:00,746 [INFO] DbMcusXml:78 - Set database path to: /opt/st/stm32cubeide_1.13.2_2/plugins/com.st.stm32cube.common.mx_6.9.2.202309101412//db//mcu/
2026-06-04 16:51:00,747 [INFO] ApiDb:274 - Set plugin database path to: /opt/st/stm32cubeide_1.13.2_2/plugins/com.st.stm32cube.common.mx_6.9.2.202309101412//db//plugins/boardmanager/
2026-06-04 16:51:00,747 [INFO] ApiDb:261 - Set plugin images path to: /opt/st/stm32cubeide_1.13.2_2/plugins/com.st.stm32cube.common.mx_6.9.2.202309101412//db//plugins/mcufinder/images/
2026-06-04 16:51:00,747 [WARN] DbFile:41 - Overriding database path with different value: /home/papijou/.stmcufinder/plugins/mcufinder/ => /home/papijou/.stmcufinder/plugins/mcufinder
2026-06-04 16:51:00,747 [INFO] ApiDb:250 - Set database path to: /home/papijou/.stmcufinder/plugins/mcufinder//mcu/
2026-06-04 16:51:00,747 [WARN] DbFile:41 - Overriding database path with different value: /home/papijou/.stmcufinder/plugins/mcufinder/ => /home/papijou/.stmcufinder/plugins/mcufinder
2026-06-04 16:51:00,747 [INFO] DbMcusAds:125 - Set database path to: /home/papijou/.stmcufinder/plugins/mcufinder//mcu/
2026-06-04 16:51:00,747 [WARN] DbFile:41 - Overriding database path with different value: /home/papijou/.stmcufinder/plugins/mcufinder/ => /home/papijou/.stmcufinder/plugins/mcufinder
2026-06-04 16:51:00,747 [WARN] DbFile:41 - Overriding database path with different value: /home/papijou/.stmcufinder/plugins/mcufinder/ => /home/papijou/.stmcufinder/plugins/mcufinder
2026-06-04 16:51:00,747 [INFO] CrossReferenceDbSqlite:203 - Set database path to: /home/papijou/.stmcufinder/plugins/mcufinder//mcu/cs/
2026-06-04 16:51:00,787 [INFO] MainPanel:262 - HeapMemory: 268435456
2026-06-04 16:51:00,840 [INFO] DbMcusXml:78 - Set database path to: /opt/st/stm32cubeide_1.13.2_2/plugins/com.st.stm32cube.common.mx_6.9.2.202309101412//db//mcu/
2026-06-04 16:51:00,840 [INFO] ApiDb:274 - Set plugin database path to: /opt/st/stm32cubeide_1.13.2_2/plugins/com.st.stm32cube.common.mx_6.9.2.202309101412//db//plugins/boardmanager/
2026-06-04 16:51:00,840 [INFO] ApiDb:261 - Set plugin images path to: /opt/st/stm32cubeide_1.13.2_2/plugins/com.st.stm32cube.common.mx_6.9.2.202309101412//db//plugins/mcufinder/images/
2026-06-04 16:51:00,841 [WARN] DbFile:41 - Overriding database path with different value: /home/papijou/.stmcufinder/plugins/mcufinder/ => /home/papijou/.stmcufinder/plugins/mcufinder
2026-06-04 16:51:00,841 [INFO] ApiDb:250 - Set database path to: /home/papijou/.stmcufinder/plugins/mcufinder//mcu/
2026-06-04 16:51:00,841 [WARN] DbFile:41 - Overriding database path with different value: /home/papijou/.stmcufinder/plugins/mcufinder/ => /home/papijou/.stmcufinder/plugins/mcufinder
2026-06-04 16:51:00,841 [INFO] DbMcusAds:125 - Set database path to: /home/papijou/.stmcufinder/plugins/mcufinder//mcu/
2026-06-04 16:51:00,841 [WARN] DbFile:41 - Overriding database path with different value: /home/papijou/.stmcufinder/plugins/mcufinder/ => /home/papijou/.stmcufinder/plugins/mcufinder
2026-06-04 16:51:00,841 [WARN] DbFile:41 - Overriding database path with different value: /home/papijou/.stmcufinder/plugins/mcufinder/ => /home/papijou/.stmcufinder/plugins/mcufinder
2026-06-04 16:51:00,841 [INFO] CrossReferenceDbSqlite:203 - Set database path to: /home/papijou/.stmcufinder/plugins/mcufinder//mcu/cs/
2026-06-04 16:51:00,853 [INFO] ApplicationProperties:184 - Using Application install path: /opt/st/stm32cubeide_1.13.2_2/plugins/com.st.stm32cube.common.mx_6.9.2.202309101412
2026-06-04 16:51:00,854 [INFO] PluginManage:196 - Search for loadable plugins [exclusion list=, ]
2026-06-04 16:51:00,855 [INFO] PluginManage:310 - Check plugin analytics
2026-06-04 16:51:00,945 [INFO] AnalyticsPlugin:253 - Accepted Software Licenses: 
2026-06-04 16:51:00,945 [INFO] AnalyticsPlugin:255 - Accepted CMSIS Pack Licenses: 
2026-06-04 16:51:00,945 [INFO] AnalyticsPlugin:257 - Accepted Firmware Licenses: FW.L4.1.18.0
2026-06-04 16:51:00,949 [INFO] PluginManage:359 - Loaded plugin analytics (category:tool,tabindex:-1)
2026-06-04 16:51:00,950 [INFO] PluginManage:310 - Check plugin cadmodel
2026-06-04 16:51:01,039 [INFO] CADModel:105 - Init CAD model plugin
2026-06-04 16:51:01,040 [INFO] PluginManage:359 - Loaded plugin cadmodel (category:power,tabindex:5)
2026-06-04 16:51:01,040 [INFO] PluginManage:310 - Check plugin clock
2026-06-04 16:51:01,046 [INFO] PluginManage:359 - Loaded plugin clock (category:base,tabindex:2)
2026-06-04 16:51:01,046 [INFO] PluginManage:310 - Check plugin ddr
2026-06-04 16:51:01,047 [INFO] PluginManage:359 - Loaded plugin ddr (category:tool,tabindex:6)
2026-06-04 16:51:01,047 [INFO] PluginManage:310 - Check plugin filemanager
2026-06-04 16:51:01,138 [INFO] PluginManage:359 - Loaded plugin filemanager (category:base,tabindex:10)
2026-06-04 16:51:01,138 [INFO] PluginManage:310 - Check plugin ipmanager
2026-06-04 16:51:01,141 [INFO] PluginManage:359 - Loaded plugin ipmanager (category:base,tabindex:5)
2026-06-04 16:51:01,142 [INFO] PluginManage:310 - Check plugin lpbam
2026-06-04 16:51:01,147 [INFO] PluginManage:359 - Loaded plugin lpbam (category:base,tabindex:0)
2026-06-04 16:51:01,147 [INFO] PluginManage:310 - Check plugin memorymap
2026-06-04 16:51:01,153 [INFO] PluginManage:359 - Loaded plugin memorymap (category:base,tabindex:4)
2026-06-04 16:51:01,153 [INFO] PluginManage:310 - Check plugin pinoutandconfiguration
2026-06-04 16:51:01,156 [INFO] PluginManage:359 - Loaded plugin pinoutandconfiguration (category:base,tabindex:1)
2026-06-04 16:51:01,156 [INFO] PluginManage:310 - Check plugin pinoutconfig
2026-06-04 16:51:01,207 [WARN] SupportedApi:132 - Cannot load RTOS API schema: s4s-elt-must-match.1: The content of 'definitions' must match (annotation?, (simpleType | complexType)?, (unique | key | keyref)*)). A problem was found starting at: attribute.
2026-06-04 16:51:01,305 [INFO] PluginManage:359 - Loaded plugin pinoutconfig (category:base,tabindex:0)
2026-06-04 16:51:01,305 [INFO] PluginManage:310 - Check plugin power
2026-06-04 16:51:01,316 [INFO] PluginManage:359 - Loaded plugin power (category:power,tabindex:4)
2026-06-04 16:51:01,317 [INFO] PluginManage:310 - Check plugin projectmanager
2026-06-04 16:51:01,340 [INFO] PluginManage:359 - Loaded plugin projectmanager (category:projectmanager,tabindex:3)
2026-06-04 16:51:01,340 [INFO] PluginManage:310 - Check plugin thirdparty
2026-06-04 16:51:01,422 [INFO] PluginManage:359 - Loaded plugin thirdparty (category:base,tabindex:-1)
2026-06-04 16:51:01,422 [WARN] IntegrityCheckThread:84 - waiting for thirdparty lock release [integrity check]
2026-06-04 16:51:01,422 [INFO] IntegrityCheckThread:86 - entering critical section [integrity check]
2026-06-04 16:51:01,422 [INFO] PluginManage:310 - Check plugin tools
2026-06-04 16:51:01,423 [INFO] ThirdPartyUpdaterWithRetryManager:70 - Updater plugin not ready yet. [1/15]
2026-06-04 16:51:01,424 [INFO] PluginManage:359 - Loaded plugin tools (category:base,tabindex:7)
2026-06-04 16:51:01,425 [INFO] PluginManage:310 - Check plugin tutovideos
2026-06-04 16:51:01,572 [INFO] PluginManage:359 - Loaded plugin tutovideos (category:base,tabindex:-1)
2026-06-04 16:51:01,573 [INFO] PluginManage:310 - Check plugin updater
2026-06-04 16:51:01,585 [INFO] PluginManage:359 - Loaded plugin updater (category:base,tabindex:12)
2026-06-04 16:51:01,585 [INFO] PluginManage:310 - Check plugin userauth
2026-06-04 16:51:01,590 [INFO] UserAuth:113 - Init User Auth plugin
2026-06-04 16:51:01,590 [INFO] PluginManage:359 - Loaded plugin userauth (category:base,tabindex:14)
2026-06-04 16:51:01,590 [INFO] PluginManage:283 - PluginManage : Loaded plugins [17]
2026-06-04 16:51:01,754 [INFO] PinOutPanel:1499 - setPackage(No Configuration,No Configuration)
2026-06-04 16:51:01,823 [INFO] CADModel:165 - CPN selected for project level
2026-06-04 16:51:01,823 [INFO] CADModel:114 - Register for checkConnection events
2026-06-04 16:51:01,833 [INFO] IPUIPlugin:80 - create IPUIPlugin
2026-06-04 16:51:01,833 [INFO] PluginManager:220 - loadIPPluginJar : add can
2026-06-04 16:51:01,836 [INFO] IPUIPlugin:80 - create IPUIPlugin
2026-06-04 16:51:01,836 [INFO] PluginManager:220 - loadIPPluginJar : add gic
2026-06-04 16:51:01,837 [INFO] IPUIPlugin:80 - create IPUIPlugin
2026-06-04 16:51:01,837 [INFO] PluginManager:220 - loadIPPluginJar : add quadspi
2026-06-04 16:51:01,838 [INFO] IPUIPlugin:80 - create IPUIPlugin
2026-06-04 16:51:01,838 [INFO] PluginManager:220 - loadIPPluginJar : add sai
2026-06-04 16:51:01,840 [INFO] IPUIPlugin:80 - create IPUIPlugin
2026-06-04 16:51:01,840 [INFO] PluginManager:220 - loadIPPluginJar : add comp
2026-06-04 16:51:01,843 [INFO] IPUIPlugin:80 - create IPUIPlugin
2026-06-04 16:51:01,844 [INFO] PluginManager:220 - loadIPPluginJar : add fmc
2026-06-04 16:51:01,845 [INFO] IPUIPlugin:80 - create IPUIPlugin
2026-06-04 16:51:01,845 [INFO] PluginManager:220 - loadIPPluginJar : add spi
2026-06-04 16:51:01,847 [INFO] IPUIPlugin:80 - create IPUIPlugin
2026-06-04 16:51:01,848 [INFO] PluginManager:220 - loadIPPluginJar : add nvic
2026-06-04 16:51:01,850 [INFO] IPUIPlugin:80 - create IPUIPlugin
2026-06-04 16:51:01,850 [INFO] PluginManager:220 - loadIPPluginJar : add usbx
2026-06-04 16:51:01,851 [INFO] IPUIPlugin:80 - create IPUIPlugin
2026-06-04 16:51:01,851 [INFO] PluginManager:220 - loadIPPluginJar : add ucpd
2026-06-04 16:51:01,853 [INFO] IPUIPlugin:80 - create IPUIPlugin
2026-06-04 16:51:01,853 [INFO] PluginManager:220 - loadIPPluginJar : add lorawan
2026-06-04 16:51:01,854 [INFO] IPUIPlugin:80 - create IPUIPlugin
2026-06-04 16:51:01,854 [INFO] PluginManager:220 - loadIPPluginJar : add hash
2026-06-04 16:51:01,855 [INFO] IPUIPlugin:80 - create IPUIPlugin
2026-06-04 16:51:01,855 [INFO] PluginManager:220 - loadIPPluginJar : add ltdc
2026-06-04 16:51:01,856 [INFO] IPUIPlugin:80 - create IPUIPlugin
2026-06-04 16:51:01,856 [INFO] PluginManager:220 - loadIPPluginJar : add tim
2026-06-04 16:51:01,858 [INFO] IPUIPlugin:80 - create IPUIPlugin
2026-06-04 16:51:01,858 [INFO] PluginManager:220 - loadIPPluginJar : add usart
2026-06-04 16:51:01,862 [INFO] IPUIPlugin:80 - create IPUIPlugin
2026-06-04 16:51:01,864 [INFO] PluginManager:220 - loadIPPluginJar : add plateformsettings
2026-06-04 16:51:01,866 [INFO] IPUIPlugin:80 - create IPUIPlugin
2026-06-04 16:51:01,866 [INFO] PluginManager:220 - loadIPPluginJar : add aes
2026-06-04 16:51:01,868 [INFO] IPUIPlugin:80 - create IPUIPlugin
2026-06-04 16:51:01,868 [INFO] PluginManager:220 - loadIPPluginJar : add opamp
2026-06-04 16:51:01,869 [INFO] IPUIPlugin:80 - create IPUIPlugin
2026-06-04 16:51:01,869 [INFO] PluginManager:220 - loadIPPluginJar : add dma3
2026-06-04 16:51:01,876 [INFO] IPUIPlugin:80 - create IPUIPlugin
2026-06-04 16:51:01,876 [INFO] PluginManager:220 - loadIPPluginJar : add linkedlist
2026-06-04 16:51:01,878 [INFO] IPUIPlugin:80 - create IPUIPlugin
2026-06-04 16:51:01,878 [INFO] PluginManager:220 - loadIPPluginJar : add i3c
2026-06-04 16:51:01,882 [INFO] IPUIPlugin:80 - create IPUIPlugin
2026-06-04 16:51:01,882 [INFO] PluginManager:220 - loadIPPluginJar : add mdma
2026-06-04 16:51:01,884 [INFO] IPUIPlugin:80 - create IPUIPlugin
2026-06-04 16:51:01,884 [INFO] PluginManager:220 - loadIPPluginJar : add i2c
2026-06-04 16:51:01,886 [INFO] IPUIPlugin:80 - create IPUIPlugin
2026-06-04 16:51:01,886 [INFO] PluginManager:220 - loadIPPluginJar : add ipddr
2026-06-04 16:51:01,887 [INFO] IPUIPlugin:80 - create IPUIPlugin
2026-06-04 16:51:01,887 [INFO] PluginManager:220 - loadIPPluginJar : add fatfs
2026-06-04 16:51:01,889 [INFO] IPUIPlugin:80 - create IPUIPlugin
2026-06-04 16:51:01,889 [INFO] PluginManager:220 - loadIPPluginJar : add gfxmmu
2026-06-04 16:51:01,890 [INFO] IPUIPlugin:80 - create IPUIPlugin
2026-06-04 16:51:01,890 [INFO] PluginManager:220 - loadIPPluginJar : add tsc
2026-06-04 16:51:01,894 [INFO] IPUIPlugin:80 - create IPUIPlugin
2026-06-04 16:51:01,894 [INFO] PluginManager:220 - loadIPPluginJar : add stm32_wpan
2026-06-04 16:51:01,895 [INFO] IPUIPlugin:80 - create IPUIPlugin
2026-06-04 16:51:01,895 [INFO] PluginManager:220 - loadIPPluginJar : add genericplugin
2026-06-04 16:51:01,896 [INFO] IPUIPlugin:80 - create IPUIPlugin
2026-06-04 16:51:01,897 [INFO] PluginManager:220 - loadIPPluginJar : add i2s
2026-06-04 16:51:01,900 [INFO] IPUIPlugin:80 - create IPUIPlugin
2026-06-04 16:51:01,901 [INFO] PluginManager:220 - loadIPPluginJar : add adc
2026-06-04 16:51:01,904 [INFO] IPUIPlugin:80 - create IPUIPlugin
2026-06-04 16:51:01,904 [INFO] PluginManager:220 - loadIPPluginJar : add freertos
2026-06-04 16:51:01,908 [INFO] IPUIPlugin:80 - create IPUIPlugin
2026-06-04 16:51:01,909 [INFO] PluginManager:220 - loadIPPluginJar : add dma
2026-06-04 16:51:01,910 [INFO] IPUIPlugin:80 - create IPUIPlugin
2026-06-04 16:51:01,910 [INFO] PluginManager:220 - loadIPPluginJar : add cryp
2026-06-04 16:51:01,913 [INFO] IPUIPlugin:80 - create IPUIPlugin
2026-06-04 16:51:01,913 [INFO] PluginManager:220 - loadIPPluginJar : add touchsensing
2026-06-04 16:51:01,915 [INFO] IPUIPlugin:80 - create IPUIPlugin
2026-06-04 16:51:01,916 [INFO] PluginManager:220 - loadIPPluginJar : add gpio
2026-06-04 16:51:01,918 [INFO] IPUIPlugin:80 - create IPUIPlugin
2026-06-04 16:51:01,918 [INFO] PluginManager:220 - loadIPPluginJar : add openamp
2026-06-04 16:51:01,920 [INFO] IPUIPlugin:80 - create IPUIPlugin
2026-06-04 16:51:01,920 [INFO] PluginManager:220 - loadIPPluginJar : add gtzc
2026-06-04 16:51:01,921 [INFO] IPUIPlugin:80 - create IPUIPlugin
2026-06-04 16:51:01,921 [INFO] PluginManager:220 - loadIPPluginJar : add tracer_emb
2026-06-04 16:51:01,923 [INFO] IPUIPlugin:80 - create IPUIPlugin
2026-06-04 16:51:01,923 [INFO] PluginManager:220 - loadIPPluginJar : add dfsdm
2026-06-04 16:51:01,924 [INFO] IPUIPlugin:80 - create IPUIPlugin
2026-06-04 16:51:01,924 [INFO] PluginManager:220 - loadIPPluginJar : add ts
2026-06-04 16:51:01,926 [INFO] IPUIPlugin:80 - create IPUIPlugin
2026-06-04 16:51:01,926 [INFO] PluginManager:220 - loadIPPluginJar : add resmgrutility
2026-06-04 16:51:01,927 [INFO] IPUIPlugin:80 - create IPUIPlugin
2026-06-04 16:51:01,927 [INFO] PluginManager:220 - loadIPPluginJar : add pdm2pcm
2026-06-04 16:51:02,022 [INFO] CADModel:165 - CPN selected for project level
2026-06-04 16:51:02,022 [INFO] CADModel:114 - Register for checkConnection events
2026-06-04 16:51:02,022 [FATAL] Updater:308 - Updater called before beeing initialized
2026-06-04 16:51:02,022 [ERROR] CADModel:125 - Updater not yet initialized, retry later 
2026-06-04 16:51:02,122 [INFO] CADModel:165 - CPN selected for project level
2026-06-04 16:51:02,123 [INFO] CADModel:114 - Register for checkConnection events
2026-06-04 16:51:02,123 [FATAL] Updater:308 - Updater called before beeing initialized
2026-06-04 16:51:02,123 [ERROR] CADModel:125 - Updater not yet initialized, retry later 
2026-06-04 16:51:02,125 [FATAL] Updater:308 - Updater called before beeing initialized
2026-06-04 16:51:02,207 [FATAL] Updater:308 - Updater called before beeing initialized
2026-06-04 16:51:02,214 [INFO] DbMcusAds:53 - JSON generation date=Thu May 28 12:08:16 CLT 2026 (1779984496303)
2026-06-04 16:51:02,214 [FATAL] Updater:308 - Updater called before beeing initialized
2026-06-04 16:51:02,253 [WARN] DetailPanel:346 - Failed to get advertising image, set to default
2026-06-04 16:51:02,377 [FATAL] Updater:308 - Updater called before beeing initialized
2026-06-04 16:51:02,383 [FATAL] Updater:308 - Updater called before beeing initialized
2026-06-04 16:51:02,385 [FATAL] Updater:308 - Updater called before beeing initialized
2026-06-04 16:51:02,385 [WARN] DetailPanel:346 - Failed to get advertising image, set to default
2026-06-04 16:51:02,387 [FATAL] Updater:308 - Updater called before beeing initialized
2026-06-04 16:51:02,421 [ERROR] Updater:1120 - MainUpdater not yet initialized. External WinMGr cannot be set.
2026-06-04 16:51:02,423 [INFO] Updater:1056 - Updater Version found : 6.9.2
2026-06-04 16:51:02,437 [INFO] ApplicationProperties:184 - Using Application install path: /opt/st/stm32cubeide_1.13.2_2/plugins/com.st.stm32cube.common.mx_6.9.2.202309101412
2026-06-04 16:51:03,333 [INFO] MainUpdater:2868 - connection check result : 10
2026-06-04 16:51:03,333 [INFO] MainUpdater:285 - Updater Check For Update Now.
2026-06-04 16:51:03,334 [INFO] MicroXplorer:498 - Change Database Version : DB.6.0.92
2026-06-04 16:51:03,336 [INFO] McuFinderGlobals:63 - Set McuFinder mode to 2 (CubeIDE integrated)
2026-06-04 16:51:03,336 [INFO] UserAuth:179 - activating auth plugin
2026-06-04 16:51:03,339 [INFO] UserAuth:393 - Internet connection configuration mode: 1
2026-06-04 16:51:03,345 [INFO] JxBrowserEngine:151 - Initiate JxBrowser Engine with user profile folder
2026-06-04 16:51:03,494 [INFO] CheckServerUpdateThread:120 - End of CheckServer Thread
2026-06-04 16:51:03,776 [INFO] WebApp:157 - Instantiating new browser for Auth
2026-06-04 16:51:04,145 [INFO] WebApp:753 - Register for checkConnection events
2026-06-04 16:51:04,146 [INFO] WebApp:390 - Apply proxy settings
2026-06-04 16:51:04,146 [INFO] WebApp:475 - Chromium requires no authentication
2026-06-04 16:51:04,152 [INFO] WebApp:418 - Direct internet connection detected
2026-06-04 16:51:04,270 [INFO] WebApp:188 - Starting web application
2026-06-04 16:51:04,270 [INFO] WebApp:520 - Web application path used /opt/st/stm32cubeide_1.13.2_2/plugins/com.st.stm32cube.common.mx_6.9.2.202309101412/db/plugins/mcufinder/reactClient1/index.html
2026-06-04 16:51:04,573 [WARN] PackLoader:240 - Cannot read IP mode file for STMicroelectronics.FP-ATR-SIGFOX1.3.2.0
2026-06-04 16:51:04,575 [INFO] ThirdParty:978 - Integrity check success = true
2026-06-04 16:51:04,575 [INFO] IntegrityCheckThread:100 - exiting critical section [integrity check]
2026-06-04 16:51:04,576 [INFO] IntegrityCheckThread:103 - End integrity checks thread
2026-06-04 16:51:24,595 [ERROR] LogOutputStream:75 - [STDERR_REDIRECT] SLF4J: Failed to load class "org.slf4j.impl.StaticLoggerBinder".
2026-06-04 16:51:24,595 [ERROR] LogOutputStream:75 - [STDERR_REDIRECT] SLF4J: Defaulting to no-operation (NOP) logger implementation
2026-06-04 16:51:24,595 [ERROR] LogOutputStream:75 - [STDERR_REDIRECT] SLF4J: See http://www.slf4j.org/codes.html#StaticLoggerBinder for further details.
2026-06-04 16:54:02,637 [ERROR] LogOutputStream:75 - [STDERR_REDIRECT] 
