2026-06-23 04:07:03,524 [INFO] Activator:176 - 


2026-06-23 04:07:03,527 [INFO] Activator:177 - !SESSION log4j initialized
2026-06-23 04:07:07,721 [INFO] LogOutputStream:77 - [STDOUT_REDIRECT] 
2026-06-23 04:07:08,352 [INFO] ApplicationProperties:184 - Using Application install path: /opt/st/stm32cubeide_1.13.2_2/plugins/com.st.stm32cube.common.mx_6.9.2.202309101412
2026-06-23 04:07:08,365 [INFO] DbMcusXml:78 - Set database path to: /opt/st/stm32cubeide_1.13.2_2/plugins/com.st.stm32cube.common.mx_6.9.2.202309101412//db//mcu/
2026-06-23 04:07:08,365 [INFO] ApiDb:274 - Set plugin database path to: /opt/st/stm32cubeide_1.13.2_2/plugins/com.st.stm32cube.common.mx_6.9.2.202309101412//db//plugins/boardmanager/
2026-06-23 04:07:08,365 [WARN] ApiDb:259 - Overriding images path with different value:  => /opt/st/stm32cubeide_1.13.2_2/plugins/com.st.stm32cube.common.mx_6.9.2.202309101412//db//plugins/mcufinder/images/
2026-06-23 04:07:08,372 [INFO] ApiDb:250 - Set database path to: /home/papijou/.stmcufinder/plugins/mcufinder//mcu/
2026-06-23 04:07:08,373 [INFO] DbMcusAds:125 - Set database path to: /home/papijou/.stmcufinder/plugins/mcufinder//mcu/
2026-06-23 04:07:08,374 [INFO] CrossReferenceDbSqlite:203 - Set database path to: /home/papijou/.stmcufinder/plugins/mcufinder//mcu/cs/
2026-06-23 04:07:08,441 [INFO] RulesReader:64 - Compatibility file has been processed (293 Rules)
2026-06-23 04:07:08,482 [INFO] DbMcusXml:78 - Set database path to: /opt/st/stm32cubeide_1.13.2_2/plugins/com.st.stm32cube.common.mx_6.9.2.202309101412//db//mcu/
2026-06-23 04:07:08,482 [INFO] ApiDb:274 - Set plugin database path to: /opt/st/stm32cubeide_1.13.2_2/plugins/com.st.stm32cube.common.mx_6.9.2.202309101412//db//plugins/boardmanager/
2026-06-23 04:07:08,483 [INFO] ApiDb:261 - Set plugin images path to: /opt/st/stm32cubeide_1.13.2_2/plugins/com.st.stm32cube.common.mx_6.9.2.202309101412//db//plugins/mcufinder/images/
2026-06-23 04:07:08,483 [WARN] DbFile:41 - Overriding database path with different value: /home/papijou/.stmcufinder/plugins/mcufinder/ => /home/papijou/.stmcufinder/plugins/mcufinder
2026-06-23 04:07:08,483 [INFO] ApiDb:250 - Set database path to: /home/papijou/.stmcufinder/plugins/mcufinder//mcu/
2026-06-23 04:07:08,483 [WARN] DbFile:41 - Overriding database path with different value: /home/papijou/.stmcufinder/plugins/mcufinder/ => /home/papijou/.stmcufinder/plugins/mcufinder
2026-06-23 04:07:08,483 [INFO] DbMcusAds:125 - Set database path to: /home/papijou/.stmcufinder/plugins/mcufinder//mcu/
2026-06-23 04:07:08,483 [WARN] DbFile:41 - Overriding database path with different value: /home/papijou/.stmcufinder/plugins/mcufinder/ => /home/papijou/.stmcufinder/plugins/mcufinder
2026-06-23 04:07:08,483 [WARN] DbFile:41 - Overriding database path with different value: /home/papijou/.stmcufinder/plugins/mcufinder/ => /home/papijou/.stmcufinder/plugins/mcufinder
2026-06-23 04:07:08,483 [INFO] CrossReferenceDbSqlite:203 - Set database path to: /home/papijou/.stmcufinder/plugins/mcufinder//mcu/cs/
2026-06-23 04:07:08,540 [INFO] MainPanel:262 - HeapMemory: 268435456
2026-06-23 04:07:08,606 [INFO] DbMcusXml:78 - Set database path to: /opt/st/stm32cubeide_1.13.2_2/plugins/com.st.stm32cube.common.mx_6.9.2.202309101412//db//mcu/
2026-06-23 04:07:08,607 [INFO] ApiDb:274 - Set plugin database path to: /opt/st/stm32cubeide_1.13.2_2/plugins/com.st.stm32cube.common.mx_6.9.2.202309101412//db//plugins/boardmanager/
2026-06-23 04:07:08,607 [INFO] ApiDb:261 - Set plugin images path to: /opt/st/stm32cubeide_1.13.2_2/plugins/com.st.stm32cube.common.mx_6.9.2.202309101412//db//plugins/mcufinder/images/
2026-06-23 04:07:08,607 [WARN] DbFile:41 - Overriding database path with different value: /home/papijou/.stmcufinder/plugins/mcufinder/ => /home/papijou/.stmcufinder/plugins/mcufinder
2026-06-23 04:07:08,607 [INFO] ApiDb:250 - Set database path to: /home/papijou/.stmcufinder/plugins/mcufinder//mcu/
2026-06-23 04:07:08,607 [WARN] DbFile:41 - Overriding database path with different value: /home/papijou/.stmcufinder/plugins/mcufinder/ => /home/papijou/.stmcufinder/plugins/mcufinder
2026-06-23 04:07:08,607 [INFO] DbMcusAds:125 - Set database path to: /home/papijou/.stmcufinder/plugins/mcufinder//mcu/
2026-06-23 04:07:08,607 [WARN] DbFile:41 - Overriding database path with different value: /home/papijou/.stmcufinder/plugins/mcufinder/ => /home/papijou/.stmcufinder/plugins/mcufinder
2026-06-23 04:07:08,607 [WARN] DbFile:41 - Overriding database path with different value: /home/papijou/.stmcufinder/plugins/mcufinder/ => /home/papijou/.stmcufinder/plugins/mcufinder
2026-06-23 04:07:08,607 [INFO] CrossReferenceDbSqlite:203 - Set database path to: /home/papijou/.stmcufinder/plugins/mcufinder//mcu/cs/
2026-06-23 04:07:08,617 [INFO] ApplicationProperties:184 - Using Application install path: /opt/st/stm32cubeide_1.13.2_2/plugins/com.st.stm32cube.common.mx_6.9.2.202309101412
2026-06-23 04:07:08,618 [INFO] PluginManage:196 - Search for loadable plugins [exclusion list=, ]
2026-06-23 04:07:08,619 [INFO] PluginManage:310 - Check plugin analytics
2026-06-23 04:07:08,707 [INFO] AnalyticsPlugin:253 - Accepted Software Licenses: 
2026-06-23 04:07:08,707 [INFO] AnalyticsPlugin:255 - Accepted CMSIS Pack Licenses: 
2026-06-23 04:07:08,707 [INFO] AnalyticsPlugin:257 - Accepted Firmware Licenses: FW.L4.1.18.0
2026-06-23 04:07:08,708 [INFO] PluginManage:359 - Loaded plugin analytics (category:tool,tabindex:-1)
2026-06-23 04:07:08,708 [INFO] PluginManage:310 - Check plugin cadmodel
2026-06-23 04:07:08,765 [INFO] CADModel:105 - Init CAD model plugin
2026-06-23 04:07:08,765 [INFO] PluginManage:359 - Loaded plugin cadmodel (category:power,tabindex:5)
2026-06-23 04:07:08,765 [INFO] PluginManage:310 - Check plugin clock
2026-06-23 04:07:08,772 [INFO] PluginManage:359 - Loaded plugin clock (category:base,tabindex:2)
2026-06-23 04:07:08,773 [INFO] PluginManage:310 - Check plugin ddr
2026-06-23 04:07:08,775 [INFO] PluginManage:359 - Loaded plugin ddr (category:tool,tabindex:6)
2026-06-23 04:07:08,775 [INFO] PluginManage:310 - Check plugin filemanager
2026-06-23 04:07:08,851 [INFO] PluginManage:359 - Loaded plugin filemanager (category:base,tabindex:10)
2026-06-23 04:07:08,851 [INFO] PluginManage:310 - Check plugin ipmanager
2026-06-23 04:07:08,855 [INFO] PluginManage:359 - Loaded plugin ipmanager (category:base,tabindex:5)
2026-06-23 04:07:08,855 [INFO] PluginManage:310 - Check plugin lpbam
2026-06-23 04:07:08,862 [INFO] PluginManage:359 - Loaded plugin lpbam (category:base,tabindex:0)
2026-06-23 04:07:08,862 [INFO] PluginManage:310 - Check plugin memorymap
2026-06-23 04:07:08,868 [INFO] PluginManage:359 - Loaded plugin memorymap (category:base,tabindex:4)
2026-06-23 04:07:08,869 [INFO] PluginManage:310 - Check plugin pinoutandconfiguration
2026-06-23 04:07:08,873 [INFO] PluginManage:359 - Loaded plugin pinoutandconfiguration (category:base,tabindex:1)
2026-06-23 04:07:08,873 [INFO] PluginManage:310 - Check plugin pinoutconfig
2026-06-23 04:07:08,919 [WARN] SupportedApi:132 - Cannot load RTOS API schema: s4s-elt-must-match.1: The content of 'definitions' must match (annotation?, (simpleType | complexType)?, (unique | key | keyref)*)). A problem was found starting at: attribute.
2026-06-23 04:07:08,997 [INFO] PluginManage:359 - Loaded plugin pinoutconfig (category:base,tabindex:0)
2026-06-23 04:07:08,997 [INFO] PluginManage:310 - Check plugin power
2026-06-23 04:07:09,003 [INFO] PluginManage:359 - Loaded plugin power (category:power,tabindex:4)
2026-06-23 04:07:09,003 [INFO] PluginManage:310 - Check plugin projectmanager
2026-06-23 04:07:09,020 [INFO] PluginManage:359 - Loaded plugin projectmanager (category:projectmanager,tabindex:3)
2026-06-23 04:07:09,020 [INFO] PluginManage:310 - Check plugin thirdparty
2026-06-23 04:07:09,094 [INFO] PluginManage:359 - Loaded plugin thirdparty (category:base,tabindex:-1)
2026-06-23 04:07:09,095 [INFO] PluginManage:310 - Check plugin tools
2026-06-23 04:07:09,094 [WARN] IntegrityCheckThread:84 - waiting for thirdparty lock release [integrity check]
2026-06-23 04:07:09,095 [INFO] IntegrityCheckThread:86 - entering critical section [integrity check]
2026-06-23 04:07:09,095 [INFO] ThirdPartyUpdaterWithRetryManager:70 - Updater plugin not ready yet. [1/15]
2026-06-23 04:07:09,096 [INFO] PluginManage:359 - Loaded plugin tools (category:base,tabindex:7)
2026-06-23 04:07:09,097 [INFO] PluginManage:310 - Check plugin tutovideos
2026-06-23 04:07:09,226 [INFO] PluginManage:359 - Loaded plugin tutovideos (category:base,tabindex:-1)
2026-06-23 04:07:09,227 [INFO] PluginManage:310 - Check plugin updater
2026-06-23 04:07:09,236 [INFO] PluginManage:359 - Loaded plugin updater (category:base,tabindex:12)
2026-06-23 04:07:09,236 [INFO] PluginManage:310 - Check plugin userauth
2026-06-23 04:07:09,241 [INFO] UserAuth:113 - Init User Auth plugin
2026-06-23 04:07:09,241 [INFO] PluginManage:359 - Loaded plugin userauth (category:base,tabindex:14)
2026-06-23 04:07:09,242 [INFO] PluginManage:283 - PluginManage : Loaded plugins [17]
2026-06-23 04:07:09,376 [INFO] PinOutPanel:1499 - setPackage(No Configuration,No Configuration)
2026-06-23 04:07:09,438 [INFO] CADModel:165 - CPN selected for project level
2026-06-23 04:07:09,438 [INFO] CADModel:114 - Register for checkConnection events
2026-06-23 04:07:09,450 [INFO] IPUIPlugin:80 - create IPUIPlugin
2026-06-23 04:07:09,451 [INFO] PluginManager:220 - loadIPPluginJar : add can
2026-06-23 04:07:09,454 [INFO] IPUIPlugin:80 - create IPUIPlugin
2026-06-23 04:07:09,455 [INFO] PluginManager:220 - loadIPPluginJar : add gic
2026-06-23 04:07:09,456 [INFO] IPUIPlugin:80 - create IPUIPlugin
2026-06-23 04:07:09,456 [INFO] PluginManager:220 - loadIPPluginJar : add quadspi
2026-06-23 04:07:09,458 [INFO] IPUIPlugin:80 - create IPUIPlugin
2026-06-23 04:07:09,458 [INFO] PluginManager:220 - loadIPPluginJar : add sai
2026-06-23 04:07:09,460 [INFO] IPUIPlugin:80 - create IPUIPlugin
2026-06-23 04:07:09,460 [INFO] PluginManager:220 - loadIPPluginJar : add comp
2026-06-23 04:07:09,465 [INFO] IPUIPlugin:80 - create IPUIPlugin
2026-06-23 04:07:09,465 [INFO] PluginManager:220 - loadIPPluginJar : add fmc
2026-06-23 04:07:09,467 [INFO] IPUIPlugin:80 - create IPUIPlugin
2026-06-23 04:07:09,467 [INFO] PluginManager:220 - loadIPPluginJar : add spi
2026-06-23 04:07:09,470 [INFO] IPUIPlugin:80 - create IPUIPlugin
2026-06-23 04:07:09,470 [INFO] PluginManager:220 - loadIPPluginJar : add nvic
2026-06-23 04:07:09,472 [INFO] IPUIPlugin:80 - create IPUIPlugin
2026-06-23 04:07:09,472 [INFO] PluginManager:220 - loadIPPluginJar : add usbx
2026-06-23 04:07:09,474 [INFO] IPUIPlugin:80 - create IPUIPlugin
2026-06-23 04:07:09,474 [INFO] PluginManager:220 - loadIPPluginJar : add ucpd
2026-06-23 04:07:09,476 [INFO] IPUIPlugin:80 - create IPUIPlugin
2026-06-23 04:07:09,476 [INFO] PluginManager:220 - loadIPPluginJar : add lorawan
2026-06-23 04:07:09,477 [INFO] IPUIPlugin:80 - create IPUIPlugin
2026-06-23 04:07:09,477 [INFO] PluginManager:220 - loadIPPluginJar : add hash
2026-06-23 04:07:09,478 [INFO] IPUIPlugin:80 - create IPUIPlugin
2026-06-23 04:07:09,478 [INFO] PluginManager:220 - loadIPPluginJar : add ltdc
2026-06-23 04:07:09,479 [INFO] IPUIPlugin:80 - create IPUIPlugin
2026-06-23 04:07:09,479 [INFO] PluginManager:220 - loadIPPluginJar : add tim
2026-06-23 04:07:09,481 [INFO] IPUIPlugin:80 - create IPUIPlugin
2026-06-23 04:07:09,481 [INFO] PluginManager:220 - loadIPPluginJar : add usart
2026-06-23 04:07:09,486 [INFO] IPUIPlugin:80 - create IPUIPlugin
2026-06-23 04:07:09,488 [INFO] PluginManager:220 - loadIPPluginJar : add plateformsettings
2026-06-23 04:07:09,490 [INFO] IPUIPlugin:80 - create IPUIPlugin
2026-06-23 04:07:09,490 [INFO] PluginManager:220 - loadIPPluginJar : add aes
2026-06-23 04:07:09,491 [INFO] IPUIPlugin:80 - create IPUIPlugin
2026-06-23 04:07:09,492 [INFO] PluginManager:220 - loadIPPluginJar : add opamp
2026-06-23 04:07:09,493 [INFO] IPUIPlugin:80 - create IPUIPlugin
2026-06-23 04:07:09,493 [INFO] PluginManager:220 - loadIPPluginJar : add dma3
2026-06-23 04:07:09,499 [INFO] IPUIPlugin:80 - create IPUIPlugin
2026-06-23 04:07:09,499 [INFO] PluginManager:220 - loadIPPluginJar : add linkedlist
2026-06-23 04:07:09,501 [INFO] IPUIPlugin:80 - create IPUIPlugin
2026-06-23 04:07:09,501 [INFO] PluginManager:220 - loadIPPluginJar : add i3c
2026-06-23 04:07:09,507 [INFO] IPUIPlugin:80 - create IPUIPlugin
2026-06-23 04:07:09,507 [INFO] PluginManager:220 - loadIPPluginJar : add mdma
2026-06-23 04:07:09,509 [INFO] IPUIPlugin:80 - create IPUIPlugin
2026-06-23 04:07:09,509 [INFO] PluginManager:220 - loadIPPluginJar : add i2c
2026-06-23 04:07:09,512 [INFO] IPUIPlugin:80 - create IPUIPlugin
2026-06-23 04:07:09,512 [INFO] PluginManager:220 - loadIPPluginJar : add ipddr
2026-06-23 04:07:09,513 [INFO] IPUIPlugin:80 - create IPUIPlugin
2026-06-23 04:07:09,513 [INFO] PluginManager:220 - loadIPPluginJar : add fatfs
2026-06-23 04:07:09,516 [INFO] IPUIPlugin:80 - create IPUIPlugin
2026-06-23 04:07:09,516 [INFO] PluginManager:220 - loadIPPluginJar : add gfxmmu
2026-06-23 04:07:09,517 [INFO] IPUIPlugin:80 - create IPUIPlugin
2026-06-23 04:07:09,517 [INFO] PluginManager:220 - loadIPPluginJar : add tsc
2026-06-23 04:07:09,521 [INFO] IPUIPlugin:80 - create IPUIPlugin
2026-06-23 04:07:09,521 [INFO] PluginManager:220 - loadIPPluginJar : add stm32_wpan
2026-06-23 04:07:09,522 [INFO] IPUIPlugin:80 - create IPUIPlugin
2026-06-23 04:07:09,522 [INFO] PluginManager:220 - loadIPPluginJar : add genericplugin
2026-06-23 04:07:09,524 [INFO] IPUIPlugin:80 - create IPUIPlugin
2026-06-23 04:07:09,524 [INFO] PluginManager:220 - loadIPPluginJar : add i2s
2026-06-23 04:07:09,529 [INFO] IPUIPlugin:80 - create IPUIPlugin
2026-06-23 04:07:09,529 [INFO] PluginManager:220 - loadIPPluginJar : add adc
2026-06-23 04:07:09,534 [INFO] IPUIPlugin:80 - create IPUIPlugin
2026-06-23 04:07:09,534 [INFO] PluginManager:220 - loadIPPluginJar : add freertos
2026-06-23 04:07:09,539 [INFO] IPUIPlugin:80 - create IPUIPlugin
2026-06-23 04:07:09,540 [INFO] PluginManager:220 - loadIPPluginJar : add dma
2026-06-23 04:07:09,541 [INFO] IPUIPlugin:80 - create IPUIPlugin
2026-06-23 04:07:09,542 [INFO] PluginManager:220 - loadIPPluginJar : add cryp
2026-06-23 04:07:09,544 [INFO] IPUIPlugin:80 - create IPUIPlugin
2026-06-23 04:07:09,544 [INFO] PluginManager:220 - loadIPPluginJar : add touchsensing
2026-06-23 04:07:09,547 [INFO] IPUIPlugin:80 - create IPUIPlugin
2026-06-23 04:07:09,547 [INFO] PluginManager:220 - loadIPPluginJar : add gpio
2026-06-23 04:07:09,549 [INFO] IPUIPlugin:80 - create IPUIPlugin
2026-06-23 04:07:09,549 [INFO] PluginManager:220 - loadIPPluginJar : add openamp
2026-06-23 04:07:09,550 [INFO] IPUIPlugin:80 - create IPUIPlugin
2026-06-23 04:07:09,550 [INFO] PluginManager:220 - loadIPPluginJar : add gtzc
2026-06-23 04:07:09,551 [INFO] IPUIPlugin:80 - create IPUIPlugin
2026-06-23 04:07:09,551 [INFO] PluginManager:220 - loadIPPluginJar : add tracer_emb
2026-06-23 04:07:09,553 [INFO] IPUIPlugin:80 - create IPUIPlugin
2026-06-23 04:07:09,553 [INFO] PluginManager:220 - loadIPPluginJar : add dfsdm
2026-06-23 04:07:09,554 [INFO] IPUIPlugin:80 - create IPUIPlugin
2026-06-23 04:07:09,554 [INFO] PluginManager:220 - loadIPPluginJar : add ts
2026-06-23 04:07:09,557 [INFO] IPUIPlugin:80 - create IPUIPlugin
2026-06-23 04:07:09,557 [INFO] PluginManager:220 - loadIPPluginJar : add resmgrutility
2026-06-23 04:07:09,559 [INFO] IPUIPlugin:80 - create IPUIPlugin
2026-06-23 04:07:09,559 [INFO] PluginManager:220 - loadIPPluginJar : add pdm2pcm
2026-06-23 04:07:09,649 [INFO] CADModel:165 - CPN selected for project level
2026-06-23 04:07:09,649 [INFO] CADModel:114 - Register for checkConnection events
2026-06-23 04:07:09,649 [FATAL] Updater:308 - Updater called before beeing initialized
2026-06-23 04:07:09,650 [ERROR] CADModel:125 - Updater not yet initialized, retry later 
2026-06-23 04:07:09,749 [INFO] CADModel:165 - CPN selected for project level
2026-06-23 04:07:09,750 [INFO] CADModel:114 - Register for checkConnection events
2026-06-23 04:07:09,750 [FATAL] Updater:308 - Updater called before beeing initialized
2026-06-23 04:07:09,750 [ERROR] CADModel:125 - Updater not yet initialized, retry later 
2026-06-23 04:07:09,752 [FATAL] Updater:308 - Updater called before beeing initialized
2026-06-23 04:07:09,821 [FATAL] Updater:308 - Updater called before beeing initialized
2026-06-23 04:07:09,827 [INFO] DbMcusAds:53 - JSON generation date=Thu May 28 12:08:16 CLT 2026 (1779984496303)
2026-06-23 04:07:09,827 [FATAL] Updater:308 - Updater called before beeing initialized
2026-06-23 04:07:09,862 [WARN] DetailPanel:346 - Failed to get advertising image, set to default
2026-06-23 04:07:09,948 [FATAL] Updater:308 - Updater called before beeing initialized
2026-06-23 04:07:09,950 [FATAL] Updater:308 - Updater called before beeing initialized
2026-06-23 04:07:09,950 [FATAL] Updater:308 - Updater called before beeing initialized
2026-06-23 04:07:09,950 [WARN] DetailPanel:346 - Failed to get advertising image, set to default
2026-06-23 04:07:09,951 [FATAL] Updater:308 - Updater called before beeing initialized
2026-06-23 04:07:09,981 [ERROR] Updater:1120 - MainUpdater not yet initialized. External WinMGr cannot be set.
2026-06-23 04:07:09,983 [INFO] Updater:1056 - Updater Version found : 6.9.2
2026-06-23 04:07:10,000 [INFO] ApplicationProperties:184 - Using Application install path: /opt/st/stm32cubeide_1.13.2_2/plugins/com.st.stm32cube.common.mx_6.9.2.202309101412
2026-06-23 04:07:11,313 [INFO] McuFinderGlobals:63 - Set McuFinder mode to 2 (CubeIDE integrated)
2026-06-23 04:07:11,392 [INFO] MainUpdater:2868 - connection check result : 10
2026-06-23 04:07:11,393 [INFO] MainUpdater:285 - Updater Check For Update Now.
2026-06-23 04:07:11,393 [INFO] MicroXplorer:498 - Change Database Version : DB.6.0.92
2026-06-23 04:07:11,400 [INFO] McuFinderGlobals:63 - Set McuFinder mode to 2 (CubeIDE integrated)
2026-06-23 04:07:11,400 [INFO] UserAuth:179 - activating auth plugin
2026-06-23 04:07:11,407 [INFO] UserAuth:393 - Internet connection configuration mode: 1
2026-06-23 04:07:11,426 [INFO] JxBrowserEngine:151 - Initiate JxBrowser Engine with user profile folder
2026-06-23 04:07:11,634 [INFO] CheckServerUpdateThread:120 - End of CheckServer Thread
2026-06-23 04:07:11,827 [INFO] MainUpdater:2868 - connection check result : 10
2026-06-23 04:07:11,828 [INFO] MainUpdater:2868 - connection check result : 10
2026-06-23 04:07:11,859 [INFO] MicroXplorer:468 - Change Database Path : 
2026-06-23 04:07:11,860 [INFO] MicroXplorer:498 - Change Database Version : DB.6.0.92
2026-06-23 04:07:11,862 [WARN] ThirdParty:871 - waiting for thirdparty lock release [close project]
2026-06-23 04:07:12,325 [WARN] PackLoader:240 - Cannot read IP mode file for STMicroelectronics.X-CUBE-AZRTOS-H7.3.5.0
2026-06-23 04:07:12,340 [ERROR] Engine:466 - /home/papijou/.stm32cubemx/thirdparties/pdsc/STMicroelectronics.X-CUBE-SMBUS.2.1.1.pdsc: PDSC version is not supported
2026-06-23 04:07:12,341 [INFO] WebApp:157 - Instantiating new browser for Auth
2026-06-23 04:07:12,361 [WARN] PackLoader:240 - Cannot read IP mode file for STMicroelectronics.X-CUBE-AZRTOS-F7.1.1.0
2026-06-23 04:07:12,370 [ERROR] Engine:466 - /home/papijou/.stm32cubemx/thirdparties/pdsc/WES.I-CUBE-Cesium.1.4.0.pdsc: PDSC version is not supported
2026-06-23 04:07:12,378 [WARN] PackLoader:240 - Cannot read IP mode file for STMicroelectronics.X-CUBE-DISPLAY.3.0.0
2026-06-23 04:07:12,392 [WARN] PackLoader:240 - Cannot read IP mode file for STMicroelectronics.X-CUBE-GNSS1.7.1.1
2026-06-23 04:07:12,396 [WARN] PackLoader:240 - Cannot read IP mode file for wolfSSL.I-CUBE-wolfSSL.5.9.1
2026-06-23 04:07:12,402 [WARN] PackLoader:240 - Cannot read IP mode file for STMicroelectronics.X-CUBE-NFC10.1.0.0
2026-06-23 04:07:12,407 [ERROR] Engine:466 - /home/papijou/.stm32cubemx/thirdparties/pdsc/STMicroelectronics.X-CUBE-ST60.1.1.0.pdsc: PDSC version is not supported
2026-06-23 04:07:12,411 [WARN] PackLoader:240 - Cannot read IP mode file for emotas.I-CUBE-CANOPEN.1.3.0
2026-06-23 04:07:12,420 [INFO] LogOutputStream:77 - [STDOUT_REDIRECT] 1 : Invalid condition id : UX_CORESTACK_Condition cause : null
2026-06-23 04:07:12,421 [INFO] LogOutputStream:77 - [STDOUT_REDIRECT] 1 : Invalid condition id : UX_CORESTACK_Condition cause : null
2026-06-23 04:07:12,421 [INFO] LogOutputStream:77 - [STDOUT_REDIRECT] 1 : Invalid condition id : UX_CORESTACK_Condition cause : null
2026-06-23 04:07:12,421 [INFO] LogOutputStream:77 - [STDOUT_REDIRECT] 1 : Invalid condition id : UX_CORESTACK_Condition cause : null
2026-06-23 04:07:12,421 [INFO] LogOutputStream:77 - [STDOUT_REDIRECT] 1 : Invalid condition id : UX_CORESTACK_Condition cause : null
2026-06-23 04:07:12,423 [WARN] PackLoader:240 - Cannot read IP mode file for STMicroelectronics.X-CUBE-AZRTOS-WL.2.0.0
2026-06-23 04:07:12,440 [WARN] PackLoader:240 - Cannot read IP mode file for STMicroelectronics.X-CUBE-AZRTOS-H7RS.1.2.0
2026-06-23 04:07:12,447 [WARN] PackLoader:240 - Cannot read IP mode file for STMicroelectronics.X-CUBE-BLE2.3.3.0
2026-06-23 04:07:12,450 [ERROR] Engine:466 - /home/papijou/.stm32cubemx/thirdparties/pdsc/Avnet-IOTCONNECT.X-CUBE-iotc-st67-sdk.1.0.0.pdsc: PDSC version is not supported
2026-06-23 04:07:12,454 [ERROR] Engine:466 - /home/papijou/.stm32cubemx/thirdparties/pdsc/Infineon.AIROC-Wi-Fi-Bluetooth-STM32.1.8.0.pdsc: PDSC version is not supported
2026-06-23 04:07:12,457 [WARN] PackLoader:240 - Cannot read IP mode file for STMicroelectronics.X-CUBE-NFC9.1.0.0
2026-06-23 04:07:12,463 [WARN] PackLoader:240 - Cannot read IP mode file for STMicroelectronics.X-CUBE-BLE1.7.1.0
2026-06-23 04:07:12,465 [WARN] PackLoader:240 - Cannot read IP mode file for wolfSSL.I-CUBE-wolfMQTT.1.19.2
2026-06-23 04:07:12,469 [WARN] PackLoader:240 - Cannot read IP mode file for STMicroelectronics.X-CUBE-EEPRMA1.5.2.0
2026-06-23 04:07:12,479 [WARN] PackLoader:240 - Cannot read IP mode file for STMicroelectronics.X-CUBE-AZRTOS-G0.1.1.0
2026-06-23 04:07:12,485 [WARN] PackLoader:240 - Cannot read IP mode file for STMicroelectronics.X-CUBE-NFC4.3.0.0
2026-06-23 04:07:12,488 [ERROR] Engine:466 - /home/papijou/.stm32cubemx/thirdparties/pdsc/EmbeddedOffice.I-CUBE-FS-RTOS.1.0.1.pdsc: PDSC version is not supported
2026-06-23 04:07:12,491 [WARN] PackLoader:240 - Cannot read IP mode file for wolfSSL.I-CUBE-wolfTPM.3.8.0
2026-06-23 04:07:12,493 [ERROR] Engine:466 - /home/papijou/.stm32cubemx/thirdparties/pdsc/STMicroelectronics.X-CUBE-TCPP.4.2.0.pdsc: PDSC version is not supported
2026-06-23 04:07:12,494 [ERROR] Engine:466 - /home/papijou/.stm32cubemx/thirdparties/pdsc/RealThread.X-CUBE-RT-Thread_Nano.4.1.1.pdsc: PDSC version is not supported
2026-06-23 04:07:12,496 [WARN] PackLoader:240 - Cannot read IP mode file for STMicroelectronics.FP-ATR-SIGFOX1.3.2.0
2026-06-23 04:07:12,497 [ERROR] Engine:466 - /home/papijou/.stm32cubemx/thirdparties/pdsc/STMicroelectronics.X-CUBE-FREERTOS.1.5.0.pdsc: PDSC version is not supported
2026-06-23 04:07:12,500 [WARN] PackLoader:240 - Cannot read IP mode file for ITTIA_DB.I-CUBE-ITTIADB.8.9.0
2026-06-23 04:07:12,502 [ERROR] Engine:466 - /home/papijou/.stm32cubemx/thirdparties/pdsc/Cesanta.I-CUBE-Mongoose.7.21.7.pdsc: PDSC version is not supported
2026-06-23 04:07:12,506 [WARN] PackLoader:240 - Cannot read IP mode file for STMicroelectronics.X-CUBE-NFC6.3.2.0
2026-06-23 04:07:12,512 [WARN] PackLoader:240 - Cannot read IP mode file for STMicroelectronics.X-CUBE-AI.10.2.1
2026-06-23 04:07:12,559 [WARN] PackLoader:240 - Cannot read IP mode file for STMicroelectronics.X-CUBE-MEMS1.12.1.0
2026-06-23 04:07:12,673 [WARN] PackLoader:240 - Cannot read IP mode file for SEGGER.I-CUBE-embOS.1.3.1
2026-06-23 04:07:12,699 [WARN] PackLoader:240 - Cannot read IP mode file for STMicroelectronics.X-CUBE-NFC13.1.0.0
2026-06-23 04:07:12,703 [WARN] PackLoader:240 - Cannot read IP mode file for STMicroelectronics.X-CUBE-PM33A1.1.0.0
2026-06-23 04:07:12,717 [WARN] PackLoader:240 - Cannot read IP mode file for STMicroelectronics.X-CUBE-AZRTOS-F4.1.1.0
2026-06-23 04:07:12,723 [WARN] PackLoader:240 - Cannot read IP mode file for STMicroelectronics.X-CUBE-ISPU.2.1.0
2026-06-23 04:07:12,728 [ERROR] Engine:466 - /home/papijou/.stm32cubemx/thirdparties/pdsc/STMicroelectronics.X-CUBE-IPS.3.2.0.pdsc: PDSC version is not supported
2026-06-23 04:07:12,730 [ERROR] Engine:466 - /home/papijou/.stm32cubemx/thirdparties/pdsc/STMicroelectronics.eDS-WB_DPC_TT-BIDIR.2.1.1.pdsc: PDSC version is not supported
2026-06-23 04:07:12,735 [WARN] PackLoader:240 - Cannot read IP mode file for STMicroelectronics.X-CUBE-NFC12.1.0.0
2026-06-23 04:07:12,746 [WARN] PackLoader:240 - Cannot read IP mode file for STMicroelectronics.X-CUBE-AZRTOS-L5.2.0.0
2026-06-23 04:07:12,753 [WARN] PackLoader:240 - Cannot read IP mode file for STMicroelectronics.X-CUBE-ALGOBUILD.1.5.0
2026-06-23 04:07:12,756 [ERROR] Engine:466 - /home/papijou/.stm32cubemx/thirdparties/pdsc/STMicroelectronics.eDS-WB_DPC_VIENNA.1.2.0.pdsc: PDSC version is not supported
2026-06-23 04:07:12,757 [ERROR] Engine:466 - /home/papijou/.stm32cubemx/thirdparties/pdsc/STMicroelectronics.eDS-WB_DPC_3PH2L-BIDIR.1.1.1.pdsc: PDSC version is not supported
2026-06-23 04:07:12,759 [ERROR] Engine:466 - /home/papijou/.stm32cubemx/thirdparties/pdsc/STMicroelectronics.X-CUBE-ST67W61.1.3.0.pdsc: PDSC version is not supported
2026-06-23 04:07:12,763 [WARN] PackLoader:240 - Cannot read IP mode file for STMicroelectronics.X-CUBE-TOUCHGFX.4.26.1
2026-06-23 04:07:12,765 [ERROR] Engine:466 - /home/papijou/.stm32cubemx/thirdparties/pdsc/STMicroelectronics.X-CUBE-DPower.1.3.0.pdsc: PDSC version is not supported
2026-06-23 04:07:12,775 [WARN] ConditionMgr:438 - getConditionDescription Invalid condition id : LAN8742 Phy interface Condition cause : null
2026-06-23 04:07:12,775 [WARN] PackLoader:240 - Cannot read IP mode file for STMicroelectronics.X-CUBE-AZRTOS-L4.2.0.0
2026-06-23 04:07:12,776 [WARN] ConditionMgr:1039 - genDependencies : Invalid condition id : LAN8742 Phy interface Condition cause : null
2026-06-23 04:07:12,777 [WARN] ConditionMgr:1039 - genDependencies : Invalid condition id : LAN8742 Phy interface Condition cause : null
2026-06-23 04:07:12,777 [WARN] ConditionMgr:1039 - genDependencies : Invalid condition id : LAN8742 Phy interface Condition cause : null
2026-06-23 04:07:12,782 [WARN] PackLoader:240 - Cannot read IP mode file for STMicroelectronics.X-CUBE-SFXS2LP1.4.0.0
2026-06-23 04:07:12,786 [WARN] PackLoader:240 - Cannot read IP mode file for STMicroelectronics.X-CUBE-WB05N.2.1.0
2026-06-23 04:07:12,788 [ERROR] Engine:466 - /home/papijou/.stm32cubemx/thirdparties/pdsc/STMicroelectronics.X-CUBE-BLEMGR.4.1.0.pdsc: PDSC version is not supported
2026-06-23 04:07:12,794 [WARN] ConditionMgr:438 - getConditionDescription Invalid condition id : UX DEVICE CLASS RTOS Condition cause : null
2026-06-23 04:07:12,795 [WARN] ConditionMgr:438 - getConditionDescription Invalid condition id : UX DEVICE CLASS RTOS Condition cause : null
2026-06-23 04:07:12,796 [WARN] PackLoader:240 - Cannot read IP mode file for STMicroelectronics.X-CUBE-AZRTOS-WB.2.0.0
2026-06-23 04:07:12,796 [WARN] ConditionMgr:1039 - genDependencies : Invalid condition id : UX DEVICE CLASS RTOS Condition cause : null
2026-06-23 04:07:12,796 [WARN] ConditionMgr:1039 - genDependencies : Invalid condition id : UX DEVICE CLASS RTOS Condition cause : null
2026-06-23 04:07:12,797 [WARN] ConditionMgr:1039 - genDependencies : Invalid condition id : UX DEVICE CLASS RTOS Condition cause : null
2026-06-23 04:07:12,797 [WARN] ConditionMgr:1039 - genDependencies : Invalid condition id : UX DEVICE CLASS RTOS Condition cause : null
2026-06-23 04:07:12,797 [WARN] ConditionMgr:1039 - genDependencies : Invalid condition id : UX DEVICE CLASS RTOS Condition cause : null
2026-06-23 04:07:12,799 [ERROR] Engine:466 - /home/papijou/.stm32cubemx/thirdparties/pdsc/quantropi.X-CUBE-qispace-sdk-base.2.1.0.pdsc: PDSC version is not supported
2026-06-23 04:07:12,802 [WARN] PackLoader:240 - Cannot read IP mode file for STMicroelectronics.X-CUBE-STSE01.2.0.0
2026-06-23 04:07:12,808 [WARN] PackLoader:240 - Cannot read IP mode file for STMicroelectronics.X-CUBE-SUBG2.5.0.0
2026-06-23 04:07:12,819 [WARN] PackLoader:240 - Cannot read IP mode file for STMicroelectronics.X-CUBE-AZRTOS-G4.2.0.0
2026-06-23 04:07:12,827 [WARN] PackLoader:240 - Cannot read IP mode file for wolfSSL.I-CUBE-wolfSSH.1.4.20
2026-06-23 04:07:12,829 [WARN] PackLoader:240 - Cannot read IP mode file for STMicroelectronics.X-CUBE-NFC7.2.0.0
2026-06-23 04:07:12,835 [ERROR] Engine:466 - /home/papijou/.stm32cubemx/thirdparties/pdsc/STMicroelectronics.X-CUBE-TOF1.3.4.3.pdsc: PDSC version is not supported
2026-06-23 04:07:12,835 [INFO] ThirdParty:978 - Integrity check success = true
2026-06-23 04:07:12,835 [INFO] IntegrityCheckThread:100 - exiting critical section [integrity check]
2026-06-23 04:07:12,835 [INFO] IntegrityCheckThread:103 - End integrity checks thread
2026-06-23 04:07:12,835 [INFO] ThirdParty:873 - entering critical section [close project]
2026-06-23 04:07:12,836 [INFO] ThirdParty:883 - exiting critical section [close project]
2026-06-23 04:07:12,838 [INFO] PinOutPanel:1499 - setPackage(No Configuration,No Configuration)
2026-06-23 04:07:12,844 [INFO] UtilMem:75 - Begin LoadConfig() Used Memory: 150363152 Bytes (298844160)
2026-06-23 04:07:12,845 [INFO] MicroXplorer:468 - Change Database Path : 
2026-06-23 04:07:12,846 [INFO] MicroXplorer:498 - Change Database Version : DB.6.0.92
2026-06-23 04:07:12,846 [INFO] OpenFileManager:308 - Change cursor
2026-06-23 04:07:12,873 [INFO] Mcu:1946 - Initializing MCU STM32L476R(C-E-G)Tx STM32L476RGTx STM32L476RGT6
2026-06-23 04:07:12,880 [INFO] WebApp:753 - Register for checkConnection events
2026-06-23 04:07:12,880 [INFO] WebApp:390 - Apply proxy settings
2026-06-23 04:07:12,880 [INFO] WebApp:475 - Chromium requires no authentication
2026-06-23 04:07:12,888 [INFO] WebApp:418 - Direct internet connection detected
2026-06-23 04:07:13,006 [INFO] WebApp:188 - Starting web application
2026-06-23 04:07:13,006 [INFO] WebApp:520 - Web application path used /opt/st/stm32cubeide_1.13.2_2/plugins/com.st.stm32cube.common.mx_6.9.2.202309101412/db/plugins/mcufinder/reactClient1/index.html
2026-06-23 04:07:14,025 [INFO] Context:659 - Trying to add GPIOservice into a context  which must be forbidden
2026-06-23 04:07:14,464 [INFO] RtosManager:555 - Registered RTOS mode: class=CMSIS, group=RTOS, mode=CMSIS_V1, owner=FREERTOS
2026-06-23 04:07:14,464 [INFO] RtosManager:555 - Registered RTOS mode: class=CMSIS, group=RTOS2, mode=CMSIS_V2, owner=FREERTOS
2026-06-23 04:07:14,464 [INFO] RtosManager:555 - Registered RTOS mode: class=RTOS, group=Core, mode=CMSIS_V1, owner=FREERTOS
2026-06-23 04:07:14,464 [INFO] RtosManager:555 - Registered RTOS mode: class=RTOS, group=Core, mode=CMSIS_V2, owner=FREERTOS
2026-06-23 04:07:14,464 [WARN] ModelIntegratedComponent:184 - Missing modes for component STMicroelectronics:FreeRTOS:0.0.1:STMicroelectronics:RTOS:FreeRTOS:Core:::10.2.0:
2026-06-23 04:07:14,472 [WARN] ModelIntegratedComponent:63 - No mode defined for component null
2026-06-23 04:07:14,472 [WARN] ModelIntegratedComponent:63 - No mode defined for component null
2026-06-23 04:07:14,472 [WARN] ModelIntegratedComponent:63 - No mode defined for component null
2026-06-23 04:07:14,472 [WARN] ModelIntegratedComponent:63 - No mode defined for component null
2026-06-23 04:07:14,472 [WARN] ModelIntegratedComponent:63 - No mode defined for component null
2026-06-23 04:07:14,473 [WARN] ModelIntegratedComponent:63 - No mode defined for component null
2026-06-23 04:07:14,473 [WARN] ModelIntegratedComponent:63 - No mode defined for component null
2026-06-23 04:07:14,473 [WARN] ModelIntegratedComponent:63 - No mode defined for component null
2026-06-23 04:07:14,473 [WARN] ModelIntegratedComponent:63 - No mode defined for component null
2026-06-23 04:07:14,473 [WARN] ModelIntegratedComponent:63 - No mode defined for component null
2026-06-23 04:07:14,473 [WARN] ModelIntegratedComponent:63 - No mode defined for component null
2026-06-23 04:07:14,473 [WARN] ModelIntegratedComponent:63 - No mode defined for component null
2026-06-23 04:07:14,473 [WARN] ModelIntegratedComponent:63 - No mode defined for component null
2026-06-23 04:07:14,473 [WARN] ModelIntegratedComponent:63 - No mode defined for component null
2026-06-23 04:07:14,473 [WARN] ModelIntegratedComponent:63 - No mode defined for component null
2026-06-23 04:07:14,473 [WARN] ModelIntegratedComponent:63 - No mode defined for component null
2026-06-23 04:07:14,473 [WARN] ModelIntegratedComponent:63 - No mode defined for component null
2026-06-23 04:07:14,473 [WARN] ModelIntegratedComponent:63 - No mode defined for component null
2026-06-23 04:07:14,473 [WARN] ModelIntegratedComponent:63 - No mode defined for component null
2026-06-23 04:07:14,473 [WARN] ModelIntegratedComponent:63 - No mode defined for component null
2026-06-23 04:07:14,473 [WARN] ModelIntegratedComponent:63 - No mode defined for component null
2026-06-23 04:07:14,473 [WARN] ModelIntegratedComponent:63 - No mode defined for component null
2026-06-23 04:07:14,473 [WARN] ModelIntegratedComponent:63 - No mode defined for component null
2026-06-23 04:07:14,473 [WARN] ModelIntegratedComponent:63 - No mode defined for component null
2026-06-23 04:07:14,473 [WARN] ModelIntegratedComponent:63 - No mode defined for component null
2026-06-23 04:07:14,473 [WARN] ModelIntegratedComponent:63 - No mode defined for component null
2026-06-23 04:07:14,473 [WARN] ModelIntegratedComponent:63 - No mode defined for component null
2026-06-23 04:07:14,473 [WARN] ModelIntegratedComponent:63 - No mode defined for component null
2026-06-23 04:07:14,473 [WARN] ModelIntegratedComponent:63 - No mode defined for component null
2026-06-23 04:07:14,473 [WARN] ModelIntegratedComponent:63 - No mode defined for component null
2026-06-23 04:07:14,473 [WARN] ModelIntegratedComponent:63 - No mode defined for component null
2026-06-23 04:07:14,473 [WARN] ModelIntegratedComponent:63 - No mode defined for component null
2026-06-23 04:07:14,473 [WARN] ModelIntegratedComponent:63 - No mode defined for component null
2026-06-23 04:07:14,547 [INFO] ThirdPartyModel:298 - Start build external matchings
2026-06-23 04:07:14,674 [INFO] ThirdPartyModel:316 - End build external matchings
2026-06-23 04:07:14,683 [INFO] ImportTextPane:194 - (OptionalMessage_ERROR) IP (ADC1) : Parameter (CommonPathInternal) has invalid value (null|ADC_CHANNEL_TEMPSENSOR|null|null)
2026-06-23 04:07:14,684 [INFO] ImportTextPane:194 - (OptionalMessage_ERROR) IP (ADC2) : Parameter (CommonPathInternal) has invalid value (null|null|null|null)
2026-06-23 04:07:14,889 [INFO] UtilMem:75 - End LoadConfig() Used Memory: 269137904 Bytes (531628032)
2026-06-23 04:07:14,937 [INFO] ApiDb:581 - Connected to CubeFinder SQLite database (/home/papijou/.stmcufinder/plugins/mcufinder/mcu/cube-finder-db.db)
2026-06-23 04:07:14,985 [INFO] ApiDb:668 - CubeFinder database Data Model version=2.1
2026-06-23 04:07:14,985 [INFO] ApiDb:669 - CubeFinder database Configuration version=3.0.42
2026-06-23 04:07:14,985 [INFO] ApiDb:670 - CubeFinder database generation date=2026-05-14 (1778746352)
2026-06-23 04:07:14,985 [INFO] ApiDb:671 - CubeFinder database FW Pack versions=[FP-ATR-ASTRA1_V2.0.0, FP-SNS-FLIGHT1_V5.1.0, FP-SNS-MOTENV1_V5.1.0, FP-SNS-MOTENVWB1_V1.5.0, FP-SNS-SMARTAG2_V1.2.0, FP-SNS-STBOX1_V2.1.0, STM32Cube_FW_C0_V1.4.0, STM32Cube_FW_F4_V1.28.3, STM32Cube_FW_F7_V1.17.4, STM32Cube_FW_G0_V1.6.3, STM32Cube_FW_G4_V1.6.2, STM32Cube_FW_H5_V1.6.0, STM32Cube_FW_H7RS_V1.3.0, STM32Cube_FW_H7_V1.13.0, STM32Cube_FW_L0_V1.12.2, STM32Cube_FW_L4_V1.18.2, STM32Cube_FW_L5_V1.6.0, STM32Cube_FW_N6_V1.3.0, STM32Cube_FW_U0_V1.3.0, STM32Cube_FW_U3_V1.3.0, STM32Cube_FW_U5_V1.8.0, STM32Cube_FW_WB0_V1.4.0, STM32Cube_FW_WBA_V1.9.0, STM32Cube_FW_WB_V1.24.0, STM32Cube_FW_WL3_V1.4.0, STM32Cube_FW_WL_V1.5.0, X-CUBE-ALGOBUILD_V1.4.0, X-CUBE-ALS_V1.0.2, X-CUBE-AZRTOS-F4_V1.1.0, X-CUBE-AZRTOS-F7_V1.1.0, X-CUBE-AZRTOS-G0_V1.1.0, X-CUBE-AZRTOS-G4_V2.0.0, X-CUBE-AZRTOS-H7RS_V1.1.0, X-CUBE-AZRTOS-H7_V3.5.0, X-CUBE-AZRTOS-L4_V2.0.0, X-CUBE-AZRTOS-L5_V2.0.0, X-CUBE-AZRTOS-WB_V2.0.0, X-CUBE-AZRTOS-WL_V2.0.0, X-CUBE-BLE1_V7.1.0, X-CUBE-BLE2_V3.3.0, X-CUBE-BLEMGR_V4.1.0, X-CUBE-EEPRMA1_V5.2.0, X-CUBE-FREERTOS_V1.5.0, X-CUBE-GNSS1_V7.1.1, X-CUBE-MEMS1_V12.1.0, X-CUBE-NFC4_V3.0.0, X-CUBE-NFC7_V2.0.0, X-CUBE-SFXS2LP1_V4.0.0, X-CUBE-ST67W61_V1.3.0, X-CUBE-SUBG2_V5.0.0, X-CUBE-TOF1_V3.4.3]
2026-06-23 04:07:16,781 [INFO] ApiDb:240 - Found 323 in-development CPN: [B-G473E-ZEST1S, B-WB1M-WPAN1, B-WL5M-SUBG1, NUCLEO-C031C6, NUCLEO-H503RB, NUCLEO-H563ZI, NUCLEO-U545RE-Q, NUCLEO-U5A5ZJ-Q, NUCLEO-WBA52CG, STEVAL-PROTEUS1, STEVAL-SMARTAG2, STEVAL-STWINBX1, STM320518-EVAL, STM32C0116-DK, STM32C011D6Y3TR, STM32C011D6Y6TR, STM32C011F4P3, STM32C011F4P6, STM32C011F4U3, STM32C011F4U6TR, STM32C011F6P3, STM32C011F6P6, STM32C011F6U3, STM32C011F6U6TR, STM32C011J4M3, STM32C011J4M6, STM32C011J6M3, STM32C011J6M6, STM32C0316-DK, STM32C031C4T3, STM32C031C4T6, STM32C031C4U3, STM32C031C4U6, STM32C031C6T3, STM32C031C6T6, STM32C031C6U3, STM32C031C6U6, STM32C031F4P3, STM32C031F4P6, STM32C031F6P3, STM32C031F6P6, STM32C031G4U3, STM32C031G4U6, STM32C031G6U3, STM32C031G6U6, STM32C031K4T3, STM32C031K4T6, STM32C031K4U3, STM32C031K4U6, STM32C031K6T3, STM32C031K6T6, STM32C031K6U3, STM32C031K6U6, STM32G071K8TXN, STM32G071K8UXN, STM32G081GBU6N, STM32G081KBT6N, STM32G081KBUXN, STM32G0B1CCT6N, STM32G0B1KCT6, STM32G0B1NEY6TR, STM32G0B1RCT6N, STM32G0C1CCT6, STM32G0C1CCT6N, STM32G0C1CCU6N, STM32G0C1CET6N, STM32G0C1CEU6N, STM32G0C1KCT6, STM32G0C1NEY6TR, STM32G0C1RCI6N, STM32G0C1RCT6N, STM32G0C1REI6N, STM32G0C1RET6N, STM32G0C1VCI6, STM32G0C1VEI6, STM32G471CCT6, STM32G471CCU6, STM32G471CET3, STM32G471CET6, STM32G471CEU3, STM32G471CEU6, STM32G471MCT6, STM32G471MET3, STM32G471MET6, STM32G471MEY6TR, STM32G471QCT6, STM32G471QET3, STM32G471RCT6, STM32G471RET3, STM32G471RET6, STM32G471VCH6, STM32G471VCI6, STM32G471VCT6, STM32G471VEH3, STM32G471VEH6, STM32G471VEI3, STM32G471VEI6, STM32G471VET3, STM32G471VET6, STM32G474CCT6, STM32H503CBT6, STM32H503CBU6, STM32H503EBY6TR, STM32H503KBU6, STM32H503RBT6, STM32H562AGI6, STM32H562AII6, STM32H562IGK6, STM32H562IGT6, STM32H562IIK6, STM32H562IIT6, STM32H562RGT6, STM32H562RGV6, STM32H562RIT6, STM32H562RIV6, STM32H562VGT6, STM32H562VIT6, STM32H562ZGT6, STM32H562ZIT6, STM32H563AGI6, STM32H563AII3Q, STM32H563AII6, STM32H563IGK6, STM32H563IGT6, STM32H563IIK3Q, STM32H563IIK6, STM32H563IIT3Q, STM32H563IIT6, STM32H563MIY3QTR, STM32H563RGT6, STM32H563RGV6, STM32H563RIT6, STM32H563RIV6, STM32H563VGT6, STM32H563VIT3Q, STM32H563VIT6, STM32H563ZGT6, STM32H563ZIT3Q, STM32H563ZIT6, STM32H573AII3Q, STM32H573AII6, STM32H573I-DK, STM32H573IIK3Q, STM32H573IIK6, STM32H573IIT3Q, STM32H573IIT6, STM32H573MIY3QTR, STM32H573RIT6, STM32H573RIV6, STM32H573VIT3Q, STM32H573VIT6, STM32H573ZIT3Q, STM32H573ZIT6, STM32L4R5QGI6STR, STM32MP131AAE3, STM32MP131AAF3, STM32MP131AAG3, STM32MP131CAE3, STM32MP131CAF3, STM32MP131CAG3, STM32MP131DAE7, STM32MP131DAF7, STM32MP131DAG7, STM32MP131FAE7, STM32MP131FAF7, STM32MP131FAG7, STM32MP133AAE3, STM32MP133AAF3, STM32MP133AAG3, STM32MP133CAE3, STM32MP133CAF3, STM32MP133CAG3, STM32MP133DAE7, STM32MP133DAF7, STM32MP133DAG7, STM32MP133FAE7, STM32MP133FAF7, STM32MP133FAG7, STM32MP135AAE3, STM32MP135AAF3, STM32MP135AAG3, STM32MP135CAE3, STM32MP135CAF3, STM32MP135CAG3, STM32MP135DAE7, STM32MP135DAF7, STM32MP135DAG7, STM32MP135F-DK, STM32MP135FAE7, STM32MP135FAF7, STM32MP135FAF7T, STM32MP135FAF7U, STM32MP135FAG7, STM32U535CBT6, STM32U535CBT6Q, STM32U535CBU6, STM32U535CBU6Q, STM32U535CCT6, STM32U535CCT6Q, STM32U535CCU6, STM32U535CCU6Q, STM32U535CET6, STM32U535CET6Q, STM32U535CEU6, STM32U535CEU6Q, STM32U535JEY6QTR, STM32U535NCY6QTR, STM32U535NEY6QTR, STM32U535RBI6, STM32U535RBI6Q, STM32U535RBT6, STM32U535RBT6Q, STM32U535RCI6, STM32U535RCI6Q, STM32U535RCT6, STM32U535RCT6Q, STM32U535REI6, STM32U535REI6Q, STM32U535RET6, STM32U535RET6Q, STM32U535VCI6, STM32U535VCI6Q, STM32U535VCT6, STM32U535VCT6Q, STM32U535VEI6, STM32U535VEI6Q, STM32U535VET6, STM32U535VET6Q, STM32U545CET6, STM32U545CET6Q, STM32U545CEU6, STM32U545CEU6Q, STM32U545JEY6QTR, STM32U545NEY6QTR, STM32U545REI6, STM32U545REI6Q, STM32U545RET6, STM32U545RET6Q, STM32U545VEI6, STM32U545VEI6Q, STM32U545VET6, STM32U545VET6Q, STM32U595AIH6, STM32U595AIH6Q, STM32U595AJH6, STM32U595AJH6Q, STM32U595QII6, STM32U595QII6Q, STM32U595QJI6, STM32U595QJI6Q, STM32U595RIT6, STM32U595RIT6Q, STM32U595RJT6, STM32U595RJT6Q, STM32U595VIT6, STM32U595VIT6Q, STM32U595VJT6, STM32U595VJT6Q, STM32U595ZIT6, STM32U595ZIT6Q, STM32U595ZIY6QTR, STM32U595ZJT6, STM32U595ZJT6Q, STM32U595ZJY6QTR, STM32U599BJY6QTR, STM32U599NIH6Q, STM32U599NJH6Q, STM32U599VIT6Q, STM32U599VJT6, STM32U599VJT6Q, STM32U599ZIT6Q, STM32U599ZIY6QTR, STM32U599ZJT6Q, STM32U599ZJY6QTR, STM32U5A5AJH6, STM32U5A5AJH6Q, STM32U5A5QJI6, STM32U5A5QJI6Q, STM32U5A5RJT6, STM32U5A5RJT6Q, STM32U5A5VJT6, STM32U5A5VJT6Q, STM32U5A5ZJT6, STM32U5A5ZJT6Q, STM32U5A5ZJY6QTR, STM32U5A9BJY6QTR, STM32U5A9J-DK, STM32U5A9NJH6Q, STM32U5A9VJT6Q, STM32U5A9ZJT6Q, STM32U5A9ZJY6QTR, STM32U5F7VIT6, STM32U5F7VIT6Q, STM32U5F7VJT6, STM32U5F7VJT6Q, STM32U5F9BJY6QTR, STM32U5F9NJH6Q, STM32U5F9VIT6Q, STM32U5F9VJT6Q, STM32U5F9ZIJ6QTR, STM32U5F9ZIT6Q, STM32U5F9ZJJ6QTR, STM32U5F9ZJT6Q, STM32U5G7VJT6, STM32U5G7VJT6Q, STM32U5G9BJY6QTR, STM32U5G9J-DK1, STM32U5G9J-DK2, STM32U5G9NJH6Q, STM32U5G9VJT6Q, STM32U5G9ZJJ6QTR, STM32U5G9ZJT6Q, STM32WB1MMCH6, STM32WBA52CEU6, STM32WBA52CEU6T, STM32WBA52CGU6, STM32WBA52CGU6T, STM32WBA52KEU6, STM32WBA52KEU6T, STM32WBA52KGU6, STM32WBA52KGU6T, STM32WL5MOCH6, STM32WL5MOCH6TR]
2026-06-23 04:07:16,785 [INFO] DbMcus:217 - Found 5061 MCUs, 4943 are supported
2026-06-23 04:07:16,785 [INFO] ApiDb:423 - Load user favorites file /home/papijou/.stm32cubeide/favorites.mcus.txt: 0 item(s)
2026-06-23 04:07:16,785 [INFO] ApiDb:427 - User favorites MCUs=[]
2026-06-23 04:07:16,786 [INFO] DbMcus:223 - Set 0 / 0 favorites MCUs
2026-06-23 04:07:17,118 [WARN] ThirdParty:833 - waiting for thirdparty lock release [change project]
2026-06-23 04:07:17,119 [INFO] ThirdParty:835 - entering critical section [change project]
2026-06-23 04:07:17,119 [INFO] ThirdParty:1030 - CMSIS Pack Vendor :STMicroelectronics X-CUBE-AZRTOS-H7 3.5.0
2026-06-23 04:07:17,119 [INFO] ThirdParty:1030 - CMSIS Pack Vendor :STMicroelectronics X-CUBE-PM33A1 1.0.0
2026-06-23 04:07:17,119 [INFO] ThirdParty:1030 - CMSIS Pack Vendor :STMicroelectronics USBPD 4.1
2026-06-23 04:07:17,119 [INFO] ThirdParty:1030 - CMSIS Pack Vendor :STMicroelectronics X-CUBE-NFC9 1.0.0
2026-06-23 04:07:17,119 [INFO] ThirdParty:1030 - CMSIS Pack Vendor :STMicroelectronics USB_HOST 2.0.0
2026-06-23 04:07:17,119 [INFO] ThirdParty:1030 - CMSIS Pack Vendor :STMicroelectronics X-CUBE-AZRTOS-F4 1.1.0
2026-06-23 04:07:17,119 [INFO] ThirdParty:1030 - CMSIS Pack Vendor :STMicroelectronics LIBJPEG 8.0.0
2026-06-23 04:07:17,119 [INFO] ThirdParty:1030 - CMSIS Pack Vendor :STMicroelectronics X-CUBE-BLE1 7.1.0
2026-06-23 04:07:17,119 [INFO] ThirdParty:1030 - CMSIS Pack Vendor :wolfSSL I-CUBE-wolfMQTT 1.19.2
2026-06-23 04:07:17,119 [INFO] ThirdParty:1030 - CMSIS Pack Vendor :STMicroelectronics USB_DEVICE 3.0.0
2026-06-23 04:07:17,119 [INFO] ThirdParty:1030 - CMSIS Pack Vendor :STMicroelectronics X-CUBE-ISPU 2.1.0
2026-06-23 04:07:17,119 [INFO] ThirdParty:1030 - CMSIS Pack Vendor :STMicroelectronics X-CUBE-EEPRMA1 5.2.0
2026-06-23 04:07:17,119 [INFO] ThirdParty:1030 - CMSIS Pack Vendor :STMicroelectronics X-CUBE-AZRTOS-WB 2.0.0
2026-06-23 04:07:17,119 [INFO] ThirdParty:1030 - CMSIS Pack Vendor :STMicroelectronics X-CUBE-NFC12 1.0.0
2026-06-23 04:07:17,119 [INFO] ThirdParty:1030 - CMSIS Pack Vendor :STMicroelectronics X-CUBE-AZRTOS-F7 1.1.0
2026-06-23 04:07:17,119 [INFO] ThirdParty:1030 - CMSIS Pack Vendor :STMicroelectronics X-CUBE-AZRTOS-L5 2.0.0
2026-06-23 04:07:17,119 [INFO] ThirdParty:1030 - CMSIS Pack Vendor :STMicroelectronics USB_DEVICE 2.0.0
2026-06-23 04:07:17,119 [INFO] ThirdParty:1030 - CMSIS Pack Vendor :STMicroelectronics X-CUBE-STSE01 2.0.0
2026-06-23 04:07:17,119 [INFO] ThirdParty:1030 - CMSIS Pack Vendor :STMicroelectronics X-CUBE-ALGOBUILD 1.5.0
2026-06-23 04:07:17,119 [INFO] ThirdParty:1030 - CMSIS Pack Vendor :STMicroelectronics FreeRTOS 0.0.1
2026-06-23 04:07:17,119 [INFO] ThirdParty:1030 - CMSIS Pack Vendor :STMicroelectronics X-CUBE-AZRTOS-G0 1.1.0
2026-06-23 04:07:17,119 [INFO] ThirdParty:1030 - CMSIS Pack Vendor :STMicroelectronics X-CUBE-NFC4 3.0.0
2026-06-23 04:07:17,119 [INFO] ThirdParty:1030 - CMSIS Pack Vendor :STMicroelectronics X-CUBE-SUBG2 5.0.0
2026-06-23 04:07:17,119 [INFO] ThirdParty:1030 - CMSIS Pack Vendor :STMicroelectronics STM32_WPAN 1.0.0
2026-06-23 04:07:17,119 [INFO] ThirdParty:1030 - CMSIS Pack Vendor :STMicroelectronics lwIP 2.0.3
2026-06-23 04:07:17,119 [INFO] ThirdParty:1030 - CMSIS Pack Vendor :STMicroelectronics USB_HOST 1.0.0
2026-06-23 04:07:17,119 [INFO] ThirdParty:1030 - CMSIS Pack Vendor :STMicroelectronics X-CUBE-AZRTOS-G4 2.0.0
2026-06-23 04:07:17,119 [INFO] ThirdParty:1030 - CMSIS Pack Vendor :STMicroelectronics PDM2PCM 3.1.0
2026-06-23 04:07:17,119 [INFO] ThirdParty:1030 - CMSIS Pack Vendor :STMicroelectronics PDM2PCM 3.3.0
2026-06-23 04:07:17,119 [INFO] ThirdParty:1030 - CMSIS Pack Vendor :wolfSSL I-CUBE-wolfTPM 3.8.0
2026-06-23 04:07:17,119 [INFO] ThirdParty:1030 - CMSIS Pack Vendor :STMicroelectronics X-CUBE-DISPLAY 3.0.0
2026-06-23 04:07:17,119 [INFO] ThirdParty:1030 - CMSIS Pack Vendor :wolfSSL I-CUBE-wolfSSH 1.4.20
2026-06-23 04:07:17,119 [INFO] ThirdParty:1030 - CMSIS Pack Vendor :STMicroelectronics X-CUBE-NFC7 2.0.0
2026-06-23 04:07:17,119 [INFO] ThirdParty:1030 - CMSIS Pack Vendor :STMicroelectronics X-CUBE-GNSS1 7.1.1
2026-06-23 04:07:17,119 [INFO] ThirdParty:1030 - CMSIS Pack Vendor :wolfSSL I-CUBE-wolfSSL 5.9.1
2026-06-23 04:07:17,119 [INFO] ThirdParty:1030 - CMSIS Pack Vendor :STMicroelectronics FP-ATR-SIGFOX1 3.2.0
2026-06-23 04:07:17,119 [INFO] ThirdParty:1030 - CMSIS Pack Vendor :STMicroelectronics X-CUBE-NFC10 1.0.0
2026-06-23 04:07:17,119 [INFO] ThirdParty:1030 - CMSIS Pack Vendor :STMicroelectronics HAL Drivers 0.0.0
2026-06-23 04:07:17,119 [INFO] ThirdParty:1030 - CMSIS Pack Vendor :STMicroelectronics MBEDTLS 2.16.2
2026-06-23 04:07:17,120 [INFO] ThirdParty:1030 - CMSIS Pack Vendor :emotas I-CUBE-CANOPEN 1.3.0
2026-06-23 04:07:17,120 [INFO] ThirdParty:1030 - CMSIS Pack Vendor :STMicroelectronics MBEDTLS 2.14.1
2026-06-23 04:07:17,120 [INFO] ThirdParty:1030 - CMSIS Pack Vendor :ITTIA_DB I-CUBE-ITTIADB 8.9.0
2026-06-23 04:07:17,120 [INFO] ThirdParty:1030 - CMSIS Pack Vendor :STMicroelectronics X-CUBE-TOUCHGFX 4.26.1
2026-06-23 04:07:17,120 [INFO] ThirdParty:1030 - CMSIS Pack Vendor :STMicroelectronics X-CUBE-NFC6 3.2.0
2026-06-23 04:07:17,120 [INFO] ThirdParty:1030 - CMSIS Pack Vendor :STMicroelectronics X-CUBE-AI 10.2.1
2026-06-23 04:07:17,120 [INFO] ThirdParty:1030 - CMSIS Pack Vendor :STMicroelectronics ThreadX 1.0.0
2026-06-23 04:07:17,120 [INFO] ThirdParty:1030 - CMSIS Pack Vendor :STMicroelectronics X-CUBE-MEMS1 12.1.0
2026-06-23 04:07:17,120 [INFO] ThirdParty:1030 - CMSIS Pack Vendor :STMicroelectronics X-CUBE-AZRTOS-WL 2.0.0
2026-06-23 04:07:17,120 [INFO] ThirdParty:1030 - CMSIS Pack Vendor :SEGGER I-CUBE-embOS 1.3.1
2026-06-23 04:07:17,120 [INFO] ThirdParty:1030 - CMSIS Pack Vendor :STMicroelectronics USB_DEVICE 1.0.0
2026-06-23 04:07:17,120 [INFO] ThirdParty:1030 - CMSIS Pack Vendor :STMicroelectronics X-CUBE-AZRTOS-H7RS 1.2.0
2026-06-23 04:07:17,120 [INFO] ThirdParty:1030 - CMSIS Pack Vendor :STMicroelectronics X-CUBE-AZRTOS-L4 2.0.0
2026-06-23 04:07:17,120 [INFO] ThirdParty:1030 - CMSIS Pack Vendor :STMicroelectronics ThreadX 0.0.2
2026-06-23 04:07:17,120 [INFO] ThirdParty:1030 - CMSIS Pack Vendor :STMicroelectronics lwIP 2.1.2
2026-06-23 04:07:17,120 [INFO] ThirdParty:1030 - CMSIS Pack Vendor :STMicroelectronics X-CUBE-SFXS2LP1 4.0.0
2026-06-23 04:07:17,120 [INFO] ThirdParty:1030 - CMSIS Pack Vendor :STMicroelectronics X-CUBE-BLE2 3.3.0
2026-06-23 04:07:17,120 [INFO] ThirdParty:1030 - CMSIS Pack Vendor :STMicroelectronics X-CUBE-NFC13 1.0.0
2026-06-23 04:07:17,120 [INFO] ThirdParty:1030 - CMSIS Pack Vendor :STMicroelectronics PDM2PCM 3.2.0
2026-06-23 04:07:17,120 [INFO] ThirdParty:1030 - CMSIS Pack Vendor :STMicroelectronics X-CUBE-WB05N 2.1.0
2026-06-23 04:07:17,120 [INFO] ThirdParty:841 - exiting critical section [change project]
2026-06-23 04:07:17,381 [INFO] PinOutPanel:1499 - setPackage(No Configuration,No Configuration)
2026-06-23 04:07:17,382 [INFO] PinOutPanel:1499 - setPackage(STM32L476RGTx,LQFP64)
2026-06-23 04:07:17,708 [INFO] UtilMem:75 - Before build in PCC Used Memory: 338839040 Bytes (531628032)
2026-06-23 04:07:18,106 [INFO] UtilMem:75 - After build in PCC Used Memory: 280537840 Bytes (531628032)
2026-06-23 04:07:18,130 [INFO] IPUIPlugin:80 - create IPUIPlugin
2026-06-23 04:07:18,130 [INFO] IPUIPlugin:80 - create IPUIPlugin
2026-06-23 04:07:18,130 [INFO] IPUIPlugin:80 - create IPUIPlugin
2026-06-23 04:07:18,130 [INFO] IPUIPlugin:80 - create IPUIPlugin
2026-06-23 04:07:18,130 [INFO] IPUIPlugin:80 - create IPUIPlugin
2026-06-23 04:07:18,130 [INFO] IPUIPlugin:80 - create IPUIPlugin
2026-06-23 04:07:18,130 [INFO] IPUIPlugin:80 - create IPUIPlugin
2026-06-23 04:07:18,130 [INFO] IPUIPlugin:80 - create IPUIPlugin
2026-06-23 04:07:18,130 [INFO] IPUIPlugin:80 - create IPUIPlugin
2026-06-23 04:07:18,130 [INFO] IPUIPlugin:80 - create IPUIPlugin
2026-06-23 04:07:18,130 [INFO] IPUIPlugin:80 - create IPUIPlugin
2026-06-23 04:07:18,131 [INFO] IPUIPlugin:80 - create IPUIPlugin
2026-06-23 04:07:18,131 [INFO] IPUIPlugin:80 - create IPUIPlugin
2026-06-23 04:07:18,131 [INFO] IPUIPlugin:80 - create IPUIPlugin
2026-06-23 04:07:18,131 [INFO] IPUIPlugin:80 - create IPUIPlugin
2026-06-23 04:07:18,131 [INFO] IPUIPlugin:80 - create IPUIPlugin
2026-06-23 04:07:18,131 [INFO] IPUIPlugin:80 - create IPUIPlugin
2026-06-23 04:07:18,131 [INFO] IPUIPlugin:80 - create IPUIPlugin
2026-06-23 04:07:18,131 [INFO] IPUIPlugin:80 - create IPUIPlugin
2026-06-23 04:07:18,131 [INFO] IPUIPlugin:80 - create IPUIPlugin
2026-06-23 04:07:18,131 [INFO] IPUIPlugin:80 - create IPUIPlugin
2026-06-23 04:07:18,131 [INFO] IPUIPlugin:80 - create IPUIPlugin
2026-06-23 04:07:18,131 [INFO] IPUIPlugin:80 - create IPUIPlugin
2026-06-23 04:07:18,131 [INFO] IPUIPlugin:80 - create IPUIPlugin
2026-06-23 04:07:18,131 [INFO] IPUIPlugin:80 - create IPUIPlugin
2026-06-23 04:07:18,132 [INFO] IPUIPlugin:80 - create IPUIPlugin
2026-06-23 04:07:18,132 [INFO] IPUIPlugin:80 - create IPUIPlugin
2026-06-23 04:07:18,132 [INFO] IPUIPlugin:80 - create IPUIPlugin
2026-06-23 04:07:18,132 [INFO] IPUIPlugin:80 - create IPUIPlugin
2026-06-23 04:07:18,132 [INFO] IPUIPlugin:80 - create IPUIPlugin
2026-06-23 04:07:18,132 [INFO] IPUIPlugin:80 - create IPUIPlugin
2026-06-23 04:07:18,132 [INFO] IPUIPlugin:80 - create IPUIPlugin
2026-06-23 04:07:18,132 [INFO] IPUIPlugin:80 - create IPUIPlugin
2026-06-23 04:07:18,132 [INFO] IPUIPlugin:80 - create IPUIPlugin
2026-06-23 04:07:18,132 [INFO] IPUIPlugin:80 - create IPUIPlugin
2026-06-23 04:07:18,132 [INFO] IPUIPlugin:80 - create IPUIPlugin
2026-06-23 04:07:18,132 [INFO] IPUIPlugin:80 - create IPUIPlugin
2026-06-23 04:07:18,133 [INFO] IPUIPlugin:80 - create IPUIPlugin
2026-06-23 04:07:18,133 [INFO] IPUIPlugin:80 - create IPUIPlugin
2026-06-23 04:07:18,133 [INFO] IPUIPlugin:80 - create IPUIPlugin
2026-06-23 04:07:18,133 [INFO] IPUIPlugin:80 - create IPUIPlugin
2026-06-23 04:07:18,133 [INFO] IPUIPlugin:80 - create IPUIPlugin
2026-06-23 04:07:18,133 [INFO] IPUIPlugin:80 - create IPUIPlugin
2026-06-23 04:07:18,133 [INFO] IPUIPlugin:80 - create IPUIPlugin
2026-06-23 04:07:18,133 [INFO] IPUIPlugin:80 - create IPUIPlugin
2026-06-23 04:07:18,133 [INFO] IPUIPlugin:80 - create IPUIPlugin
2026-06-23 04:07:18,133 [INFO] IPUIPlugin:80 - create IPUIPlugin
2026-06-23 04:07:18,133 [INFO] IPUIPlugin:80 - create IPUIPlugin
2026-06-23 04:07:18,133 [INFO] IPUIPlugin:80 - create IPUIPlugin
2026-06-23 04:07:18,133 [INFO] IPUIPlugin:80 - create IPUIPlugin
2026-06-23 04:07:18,133 [INFO] IPUIPlugin:80 - create IPUIPlugin
2026-06-23 04:07:18,133 [INFO] IPUIPlugin:80 - create IPUIPlugin
2026-06-23 04:07:18,134 [INFO] IPUIPlugin:80 - create IPUIPlugin
2026-06-23 04:07:18,134 [INFO] IPUIPlugin:80 - create IPUIPlugin
2026-06-23 04:07:18,134 [INFO] IPUIPlugin:80 - create IPUIPlugin
2026-06-23 04:07:18,134 [INFO] IPUIPlugin:80 - create IPUIPlugin
2026-06-23 04:07:18,134 [INFO] IPUIPlugin:80 - create IPUIPlugin
2026-06-23 04:07:18,135 [INFO] IPUIPlugin:80 - create IPUIPlugin
2026-06-23 04:07:18,135 [INFO] IPUIPlugin:80 - create IPUIPlugin
2026-06-23 04:07:18,252 [INFO] CADModel:165 - CPN selected for project levelSTM32L476RGT6
2026-06-23 04:07:18,252 [INFO] CADModel:114 - Register for checkConnection events
2026-06-23 04:07:18,290 [INFO] OpenFileManager:328 - Restore cursor
2026-06-23 04:07:24,949 [INFO] NvicIntPanel:101 - NVIC parent = com.st.microxplorer.plugins.ip.nvic.MultiNvicIntPanel[,0,0,0x0,invalid,layout=javax.swing.BoxLayout,alignmentX=0.0,alignmentY=0.0,border=,flags=9,maximumSize=,minimumSize=,preferredSize=]
2026-06-23 04:07:33,313 [ERROR] LogOutputStream:75 - [STDERR_REDIRECT] SLF4J: Failed to load class "org.slf4j.impl.StaticLoggerBinder".
2026-06-23 04:07:33,313 [ERROR] LogOutputStream:75 - [STDERR_REDIRECT] SLF4J: Defaulting to no-operation (NOP) logger implementation
2026-06-23 04:07:33,313 [ERROR] LogOutputStream:75 - [STDERR_REDIRECT] SLF4J: See http://www.slf4j.org/codes.html#StaticLoggerBinder for further details.
2026-06-23 04:21:39,531 [ERROR] LogOutputStream:75 - [STDERR_REDIRECT] 
2026-06-23 06:00:03,331 [INFO] Activator:176 - 


2026-06-23 06:00:03,333 [INFO] Activator:177 - !SESSION log4j initialized
2026-06-23 06:00:07,125 [INFO] LogOutputStream:77 - [STDOUT_REDIRECT] 
2026-06-23 06:00:08,225 [INFO] ApplicationProperties:184 - Using Application install path: /opt/st/stm32cubeide_1.13.2_2/plugins/com.st.stm32cube.common.mx_6.9.2.202309101412
2026-06-23 06:00:08,242 [INFO] DbMcusXml:78 - Set database path to: /opt/st/stm32cubeide_1.13.2_2/plugins/com.st.stm32cube.common.mx_6.9.2.202309101412//db//mcu/
2026-06-23 06:00:08,242 [INFO] ApiDb:274 - Set plugin database path to: /opt/st/stm32cubeide_1.13.2_2/plugins/com.st.stm32cube.common.mx_6.9.2.202309101412//db//plugins/boardmanager/
2026-06-23 06:00:08,242 [WARN] ApiDb:259 - Overriding images path with different value:  => /opt/st/stm32cubeide_1.13.2_2/plugins/com.st.stm32cube.common.mx_6.9.2.202309101412//db//plugins/mcufinder/images/
2026-06-23 06:00:08,248 [INFO] ApiDb:250 - Set database path to: /home/papijou/.stmcufinder/plugins/mcufinder//mcu/
2026-06-23 06:00:08,249 [INFO] DbMcusAds:125 - Set database path to: /home/papijou/.stmcufinder/plugins/mcufinder//mcu/
2026-06-23 06:00:08,250 [INFO] CrossReferenceDbSqlite:203 - Set database path to: /home/papijou/.stmcufinder/plugins/mcufinder//mcu/cs/
2026-06-23 06:00:08,327 [INFO] RulesReader:64 - Compatibility file has been processed (293 Rules)
2026-06-23 06:00:08,369 [INFO] DbMcusXml:78 - Set database path to: /opt/st/stm32cubeide_1.13.2_2/plugins/com.st.stm32cube.common.mx_6.9.2.202309101412//db//mcu/
2026-06-23 06:00:08,369 [INFO] ApiDb:274 - Set plugin database path to: /opt/st/stm32cubeide_1.13.2_2/plugins/com.st.stm32cube.common.mx_6.9.2.202309101412//db//plugins/boardmanager/
2026-06-23 06:00:08,369 [INFO] ApiDb:261 - Set plugin images path to: /opt/st/stm32cubeide_1.13.2_2/plugins/com.st.stm32cube.common.mx_6.9.2.202309101412//db//plugins/mcufinder/images/
2026-06-23 06:00:08,370 [WARN] DbFile:41 - Overriding database path with different value: /home/papijou/.stmcufinder/plugins/mcufinder/ => /home/papijou/.stmcufinder/plugins/mcufinder
2026-06-23 06:00:08,370 [INFO] ApiDb:250 - Set database path to: /home/papijou/.stmcufinder/plugins/mcufinder//mcu/
2026-06-23 06:00:08,370 [WARN] DbFile:41 - Overriding database path with different value: /home/papijou/.stmcufinder/plugins/mcufinder/ => /home/papijou/.stmcufinder/plugins/mcufinder
2026-06-23 06:00:08,370 [INFO] DbMcusAds:125 - Set database path to: /home/papijou/.stmcufinder/plugins/mcufinder//mcu/
2026-06-23 06:00:08,370 [WARN] DbFile:41 - Overriding database path with different value: /home/papijou/.stmcufinder/plugins/mcufinder/ => /home/papijou/.stmcufinder/plugins/mcufinder
2026-06-23 06:00:08,370 [WARN] DbFile:41 - Overriding database path with different value: /home/papijou/.stmcufinder/plugins/mcufinder/ => /home/papijou/.stmcufinder/plugins/mcufinder
2026-06-23 06:00:08,370 [INFO] CrossReferenceDbSqlite:203 - Set database path to: /home/papijou/.stmcufinder/plugins/mcufinder//mcu/cs/
2026-06-23 06:00:08,419 [INFO] MainPanel:262 - HeapMemory: 268435456
2026-06-23 06:00:08,482 [INFO] DbMcusXml:78 - Set database path to: /opt/st/stm32cubeide_1.13.2_2/plugins/com.st.stm32cube.common.mx_6.9.2.202309101412//db//mcu/
2026-06-23 06:00:08,482 [INFO] ApiDb:274 - Set plugin database path to: /opt/st/stm32cubeide_1.13.2_2/plugins/com.st.stm32cube.common.mx_6.9.2.202309101412//db//plugins/boardmanager/
2026-06-23 06:00:08,482 [INFO] ApiDb:261 - Set plugin images path to: /opt/st/stm32cubeide_1.13.2_2/plugins/com.st.stm32cube.common.mx_6.9.2.202309101412//db//plugins/mcufinder/images/
2026-06-23 06:00:08,483 [WARN] DbFile:41 - Overriding database path with different value: /home/papijou/.stmcufinder/plugins/mcufinder/ => /home/papijou/.stmcufinder/plugins/mcufinder
2026-06-23 06:00:08,483 [INFO] ApiDb:250 - Set database path to: /home/papijou/.stmcufinder/plugins/mcufinder//mcu/
2026-06-23 06:00:08,483 [WARN] DbFile:41 - Overriding database path with different value: /home/papijou/.stmcufinder/plugins/mcufinder/ => /home/papijou/.stmcufinder/plugins/mcufinder
2026-06-23 06:00:08,483 [INFO] DbMcusAds:125 - Set database path to: /home/papijou/.stmcufinder/plugins/mcufinder//mcu/
2026-06-23 06:00:08,483 [WARN] DbFile:41 - Overriding database path with different value: /home/papijou/.stmcufinder/plugins/mcufinder/ => /home/papijou/.stmcufinder/plugins/mcufinder
2026-06-23 06:00:08,483 [WARN] DbFile:41 - Overriding database path with different value: /home/papijou/.stmcufinder/plugins/mcufinder/ => /home/papijou/.stmcufinder/plugins/mcufinder
2026-06-23 06:00:08,483 [INFO] CrossReferenceDbSqlite:203 - Set database path to: /home/papijou/.stmcufinder/plugins/mcufinder//mcu/cs/
2026-06-23 06:00:08,492 [INFO] ApplicationProperties:184 - Using Application install path: /opt/st/stm32cubeide_1.13.2_2/plugins/com.st.stm32cube.common.mx_6.9.2.202309101412
2026-06-23 06:00:08,493 [INFO] PluginManage:196 - Search for loadable plugins [exclusion list=, ]
2026-06-23 06:00:08,494 [INFO] PluginManage:310 - Check plugin analytics
2026-06-23 06:00:08,593 [INFO] AnalyticsPlugin:253 - Accepted Software Licenses: 
2026-06-23 06:00:08,593 [INFO] AnalyticsPlugin:255 - Accepted CMSIS Pack Licenses: 
2026-06-23 06:00:08,593 [INFO] AnalyticsPlugin:257 - Accepted Firmware Licenses: FW.L4.1.18.0
2026-06-23 06:00:08,594 [INFO] PluginManage:359 - Loaded plugin analytics (category:tool,tabindex:-1)
2026-06-23 06:00:08,594 [INFO] PluginManage:310 - Check plugin cadmodel
2026-06-23 06:00:08,617 [INFO] CADModel:105 - Init CAD model plugin
2026-06-23 06:00:08,617 [INFO] PluginManage:359 - Loaded plugin cadmodel (category:power,tabindex:5)
2026-06-23 06:00:08,617 [INFO] PluginManage:310 - Check plugin clock
2026-06-23 06:00:08,624 [INFO] PluginManage:359 - Loaded plugin clock (category:base,tabindex:2)
2026-06-23 06:00:08,624 [INFO] PluginManage:310 - Check plugin ddr
2026-06-23 06:00:08,626 [INFO] PluginManage:359 - Loaded plugin ddr (category:tool,tabindex:6)
2026-06-23 06:00:08,626 [INFO] PluginManage:310 - Check plugin filemanager
2026-06-23 06:00:08,721 [INFO] PluginManage:359 - Loaded plugin filemanager (category:base,tabindex:10)
2026-06-23 06:00:08,721 [INFO] PluginManage:310 - Check plugin ipmanager
2026-06-23 06:00:08,725 [INFO] PluginManage:359 - Loaded plugin ipmanager (category:base,tabindex:5)
2026-06-23 06:00:08,725 [INFO] PluginManage:310 - Check plugin lpbam
2026-06-23 06:00:08,731 [INFO] PluginManage:359 - Loaded plugin lpbam (category:base,tabindex:0)
2026-06-23 06:00:08,731 [INFO] PluginManage:310 - Check plugin memorymap
2026-06-23 06:00:08,737 [INFO] PluginManage:359 - Loaded plugin memorymap (category:base,tabindex:4)
2026-06-23 06:00:08,737 [INFO] PluginManage:310 - Check plugin pinoutandconfiguration
2026-06-23 06:00:08,741 [INFO] PluginManage:359 - Loaded plugin pinoutandconfiguration (category:base,tabindex:1)
2026-06-23 06:00:08,741 [INFO] PluginManage:310 - Check plugin pinoutconfig
2026-06-23 06:00:08,788 [WARN] SupportedApi:132 - Cannot load RTOS API schema: s4s-elt-must-match.1: The content of 'definitions' must match (annotation?, (simpleType | complexType)?, (unique | key | keyref)*)). A problem was found starting at: attribute.
2026-06-23 06:00:08,874 [INFO] PluginManage:359 - Loaded plugin pinoutconfig (category:base,tabindex:0)
2026-06-23 06:00:08,874 [INFO] PluginManage:310 - Check plugin power
2026-06-23 06:00:08,881 [INFO] PluginManage:359 - Loaded plugin power (category:power,tabindex:4)
2026-06-23 06:00:08,882 [INFO] PluginManage:310 - Check plugin projectmanager
2026-06-23 06:00:08,892 [INFO] PluginManage:359 - Loaded plugin projectmanager (category:projectmanager,tabindex:3)
2026-06-23 06:00:08,892 [INFO] PluginManage:310 - Check plugin thirdparty
2026-06-23 06:00:08,966 [INFO] PluginManage:359 - Loaded plugin thirdparty (category:base,tabindex:-1)
2026-06-23 06:00:08,966 [WARN] IntegrityCheckThread:84 - waiting for thirdparty lock release [integrity check]
2026-06-23 06:00:08,967 [INFO] PluginManage:310 - Check plugin tools
2026-06-23 06:00:08,967 [INFO] IntegrityCheckThread:86 - entering critical section [integrity check]
2026-06-23 06:00:08,967 [INFO] ThirdPartyUpdaterWithRetryManager:70 - Updater plugin not ready yet. [1/15]
2026-06-23 06:00:08,968 [INFO] PluginManage:359 - Loaded plugin tools (category:base,tabindex:7)
2026-06-23 06:00:08,968 [INFO] PluginManage:310 - Check plugin tutovideos
2026-06-23 06:00:09,074 [INFO] PluginManage:359 - Loaded plugin tutovideos (category:base,tabindex:-1)
2026-06-23 06:00:09,074 [INFO] PluginManage:310 - Check plugin updater
2026-06-23 06:00:09,083 [INFO] PluginManage:359 - Loaded plugin updater (category:base,tabindex:12)
2026-06-23 06:00:09,083 [INFO] PluginManage:310 - Check plugin userauth
2026-06-23 06:00:09,087 [INFO] UserAuth:113 - Init User Auth plugin
2026-06-23 06:00:09,087 [INFO] PluginManage:359 - Loaded plugin userauth (category:base,tabindex:14)
2026-06-23 06:00:09,088 [INFO] PluginManage:283 - PluginManage : Loaded plugins [17]
2026-06-23 06:00:09,199 [INFO] PinOutPanel:1499 - setPackage(No Configuration,No Configuration)
2026-06-23 06:00:09,254 [INFO] CADModel:165 - CPN selected for project level
2026-06-23 06:00:09,254 [INFO] CADModel:114 - Register for checkConnection events
2026-06-23 06:00:09,264 [INFO] IPUIPlugin:80 - create IPUIPlugin
2026-06-23 06:00:09,264 [INFO] PluginManager:220 - loadIPPluginJar : add can
2026-06-23 06:00:09,267 [INFO] IPUIPlugin:80 - create IPUIPlugin
2026-06-23 06:00:09,268 [INFO] PluginManager:220 - loadIPPluginJar : add gic
2026-06-23 06:00:09,268 [INFO] IPUIPlugin:80 - create IPUIPlugin
2026-06-23 06:00:09,268 [INFO] PluginManager:220 - loadIPPluginJar : add quadspi
2026-06-23 06:00:09,270 [INFO] IPUIPlugin:80 - create IPUIPlugin
2026-06-23 06:00:09,270 [INFO] PluginManager:220 - loadIPPluginJar : add sai
2026-06-23 06:00:09,271 [INFO] IPUIPlugin:80 - create IPUIPlugin
2026-06-23 06:00:09,271 [INFO] PluginManager:220 - loadIPPluginJar : add comp
2026-06-23 06:00:09,274 [INFO] IPUIPlugin:80 - create IPUIPlugin
2026-06-23 06:00:09,274 [INFO] PluginManager:220 - loadIPPluginJar : add fmc
2026-06-23 06:00:09,275 [INFO] IPUIPlugin:80 - create IPUIPlugin
2026-06-23 06:00:09,275 [INFO] PluginManager:220 - loadIPPluginJar : add spi
2026-06-23 06:00:09,277 [INFO] IPUIPlugin:80 - create IPUIPlugin
2026-06-23 06:00:09,277 [INFO] PluginManager:220 - loadIPPluginJar : add nvic
2026-06-23 06:00:09,279 [INFO] IPUIPlugin:80 - create IPUIPlugin
2026-06-23 06:00:09,279 [INFO] PluginManager:220 - loadIPPluginJar : add usbx
2026-06-23 06:00:09,280 [INFO] IPUIPlugin:80 - create IPUIPlugin
2026-06-23 06:00:09,280 [INFO] PluginManager:220 - loadIPPluginJar : add ucpd
2026-06-23 06:00:09,281 [INFO] IPUIPlugin:80 - create IPUIPlugin
2026-06-23 06:00:09,281 [INFO] PluginManager:220 - loadIPPluginJar : add lorawan
2026-06-23 06:00:09,282 [INFO] IPUIPlugin:80 - create IPUIPlugin
2026-06-23 06:00:09,282 [INFO] PluginManager:220 - loadIPPluginJar : add hash
2026-06-23 06:00:09,282 [INFO] IPUIPlugin:80 - create IPUIPlugin
2026-06-23 06:00:09,282 [INFO] PluginManager:220 - loadIPPluginJar : add ltdc
2026-06-23 06:00:09,283 [INFO] IPUIPlugin:80 - create IPUIPlugin
2026-06-23 06:00:09,283 [INFO] PluginManager:220 - loadIPPluginJar : add tim
2026-06-23 06:00:09,285 [INFO] IPUIPlugin:80 - create IPUIPlugin
2026-06-23 06:00:09,285 [INFO] PluginManager:220 - loadIPPluginJar : add usart
2026-06-23 06:00:09,290 [INFO] IPUIPlugin:80 - create IPUIPlugin
2026-06-23 06:00:09,292 [INFO] PluginManager:220 - loadIPPluginJar : add plateformsettings
2026-06-23 06:00:09,295 [INFO] IPUIPlugin:80 - create IPUIPlugin
2026-06-23 06:00:09,295 [INFO] PluginManager:220 - loadIPPluginJar : add aes
2026-06-23 06:00:09,297 [INFO] IPUIPlugin:80 - create IPUIPlugin
2026-06-23 06:00:09,297 [INFO] PluginManager:220 - loadIPPluginJar : add opamp
2026-06-23 06:00:09,298 [INFO] IPUIPlugin:80 - create IPUIPlugin
2026-06-23 06:00:09,298 [INFO] PluginManager:220 - loadIPPluginJar : add dma3
2026-06-23 06:00:09,303 [INFO] IPUIPlugin:80 - create IPUIPlugin
2026-06-23 06:00:09,304 [INFO] PluginManager:220 - loadIPPluginJar : add linkedlist
2026-06-23 06:00:09,305 [INFO] IPUIPlugin:80 - create IPUIPlugin
2026-06-23 06:00:09,305 [INFO] PluginManager:220 - loadIPPluginJar : add i3c
2026-06-23 06:00:09,309 [INFO] IPUIPlugin:80 - create IPUIPlugin
2026-06-23 06:00:09,309 [INFO] PluginManager:220 - loadIPPluginJar : add mdma
2026-06-23 06:00:09,311 [INFO] IPUIPlugin:80 - create IPUIPlugin
2026-06-23 06:00:09,311 [INFO] PluginManager:220 - loadIPPluginJar : add i2c
2026-06-23 06:00:09,313 [INFO] IPUIPlugin:80 - create IPUIPlugin
2026-06-23 06:00:09,313 [INFO] PluginManager:220 - loadIPPluginJar : add ipddr
2026-06-23 06:00:09,314 [INFO] IPUIPlugin:80 - create IPUIPlugin
2026-06-23 06:00:09,314 [INFO] PluginManager:220 - loadIPPluginJar : add fatfs
2026-06-23 06:00:09,315 [INFO] IPUIPlugin:80 - create IPUIPlugin
2026-06-23 06:00:09,315 [INFO] PluginManager:220 - loadIPPluginJar : add gfxmmu
2026-06-23 06:00:09,316 [INFO] IPUIPlugin:80 - create IPUIPlugin
2026-06-23 06:00:09,316 [INFO] PluginManager:220 - loadIPPluginJar : add tsc
2026-06-23 06:00:09,319 [INFO] IPUIPlugin:80 - create IPUIPlugin
2026-06-23 06:00:09,319 [INFO] PluginManager:220 - loadIPPluginJar : add stm32_wpan
2026-06-23 06:00:09,320 [INFO] IPUIPlugin:80 - create IPUIPlugin
2026-06-23 06:00:09,320 [INFO] PluginManager:220 - loadIPPluginJar : add genericplugin
2026-06-23 06:00:09,321 [INFO] IPUIPlugin:80 - create IPUIPlugin
2026-06-23 06:00:09,321 [INFO] PluginManager:220 - loadIPPluginJar : add i2s
2026-06-23 06:00:09,325 [INFO] IPUIPlugin:80 - create IPUIPlugin
2026-06-23 06:00:09,325 [INFO] PluginManager:220 - loadIPPluginJar : add adc
2026-06-23 06:00:09,337 [INFO] IPUIPlugin:80 - create IPUIPlugin
2026-06-23 06:00:09,338 [INFO] PluginManager:220 - loadIPPluginJar : add freertos
2026-06-23 06:00:09,343 [INFO] IPUIPlugin:80 - create IPUIPlugin
2026-06-23 06:00:09,343 [INFO] PluginManager:220 - loadIPPluginJar : add dma
2026-06-23 06:00:09,344 [INFO] IPUIPlugin:80 - create IPUIPlugin
2026-06-23 06:00:09,345 [INFO] PluginManager:220 - loadIPPluginJar : add cryp
2026-06-23 06:00:09,347 [INFO] IPUIPlugin:80 - create IPUIPlugin
2026-06-23 06:00:09,347 [INFO] PluginManager:220 - loadIPPluginJar : add touchsensing
2026-06-23 06:00:09,350 [INFO] IPUIPlugin:80 - create IPUIPlugin
2026-06-23 06:00:09,350 [INFO] PluginManager:220 - loadIPPluginJar : add gpio
2026-06-23 06:00:09,352 [INFO] IPUIPlugin:80 - create IPUIPlugin
2026-06-23 06:00:09,353 [INFO] PluginManager:220 - loadIPPluginJar : add openamp
2026-06-23 06:00:09,355 [INFO] IPUIPlugin:80 - create IPUIPlugin
2026-06-23 06:00:09,355 [INFO] PluginManager:220 - loadIPPluginJar : add gtzc
2026-06-23 06:00:09,356 [INFO] IPUIPlugin:80 - create IPUIPlugin
2026-06-23 06:00:09,356 [INFO] PluginManager:220 - loadIPPluginJar : add tracer_emb
2026-06-23 06:00:09,358 [INFO] IPUIPlugin:80 - create IPUIPlugin
2026-06-23 06:00:09,358 [INFO] PluginManager:220 - loadIPPluginJar : add dfsdm
2026-06-23 06:00:09,366 [INFO] IPUIPlugin:80 - create IPUIPlugin
2026-06-23 06:00:09,366 [INFO] PluginManager:220 - loadIPPluginJar : add ts
2026-06-23 06:00:09,370 [INFO] IPUIPlugin:80 - create IPUIPlugin
2026-06-23 06:00:09,370 [INFO] PluginManager:220 - loadIPPluginJar : add resmgrutility
2026-06-23 06:00:09,372 [INFO] IPUIPlugin:80 - create IPUIPlugin
2026-06-23 06:00:09,372 [INFO] PluginManager:220 - loadIPPluginJar : add pdm2pcm
2026-06-23 06:00:09,469 [INFO] CADModel:165 - CPN selected for project level
2026-06-23 06:00:09,469 [INFO] CADModel:114 - Register for checkConnection events
2026-06-23 06:00:09,469 [FATAL] Updater:308 - Updater called before beeing initialized
2026-06-23 06:00:09,469 [ERROR] CADModel:125 - Updater not yet initialized, retry later 
2026-06-23 06:00:09,539 [INFO] CADModel:165 - CPN selected for project level
2026-06-23 06:00:09,539 [INFO] CADModel:114 - Register for checkConnection events
2026-06-23 06:00:09,539 [FATAL] Updater:308 - Updater called before beeing initialized
2026-06-23 06:00:09,539 [ERROR] CADModel:125 - Updater not yet initialized, retry later 
2026-06-23 06:00:09,542 [FATAL] Updater:308 - Updater called before beeing initialized
2026-06-23 06:00:09,591 [FATAL] Updater:308 - Updater called before beeing initialized
2026-06-23 06:00:09,595 [INFO] DbMcusAds:53 - JSON generation date=Thu May 28 12:08:16 CLT 2026 (1779984496303)
2026-06-23 06:00:09,595 [FATAL] Updater:308 - Updater called before beeing initialized
2026-06-23 06:00:09,621 [WARN] DetailPanel:346 - Failed to get advertising image, set to default
2026-06-23 06:00:09,686 [FATAL] Updater:308 - Updater called before beeing initialized
2026-06-23 06:00:09,688 [FATAL] Updater:308 - Updater called before beeing initialized
2026-06-23 06:00:09,688 [FATAL] Updater:308 - Updater called before beeing initialized
2026-06-23 06:00:09,688 [WARN] DetailPanel:346 - Failed to get advertising image, set to default
2026-06-23 06:00:09,689 [FATAL] Updater:308 - Updater called before beeing initialized
2026-06-23 06:00:09,711 [ERROR] Updater:1120 - MainUpdater not yet initialized. External WinMGr cannot be set.
2026-06-23 06:00:09,712 [INFO] Updater:1056 - Updater Version found : 6.9.2
2026-06-23 06:00:09,725 [INFO] ApplicationProperties:184 - Using Application install path: /opt/st/stm32cubeide_1.13.2_2/plugins/com.st.stm32cube.common.mx_6.9.2.202309101412
2026-06-23 06:00:09,801 [INFO] McuFinderGlobals:63 - Set McuFinder mode to 2 (CubeIDE integrated)
2026-06-23 06:00:10,828 [INFO] MainUpdater:2868 - connection check result : 10
2026-06-23 06:00:10,828 [INFO] MainUpdater:285 - Updater Check For Update Now.
2026-06-23 06:00:10,828 [INFO] MicroXplorer:498 - Change Database Version : DB.6.0.92
2026-06-23 06:00:10,833 [INFO] McuFinderGlobals:63 - Set McuFinder mode to 2 (CubeIDE integrated)
2026-06-23 06:00:10,833 [INFO] UserAuth:179 - activating auth plugin
2026-06-23 06:00:10,837 [INFO] UserAuth:393 - Internet connection configuration mode: 1
2026-06-23 06:00:10,847 [INFO] JxBrowserEngine:151 - Initiate JxBrowser Engine with user profile folder
2026-06-23 06:00:10,993 [INFO] CheckServerUpdateThread:120 - End of CheckServer Thread
2026-06-23 06:00:11,034 [INFO] MainUpdater:2868 - connection check result : 10
2026-06-23 06:00:11,035 [INFO] MainUpdater:2868 - connection check result : 10
2026-06-23 06:00:11,056 [INFO] MicroXplorer:468 - Change Database Path : 
2026-06-23 06:00:11,057 [INFO] MicroXplorer:498 - Change Database Version : DB.6.0.92
2026-06-23 06:00:11,059 [WARN] ThirdParty:871 - waiting for thirdparty lock release [close project]
2026-06-23 06:00:11,280 [INFO] WebApp:157 - Instantiating new browser for Auth
2026-06-23 06:00:11,626 [INFO] WebApp:753 - Register for checkConnection events
2026-06-23 06:00:11,626 [INFO] WebApp:390 - Apply proxy settings
2026-06-23 06:00:11,626 [INFO] WebApp:475 - Chromium requires no authentication
2026-06-23 06:00:11,631 [INFO] WebApp:418 - Direct internet connection detected
2026-06-23 06:00:11,696 [INFO] WebApp:188 - Starting web application
2026-06-23 06:00:11,696 [INFO] WebApp:520 - Web application path used /opt/st/stm32cubeide_1.13.2_2/plugins/com.st.stm32cube.common.mx_6.9.2.202309101412/db/plugins/mcufinder/reactClient1/index.html
2026-06-23 06:00:12,089 [WARN] PackLoader:240 - Cannot read IP mode file for STMicroelectronics.X-CUBE-AZRTOS-H7.3.5.0
2026-06-23 06:00:12,100 [ERROR] Engine:466 - /home/papijou/.stm32cubemx/thirdparties/pdsc/STMicroelectronics.X-CUBE-SMBUS.2.1.1.pdsc: PDSC version is not supported
2026-06-23 06:00:12,116 [WARN] PackLoader:240 - Cannot read IP mode file for STMicroelectronics.X-CUBE-AZRTOS-F7.1.1.0
2026-06-23 06:00:12,123 [ERROR] Engine:466 - /home/papijou/.stm32cubemx/thirdparties/pdsc/WES.I-CUBE-Cesium.1.4.0.pdsc: PDSC version is not supported
2026-06-23 06:00:12,130 [WARN] PackLoader:240 - Cannot read IP mode file for STMicroelectronics.X-CUBE-DISPLAY.3.0.0
2026-06-23 06:00:12,141 [WARN] PackLoader:240 - Cannot read IP mode file for STMicroelectronics.X-CUBE-GNSS1.7.1.1
2026-06-23 06:00:12,146 [WARN] PackLoader:240 - Cannot read IP mode file for wolfSSL.I-CUBE-wolfSSL.5.9.1
2026-06-23 06:00:12,151 [WARN] PackLoader:240 - Cannot read IP mode file for STMicroelectronics.X-CUBE-NFC10.1.0.0
2026-06-23 06:00:12,155 [ERROR] Engine:466 - /home/papijou/.stm32cubemx/thirdparties/pdsc/STMicroelectronics.X-CUBE-ST60.1.1.0.pdsc: PDSC version is not supported
2026-06-23 06:00:12,158 [WARN] PackLoader:240 - Cannot read IP mode file for emotas.I-CUBE-CANOPEN.1.3.0
2026-06-23 06:00:12,166 [INFO] LogOutputStream:77 - [STDOUT_REDIRECT] 1 : Invalid condition id : UX_CORESTACK_Condition cause : null
2026-06-23 06:00:12,167 [INFO] LogOutputStream:77 - [STDOUT_REDIRECT] 1 : Invalid condition id : UX_CORESTACK_Condition cause : null
2026-06-23 06:00:12,168 [INFO] LogOutputStream:77 - [STDOUT_REDIRECT] 1 : Invalid condition id : UX_CORESTACK_Condition cause : null
2026-06-23 06:00:12,168 [INFO] LogOutputStream:77 - [STDOUT_REDIRECT] 1 : Invalid condition id : UX_CORESTACK_Condition cause : null
2026-06-23 06:00:12,168 [INFO] LogOutputStream:77 - [STDOUT_REDIRECT] 1 : Invalid condition id : UX_CORESTACK_Condition cause : null
2026-06-23 06:00:12,172 [WARN] PackLoader:240 - Cannot read IP mode file for STMicroelectronics.X-CUBE-AZRTOS-WL.2.0.0
2026-06-23 06:00:12,233 [WARN] PackLoader:240 - Cannot read IP mode file for STMicroelectronics.X-CUBE-AZRTOS-H7RS.1.2.0
2026-06-23 06:00:12,271 [WARN] PackLoader:240 - Cannot read IP mode file for STMicroelectronics.X-CUBE-BLE2.3.3.0
2026-06-23 06:00:12,275 [ERROR] Engine:466 - /home/papijou/.stm32cubemx/thirdparties/pdsc/Avnet-IOTCONNECT.X-CUBE-iotc-st67-sdk.1.0.0.pdsc: PDSC version is not supported
2026-06-23 06:00:12,285 [ERROR] Engine:466 - /home/papijou/.stm32cubemx/thirdparties/pdsc/Infineon.AIROC-Wi-Fi-Bluetooth-STM32.1.8.0.pdsc: PDSC version is not supported
2026-06-23 06:00:12,294 [WARN] PackLoader:240 - Cannot read IP mode file for STMicroelectronics.X-CUBE-NFC9.1.0.0
2026-06-23 06:00:12,303 [WARN] PackLoader:240 - Cannot read IP mode file for STMicroelectronics.X-CUBE-BLE1.7.1.0
2026-06-23 06:00:12,333 [WARN] PackLoader:240 - Cannot read IP mode file for wolfSSL.I-CUBE-wolfMQTT.1.19.2
2026-06-23 06:00:12,340 [WARN] PackLoader:240 - Cannot read IP mode file for STMicroelectronics.X-CUBE-EEPRMA1.5.2.0
2026-06-23 06:00:12,359 [WARN] PackLoader:240 - Cannot read IP mode file for STMicroelectronics.X-CUBE-AZRTOS-G0.1.1.0
2026-06-23 06:00:12,366 [WARN] PackLoader:240 - Cannot read IP mode file for STMicroelectronics.X-CUBE-NFC4.3.0.0
2026-06-23 06:00:12,370 [ERROR] Engine:466 - /home/papijou/.stm32cubemx/thirdparties/pdsc/EmbeddedOffice.I-CUBE-FS-RTOS.1.0.1.pdsc: PDSC version is not supported
2026-06-23 06:00:12,372 [WARN] PackLoader:240 - Cannot read IP mode file for wolfSSL.I-CUBE-wolfTPM.3.8.0
2026-06-23 06:00:12,373 [ERROR] Engine:466 - /home/papijou/.stm32cubemx/thirdparties/pdsc/STMicroelectronics.X-CUBE-TCPP.4.2.0.pdsc: PDSC version is not supported
2026-06-23 06:00:12,374 [ERROR] Engine:466 - /home/papijou/.stm32cubemx/thirdparties/pdsc/RealThread.X-CUBE-RT-Thread_Nano.4.1.1.pdsc: PDSC version is not supported
2026-06-23 06:00:12,376 [WARN] PackLoader:240 - Cannot read IP mode file for STMicroelectronics.FP-ATR-SIGFOX1.3.2.0
2026-06-23 06:00:12,378 [ERROR] Engine:466 - /home/papijou/.stm32cubemx/thirdparties/pdsc/STMicroelectronics.X-CUBE-FREERTOS.1.5.0.pdsc: PDSC version is not supported
2026-06-23 06:00:12,381 [WARN] PackLoader:240 - Cannot read IP mode file for ITTIA_DB.I-CUBE-ITTIADB.8.9.0
2026-06-23 06:00:12,382 [ERROR] Engine:466 - /home/papijou/.stm32cubemx/thirdparties/pdsc/Cesanta.I-CUBE-Mongoose.7.21.7.pdsc: PDSC version is not supported
2026-06-23 06:00:12,386 [WARN] PackLoader:240 - Cannot read IP mode file for STMicroelectronics.X-CUBE-NFC6.3.2.0
2026-06-23 06:00:12,392 [WARN] PackLoader:240 - Cannot read IP mode file for STMicroelectronics.X-CUBE-AI.10.2.1
2026-06-23 06:00:12,435 [WARN] PackLoader:240 - Cannot read IP mode file for STMicroelectronics.X-CUBE-MEMS1.12.1.0
2026-06-23 06:00:12,545 [WARN] PackLoader:240 - Cannot read IP mode file for SEGGER.I-CUBE-embOS.1.3.1
2026-06-23 06:00:12,571 [WARN] PackLoader:240 - Cannot read IP mode file for STMicroelectronics.X-CUBE-NFC13.1.0.0
2026-06-23 06:00:12,574 [WARN] PackLoader:240 - Cannot read IP mode file for STMicroelectronics.X-CUBE-PM33A1.1.0.0
2026-06-23 06:00:12,583 [WARN] PackLoader:240 - Cannot read IP mode file for STMicroelectronics.X-CUBE-AZRTOS-F4.1.1.0
2026-06-23 06:00:12,589 [WARN] PackLoader:240 - Cannot read IP mode file for STMicroelectronics.X-CUBE-ISPU.2.1.0
2026-06-23 06:00:12,594 [ERROR] Engine:466 - /home/papijou/.stm32cubemx/thirdparties/pdsc/STMicroelectronics.X-CUBE-IPS.3.2.0.pdsc: PDSC version is not supported
2026-06-23 06:00:12,596 [ERROR] Engine:466 - /home/papijou/.stm32cubemx/thirdparties/pdsc/STMicroelectronics.eDS-WB_DPC_TT-BIDIR.2.1.1.pdsc: PDSC version is not supported
2026-06-23 06:00:12,600 [WARN] PackLoader:240 - Cannot read IP mode file for STMicroelectronics.X-CUBE-NFC12.1.0.0
2026-06-23 06:00:12,615 [WARN] PackLoader:240 - Cannot read IP mode file for STMicroelectronics.X-CUBE-AZRTOS-L5.2.0.0
2026-06-23 06:00:12,623 [WARN] PackLoader:240 - Cannot read IP mode file for STMicroelectronics.X-CUBE-ALGOBUILD.1.5.0
2026-06-23 06:00:12,625 [ERROR] Engine:466 - /home/papijou/.stm32cubemx/thirdparties/pdsc/STMicroelectronics.eDS-WB_DPC_VIENNA.1.2.0.pdsc: PDSC version is not supported
2026-06-23 06:00:12,627 [ERROR] Engine:466 - /home/papijou/.stm32cubemx/thirdparties/pdsc/STMicroelectronics.eDS-WB_DPC_3PH2L-BIDIR.1.1.1.pdsc: PDSC version is not supported
2026-06-23 06:00:12,629 [ERROR] Engine:466 - /home/papijou/.stm32cubemx/thirdparties/pdsc/STMicroelectronics.X-CUBE-ST67W61.1.3.0.pdsc: PDSC version is not supported
2026-06-23 06:00:12,636 [WARN] PackLoader:240 - Cannot read IP mode file for STMicroelectronics.X-CUBE-TOUCHGFX.4.26.1
2026-06-23 06:00:12,637 [ERROR] Engine:466 - /home/papijou/.stm32cubemx/thirdparties/pdsc/STMicroelectronics.X-CUBE-DPower.1.3.0.pdsc: PDSC version is not supported
2026-06-23 06:00:12,654 [WARN] ConditionMgr:438 - getConditionDescription Invalid condition id : LAN8742 Phy interface Condition cause : null
2026-06-23 06:00:12,654 [WARN] PackLoader:240 - Cannot read IP mode file for STMicroelectronics.X-CUBE-AZRTOS-L4.2.0.0
2026-06-23 06:00:12,656 [WARN] ConditionMgr:1039 - genDependencies : Invalid condition id : LAN8742 Phy interface Condition cause : null
2026-06-23 06:00:12,656 [WARN] ConditionMgr:1039 - genDependencies : Invalid condition id : LAN8742 Phy interface Condition cause : null
2026-06-23 06:00:12,656 [WARN] ConditionMgr:1039 - genDependencies : Invalid condition id : LAN8742 Phy interface Condition cause : null
2026-06-23 06:00:12,660 [WARN] PackLoader:240 - Cannot read IP mode file for STMicroelectronics.X-CUBE-SFXS2LP1.4.0.0
2026-06-23 06:00:12,664 [WARN] PackLoader:240 - Cannot read IP mode file for STMicroelectronics.X-CUBE-WB05N.2.1.0
2026-06-23 06:00:12,666 [ERROR] Engine:466 - /home/papijou/.stm32cubemx/thirdparties/pdsc/STMicroelectronics.X-CUBE-BLEMGR.4.1.0.pdsc: PDSC version is not supported
2026-06-23 06:00:12,673 [WARN] ConditionMgr:438 - getConditionDescription Invalid condition id : UX DEVICE CLASS RTOS Condition cause : null
2026-06-23 06:00:12,673 [WARN] ConditionMgr:438 - getConditionDescription Invalid condition id : UX DEVICE CLASS RTOS Condition cause : null
2026-06-23 06:00:12,674 [WARN] PackLoader:240 - Cannot read IP mode file for STMicroelectronics.X-CUBE-AZRTOS-WB.2.0.0
2026-06-23 06:00:12,674 [WARN] ConditionMgr:1039 - genDependencies : Invalid condition id : UX DEVICE CLASS RTOS Condition cause : null
2026-06-23 06:00:12,674 [WARN] ConditionMgr:1039 - genDependencies : Invalid condition id : UX DEVICE CLASS RTOS Condition cause : null
2026-06-23 06:00:12,674 [WARN] ConditionMgr:1039 - genDependencies : Invalid condition id : UX DEVICE CLASS RTOS Condition cause : null
2026-06-23 06:00:12,675 [WARN] ConditionMgr:1039 - genDependencies : Invalid condition id : UX DEVICE CLASS RTOS Condition cause : null
2026-06-23 06:00:12,675 [WARN] ConditionMgr:1039 - genDependencies : Invalid condition id : UX DEVICE CLASS RTOS Condition cause : null
2026-06-23 06:00:12,676 [ERROR] Engine:466 - /home/papijou/.stm32cubemx/thirdparties/pdsc/quantropi.X-CUBE-qispace-sdk-base.2.1.0.pdsc: PDSC version is not supported
2026-06-23 06:00:12,679 [WARN] PackLoader:240 - Cannot read IP mode file for STMicroelectronics.X-CUBE-STSE01.2.0.0
2026-06-23 06:00:12,685 [WARN] PackLoader:240 - Cannot read IP mode file for STMicroelectronics.X-CUBE-SUBG2.5.0.0
2026-06-23 06:00:12,694 [WARN] PackLoader:240 - Cannot read IP mode file for STMicroelectronics.X-CUBE-AZRTOS-G4.2.0.0
2026-06-23 06:00:12,696 [WARN] PackLoader:240 - Cannot read IP mode file for wolfSSL.I-CUBE-wolfSSH.1.4.20
2026-06-23 06:00:12,698 [WARN] PackLoader:240 - Cannot read IP mode file for STMicroelectronics.X-CUBE-NFC7.2.0.0
2026-06-23 06:00:12,701 [ERROR] Engine:466 - /home/papijou/.stm32cubemx/thirdparties/pdsc/STMicroelectronics.X-CUBE-TOF1.3.4.3.pdsc: PDSC version is not supported
2026-06-23 06:00:12,701 [INFO] ThirdParty:978 - Integrity check success = true
2026-06-23 06:00:12,701 [INFO] IntegrityCheckThread:100 - exiting critical section [integrity check]
2026-06-23 06:00:12,701 [INFO] IntegrityCheckThread:103 - End integrity checks thread
2026-06-23 06:00:12,702 [INFO] ThirdParty:873 - entering critical section [close project]
2026-06-23 06:00:12,703 [INFO] ThirdParty:883 - exiting critical section [close project]
2026-06-23 06:00:12,704 [INFO] PinOutPanel:1499 - setPackage(No Configuration,No Configuration)
2026-06-23 06:00:12,710 [INFO] UtilMem:75 - Begin LoadConfig() Used Memory: 203863168 Bytes (274726912)
2026-06-23 06:00:12,712 [INFO] MicroXplorer:468 - Change Database Path : 
2026-06-23 06:00:12,712 [INFO] MicroXplorer:498 - Change Database Version : DB.6.0.92
2026-06-23 06:00:12,712 [INFO] OpenFileManager:308 - Change cursor
2026-06-23 06:00:12,731 [INFO] Mcu:1946 - Initializing MCU STM32L476R(C-E-G)Tx STM32L476RGTx STM32L476RGT6
2026-06-23 06:00:14,178 [INFO] Context:659 - Trying to add GPIOservice into a context  which must be forbidden
2026-06-23 06:00:14,909 [INFO] RtosManager:555 - Registered RTOS mode: class=CMSIS, group=RTOS, mode=CMSIS_V1, owner=FREERTOS
2026-06-23 06:00:14,909 [INFO] RtosManager:555 - Registered RTOS mode: class=CMSIS, group=RTOS2, mode=CMSIS_V2, owner=FREERTOS
2026-06-23 06:00:14,909 [INFO] RtosManager:555 - Registered RTOS mode: class=RTOS, group=Core, mode=CMSIS_V1, owner=FREERTOS
2026-06-23 06:00:14,909 [INFO] RtosManager:555 - Registered RTOS mode: class=RTOS, group=Core, mode=CMSIS_V2, owner=FREERTOS
2026-06-23 06:00:14,909 [WARN] ModelIntegratedComponent:184 - Missing modes for component STMicroelectronics:FreeRTOS:0.0.1:STMicroelectronics:RTOS:FreeRTOS:Core:::10.2.0:
2026-06-23 06:00:14,915 [WARN] ModelIntegratedComponent:63 - No mode defined for component null
2026-06-23 06:00:14,915 [WARN] ModelIntegratedComponent:63 - No mode defined for component null
2026-06-23 06:00:14,915 [WARN] ModelIntegratedComponent:63 - No mode defined for component null
2026-06-23 06:00:14,915 [WARN] ModelIntegratedComponent:63 - No mode defined for component null
2026-06-23 06:00:14,915 [WARN] ModelIntegratedComponent:63 - No mode defined for component null
2026-06-23 06:00:14,915 [WARN] ModelIntegratedComponent:63 - No mode defined for component null
2026-06-23 06:00:14,915 [WARN] ModelIntegratedComponent:63 - No mode defined for component null
2026-06-23 06:00:14,915 [WARN] ModelIntegratedComponent:63 - No mode defined for component null
2026-06-23 06:00:14,915 [WARN] ModelIntegratedComponent:63 - No mode defined for component null
2026-06-23 06:00:14,915 [WARN] ModelIntegratedComponent:63 - No mode defined for component null
2026-06-23 06:00:14,915 [WARN] ModelIntegratedComponent:63 - No mode defined for component null
2026-06-23 06:00:14,915 [WARN] ModelIntegratedComponent:63 - No mode defined for component null
2026-06-23 06:00:14,915 [WARN] ModelIntegratedComponent:63 - No mode defined for component null
2026-06-23 06:00:14,915 [WARN] ModelIntegratedComponent:63 - No mode defined for component null
2026-06-23 06:00:14,915 [WARN] ModelIntegratedComponent:63 - No mode defined for component null
2026-06-23 06:00:14,915 [WARN] ModelIntegratedComponent:63 - No mode defined for component null
2026-06-23 06:00:14,915 [WARN] ModelIntegratedComponent:63 - No mode defined for component null
2026-06-23 06:00:14,915 [WARN] ModelIntegratedComponent:63 - No mode defined for component null
2026-06-23 06:00:14,915 [WARN] ModelIntegratedComponent:63 - No mode defined for component null
2026-06-23 06:00:14,915 [WARN] ModelIntegratedComponent:63 - No mode defined for component null
2026-06-23 06:00:14,915 [WARN] ModelIntegratedComponent:63 - No mode defined for component null
2026-06-23 06:00:14,915 [WARN] ModelIntegratedComponent:63 - No mode defined for component null
2026-06-23 06:00:14,915 [WARN] ModelIntegratedComponent:63 - No mode defined for component null
2026-06-23 06:00:14,915 [WARN] ModelIntegratedComponent:63 - No mode defined for component null
2026-06-23 06:00:14,915 [WARN] ModelIntegratedComponent:63 - No mode defined for component null
2026-06-23 06:00:14,915 [WARN] ModelIntegratedComponent:63 - No mode defined for component null
2026-06-23 06:00:14,915 [WARN] ModelIntegratedComponent:63 - No mode defined for component null
2026-06-23 06:00:14,915 [WARN] ModelIntegratedComponent:63 - No mode defined for component null
2026-06-23 06:00:14,915 [WARN] ModelIntegratedComponent:63 - No mode defined for component null
2026-06-23 06:00:14,915 [WARN] ModelIntegratedComponent:63 - No mode defined for component null
2026-06-23 06:00:14,916 [WARN] ModelIntegratedComponent:63 - No mode defined for component null
2026-06-23 06:00:14,916 [WARN] ModelIntegratedComponent:63 - No mode defined for component null
2026-06-23 06:00:14,916 [WARN] ModelIntegratedComponent:63 - No mode defined for component null
2026-06-23 06:00:14,957 [INFO] ThirdPartyModel:298 - Start build external matchings
2026-06-23 06:00:15,064 [INFO] ThirdPartyModel:316 - End build external matchings
2026-06-23 06:00:15,073 [INFO] ImportTextPane:194 - (OptionalMessage_ERROR) IP (ADC1) : Parameter (CommonPathInternal) has invalid value (null|ADC_CHANNEL_TEMPSENSOR|null|null)
2026-06-23 06:00:15,074 [INFO] ImportTextPane:194 - (OptionalMessage_ERROR) IP (ADC2) : Parameter (CommonPathInternal) has invalid value (null|null|null|null)
2026-06-23 06:00:15,074 [INFO] ImportTextPane:194 - (OptionalMessage_ERROR) IP (DMA) : Parameter (Instance) has Id (ADC2) currently not set
2026-06-23 06:00:15,074 [INFO] ImportTextPane:194 - (OptionalMessage_ERROR) IP (DMA) : Parameter (Request) has Id (ADC2) currently not set
2026-06-23 06:00:15,074 [INFO] ImportTextPane:194 - (OptionalMessage_ERROR) IP (DMA) : Parameter (Direction) has Id (ADC2) currently not set
2026-06-23 06:00:15,074 [INFO] ImportTextPane:194 - (OptionalMessage_ERROR) IP (DMA) : Parameter (PeriphInc) has Id (ADC2) currently not set
2026-06-23 06:00:15,074 [INFO] ImportTextPane:194 - (OptionalMessage_ERROR) IP (DMA) : Parameter (MemInc) has Id (ADC2) currently not set
2026-06-23 06:00:15,074 [INFO] ImportTextPane:194 - (OptionalMessage_ERROR) IP (DMA) : Parameter (PeriphDataAlignment) has Id (ADC2) currently not set
2026-06-23 06:00:15,074 [INFO] ImportTextPane:194 - (OptionalMessage_ERROR) IP (DMA) : Parameter (MemDataAlignment) has Id (ADC2) currently not set
2026-06-23 06:00:15,074 [INFO] ImportTextPane:194 - (OptionalMessage_ERROR) IP (DMA) : Parameter (Mode) has Id (ADC2) currently not set
2026-06-23 06:00:15,074 [INFO] ImportTextPane:194 - (OptionalMessage_ERROR) IP (DMA) : Parameter (Priority) has Id (ADC2) currently not set
2026-06-23 06:00:15,284 [INFO] UtilMem:75 - End LoadConfig() Used Memory: 254892288 Bytes (538968064)
2026-06-23 06:00:15,338 [INFO] ApiDb:581 - Connected to CubeFinder SQLite database (/home/papijou/.stmcufinder/plugins/mcufinder/mcu/cube-finder-db.db)
2026-06-23 06:00:15,402 [INFO] ApiDb:668 - CubeFinder database Data Model version=2.1
2026-06-23 06:00:15,402 [INFO] ApiDb:669 - CubeFinder database Configuration version=3.0.42
2026-06-23 06:00:15,402 [INFO] ApiDb:670 - CubeFinder database generation date=2026-05-14 (1778746352)
2026-06-23 06:00:15,402 [INFO] ApiDb:671 - CubeFinder database FW Pack versions=[FP-ATR-ASTRA1_V2.0.0, FP-SNS-FLIGHT1_V5.1.0, FP-SNS-MOTENV1_V5.1.0, FP-SNS-MOTENVWB1_V1.5.0, FP-SNS-SMARTAG2_V1.2.0, FP-SNS-STBOX1_V2.1.0, STM32Cube_FW_C0_V1.4.0, STM32Cube_FW_F4_V1.28.3, STM32Cube_FW_F7_V1.17.4, STM32Cube_FW_G0_V1.6.3, STM32Cube_FW_G4_V1.6.2, STM32Cube_FW_H5_V1.6.0, STM32Cube_FW_H7RS_V1.3.0, STM32Cube_FW_H7_V1.13.0, STM32Cube_FW_L0_V1.12.2, STM32Cube_FW_L4_V1.18.2, STM32Cube_FW_L5_V1.6.0, STM32Cube_FW_N6_V1.3.0, STM32Cube_FW_U0_V1.3.0, STM32Cube_FW_U3_V1.3.0, STM32Cube_FW_U5_V1.8.0, STM32Cube_FW_WB0_V1.4.0, STM32Cube_FW_WBA_V1.9.0, STM32Cube_FW_WB_V1.24.0, STM32Cube_FW_WL3_V1.4.0, STM32Cube_FW_WL_V1.5.0, X-CUBE-ALGOBUILD_V1.4.0, X-CUBE-ALS_V1.0.2, X-CUBE-AZRTOS-F4_V1.1.0, X-CUBE-AZRTOS-F7_V1.1.0, X-CUBE-AZRTOS-G0_V1.1.0, X-CUBE-AZRTOS-G4_V2.0.0, X-CUBE-AZRTOS-H7RS_V1.1.0, X-CUBE-AZRTOS-H7_V3.5.0, X-CUBE-AZRTOS-L4_V2.0.0, X-CUBE-AZRTOS-L5_V2.0.0, X-CUBE-AZRTOS-WB_V2.0.0, X-CUBE-AZRTOS-WL_V2.0.0, X-CUBE-BLE1_V7.1.0, X-CUBE-BLE2_V3.3.0, X-CUBE-BLEMGR_V4.1.0, X-CUBE-EEPRMA1_V5.2.0, X-CUBE-FREERTOS_V1.5.0, X-CUBE-GNSS1_V7.1.1, X-CUBE-MEMS1_V12.1.0, X-CUBE-NFC4_V3.0.0, X-CUBE-NFC7_V2.0.0, X-CUBE-SFXS2LP1_V4.0.0, X-CUBE-ST67W61_V1.3.0, X-CUBE-SUBG2_V5.0.0, X-CUBE-TOF1_V3.4.3]
2026-06-23 06:00:17,120 [INFO] ApiDb:240 - Found 323 in-development CPN: [B-G473E-ZEST1S, B-WB1M-WPAN1, B-WL5M-SUBG1, NUCLEO-C031C6, NUCLEO-H503RB, NUCLEO-H563ZI, NUCLEO-U545RE-Q, NUCLEO-U5A5ZJ-Q, NUCLEO-WBA52CG, STEVAL-PROTEUS1, STEVAL-SMARTAG2, STEVAL-STWINBX1, STM320518-EVAL, STM32C0116-DK, STM32C011D6Y3TR, STM32C011D6Y6TR, STM32C011F4P3, STM32C011F4P6, STM32C011F4U3, STM32C011F4U6TR, STM32C011F6P3, STM32C011F6P6, STM32C011F6U3, STM32C011F6U6TR, STM32C011J4M3, STM32C011J4M6, STM32C011J6M3, STM32C011J6M6, STM32C0316-DK, STM32C031C4T3, STM32C031C4T6, STM32C031C4U3, STM32C031C4U6, STM32C031C6T3, STM32C031C6T6, STM32C031C6U3, STM32C031C6U6, STM32C031F4P3, STM32C031F4P6, STM32C031F6P3, STM32C031F6P6, STM32C031G4U3, STM32C031G4U6, STM32C031G6U3, STM32C031G6U6, STM32C031K4T3, STM32C031K4T6, STM32C031K4U3, STM32C031K4U6, STM32C031K6T3, STM32C031K6T6, STM32C031K6U3, STM32C031K6U6, STM32G071K8TXN, STM32G071K8UXN, STM32G081GBU6N, STM32G081KBT6N, STM32G081KBUXN, STM32G0B1CCT6N, STM32G0B1KCT6, STM32G0B1NEY6TR, STM32G0B1RCT6N, STM32G0C1CCT6, STM32G0C1CCT6N, STM32G0C1CCU6N, STM32G0C1CET6N, STM32G0C1CEU6N, STM32G0C1KCT6, STM32G0C1NEY6TR, STM32G0C1RCI6N, STM32G0C1RCT6N, STM32G0C1REI6N, STM32G0C1RET6N, STM32G0C1VCI6, STM32G0C1VEI6, STM32G471CCT6, STM32G471CCU6, STM32G471CET3, STM32G471CET6, STM32G471CEU3, STM32G471CEU6, STM32G471MCT6, STM32G471MET3, STM32G471MET6, STM32G471MEY6TR, STM32G471QCT6, STM32G471QET3, STM32G471RCT6, STM32G471RET3, STM32G471RET6, STM32G471VCH6, STM32G471VCI6, STM32G471VCT6, STM32G471VEH3, STM32G471VEH6, STM32G471VEI3, STM32G471VEI6, STM32G471VET3, STM32G471VET6, STM32G474CCT6, STM32H503CBT6, STM32H503CBU6, STM32H503EBY6TR, STM32H503KBU6, STM32H503RBT6, STM32H562AGI6, STM32H562AII6, STM32H562IGK6, STM32H562IGT6, STM32H562IIK6, STM32H562IIT6, STM32H562RGT6, STM32H562RGV6, STM32H562RIT6, STM32H562RIV6, STM32H562VGT6, STM32H562VIT6, STM32H562ZGT6, STM32H562ZIT6, STM32H563AGI6, STM32H563AII3Q, STM32H563AII6, STM32H563IGK6, STM32H563IGT6, STM32H563IIK3Q, STM32H563IIK6, STM32H563IIT3Q, STM32H563IIT6, STM32H563MIY3QTR, STM32H563RGT6, STM32H563RGV6, STM32H563RIT6, STM32H563RIV6, STM32H563VGT6, STM32H563VIT3Q, STM32H563VIT6, STM32H563ZGT6, STM32H563ZIT3Q, STM32H563ZIT6, STM32H573AII3Q, STM32H573AII6, STM32H573I-DK, STM32H573IIK3Q, STM32H573IIK6, STM32H573IIT3Q, STM32H573IIT6, STM32H573MIY3QTR, STM32H573RIT6, STM32H573RIV6, STM32H573VIT3Q, STM32H573VIT6, STM32H573ZIT3Q, STM32H573ZIT6, STM32L4R5QGI6STR, STM32MP131AAE3, STM32MP131AAF3, STM32MP131AAG3, STM32MP131CAE3, STM32MP131CAF3, STM32MP131CAG3, STM32MP131DAE7, STM32MP131DAF7, STM32MP131DAG7, STM32MP131FAE7, STM32MP131FAF7, STM32MP131FAG7, STM32MP133AAE3, STM32MP133AAF3, STM32MP133AAG3, STM32MP133CAE3, STM32MP133CAF3, STM32MP133CAG3, STM32MP133DAE7, STM32MP133DAF7, STM32MP133DAG7, STM32MP133FAE7, STM32MP133FAF7, STM32MP133FAG7, STM32MP135AAE3, STM32MP135AAF3, STM32MP135AAG3, STM32MP135CAE3, STM32MP135CAF3, STM32MP135CAG3, STM32MP135DAE7, STM32MP135DAF7, STM32MP135DAG7, STM32MP135F-DK, STM32MP135FAE7, STM32MP135FAF7, STM32MP135FAF7T, STM32MP135FAF7U, STM32MP135FAG7, STM32U535CBT6, STM32U535CBT6Q, STM32U535CBU6, STM32U535CBU6Q, STM32U535CCT6, STM32U535CCT6Q, STM32U535CCU6, STM32U535CCU6Q, STM32U535CET6, STM32U535CET6Q, STM32U535CEU6, STM32U535CEU6Q, STM32U535JEY6QTR, STM32U535NCY6QTR, STM32U535NEY6QTR, STM32U535RBI6, STM32U535RBI6Q, STM32U535RBT6, STM32U535RBT6Q, STM32U535RCI6, STM32U535RCI6Q, STM32U535RCT6, STM32U535RCT6Q, STM32U535REI6, STM32U535REI6Q, STM32U535RET6, STM32U535RET6Q, STM32U535VCI6, STM32U535VCI6Q, STM32U535VCT6, STM32U535VCT6Q, STM32U535VEI6, STM32U535VEI6Q, STM32U535VET6, STM32U535VET6Q, STM32U545CET6, STM32U545CET6Q, STM32U545CEU6, STM32U545CEU6Q, STM32U545JEY6QTR, STM32U545NEY6QTR, STM32U545REI6, STM32U545REI6Q, STM32U545RET6, STM32U545RET6Q, STM32U545VEI6, STM32U545VEI6Q, STM32U545VET6, STM32U545VET6Q, STM32U595AIH6, STM32U595AIH6Q, STM32U595AJH6, STM32U595AJH6Q, STM32U595QII6, STM32U595QII6Q, STM32U595QJI6, STM32U595QJI6Q, STM32U595RIT6, STM32U595RIT6Q, STM32U595RJT6, STM32U595RJT6Q, STM32U595VIT6, STM32U595VIT6Q, STM32U595VJT6, STM32U595VJT6Q, STM32U595ZIT6, STM32U595ZIT6Q, STM32U595ZIY6QTR, STM32U595ZJT6, STM32U595ZJT6Q, STM32U595ZJY6QTR, STM32U599BJY6QTR, STM32U599NIH6Q, STM32U599NJH6Q, STM32U599VIT6Q, STM32U599VJT6, STM32U599VJT6Q, STM32U599ZIT6Q, STM32U599ZIY6QTR, STM32U599ZJT6Q, STM32U599ZJY6QTR, STM32U5A5AJH6, STM32U5A5AJH6Q, STM32U5A5QJI6, STM32U5A5QJI6Q, STM32U5A5RJT6, STM32U5A5RJT6Q, STM32U5A5VJT6, STM32U5A5VJT6Q, STM32U5A5ZJT6, STM32U5A5ZJT6Q, STM32U5A5ZJY6QTR, STM32U5A9BJY6QTR, STM32U5A9J-DK, STM32U5A9NJH6Q, STM32U5A9VJT6Q, STM32U5A9ZJT6Q, STM32U5A9ZJY6QTR, STM32U5F7VIT6, STM32U5F7VIT6Q, STM32U5F7VJT6, STM32U5F7VJT6Q, STM32U5F9BJY6QTR, STM32U5F9NJH6Q, STM32U5F9VIT6Q, STM32U5F9VJT6Q, STM32U5F9ZIJ6QTR, STM32U5F9ZIT6Q, STM32U5F9ZJJ6QTR, STM32U5F9ZJT6Q, STM32U5G7VJT6, STM32U5G7VJT6Q, STM32U5G9BJY6QTR, STM32U5G9J-DK1, STM32U5G9J-DK2, STM32U5G9NJH6Q, STM32U5G9VJT6Q, STM32U5G9ZJJ6QTR, STM32U5G9ZJT6Q, STM32WB1MMCH6, STM32WBA52CEU6, STM32WBA52CEU6T, STM32WBA52CGU6, STM32WBA52CGU6T, STM32WBA52KEU6, STM32WBA52KEU6T, STM32WBA52KGU6, STM32WBA52KGU6T, STM32WL5MOCH6, STM32WL5MOCH6TR]
2026-06-23 06:00:17,124 [INFO] DbMcus:217 - Found 5061 MCUs, 4943 are supported
2026-06-23 06:00:17,124 [INFO] ApiDb:423 - Load user favorites file /home/papijou/.stm32cubeide/favorites.mcus.txt: 0 item(s)
2026-06-23 06:00:17,124 [INFO] ApiDb:427 - User favorites MCUs=[]
2026-06-23 06:00:17,124 [INFO] DbMcus:223 - Set 0 / 0 favorites MCUs
2026-06-23 06:00:17,458 [WARN] ThirdParty:833 - waiting for thirdparty lock release [change project]
2026-06-23 06:00:17,458 [INFO] ThirdParty:835 - entering critical section [change project]
2026-06-23 06:00:17,458 [INFO] ThirdParty:1030 - CMSIS Pack Vendor :STMicroelectronics X-CUBE-AZRTOS-H7 3.5.0
2026-06-23 06:00:17,458 [INFO] ThirdParty:1030 - CMSIS Pack Vendor :STMicroelectronics X-CUBE-PM33A1 1.0.0
2026-06-23 06:00:17,458 [INFO] ThirdParty:1030 - CMSIS Pack Vendor :STMicroelectronics USBPD 4.1
2026-06-23 06:00:17,458 [INFO] ThirdParty:1030 - CMSIS Pack Vendor :STMicroelectronics X-CUBE-NFC9 1.0.0
2026-06-23 06:00:17,458 [INFO] ThirdParty:1030 - CMSIS Pack Vendor :STMicroelectronics USB_HOST 2.0.0
2026-06-23 06:00:17,458 [INFO] ThirdParty:1030 - CMSIS Pack Vendor :STMicroelectronics X-CUBE-AZRTOS-F4 1.1.0
2026-06-23 06:00:17,458 [INFO] ThirdParty:1030 - CMSIS Pack Vendor :STMicroelectronics LIBJPEG 8.0.0
2026-06-23 06:00:17,458 [INFO] ThirdParty:1030 - CMSIS Pack Vendor :STMicroelectronics X-CUBE-BLE1 7.1.0
2026-06-23 06:00:17,458 [INFO] ThirdParty:1030 - CMSIS Pack Vendor :wolfSSL I-CUBE-wolfMQTT 1.19.2
2026-06-23 06:00:17,458 [INFO] ThirdParty:1030 - CMSIS Pack Vendor :STMicroelectronics USB_DEVICE 3.0.0
2026-06-23 06:00:17,458 [INFO] ThirdParty:1030 - CMSIS Pack Vendor :STMicroelectronics X-CUBE-ISPU 2.1.0
2026-06-23 06:00:17,458 [INFO] ThirdParty:1030 - CMSIS Pack Vendor :STMicroelectronics X-CUBE-EEPRMA1 5.2.0
2026-06-23 06:00:17,458 [INFO] ThirdParty:1030 - CMSIS Pack Vendor :STMicroelectronics X-CUBE-AZRTOS-WB 2.0.0
2026-06-23 06:00:17,458 [INFO] ThirdParty:1030 - CMSIS Pack Vendor :STMicroelectronics X-CUBE-NFC12 1.0.0
2026-06-23 06:00:17,458 [INFO] ThirdParty:1030 - CMSIS Pack Vendor :STMicroelectronics X-CUBE-AZRTOS-F7 1.1.0
2026-06-23 06:00:17,458 [INFO] ThirdParty:1030 - CMSIS Pack Vendor :STMicroelectronics X-CUBE-AZRTOS-L5 2.0.0
2026-06-23 06:00:17,458 [INFO] ThirdParty:1030 - CMSIS Pack Vendor :STMicroelectronics USB_DEVICE 2.0.0
2026-06-23 06:00:17,458 [INFO] ThirdParty:1030 - CMSIS Pack Vendor :STMicroelectronics X-CUBE-STSE01 2.0.0
2026-06-23 06:00:17,458 [INFO] ThirdParty:1030 - CMSIS Pack Vendor :STMicroelectronics X-CUBE-ALGOBUILD 1.5.0
2026-06-23 06:00:17,458 [INFO] ThirdParty:1030 - CMSIS Pack Vendor :STMicroelectronics FreeRTOS 0.0.1
2026-06-23 06:00:17,458 [INFO] ThirdParty:1030 - CMSIS Pack Vendor :STMicroelectronics X-CUBE-AZRTOS-G0 1.1.0
2026-06-23 06:00:17,458 [INFO] ThirdParty:1030 - CMSIS Pack Vendor :STMicroelectronics X-CUBE-NFC4 3.0.0
2026-06-23 06:00:17,458 [INFO] ThirdParty:1030 - CMSIS Pack Vendor :STMicroelectronics X-CUBE-SUBG2 5.0.0
2026-06-23 06:00:17,459 [INFO] ThirdParty:1030 - CMSIS Pack Vendor :STMicroelectronics STM32_WPAN 1.0.0
2026-06-23 06:00:17,459 [INFO] ThirdParty:1030 - CMSIS Pack Vendor :STMicroelectronics lwIP 2.0.3
2026-06-23 06:00:17,459 [INFO] ThirdParty:1030 - CMSIS Pack Vendor :STMicroelectronics USB_HOST 1.0.0
2026-06-23 06:00:17,459 [INFO] ThirdParty:1030 - CMSIS Pack Vendor :STMicroelectronics X-CUBE-AZRTOS-G4 2.0.0
2026-06-23 06:00:17,459 [INFO] ThirdParty:1030 - CMSIS Pack Vendor :STMicroelectronics PDM2PCM 3.1.0
2026-06-23 06:00:17,459 [INFO] ThirdParty:1030 - CMSIS Pack Vendor :STMicroelectronics PDM2PCM 3.3.0
2026-06-23 06:00:17,459 [INFO] ThirdParty:1030 - CMSIS Pack Vendor :wolfSSL I-CUBE-wolfTPM 3.8.0
2026-06-23 06:00:17,459 [INFO] ThirdParty:1030 - CMSIS Pack Vendor :STMicroelectronics X-CUBE-DISPLAY 3.0.0
2026-06-23 06:00:17,459 [INFO] ThirdParty:1030 - CMSIS Pack Vendor :wolfSSL I-CUBE-wolfSSH 1.4.20
2026-06-23 06:00:17,459 [INFO] ThirdParty:1030 - CMSIS Pack Vendor :STMicroelectronics X-CUBE-NFC7 2.0.0
2026-06-23 06:00:17,459 [INFO] ThirdParty:1030 - CMSIS Pack Vendor :STMicroelectronics X-CUBE-GNSS1 7.1.1
2026-06-23 06:00:17,459 [INFO] ThirdParty:1030 - CMSIS Pack Vendor :wolfSSL I-CUBE-wolfSSL 5.9.1
2026-06-23 06:00:17,459 [INFO] ThirdParty:1030 - CMSIS Pack Vendor :STMicroelectronics FP-ATR-SIGFOX1 3.2.0
2026-06-23 06:00:17,459 [INFO] ThirdParty:1030 - CMSIS Pack Vendor :STMicroelectronics X-CUBE-NFC10 1.0.0
2026-06-23 06:00:17,459 [INFO] ThirdParty:1030 - CMSIS Pack Vendor :STMicroelectronics HAL Drivers 0.0.0
2026-06-23 06:00:17,459 [INFO] ThirdParty:1030 - CMSIS Pack Vendor :STMicroelectronics MBEDTLS 2.16.2
2026-06-23 06:00:17,459 [INFO] ThirdParty:1030 - CMSIS Pack Vendor :emotas I-CUBE-CANOPEN 1.3.0
2026-06-23 06:00:17,459 [INFO] ThirdParty:1030 - CMSIS Pack Vendor :STMicroelectronics MBEDTLS 2.14.1
2026-06-23 06:00:17,459 [INFO] ThirdParty:1030 - CMSIS Pack Vendor :ITTIA_DB I-CUBE-ITTIADB 8.9.0
2026-06-23 06:00:17,459 [INFO] ThirdParty:1030 - CMSIS Pack Vendor :STMicroelectronics X-CUBE-TOUCHGFX 4.26.1
2026-06-23 06:00:17,459 [INFO] ThirdParty:1030 - CMSIS Pack Vendor :STMicroelectronics X-CUBE-NFC6 3.2.0
2026-06-23 06:00:17,459 [INFO] ThirdParty:1030 - CMSIS Pack Vendor :STMicroelectronics X-CUBE-AI 10.2.1
2026-06-23 06:00:17,459 [INFO] ThirdParty:1030 - CMSIS Pack Vendor :STMicroelectronics ThreadX 1.0.0
2026-06-23 06:00:17,459 [INFO] ThirdParty:1030 - CMSIS Pack Vendor :STMicroelectronics X-CUBE-MEMS1 12.1.0
2026-06-23 06:00:17,459 [INFO] ThirdParty:1030 - CMSIS Pack Vendor :STMicroelectronics X-CUBE-AZRTOS-WL 2.0.0
2026-06-23 06:00:17,459 [INFO] ThirdParty:1030 - CMSIS Pack Vendor :SEGGER I-CUBE-embOS 1.3.1
2026-06-23 06:00:17,459 [INFO] ThirdParty:1030 - CMSIS Pack Vendor :STMicroelectronics USB_DEVICE 1.0.0
2026-06-23 06:00:17,459 [INFO] ThirdParty:1030 - CMSIS Pack Vendor :STMicroelectronics X-CUBE-AZRTOS-H7RS 1.2.0
2026-06-23 06:00:17,459 [INFO] ThirdParty:1030 - CMSIS Pack Vendor :STMicroelectronics X-CUBE-AZRTOS-L4 2.0.0
2026-06-23 06:00:17,459 [INFO] ThirdParty:1030 - CMSIS Pack Vendor :STMicroelectronics ThreadX 0.0.2
2026-06-23 06:00:17,459 [INFO] ThirdParty:1030 - CMSIS Pack Vendor :STMicroelectronics lwIP 2.1.2
2026-06-23 06:00:17,459 [INFO] ThirdParty:1030 - CMSIS Pack Vendor :STMicroelectronics X-CUBE-SFXS2LP1 4.0.0
2026-06-23 06:00:17,459 [INFO] ThirdParty:1030 - CMSIS Pack Vendor :STMicroelectronics X-CUBE-BLE2 3.3.0
2026-06-23 06:00:17,459 [INFO] ThirdParty:1030 - CMSIS Pack Vendor :STMicroelectronics X-CUBE-NFC13 1.0.0
2026-06-23 06:00:17,459 [INFO] ThirdParty:1030 - CMSIS Pack Vendor :STMicroelectronics PDM2PCM 3.2.0
2026-06-23 06:00:17,459 [INFO] ThirdParty:1030 - CMSIS Pack Vendor :STMicroelectronics X-CUBE-WB05N 2.1.0
2026-06-23 06:00:17,459 [INFO] ThirdParty:841 - exiting critical section [change project]
2026-06-23 06:00:17,715 [INFO] PinOutPanel:1499 - setPackage(No Configuration,No Configuration)
2026-06-23 06:00:17,716 [INFO] PinOutPanel:1499 - setPackage(STM32L476RGTx,LQFP64)
2026-06-23 06:00:18,079 [INFO] UtilMem:75 - Before build in PCC Used Memory: 333925376 Bytes (538968064)
2026-06-23 06:00:18,554 [INFO] UtilMem:75 - After build in PCC Used Memory: 307397416 Bytes (538968064)
2026-06-23 06:00:18,579 [INFO] IPUIPlugin:80 - create IPUIPlugin
2026-06-23 06:00:18,579 [INFO] IPUIPlugin:80 - create IPUIPlugin
2026-06-23 06:00:18,579 [INFO] IPUIPlugin:80 - create IPUIPlugin
2026-06-23 06:00:18,579 [INFO] IPUIPlugin:80 - create IPUIPlugin
2026-06-23 06:00:18,579 [INFO] IPUIPlugin:80 - create IPUIPlugin
2026-06-23 06:00:18,579 [INFO] IPUIPlugin:80 - create IPUIPlugin
2026-06-23 06:00:18,580 [INFO] IPUIPlugin:80 - create IPUIPlugin
2026-06-23 06:00:18,580 [INFO] IPUIPlugin:80 - create IPUIPlugin
2026-06-23 06:00:18,580 [INFO] IPUIPlugin:80 - create IPUIPlugin
2026-06-23 06:00:18,580 [INFO] IPUIPlugin:80 - create IPUIPlugin
2026-06-23 06:00:18,580 [INFO] IPUIPlugin:80 - create IPUIPlugin
2026-06-23 06:00:18,580 [INFO] IPUIPlugin:80 - create IPUIPlugin
2026-06-23 06:00:18,580 [INFO] IPUIPlugin:80 - create IPUIPlugin
2026-06-23 06:00:18,580 [INFO] IPUIPlugin:80 - create IPUIPlugin
2026-06-23 06:00:18,581 [INFO] IPUIPlugin:80 - create IPUIPlugin
2026-06-23 06:00:18,581 [INFO] IPUIPlugin:80 - create IPUIPlugin
2026-06-23 06:00:18,581 [INFO] IPUIPlugin:80 - create IPUIPlugin
2026-06-23 06:00:18,581 [INFO] IPUIPlugin:80 - create IPUIPlugin
2026-06-23 06:00:18,581 [INFO] IPUIPlugin:80 - create IPUIPlugin
2026-06-23 06:00:18,581 [INFO] IPUIPlugin:80 - create IPUIPlugin
2026-06-23 06:00:18,581 [INFO] IPUIPlugin:80 - create IPUIPlugin
2026-06-23 06:00:18,582 [INFO] IPUIPlugin:80 - create IPUIPlugin
2026-06-23 06:00:18,582 [INFO] IPUIPlugin:80 - create IPUIPlugin
2026-06-23 06:00:18,582 [INFO] IPUIPlugin:80 - create IPUIPlugin
2026-06-23 06:00:18,582 [INFO] IPUIPlugin:80 - create IPUIPlugin
2026-06-23 06:00:18,582 [INFO] IPUIPlugin:80 - create IPUIPlugin
2026-06-23 06:00:18,582 [INFO] IPUIPlugin:80 - create IPUIPlugin
2026-06-23 06:00:18,582 [INFO] IPUIPlugin:80 - create IPUIPlugin
2026-06-23 06:00:18,582 [INFO] IPUIPlugin:80 - create IPUIPlugin
2026-06-23 06:00:18,583 [INFO] IPUIPlugin:80 - create IPUIPlugin
2026-06-23 06:00:18,583 [INFO] IPUIPlugin:80 - create IPUIPlugin
2026-06-23 06:00:18,583 [INFO] IPUIPlugin:80 - create IPUIPlugin
2026-06-23 06:00:18,583 [INFO] IPUIPlugin:80 - create IPUIPlugin
2026-06-23 06:00:18,583 [INFO] IPUIPlugin:80 - create IPUIPlugin
2026-06-23 06:00:18,583 [INFO] IPUIPlugin:80 - create IPUIPlugin
2026-06-23 06:00:18,583 [INFO] IPUIPlugin:80 - create IPUIPlugin
2026-06-23 06:00:18,583 [INFO] IPUIPlugin:80 - create IPUIPlugin
2026-06-23 06:00:18,583 [INFO] IPUIPlugin:80 - create IPUIPlugin
2026-06-23 06:00:18,584 [INFO] IPUIPlugin:80 - create IPUIPlugin
2026-06-23 06:00:18,584 [INFO] IPUIPlugin:80 - create IPUIPlugin
2026-06-23 06:00:18,584 [INFO] IPUIPlugin:80 - create IPUIPlugin
2026-06-23 06:00:18,584 [INFO] IPUIPlugin:80 - create IPUIPlugin
2026-06-23 06:00:18,584 [INFO] IPUIPlugin:80 - create IPUIPlugin
2026-06-23 06:00:18,584 [INFO] IPUIPlugin:80 - create IPUIPlugin
2026-06-23 06:00:18,584 [INFO] IPUIPlugin:80 - create IPUIPlugin
2026-06-23 06:00:18,584 [INFO] IPUIPlugin:80 - create IPUIPlugin
2026-06-23 06:00:18,584 [INFO] IPUIPlugin:80 - create IPUIPlugin
2026-06-23 06:00:18,584 [INFO] IPUIPlugin:80 - create IPUIPlugin
2026-06-23 06:00:18,585 [INFO] IPUIPlugin:80 - create IPUIPlugin
2026-06-23 06:00:18,585 [INFO] IPUIPlugin:80 - create IPUIPlugin
2026-06-23 06:00:18,585 [INFO] IPUIPlugin:80 - create IPUIPlugin
2026-06-23 06:00:18,585 [INFO] IPUIPlugin:80 - create IPUIPlugin
2026-06-23 06:00:18,585 [INFO] IPUIPlugin:80 - create IPUIPlugin
2026-06-23 06:00:18,585 [INFO] IPUIPlugin:80 - create IPUIPlugin
2026-06-23 06:00:18,585 [INFO] IPUIPlugin:80 - create IPUIPlugin
2026-06-23 06:00:18,586 [INFO] IPUIPlugin:80 - create IPUIPlugin
2026-06-23 06:00:18,586 [INFO] IPUIPlugin:80 - create IPUIPlugin
2026-06-23 06:00:18,586 [INFO] IPUIPlugin:80 - create IPUIPlugin
2026-06-23 06:00:18,587 [INFO] IPUIPlugin:80 - create IPUIPlugin
2026-06-23 06:00:18,715 [INFO] CADModel:165 - CPN selected for project levelSTM32L476RGT6
2026-06-23 06:00:18,715 [INFO] CADModel:114 - Register for checkConnection events
2026-06-23 06:00:18,755 [INFO] OpenFileManager:328 - Restore cursor
2026-06-23 06:00:31,926 [ERROR] LogOutputStream:75 - [STDERR_REDIRECT] SLF4J: Failed to load class "org.slf4j.impl.StaticLoggerBinder".
2026-06-23 06:00:31,927 [ERROR] LogOutputStream:75 - [STDERR_REDIRECT] SLF4J: Defaulting to no-operation (NOP) logger implementation
2026-06-23 06:00:31,927 [ERROR] LogOutputStream:75 - [STDERR_REDIRECT] SLF4J: See http://www.slf4j.org/codes.html#StaticLoggerBinder for further details.
2026-06-23 06:01:16,571 [INFO] NvicIntPanel:101 - NVIC parent = com.st.microxplorer.plugins.ip.nvic.MultiNvicIntPanel[,0,0,0x0,invalid,layout=javax.swing.BoxLayout,alignmentX=0.0,alignmentY=0.0,border=,flags=9,maximumSize=,minimumSize=,preferredSize=]
2026-06-23 06:01:19,433 [INFO] NvicIntPanel:101 - NVIC parent = com.st.microxplorer.plugins.ip.nvic.MultiNvicIntPanel[,0,0,0x0,invalid,layout=javax.swing.BoxLayout,alignmentX=0.0,alignmentY=0.0,border=,flags=9,maximumSize=,minimumSize=,preferredSize=]
2026-06-23 06:01:21,269 [INFO] UtilMem:75 - End SaveConfig() Used Memory: 223355616 Bytes (538968064)
2026-06-23 06:01:21,611 [INFO] UtilMem:75 - End SaveConfig() Used Memory: 272112352 Bytes (538968064)
2026-06-23 06:01:21,775 [INFO] BlockDiagram:2759 - set Specific Code input for plugin: TIM1_8L4
2026-06-23 06:01:21,776 [INFO] BlockDiagram:2759 - set Specific Code input for plugin: TIM1_8L4
2026-06-23 06:01:21,776 [INFO] BlockDiagram:2759 - set Specific Code input for plugin: ADC
2026-06-23 06:01:21,776 [INFO] BlockDiagram:2759 - set Specific Code input for plugin: ADC
2026-06-23 06:01:21,776 [INFO] BlockDiagram:2759 - set Specific Code input for plugin: RCC
2026-06-23 06:01:21,776 [INFO] BlockDiagram:2759 - set Specific Code input for plugin: NVIC
2026-06-23 06:01:21,776 [INFO] BlockDiagram:2759 - set Specific Code input for plugin: USART
2026-06-23 06:01:21,776 [INFO] BlockDiagram:2759 - set Specific Code input for plugin: DMA
2026-06-23 06:01:21,776 [INFO] BlockDiagram:2759 - set Specific Code input for plugin: GPIO
2026-06-23 06:01:21,776 [INFO] CodeGenerator:799 - code generatio: config db path: /opt/st/stm32cubeide_1.13.2_2/plugins/com.st.stm32cube.common.mx_6.9.2.202309101412//db/
2026-06-23 06:01:21,898 [INFO] CodeEngine:255 - oldGeneratedFile, /home/papijou/Desktop/IPD439/IPD_439_Workspaces/Proyecto/STM32_workspace/ADC_AC/MXTmpFiles/license.tmp_save
2026-06-23 06:01:22,157 [INFO] CodeEngine:279 - Generated code: /home/papijou/Desktop/IPD439/IPD_439_Workspaces/Proyecto/STM32_workspace/ADC_AC/MXTmpFiles/license.tmp
2026-06-23 06:01:22,213 [INFO] CodeEngine:255 - oldGeneratedFile, /home/papijou/Desktop/IPD439/IPD_439_Workspaces/Proyecto/STM32_workspace/ADC_AC/Core/Src/gpio.c_save
2026-06-23 06:01:22,281 [INFO] CodeEngine:279 - Generated code: /home/papijou/Desktop/IPD439/IPD_439_Workspaces/Proyecto/STM32_workspace/ADC_AC/Core/Src/gpio.c
2026-06-23 06:01:22,282 [INFO] CodeEngine:255 - oldGeneratedFile, /home/papijou/Desktop/IPD439/IPD_439_Workspaces/Proyecto/STM32_workspace/ADC_AC/Core/Inc/gpio.h_save
2026-06-23 06:01:22,348 [INFO] CodeEngine:279 - Generated code: /home/papijou/Desktop/IPD439/IPD_439_Workspaces/Proyecto/STM32_workspace/ADC_AC/Core/Inc/gpio.h
2026-06-23 06:01:22,509 [INFO] CodeEngine:255 - oldGeneratedFile, /home/papijou/Desktop/IPD439/IPD_439_Workspaces/Proyecto/STM32_workspace/ADC_AC/Core/Src/adc.c_save
2026-06-23 06:01:22,626 [INFO] CodeEngine:279 - Generated code: /home/papijou/Desktop/IPD439/IPD_439_Workspaces/Proyecto/STM32_workspace/ADC_AC/Core/Src/adc.c
2026-06-23 06:01:22,628 [INFO] CodeEngine:255 - oldGeneratedFile, /home/papijou/Desktop/IPD439/IPD_439_Workspaces/Proyecto/STM32_workspace/ADC_AC/Core/Inc/adc.h_save
2026-06-23 06:01:22,704 [INFO] CodeEngine:279 - Generated code: /home/papijou/Desktop/IPD439/IPD_439_Workspaces/Proyecto/STM32_workspace/ADC_AC/Core/Inc/adc.h
2026-06-23 06:01:22,710 [INFO] CodeEngine:255 - oldGeneratedFile, /home/papijou/Desktop/IPD439/IPD_439_Workspaces/Proyecto/STM32_workspace/ADC_AC/Core/Src/dma.c_save
2026-06-23 06:01:22,764 [INFO] CodeEngine:279 - Generated code: /home/papijou/Desktop/IPD439/IPD_439_Workspaces/Proyecto/STM32_workspace/ADC_AC/Core/Src/dma.c
2026-06-23 06:01:22,765 [INFO] CodeEngine:255 - oldGeneratedFile, /home/papijou/Desktop/IPD439/IPD_439_Workspaces/Proyecto/STM32_workspace/ADC_AC/Core/Inc/dma.h_save
2026-06-23 06:01:22,817 [INFO] CodeEngine:279 - Generated code: /home/papijou/Desktop/IPD439/IPD_439_Workspaces/Proyecto/STM32_workspace/ADC_AC/Core/Inc/dma.h
2026-06-23 06:01:22,819 [INFO] CodeEngine:255 - oldGeneratedFile, /home/papijou/Desktop/IPD439/IPD_439_Workspaces/Proyecto/STM32_workspace/ADC_AC/Core/Src/tim.c_save
2026-06-23 06:01:22,898 [INFO] CodeEngine:279 - Generated code: /home/papijou/Desktop/IPD439/IPD_439_Workspaces/Proyecto/STM32_workspace/ADC_AC/Core/Src/tim.c
2026-06-23 06:01:22,900 [INFO] CodeEngine:255 - oldGeneratedFile, /home/papijou/Desktop/IPD439/IPD_439_Workspaces/Proyecto/STM32_workspace/ADC_AC/Core/Inc/tim.h_save
2026-06-23 06:01:22,954 [INFO] CodeEngine:279 - Generated code: /home/papijou/Desktop/IPD439/IPD_439_Workspaces/Proyecto/STM32_workspace/ADC_AC/Core/Inc/tim.h
2026-06-23 06:01:22,956 [INFO] CodeEngine:255 - oldGeneratedFile, /home/papijou/Desktop/IPD439/IPD_439_Workspaces/Proyecto/STM32_workspace/ADC_AC/Core/Src/usart.c_save
2026-06-23 06:01:23,025 [INFO] CodeEngine:279 - Generated code: /home/papijou/Desktop/IPD439/IPD_439_Workspaces/Proyecto/STM32_workspace/ADC_AC/Core/Src/usart.c
2026-06-23 06:01:23,026 [INFO] CodeEngine:255 - oldGeneratedFile, /home/papijou/Desktop/IPD439/IPD_439_Workspaces/Proyecto/STM32_workspace/ADC_AC/Core/Inc/usart.h_save
2026-06-23 06:01:23,072 [INFO] CodeEngine:279 - Generated code: /home/papijou/Desktop/IPD439/IPD_439_Workspaces/Proyecto/STM32_workspace/ADC_AC/Core/Inc/usart.h
2026-06-23 06:01:23,076 [INFO] CodeEngine:255 - oldGeneratedFile, /home/papijou/Desktop/IPD439/IPD_439_Workspaces/Proyecto/STM32_workspace/ADC_AC/Core/Src/stm32l4xx_it.c_save
2026-06-23 06:01:23,132 [INFO] CodeEngine:279 - Generated code: /home/papijou/Desktop/IPD439/IPD_439_Workspaces/Proyecto/STM32_workspace/ADC_AC/Core/Src/stm32l4xx_it.c
2026-06-23 06:01:23,133 [INFO] CodeEngine:255 - oldGeneratedFile, /home/papijou/Desktop/IPD439/IPD_439_Workspaces/Proyecto/STM32_workspace/ADC_AC/Core/Inc/stm32l4xx_it.h_save
2026-06-23 06:01:23,177 [INFO] CodeEngine:279 - Generated code: /home/papijou/Desktop/IPD439/IPD_439_Workspaces/Proyecto/STM32_workspace/ADC_AC/Core/Inc/stm32l4xx_it.h
2026-06-23 06:01:23,189 [INFO] CodeEngine:255 - oldGeneratedFile, /home/papijou/Desktop/IPD439/IPD_439_Workspaces/Proyecto/STM32_workspace/ADC_AC/Core/Src/stm32l4xx_hal_msp.c_save
2026-06-23 06:01:23,254 [INFO] CodeEngine:279 - Generated code: /home/papijou/Desktop/IPD439/IPD_439_Workspaces/Proyecto/STM32_workspace/ADC_AC/Core/Src/stm32l4xx_hal_msp.c
2026-06-23 06:01:23,255 [INFO] CodeEngine:255 - oldGeneratedFile, /home/papijou/Desktop/IPD439/IPD_439_Workspaces/Proyecto/STM32_workspace/ADC_AC/MXTmpFiles/system.tmp_save
2026-06-23 06:01:23,302 [INFO] CodeEngine:279 - Generated code: /home/papijou/Desktop/IPD439/IPD_439_Workspaces/Proyecto/STM32_workspace/ADC_AC/MXTmpFiles/system.tmp
2026-06-23 06:01:23,305 [INFO] CodeEngine:311 - oldGeneratedFile, /home/papijou/Desktop/IPD439/IPD_439_Workspaces/Proyecto/STM32_workspace/ADC_AC/Core/Inc/stm32l4xx_hal_conf.h_save
2026-06-23 06:01:23,368 [INFO] CodeEngine:335 - Generated code: /home/papijou/Desktop/IPD439/IPD_439_Workspaces/Proyecto/STM32_workspace/ADC_AC/Core/Inc/stm32l4xx_hal_conf.h
2026-06-23 06:01:23,384 [INFO] CodeEngine:255 - oldGeneratedFile, /home/papijou/Desktop/IPD439/IPD_439_Workspaces/Proyecto/STM32_workspace/ADC_AC/Core/Inc/main.h_save
2026-06-23 06:01:23,435 [INFO] CodeEngine:279 - Generated code: /home/papijou/Desktop/IPD439/IPD_439_Workspaces/Proyecto/STM32_workspace/ADC_AC/Core/Inc/main.h
2026-06-23 06:01:23,436 [INFO] CodeEngine:255 - oldGeneratedFile, /home/papijou/Desktop/IPD439/IPD_439_Workspaces/Proyecto/STM32_workspace/ADC_AC/Core/Src/main.c_save
2026-06-23 06:01:23,504 [INFO] CodeEngine:279 - Generated code: /home/papijou/Desktop/IPD439/IPD_439_Workspaces/Proyecto/STM32_workspace/ADC_AC/Core/Src/main.c
2026-06-23 06:01:23,754 [INFO] ProjectBuilder:3064 - Time for Copy HAL[1] : 46mS.
2026-06-23 06:01:23,758 [INFO] ProjectBuilder:4404 - Project Generator version: 4.1.0
2026-06-23 06:01:23,948 [INFO] ConfigFileManager:1457 - The Die is : DIE415
2026-06-23 06:01:23,958 [INFO] ApiDbMcu:507 - Load IP Config File for FATFS
2026-06-23 06:01:23,963 [INFO] ApiDbMcu:507 - Load IP Config File for FREERTOS
2026-06-23 06:01:23,978 [INFO] ApiDbMcu:507 - Load IP Config File for TOUCHSENSING
2026-06-23 06:01:23,984 [INFO] ApiDbMcu:507 - Load IP Config File for USB_DEVICE
2026-06-23 06:01:23,988 [INFO] ApiDbMcu:507 - Load IP Config File for USB_HOST
2026-06-23 06:01:24,467 [INFO] LogOutputStream:77 - [STDOUT_REDIRECT] 
2026-06-23 06:01:24,975 [INFO] ProjectBuilder:4626 - Time for Generating toolchain IDE Files: 1217mS.
2026-06-23 06:01:24,975 [INFO] ProjectBuilder:2935 - Time for Copy CMSIS : 0mS.
2026-06-23 06:01:24,976 [INFO] ProjectBuilder:2935 - Time for Copy CMSIS : 1mS.
2026-06-23 06:10:51,809 [INFO] ADCParametersView:116 -                Rank 1 : false
2026-06-23 06:10:51,840 [INFO] ADCParametersView:116 -                Rank 1 : false
2026-06-23 06:10:51,840 [INFO] ADCParametersView:116 -                Rank 1 : false
2026-06-23 06:10:51,840 [INFO] ADCParametersView:116 -                Rank 1 : false
2026-06-23 06:10:51,840 [INFO] ADCParametersView:116 -                Rank 1 : false
2026-06-23 06:10:51,841 [INFO] ADCParametersView:116 -                Rank 1 : false
2026-06-23 06:10:51,841 [INFO] ADCParametersView:116 -                Rank 1 : false
2026-06-23 06:10:51,841 [INFO] ADCParametersView:116 -                Rank 1 : false
2026-06-23 06:10:51,841 [INFO] ADCParametersView:116 -                Rank 1 : false
2026-06-23 06:10:51,841 [INFO] ADCParametersView:116 -                Rank 1 : false
2026-06-23 06:10:51,841 [INFO] ADCParametersView:116 -                Rank 1 : false
2026-06-23 06:10:51,841 [INFO] ADCParametersView:116 -                Rank 1 : false
2026-06-23 06:10:51,841 [INFO] ADCParametersView:116 -                Rank 1 : false
2026-06-23 06:10:51,841 [INFO] ADCParametersView:116 -                Rank 1 : false
2026-06-23 06:10:51,841 [INFO] ADCParametersView:116 -                Rank 1 : false
2026-06-23 06:10:51,841 [INFO] ADCParametersView:116 -                Rank 1 : false
2026-06-23 06:10:51,841 [INFO] ADCParametersView:116 -                Rank 1 : false
2026-06-23 06:10:51,841 [INFO] ADCParametersView:116 -                Rank 1 : false
2026-06-23 06:10:51,841 [INFO] ADCParametersView:116 -                Rank 1 : false
2026-06-23 06:10:51,842 [INFO] ADCParametersView:116 -                Rank 1 : false
2026-06-23 06:10:51,842 [INFO] ADCParametersView:116 -                Rank 1 : false
2026-06-23 06:10:51,869 [INFO] ADCParametersView:116 -                Rank 1 : false
2026-06-23 06:10:53,137 [INFO] ADCParametersView:116 -                Rank 1 : false
2026-06-23 06:10:53,218 [INFO] ADCParametersView:116 -                Rank 1 : false
2026-06-23 06:10:53,218 [INFO] ADCParametersView:116 -                Rank 1 : false
2026-06-23 06:10:53,218 [INFO] ADCParametersView:116 -                Rank 1 : false
2026-06-23 06:10:53,219 [INFO] ADCParametersView:116 -                Rank 1 : false
2026-06-23 06:10:53,219 [INFO] ADCParametersView:116 -                Rank 1 : false
2026-06-23 06:10:53,219 [INFO] ADCParametersView:116 -                Rank 1 : false
2026-06-23 06:10:53,219 [INFO] ADCParametersView:116 -                Rank 1 : false
2026-06-23 06:10:53,219 [INFO] ADCParametersView:116 -                Rank 1 : false
2026-06-23 06:10:53,219 [INFO] ADCParametersView:116 -                Rank 1 : false
2026-06-23 06:10:53,219 [INFO] ADCParametersView:116 -                Rank 1 : false
2026-06-23 06:10:53,219 [INFO] ADCParametersView:116 -                Rank 1 : false
2026-06-23 06:10:53,219 [INFO] ADCParametersView:116 -                Rank 1 : false
2026-06-23 06:10:53,219 [INFO] ADCParametersView:116 -                Rank 1 : false
2026-06-23 06:10:53,219 [INFO] ADCParametersView:116 -                Rank 1 : false
2026-06-23 06:10:53,219 [INFO] ADCParametersView:116 -                Rank 1 : false
2026-06-23 06:10:53,220 [INFO] ADCParametersView:116 -                Rank 1 : false
2026-06-23 06:10:53,220 [INFO] ADCParametersView:116 -                Rank 1 : false
2026-06-23 06:10:53,220 [INFO] ADCParametersView:116 -                Rank 1 : false
2026-06-23 06:10:53,220 [INFO] ADCParametersView:116 -                Rank 1 : false
2026-06-23 06:10:53,220 [INFO] ADCParametersView:116 -                Rank 1 : false
2026-06-23 06:10:53,262 [INFO] ADCParametersView:116 -                Rank 1 : false
2026-06-23 06:11:09,032 [INFO] ADCParametersView:116 -                Rank 1 : true
2026-06-23 06:11:11,065 [INFO] NvicIntPanel:101 - NVIC parent = com.st.microxplorer.plugins.ip.nvic.MultiNvicIntPanel[,0,0,0x0,invalid,layout=javax.swing.BoxLayout,alignmentX=0.0,alignmentY=0.0,border=,flags=9,maximumSize=,minimumSize=,preferredSize=]
2026-06-23 06:11:11,112 [INFO] ADCParametersView:116 -                Rank 1 : true
2026-06-23 06:11:11,114 [INFO] ADCParametersView:116 -                Rank 1 : true
2026-06-23 06:11:11,114 [INFO] ADCParametersView:116 -                Rank 1 : true
2026-06-23 06:11:11,114 [INFO] ADCParametersView:116 -                Rank 1 : true
2026-06-23 06:11:11,114 [INFO] ADCParametersView:116 -                Rank 1 : true
2026-06-23 06:11:11,114 [INFO] ADCParametersView:116 -                Rank 1 : true
2026-06-23 06:11:11,114 [INFO] ADCParametersView:116 -                Rank 1 : true
2026-06-23 06:11:11,115 [INFO] ADCParametersView:116 -                Rank 1 : true
2026-06-23 06:11:11,115 [INFO] ADCParametersView:116 -                Rank 1 : true
2026-06-23 06:11:11,115 [INFO] ADCParametersView:116 -                Rank 1 : true
2026-06-23 06:11:11,115 [INFO] ADCParametersView:116 -                Rank 1 : true
2026-06-23 06:11:11,115 [INFO] ADCParametersView:116 -                Rank 1 : true
2026-06-23 06:11:11,115 [INFO] ADCParametersView:116 -                Rank 1 : true
2026-06-23 06:11:11,115 [INFO] ADCParametersView:116 -                Rank 1 : true
2026-06-23 06:11:11,115 [INFO] ADCParametersView:116 -                Rank 1 : true
2026-06-23 06:11:11,115 [INFO] ADCParametersView:116 -                Rank 1 : true
2026-06-23 06:11:11,115 [INFO] ADCParametersView:116 -                Rank 1 : true
2026-06-23 06:11:11,115 [INFO] ADCParametersView:116 -                Rank 1 : true
2026-06-23 06:11:11,115 [INFO] ADCParametersView:116 -                Rank 1 : true
2026-06-23 06:11:11,115 [INFO] ADCParametersView:116 -                Rank 1 : true
2026-06-23 06:11:11,150 [INFO] ADCParametersView:116 -                Rank 1 : true
2026-06-23 06:11:12,868 [INFO] UtilMem:75 - End SaveConfig() Used Memory: 871172864 Bytes (1073741824)
2026-06-23 06:11:13,216 [INFO] UtilMem:75 - End SaveConfig() Used Memory: 753406400 Bytes (1073741824)
2026-06-23 06:11:13,374 [INFO] BlockDiagram:2759 - set Specific Code input for plugin: TIM1_8L4
2026-06-23 06:11:13,374 [INFO] BlockDiagram:2759 - set Specific Code input for plugin: TIM1_8L4
2026-06-23 06:11:13,374 [INFO] BlockDiagram:2759 - set Specific Code input for plugin: ADC
2026-06-23 06:11:13,374 [INFO] BlockDiagram:2759 - set Specific Code input for plugin: ADC
2026-06-23 06:11:13,374 [INFO] BlockDiagram:2759 - set Specific Code input for plugin: RCC
2026-06-23 06:11:13,374 [INFO] BlockDiagram:2759 - set Specific Code input for plugin: NVIC
2026-06-23 06:11:13,374 [INFO] BlockDiagram:2759 - set Specific Code input for plugin: USART
2026-06-23 06:11:13,374 [INFO] BlockDiagram:2759 - set Specific Code input for plugin: DMA
2026-06-23 06:11:13,374 [INFO] BlockDiagram:2759 - set Specific Code input for plugin: GPIO
2026-06-23 06:11:13,375 [INFO] CodeGenerator:799 - code generatio: config db path: /opt/st/stm32cubeide_1.13.2_2/plugins/com.st.stm32cube.common.mx_6.9.2.202309101412//db/
2026-06-23 06:11:13,383 [INFO] Argument:319 - Argument : hdmavalue: null
2026-06-23 06:11:13,383 [INFO] Argument:321 - 	 sub Args: 
2026-06-23 06:11:13,383 [INFO] Argument:319 - Argument : Instancevalue: DMA1_Channel2
2026-06-23 06:11:13,383 [INFO] Argument:329 - Argument : Instancevalue: DMA1_Channel2
2026-06-23 06:11:13,384 [INFO] Argument:319 - Argument : Initvalue: null
2026-06-23 06:11:13,384 [INFO] Argument:321 - 	 sub Args: 
2026-06-23 06:11:13,384 [INFO] Argument:319 - Argument : Requestvalue: DMA_REQUEST_0
2026-06-23 06:11:13,384 [INFO] Argument:329 - Argument : Requestvalue: DMA_REQUEST_0
2026-06-23 06:11:13,384 [INFO] Argument:319 - Argument : Directionvalue: DMA_PERIPH_TO_MEMORY
2026-06-23 06:11:13,384 [INFO] Argument:329 - Argument : Directionvalue: DMA_PERIPH_TO_MEMORY
2026-06-23 06:11:13,384 [INFO] Argument:319 - Argument : PeriphIncvalue: DMA_PINC_DISABLE
2026-06-23 06:11:13,384 [INFO] Argument:329 - Argument : PeriphIncvalue: DMA_PINC_DISABLE
2026-06-23 06:11:13,384 [INFO] Argument:319 - Argument : MemIncvalue: DMA_MINC_ENABLE
2026-06-23 06:11:13,384 [INFO] Argument:329 - Argument : MemIncvalue: DMA_MINC_ENABLE
2026-06-23 06:11:13,384 [INFO] Argument:319 - Argument : PeriphDataAlignmentvalue: DMA_PDATAALIGN_HALFWORD
2026-06-23 06:11:13,384 [INFO] Argument:329 - Argument : PeriphDataAlignmentvalue: DMA_PDATAALIGN_HALFWORD
2026-06-23 06:11:13,384 [INFO] Argument:319 - Argument : MemDataAlignmentvalue: DMA_MDATAALIGN_HALFWORD
2026-06-23 06:11:13,384 [INFO] Argument:329 - Argument : MemDataAlignmentvalue: DMA_MDATAALIGN_HALFWORD
2026-06-23 06:11:13,384 [INFO] Argument:319 - Argument : Modevalue: DMA_NORMAL
2026-06-23 06:11:13,384 [INFO] Argument:329 - Argument : Modevalue: DMA_NORMAL
2026-06-23 06:11:13,384 [INFO] Argument:319 - Argument : Priorityvalue: DMA_PRIORITY_VERY_HIGH
2026-06-23 06:11:13,384 [INFO] Argument:329 - Argument : Priorityvalue: DMA_PRIORITY_VERY_HIGH
2026-06-23 06:11:13,384 [INFO] Argument:319 - Argument : Lockvalue: null
2026-06-23 06:11:13,384 [INFO] Argument:329 - Argument : Lockvalue: null
2026-06-23 06:11:13,385 [INFO] Argument:319 - Argument : Statevalue: null
2026-06-23 06:11:13,385 [INFO] Argument:329 - Argument : Statevalue: null
2026-06-23 06:11:13,385 [INFO] Argument:319 - Argument : Parentvalue: null
2026-06-23 06:11:13,385 [INFO] Argument:329 - Argument : Parentvalue: null
2026-06-23 06:11:13,385 [INFO] Argument:319 - Argument : XferCpltCallbackvalue: null
2026-06-23 06:11:13,385 [INFO] Argument:329 - Argument : XferCpltCallbackvalue: null
2026-06-23 06:11:13,385 [INFO] Argument:319 - Argument : XferHalfCpltCallbackvalue: null
2026-06-23 06:11:13,385 [INFO] Argument:329 - Argument : XferHalfCpltCallbackvalue: null
2026-06-23 06:11:13,385 [INFO] Argument:319 - Argument : XferErrorCallbackvalue: null
2026-06-23 06:11:13,385 [INFO] Argument:329 - Argument : XferErrorCallbackvalue: null
2026-06-23 06:11:13,385 [INFO] Argument:319 - Argument : XferAbortCallbackvalue: null
2026-06-23 06:11:13,385 [INFO] Argument:329 - Argument : XferAbortCallbackvalue: null
2026-06-23 06:11:13,385 [INFO] Argument:319 - Argument : ErrorCodevalue: null
2026-06-23 06:11:13,385 [INFO] Argument:329 - Argument : ErrorCodevalue: null
2026-06-23 06:11:13,385 [INFO] Argument:319 - Argument : DmaBaseAddressvalue: null
2026-06-23 06:11:13,385 [INFO] Argument:329 - Argument : DmaBaseAddressvalue: null
2026-06-23 06:11:13,385 [INFO] Argument:319 - Argument : ChannelIndexvalue: null
2026-06-23 06:11:13,385 [INFO] Argument:329 - Argument : ChannelIndexvalue: null
2026-06-23 06:11:13,385 [INFO] Argument:319 - Argument : hdmavalue: null
2026-06-23 06:11:13,385 [INFO] Argument:321 - 	 sub Args: 
2026-06-23 06:11:13,385 [INFO] Argument:319 - Argument : Instancevalue: DMA1_Channel2
2026-06-23 06:11:13,385 [INFO] Argument:329 - Argument : Instancevalue: DMA1_Channel2
2026-06-23 06:11:13,385 [INFO] Argument:319 - Argument : Initvalue: null
2026-06-23 06:11:13,385 [INFO] Argument:321 - 	 sub Args: 
2026-06-23 06:11:13,385 [INFO] Argument:319 - Argument : Requestvalue: DMA_REQUEST_0
2026-06-23 06:11:13,385 [INFO] Argument:329 - Argument : Requestvalue: DMA_REQUEST_0
2026-06-23 06:11:13,385 [INFO] Argument:319 - Argument : Directionvalue: DMA_PERIPH_TO_MEMORY
2026-06-23 06:11:13,385 [INFO] Argument:329 - Argument : Directionvalue: DMA_PERIPH_TO_MEMORY
2026-06-23 06:11:13,385 [INFO] Argument:319 - Argument : PeriphIncvalue: DMA_PINC_DISABLE
2026-06-23 06:11:13,385 [INFO] Argument:329 - Argument : PeriphIncvalue: DMA_PINC_DISABLE
2026-06-23 06:11:13,385 [INFO] Argument:319 - Argument : MemIncvalue: DMA_MINC_ENABLE
2026-06-23 06:11:13,385 [INFO] Argument:329 - Argument : MemIncvalue: DMA_MINC_ENABLE
2026-06-23 06:11:13,385 [INFO] Argument:319 - Argument : PeriphDataAlignmentvalue: DMA_PDATAALIGN_HALFWORD
2026-06-23 06:11:13,385 [INFO] Argument:329 - Argument : PeriphDataAlignmentvalue: DMA_PDATAALIGN_HALFWORD
2026-06-23 06:11:13,385 [INFO] Argument:319 - Argument : MemDataAlignmentvalue: DMA_MDATAALIGN_HALFWORD
2026-06-23 06:11:13,385 [INFO] Argument:329 - Argument : MemDataAlignmentvalue: DMA_MDATAALIGN_HALFWORD
2026-06-23 06:11:13,385 [INFO] Argument:319 - Argument : Modevalue: DMA_NORMAL
2026-06-23 06:11:13,386 [INFO] Argument:329 - Argument : Modevalue: DMA_NORMAL
2026-06-23 06:11:13,386 [INFO] Argument:319 - Argument : Priorityvalue: DMA_PRIORITY_VERY_HIGH
2026-06-23 06:11:13,386 [INFO] Argument:329 - Argument : Priorityvalue: DMA_PRIORITY_VERY_HIGH
2026-06-23 06:11:13,386 [INFO] Argument:319 - Argument : Lockvalue: null
2026-06-23 06:11:13,386 [INFO] Argument:329 - Argument : Lockvalue: null
2026-06-23 06:11:13,386 [INFO] Argument:319 - Argument : Statevalue: null
2026-06-23 06:11:13,386 [INFO] Argument:329 - Argument : Statevalue: null
2026-06-23 06:11:13,386 [INFO] Argument:319 - Argument : Parentvalue: null
2026-06-23 06:11:13,386 [INFO] Argument:329 - Argument : Parentvalue: null
2026-06-23 06:11:13,386 [INFO] Argument:319 - Argument : XferCpltCallbackvalue: null
2026-06-23 06:11:13,386 [INFO] Argument:329 - Argument : XferCpltCallbackvalue: null
2026-06-23 06:11:13,386 [INFO] Argument:319 - Argument : XferHalfCpltCallbackvalue: null
2026-06-23 06:11:13,386 [INFO] Argument:329 - Argument : XferHalfCpltCallbackvalue: null
2026-06-23 06:11:13,386 [INFO] Argument:319 - Argument : XferErrorCallbackvalue: null
2026-06-23 06:11:13,386 [INFO] Argument:329 - Argument : XferErrorCallbackvalue: null
2026-06-23 06:11:13,386 [INFO] Argument:319 - Argument : XferAbortCallbackvalue: null
2026-06-23 06:11:13,386 [INFO] Argument:329 - Argument : XferAbortCallbackvalue: null
2026-06-23 06:11:13,386 [INFO] Argument:319 - Argument : ErrorCodevalue: null
2026-06-23 06:11:13,386 [INFO] Argument:329 - Argument : ErrorCodevalue: null
2026-06-23 06:11:13,386 [INFO] Argument:319 - Argument : DmaBaseAddressvalue: null
2026-06-23 06:11:13,386 [INFO] Argument:329 - Argument : DmaBaseAddressvalue: null
2026-06-23 06:11:13,386 [INFO] Argument:319 - Argument : ChannelIndexvalue: null
2026-06-23 06:11:13,386 [INFO] Argument:329 - Argument : ChannelIndexvalue: null
2026-06-23 06:11:13,386 [INFO] Argument:319 - Argument : pSyncConfigvalue: null
2026-06-23 06:11:13,386 [INFO] Argument:321 - 	 sub Args: 
2026-06-23 06:11:13,386 [INFO] Argument:319 - Argument : SyncSignalIDvalue: null
2026-06-23 06:11:13,386 [INFO] Argument:329 - Argument : SyncSignalIDvalue: null
2026-06-23 06:11:13,386 [INFO] Argument:319 - Argument : SyncPolarityvalue: null
2026-06-23 06:11:13,386 [INFO] Argument:329 - Argument : SyncPolarityvalue: null
2026-06-23 06:11:13,386 [INFO] Argument:319 - Argument : SyncEnablevalue: null
2026-06-23 06:11:13,386 [INFO] Argument:329 - Argument : SyncEnablevalue: null
2026-06-23 06:11:13,386 [INFO] Argument:319 - Argument : EventEnablevalue: null
2026-06-23 06:11:13,386 [INFO] Argument:329 - Argument : EventEnablevalue: null
2026-06-23 06:11:13,386 [INFO] Argument:319 - Argument : RequestNumbervalue: null
2026-06-23 06:11:13,387 [INFO] Argument:329 - Argument : RequestNumbervalue: null
2026-06-23 06:11:13,518 [INFO] CodeEngine:255 - oldGeneratedFile, /home/papijou/Desktop/IPD439/IPD_439_Workspaces/Proyecto/STM32_workspace/ADC_AC/MXTmpFiles/license.tmp_save
2026-06-23 06:11:13,620 [INFO] CodeEngine:279 - Generated code: /home/papijou/Desktop/IPD439/IPD_439_Workspaces/Proyecto/STM32_workspace/ADC_AC/MXTmpFiles/license.tmp
2026-06-23 06:11:13,634 [INFO] CodeEngine:255 - oldGeneratedFile, /home/papijou/Desktop/IPD439/IPD_439_Workspaces/Proyecto/STM32_workspace/ADC_AC/Core/Src/gpio.c_save
2026-06-23 06:11:13,718 [INFO] CodeEngine:279 - Generated code: /home/papijou/Desktop/IPD439/IPD_439_Workspaces/Proyecto/STM32_workspace/ADC_AC/Core/Src/gpio.c
2026-06-23 06:11:13,719 [INFO] CodeEngine:255 - oldGeneratedFile, /home/papijou/Desktop/IPD439/IPD_439_Workspaces/Proyecto/STM32_workspace/ADC_AC/Core/Inc/gpio.h_save
2026-06-23 06:11:13,770 [INFO] CodeEngine:279 - Generated code: /home/papijou/Desktop/IPD439/IPD_439_Workspaces/Proyecto/STM32_workspace/ADC_AC/Core/Inc/gpio.h
2026-06-23 06:11:13,895 [INFO] CodeEngine:255 - oldGeneratedFile, /home/papijou/Desktop/IPD439/IPD_439_Workspaces/Proyecto/STM32_workspace/ADC_AC/Core/Src/adc.c_save
2026-06-23 06:11:14,015 [INFO] CodeEngine:279 - Generated code: /home/papijou/Desktop/IPD439/IPD_439_Workspaces/Proyecto/STM32_workspace/ADC_AC/Core/Src/adc.c
2026-06-23 06:11:14,017 [INFO] CodeEngine:255 - oldGeneratedFile, /home/papijou/Desktop/IPD439/IPD_439_Workspaces/Proyecto/STM32_workspace/ADC_AC/Core/Inc/adc.h_save
2026-06-23 06:11:14,058 [INFO] CodeEngine:279 - Generated code: /home/papijou/Desktop/IPD439/IPD_439_Workspaces/Proyecto/STM32_workspace/ADC_AC/Core/Inc/adc.h
2026-06-23 06:11:14,069 [INFO] CodeEngine:255 - oldGeneratedFile, /home/papijou/Desktop/IPD439/IPD_439_Workspaces/Proyecto/STM32_workspace/ADC_AC/Core/Src/dma.c_save
2026-06-23 06:11:14,149 [INFO] CodeEngine:279 - Generated code: /home/papijou/Desktop/IPD439/IPD_439_Workspaces/Proyecto/STM32_workspace/ADC_AC/Core/Src/dma.c
2026-06-23 06:11:14,150 [INFO] CodeEngine:255 - oldGeneratedFile, /home/papijou/Desktop/IPD439/IPD_439_Workspaces/Proyecto/STM32_workspace/ADC_AC/Core/Inc/dma.h_save
2026-06-23 06:11:14,206 [INFO] CodeEngine:279 - Generated code: /home/papijou/Desktop/IPD439/IPD_439_Workspaces/Proyecto/STM32_workspace/ADC_AC/Core/Inc/dma.h
2026-06-23 06:11:14,209 [INFO] CodeEngine:255 - oldGeneratedFile, /home/papijou/Desktop/IPD439/IPD_439_Workspaces/Proyecto/STM32_workspace/ADC_AC/Core/Src/tim.c_save
2026-06-23 06:11:14,288 [INFO] CodeEngine:279 - Generated code: /home/papijou/Desktop/IPD439/IPD_439_Workspaces/Proyecto/STM32_workspace/ADC_AC/Core/Src/tim.c
2026-06-23 06:11:14,290 [INFO] CodeEngine:255 - oldGeneratedFile, /home/papijou/Desktop/IPD439/IPD_439_Workspaces/Proyecto/STM32_workspace/ADC_AC/Core/Inc/tim.h_save
2026-06-23 06:11:14,342 [INFO] CodeEngine:279 - Generated code: /home/papijou/Desktop/IPD439/IPD_439_Workspaces/Proyecto/STM32_workspace/ADC_AC/Core/Inc/tim.h
2026-06-23 06:11:14,345 [INFO] CodeEngine:255 - oldGeneratedFile, /home/papijou/Desktop/IPD439/IPD_439_Workspaces/Proyecto/STM32_workspace/ADC_AC/Core/Src/usart.c_save
2026-06-23 06:11:14,425 [INFO] CodeEngine:279 - Generated code: /home/papijou/Desktop/IPD439/IPD_439_Workspaces/Proyecto/STM32_workspace/ADC_AC/Core/Src/usart.c
2026-06-23 06:11:14,426 [INFO] CodeEngine:255 - oldGeneratedFile, /home/papijou/Desktop/IPD439/IPD_439_Workspaces/Proyecto/STM32_workspace/ADC_AC/Core/Inc/usart.h_save
2026-06-23 06:11:14,480 [INFO] CodeEngine:279 - Generated code: /home/papijou/Desktop/IPD439/IPD_439_Workspaces/Proyecto/STM32_workspace/ADC_AC/Core/Inc/usart.h
2026-06-23 06:11:14,487 [INFO] CodeEngine:255 - oldGeneratedFile, /home/papijou/Desktop/IPD439/IPD_439_Workspaces/Proyecto/STM32_workspace/ADC_AC/Core/Src/stm32l4xx_it.c_save
2026-06-23 06:11:14,605 [INFO] CodeEngine:279 - Generated code: /home/papijou/Desktop/IPD439/IPD_439_Workspaces/Proyecto/STM32_workspace/ADC_AC/Core/Src/stm32l4xx_it.c
2026-06-23 06:11:14,607 [INFO] CodeEngine:255 - oldGeneratedFile, /home/papijou/Desktop/IPD439/IPD_439_Workspaces/Proyecto/STM32_workspace/ADC_AC/Core/Inc/stm32l4xx_it.h_save
2026-06-23 06:11:14,661 [INFO] CodeEngine:279 - Generated code: /home/papijou/Desktop/IPD439/IPD_439_Workspaces/Proyecto/STM32_workspace/ADC_AC/Core/Inc/stm32l4xx_it.h
2026-06-23 06:11:14,685 [INFO] CodeEngine:255 - oldGeneratedFile, /home/papijou/Desktop/IPD439/IPD_439_Workspaces/Proyecto/STM32_workspace/ADC_AC/Core/Src/stm32l4xx_hal_msp.c_save
2026-06-23 06:11:14,757 [INFO] CodeEngine:279 - Generated code: /home/papijou/Desktop/IPD439/IPD_439_Workspaces/Proyecto/STM32_workspace/ADC_AC/Core/Src/stm32l4xx_hal_msp.c
2026-06-23 06:11:14,759 [INFO] CodeEngine:255 - oldGeneratedFile, /home/papijou/Desktop/IPD439/IPD_439_Workspaces/Proyecto/STM32_workspace/ADC_AC/MXTmpFiles/system.tmp_save
2026-06-23 06:11:14,798 [INFO] CodeEngine:279 - Generated code: /home/papijou/Desktop/IPD439/IPD_439_Workspaces/Proyecto/STM32_workspace/ADC_AC/MXTmpFiles/system.tmp
2026-06-23 06:11:14,800 [INFO] CodeEngine:311 - oldGeneratedFile, /home/papijou/Desktop/IPD439/IPD_439_Workspaces/Proyecto/STM32_workspace/ADC_AC/Core/Inc/stm32l4xx_hal_conf.h_save
2026-06-23 06:11:14,843 [INFO] CodeEngine:335 - Generated code: /home/papijou/Desktop/IPD439/IPD_439_Workspaces/Proyecto/STM32_workspace/ADC_AC/Core/Inc/stm32l4xx_hal_conf.h
2026-06-23 06:11:14,853 [INFO] CodeEngine:255 - oldGeneratedFile, /home/papijou/Desktop/IPD439/IPD_439_Workspaces/Proyecto/STM32_workspace/ADC_AC/Core/Inc/main.h_save
2026-06-23 06:11:14,904 [INFO] CodeEngine:279 - Generated code: /home/papijou/Desktop/IPD439/IPD_439_Workspaces/Proyecto/STM32_workspace/ADC_AC/Core/Inc/main.h
2026-06-23 06:11:14,905 [INFO] CodeEngine:255 - oldGeneratedFile, /home/papijou/Desktop/IPD439/IPD_439_Workspaces/Proyecto/STM32_workspace/ADC_AC/Core/Src/main.c_save
2026-06-23 06:11:14,995 [INFO] CodeEngine:279 - Generated code: /home/papijou/Desktop/IPD439/IPD_439_Workspaces/Proyecto/STM32_workspace/ADC_AC/Core/Src/main.c
2026-06-23 06:11:15,255 [INFO] ProjectBuilder:3064 - Time for Copy HAL[1] : 19mS.
2026-06-23 06:11:15,256 [INFO] ProjectBuilder:4404 - Project Generator version: 4.1.0
2026-06-23 06:11:15,363 [INFO] ConfigFileManager:1457 - The Die is : DIE415
2026-06-23 06:11:16,117 [INFO] ProjectBuilder:4626 - Time for Generating toolchain IDE Files: 861mS.
2026-06-23 06:11:16,118 [INFO] ProjectBuilder:2935 - Time for Copy CMSIS : 0mS.
2026-06-23 06:11:16,118 [INFO] ProjectBuilder:2935 - Time for Copy CMSIS : 0mS.
2026-06-23 06:11:29,033 [INFO] NvicIntPanel:101 - NVIC parent = com.st.microxplorer.plugins.ip.nvic.MultiNvicIntPanel[,0,0,0x0,invalid,layout=javax.swing.BoxLayout,alignmentX=0.0,alignmentY=0.0,border=,flags=9,maximumSize=,minimumSize=,preferredSize=]
2026-06-23 06:11:29,062 [INFO] ADCParametersView:116 -                Rank 1 : true
2026-06-23 06:11:29,063 [INFO] ADCParametersView:116 -                Rank 1 : true
2026-06-23 06:11:29,063 [INFO] ADCParametersView:116 -                Rank 1 : true
2026-06-23 06:11:29,063 [INFO] ADCParametersView:116 -                Rank 1 : true
2026-06-23 06:11:29,063 [INFO] ADCParametersView:116 -                Rank 1 : true
2026-06-23 06:11:29,063 [INFO] ADCParametersView:116 -                Rank 1 : true
2026-06-23 06:11:29,063 [INFO] ADCParametersView:116 -                Rank 1 : true
2026-06-23 06:11:29,063 [INFO] ADCParametersView:116 -                Rank 1 : true
2026-06-23 06:11:29,063 [INFO] ADCParametersView:116 -                Rank 1 : true
2026-06-23 06:11:29,063 [INFO] ADCParametersView:116 -                Rank 1 : true
2026-06-23 06:11:29,063 [INFO] ADCParametersView:116 -                Rank 1 : true
2026-06-23 06:11:29,063 [INFO] ADCParametersView:116 -                Rank 1 : true
2026-06-23 06:11:29,063 [INFO] ADCParametersView:116 -                Rank 1 : true
2026-06-23 06:11:29,063 [INFO] ADCParametersView:116 -                Rank 1 : true
2026-06-23 06:11:29,064 [INFO] ADCParametersView:116 -                Rank 1 : true
2026-06-23 06:11:29,064 [INFO] ADCParametersView:116 -                Rank 1 : true
2026-06-23 06:11:29,064 [INFO] ADCParametersView:116 -                Rank 1 : true
2026-06-23 06:11:29,064 [INFO] ADCParametersView:116 -                Rank 1 : true
2026-06-23 06:11:29,064 [INFO] ADCParametersView:116 -                Rank 1 : true
2026-06-23 06:11:29,064 [INFO] ADCParametersView:116 -                Rank 1 : true
2026-06-23 06:11:29,085 [INFO] ADCParametersView:116 -                Rank 1 : true
2026-06-23 06:11:32,535 [INFO] UtilMem:75 - End SaveConfig() Used Memory: 393202504 Bytes (1073741824)
2026-06-23 06:11:32,681 [INFO] UtilMem:75 - End SaveConfig() Used Memory: 492539472 Bytes (1073741824)
2026-06-23 06:11:32,816 [INFO] BlockDiagram:2759 - set Specific Code input for plugin: TIM1_8L4
2026-06-23 06:11:32,816 [INFO] BlockDiagram:2759 - set Specific Code input for plugin: TIM1_8L4
2026-06-23 06:11:32,816 [INFO] BlockDiagram:2759 - set Specific Code input for plugin: ADC
2026-06-23 06:11:32,816 [INFO] BlockDiagram:2759 - set Specific Code input for plugin: ADC
2026-06-23 06:11:32,816 [INFO] BlockDiagram:2759 - set Specific Code input for plugin: RCC
2026-06-23 06:11:32,816 [INFO] BlockDiagram:2759 - set Specific Code input for plugin: NVIC
2026-06-23 06:11:32,816 [INFO] BlockDiagram:2759 - set Specific Code input for plugin: USART
2026-06-23 06:11:32,816 [INFO] BlockDiagram:2759 - set Specific Code input for plugin: DMA
2026-06-23 06:11:32,816 [INFO] BlockDiagram:2759 - set Specific Code input for plugin: GPIO
2026-06-23 06:11:32,816 [INFO] CodeGenerator:799 - code generatio: config db path: /opt/st/stm32cubeide_1.13.2_2/plugins/com.st.stm32cube.common.mx_6.9.2.202309101412//db/
2026-06-23 06:11:32,823 [INFO] Argument:319 - Argument : hdmavalue: null
2026-06-23 06:11:32,824 [INFO] Argument:321 - 	 sub Args: 
2026-06-23 06:11:32,824 [INFO] Argument:319 - Argument : Instancevalue: DMA1_Channel2
2026-06-23 06:11:32,824 [INFO] Argument:329 - Argument : Instancevalue: DMA1_Channel2
2026-06-23 06:11:32,824 [INFO] Argument:319 - Argument : Initvalue: null
2026-06-23 06:11:32,824 [INFO] Argument:321 - 	 sub Args: 
2026-06-23 06:11:32,824 [INFO] Argument:319 - Argument : Requestvalue: DMA_REQUEST_0
2026-06-23 06:11:32,824 [INFO] Argument:329 - Argument : Requestvalue: DMA_REQUEST_0
2026-06-23 06:11:32,824 [INFO] Argument:319 - Argument : Directionvalue: DMA_PERIPH_TO_MEMORY
2026-06-23 06:11:32,824 [INFO] Argument:329 - Argument : Directionvalue: DMA_PERIPH_TO_MEMORY
2026-06-23 06:11:32,824 [INFO] Argument:319 - Argument : PeriphIncvalue: DMA_PINC_DISABLE
2026-06-23 06:11:32,824 [INFO] Argument:329 - Argument : PeriphIncvalue: DMA_PINC_DISABLE
2026-06-23 06:11:32,824 [INFO] Argument:319 - Argument : MemIncvalue: DMA_MINC_ENABLE
2026-06-23 06:11:32,824 [INFO] Argument:329 - Argument : MemIncvalue: DMA_MINC_ENABLE
2026-06-23 06:11:32,824 [INFO] Argument:319 - Argument : PeriphDataAlignmentvalue: DMA_PDATAALIGN_HALFWORD
2026-06-23 06:11:32,824 [INFO] Argument:329 - Argument : PeriphDataAlignmentvalue: DMA_PDATAALIGN_HALFWORD
2026-06-23 06:11:32,824 [INFO] Argument:319 - Argument : MemDataAlignmentvalue: DMA_MDATAALIGN_HALFWORD
2026-06-23 06:11:32,824 [INFO] Argument:329 - Argument : MemDataAlignmentvalue: DMA_MDATAALIGN_HALFWORD
2026-06-23 06:11:32,824 [INFO] Argument:319 - Argument : Modevalue: DMA_NORMAL
2026-06-23 06:11:32,824 [INFO] Argument:329 - Argument : Modevalue: DMA_NORMAL
2026-06-23 06:11:32,824 [INFO] Argument:319 - Argument : Priorityvalue: DMA_PRIORITY_VERY_HIGH
2026-06-23 06:11:32,824 [INFO] Argument:329 - Argument : Priorityvalue: DMA_PRIORITY_VERY_HIGH
2026-06-23 06:11:32,824 [INFO] Argument:319 - Argument : Lockvalue: null
2026-06-23 06:11:32,824 [INFO] Argument:329 - Argument : Lockvalue: null
2026-06-23 06:11:32,825 [INFO] Argument:319 - Argument : Statevalue: null
2026-06-23 06:11:32,825 [INFO] Argument:329 - Argument : Statevalue: null
2026-06-23 06:11:32,825 [INFO] Argument:319 - Argument : Parentvalue: null
2026-06-23 06:11:32,825 [INFO] Argument:329 - Argument : Parentvalue: null
2026-06-23 06:11:32,825 [INFO] Argument:319 - Argument : XferCpltCallbackvalue: null
2026-06-23 06:11:32,825 [INFO] Argument:329 - Argument : XferCpltCallbackvalue: null
2026-06-23 06:11:32,825 [INFO] Argument:319 - Argument : XferHalfCpltCallbackvalue: null
2026-06-23 06:11:32,825 [INFO] Argument:329 - Argument : XferHalfCpltCallbackvalue: null
2026-06-23 06:11:32,825 [INFO] Argument:319 - Argument : XferErrorCallbackvalue: null
2026-06-23 06:11:32,825 [INFO] Argument:329 - Argument : XferErrorCallbackvalue: null
2026-06-23 06:11:32,825 [INFO] Argument:319 - Argument : XferAbortCallbackvalue: null
2026-06-23 06:11:32,825 [INFO] Argument:329 - Argument : XferAbortCallbackvalue: null
2026-06-23 06:11:32,825 [INFO] Argument:319 - Argument : ErrorCodevalue: null
2026-06-23 06:11:32,825 [INFO] Argument:329 - Argument : ErrorCodevalue: null
2026-06-23 06:11:32,825 [INFO] Argument:319 - Argument : DmaBaseAddressvalue: null
2026-06-23 06:11:32,825 [INFO] Argument:329 - Argument : DmaBaseAddressvalue: null
2026-06-23 06:11:32,825 [INFO] Argument:319 - Argument : ChannelIndexvalue: null
2026-06-23 06:11:32,825 [INFO] Argument:329 - Argument : ChannelIndexvalue: null
2026-06-23 06:11:32,825 [INFO] Argument:319 - Argument : hdmavalue: null
2026-06-23 06:11:32,825 [INFO] Argument:321 - 	 sub Args: 
2026-06-23 06:11:32,825 [INFO] Argument:319 - Argument : Instancevalue: DMA1_Channel2
2026-06-23 06:11:32,825 [INFO] Argument:329 - Argument : Instancevalue: DMA1_Channel2
2026-06-23 06:11:32,825 [INFO] Argument:319 - Argument : Initvalue: null
2026-06-23 06:11:32,825 [INFO] Argument:321 - 	 sub Args: 
2026-06-23 06:11:32,825 [INFO] Argument:319 - Argument : Requestvalue: DMA_REQUEST_0
2026-06-23 06:11:32,825 [INFO] Argument:329 - Argument : Requestvalue: DMA_REQUEST_0
2026-06-23 06:11:32,825 [INFO] Argument:319 - Argument : Directionvalue: DMA_PERIPH_TO_MEMORY
2026-06-23 06:11:32,825 [INFO] Argument:329 - Argument : Directionvalue: DMA_PERIPH_TO_MEMORY
2026-06-23 06:11:32,825 [INFO] Argument:319 - Argument : PeriphIncvalue: DMA_PINC_DISABLE
2026-06-23 06:11:32,825 [INFO] Argument:329 - Argument : PeriphIncvalue: DMA_PINC_DISABLE
2026-06-23 06:11:32,825 [INFO] Argument:319 - Argument : MemIncvalue: DMA_MINC_ENABLE
2026-06-23 06:11:32,825 [INFO] Argument:329 - Argument : MemIncvalue: DMA_MINC_ENABLE
2026-06-23 06:11:32,825 [INFO] Argument:319 - Argument : PeriphDataAlignmentvalue: DMA_PDATAALIGN_HALFWORD
2026-06-23 06:11:32,825 [INFO] Argument:329 - Argument : PeriphDataAlignmentvalue: DMA_PDATAALIGN_HALFWORD
2026-06-23 06:11:32,825 [INFO] Argument:319 - Argument : MemDataAlignmentvalue: DMA_MDATAALIGN_HALFWORD
2026-06-23 06:11:32,825 [INFO] Argument:329 - Argument : MemDataAlignmentvalue: DMA_MDATAALIGN_HALFWORD
2026-06-23 06:11:32,825 [INFO] Argument:319 - Argument : Modevalue: DMA_NORMAL
2026-06-23 06:11:32,826 [INFO] Argument:329 - Argument : Modevalue: DMA_NORMAL
2026-06-23 06:11:32,826 [INFO] Argument:319 - Argument : Priorityvalue: DMA_PRIORITY_VERY_HIGH
2026-06-23 06:11:32,826 [INFO] Argument:329 - Argument : Priorityvalue: DMA_PRIORITY_VERY_HIGH
2026-06-23 06:11:32,826 [INFO] Argument:319 - Argument : Lockvalue: null
2026-06-23 06:11:32,826 [INFO] Argument:329 - Argument : Lockvalue: null
2026-06-23 06:11:32,826 [INFO] Argument:319 - Argument : Statevalue: null
2026-06-23 06:11:32,826 [INFO] Argument:329 - Argument : Statevalue: null
2026-06-23 06:11:32,826 [INFO] Argument:319 - Argument : Parentvalue: null
2026-06-23 06:11:32,826 [INFO] Argument:329 - Argument : Parentvalue: null
2026-06-23 06:11:32,826 [INFO] Argument:319 - Argument : XferCpltCallbackvalue: null
2026-06-23 06:11:32,826 [INFO] Argument:329 - Argument : XferCpltCallbackvalue: null
2026-06-23 06:11:32,826 [INFO] Argument:319 - Argument : XferHalfCpltCallbackvalue: null
2026-06-23 06:11:32,826 [INFO] Argument:329 - Argument : XferHalfCpltCallbackvalue: null
2026-06-23 06:11:32,826 [INFO] Argument:319 - Argument : XferErrorCallbackvalue: null
2026-06-23 06:11:32,826 [INFO] Argument:329 - Argument : XferErrorCallbackvalue: null
2026-06-23 06:11:32,826 [INFO] Argument:319 - Argument : XferAbortCallbackvalue: null
2026-06-23 06:11:32,826 [INFO] Argument:329 - Argument : XferAbortCallbackvalue: null
2026-06-23 06:11:32,826 [INFO] Argument:319 - Argument : ErrorCodevalue: null
2026-06-23 06:11:32,826 [INFO] Argument:329 - Argument : ErrorCodevalue: null
2026-06-23 06:11:32,826 [INFO] Argument:319 - Argument : DmaBaseAddressvalue: null
2026-06-23 06:11:32,826 [INFO] Argument:329 - Argument : DmaBaseAddressvalue: null
2026-06-23 06:11:32,826 [INFO] Argument:319 - Argument : ChannelIndexvalue: null
2026-06-23 06:11:32,826 [INFO] Argument:329 - Argument : ChannelIndexvalue: null
2026-06-23 06:11:32,826 [INFO] Argument:319 - Argument : pSyncConfigvalue: null
2026-06-23 06:11:32,826 [INFO] Argument:321 - 	 sub Args: 
2026-06-23 06:11:32,826 [INFO] Argument:319 - Argument : SyncSignalIDvalue: null
2026-06-23 06:11:32,826 [INFO] Argument:329 - Argument : SyncSignalIDvalue: null
2026-06-23 06:11:32,826 [INFO] Argument:319 - Argument : SyncPolarityvalue: null
2026-06-23 06:11:32,826 [INFO] Argument:329 - Argument : SyncPolarityvalue: null
2026-06-23 06:11:32,826 [INFO] Argument:319 - Argument : SyncEnablevalue: null
2026-06-23 06:11:32,826 [INFO] Argument:329 - Argument : SyncEnablevalue: null
2026-06-23 06:11:32,826 [INFO] Argument:319 - Argument : EventEnablevalue: null
2026-06-23 06:11:32,826 [INFO] Argument:329 - Argument : EventEnablevalue: null
2026-06-23 06:11:32,826 [INFO] Argument:319 - Argument : RequestNumbervalue: null
2026-06-23 06:11:32,826 [INFO] Argument:329 - Argument : RequestNumbervalue: null
2026-06-23 06:11:32,929 [INFO] CodeEngine:255 - oldGeneratedFile, /home/papijou/Desktop/IPD439/IPD_439_Workspaces/Proyecto/STM32_workspace/ADC_AC/MXTmpFiles/license.tmp_save
2026-06-23 06:11:32,980 [INFO] CodeEngine:279 - Generated code: /home/papijou/Desktop/IPD439/IPD_439_Workspaces/Proyecto/STM32_workspace/ADC_AC/MXTmpFiles/license.tmp
2026-06-23 06:11:32,992 [INFO] CodeEngine:255 - oldGeneratedFile, /home/papijou/Desktop/IPD439/IPD_439_Workspaces/Proyecto/STM32_workspace/ADC_AC/Core/Src/gpio.c_save
2026-06-23 06:11:33,047 [INFO] CodeEngine:279 - Generated code: /home/papijou/Desktop/IPD439/IPD_439_Workspaces/Proyecto/STM32_workspace/ADC_AC/Core/Src/gpio.c
2026-06-23 06:11:33,048 [INFO] CodeEngine:255 - oldGeneratedFile, /home/papijou/Desktop/IPD439/IPD_439_Workspaces/Proyecto/STM32_workspace/ADC_AC/Core/Inc/gpio.h_save
2026-06-23 06:11:33,099 [INFO] CodeEngine:279 - Generated code: /home/papijou/Desktop/IPD439/IPD_439_Workspaces/Proyecto/STM32_workspace/ADC_AC/Core/Inc/gpio.h
2026-06-23 06:11:33,203 [INFO] CodeEngine:255 - oldGeneratedFile, /home/papijou/Desktop/IPD439/IPD_439_Workspaces/Proyecto/STM32_workspace/ADC_AC/Core/Src/adc.c_save
2026-06-23 06:11:33,287 [INFO] CodeEngine:279 - Generated code: /home/papijou/Desktop/IPD439/IPD_439_Workspaces/Proyecto/STM32_workspace/ADC_AC/Core/Src/adc.c
2026-06-23 06:11:33,288 [INFO] CodeEngine:255 - oldGeneratedFile, /home/papijou/Desktop/IPD439/IPD_439_Workspaces/Proyecto/STM32_workspace/ADC_AC/Core/Inc/adc.h_save
2026-06-23 06:11:33,339 [INFO] CodeEngine:279 - Generated code: /home/papijou/Desktop/IPD439/IPD_439_Workspaces/Proyecto/STM32_workspace/ADC_AC/Core/Inc/adc.h
2026-06-23 06:11:33,346 [INFO] CodeEngine:255 - oldGeneratedFile, /home/papijou/Desktop/IPD439/IPD_439_Workspaces/Proyecto/STM32_workspace/ADC_AC/Core/Src/dma.c_save
2026-06-23 06:11:33,400 [INFO] CodeEngine:279 - Generated code: /home/papijou/Desktop/IPD439/IPD_439_Workspaces/Proyecto/STM32_workspace/ADC_AC/Core/Src/dma.c
2026-06-23 06:11:33,401 [INFO] CodeEngine:255 - oldGeneratedFile, /home/papijou/Desktop/IPD439/IPD_439_Workspaces/Proyecto/STM32_workspace/ADC_AC/Core/Inc/dma.h_save
2026-06-23 06:11:33,453 [INFO] CodeEngine:279 - Generated code: /home/papijou/Desktop/IPD439/IPD_439_Workspaces/Proyecto/STM32_workspace/ADC_AC/Core/Inc/dma.h
2026-06-23 06:11:33,456 [INFO] CodeEngine:255 - oldGeneratedFile, /home/papijou/Desktop/IPD439/IPD_439_Workspaces/Proyecto/STM32_workspace/ADC_AC/Core/Src/tim.c_save
2026-06-23 06:11:33,524 [INFO] CodeEngine:279 - Generated code: /home/papijou/Desktop/IPD439/IPD_439_Workspaces/Proyecto/STM32_workspace/ADC_AC/Core/Src/tim.c
2026-06-23 06:11:33,525 [INFO] CodeEngine:255 - oldGeneratedFile, /home/papijou/Desktop/IPD439/IPD_439_Workspaces/Proyecto/STM32_workspace/ADC_AC/Core/Inc/tim.h_save
2026-06-23 06:11:33,576 [INFO] CodeEngine:279 - Generated code: /home/papijou/Desktop/IPD439/IPD_439_Workspaces/Proyecto/STM32_workspace/ADC_AC/Core/Inc/tim.h
2026-06-23 06:11:33,579 [INFO] CodeEngine:255 - oldGeneratedFile, /home/papijou/Desktop/IPD439/IPD_439_Workspaces/Proyecto/STM32_workspace/ADC_AC/Core/Src/usart.c_save
2026-06-23 06:11:33,643 [INFO] CodeEngine:279 - Generated code: /home/papijou/Desktop/IPD439/IPD_439_Workspaces/Proyecto/STM32_workspace/ADC_AC/Core/Src/usart.c
2026-06-23 06:11:33,644 [INFO] CodeEngine:255 - oldGeneratedFile, /home/papijou/Desktop/IPD439/IPD_439_Workspaces/Proyecto/STM32_workspace/ADC_AC/Core/Inc/usart.h_save
2026-06-23 06:11:33,690 [INFO] CodeEngine:279 - Generated code: /home/papijou/Desktop/IPD439/IPD_439_Workspaces/Proyecto/STM32_workspace/ADC_AC/Core/Inc/usart.h
2026-06-23 06:11:33,696 [INFO] CodeEngine:255 - oldGeneratedFile, /home/papijou/Desktop/IPD439/IPD_439_Workspaces/Proyecto/STM32_workspace/ADC_AC/Core/Src/stm32l4xx_it.c_save
2026-06-23 06:11:33,742 [INFO] CodeEngine:279 - Generated code: /home/papijou/Desktop/IPD439/IPD_439_Workspaces/Proyecto/STM32_workspace/ADC_AC/Core/Src/stm32l4xx_it.c
2026-06-23 06:11:33,743 [INFO] CodeEngine:255 - oldGeneratedFile, /home/papijou/Desktop/IPD439/IPD_439_Workspaces/Proyecto/STM32_workspace/ADC_AC/Core/Inc/stm32l4xx_it.h_save
2026-06-23 06:11:33,792 [INFO] CodeEngine:279 - Generated code: /home/papijou/Desktop/IPD439/IPD_439_Workspaces/Proyecto/STM32_workspace/ADC_AC/Core/Inc/stm32l4xx_it.h
2026-06-23 06:11:33,805 [INFO] CodeEngine:255 - oldGeneratedFile, /home/papijou/Desktop/IPD439/IPD_439_Workspaces/Proyecto/STM32_workspace/ADC_AC/Core/Src/stm32l4xx_hal_msp.c_save
2026-06-23 06:11:33,869 [INFO] CodeEngine:279 - Generated code: /home/papijou/Desktop/IPD439/IPD_439_Workspaces/Proyecto/STM32_workspace/ADC_AC/Core/Src/stm32l4xx_hal_msp.c
2026-06-23 06:11:33,870 [INFO] CodeEngine:255 - oldGeneratedFile, /home/papijou/Desktop/IPD439/IPD_439_Workspaces/Proyecto/STM32_workspace/ADC_AC/MXTmpFiles/system.tmp_save
2026-06-23 06:11:33,913 [INFO] CodeEngine:279 - Generated code: /home/papijou/Desktop/IPD439/IPD_439_Workspaces/Proyecto/STM32_workspace/ADC_AC/MXTmpFiles/system.tmp
2026-06-23 06:11:33,915 [INFO] CodeEngine:311 - oldGeneratedFile, /home/papijou/Desktop/IPD439/IPD_439_Workspaces/Proyecto/STM32_workspace/ADC_AC/Core/Inc/stm32l4xx_hal_conf.h_save
2026-06-23 06:11:33,951 [INFO] CodeEngine:335 - Generated code: /home/papijou/Desktop/IPD439/IPD_439_Workspaces/Proyecto/STM32_workspace/ADC_AC/Core/Inc/stm32l4xx_hal_conf.h
2026-06-23 06:11:33,965 [INFO] CodeEngine:255 - oldGeneratedFile, /home/papijou/Desktop/IPD439/IPD_439_Workspaces/Proyecto/STM32_workspace/ADC_AC/Core/Inc/main.h_save
2026-06-23 06:11:34,037 [INFO] CodeEngine:279 - Generated code: /home/papijou/Desktop/IPD439/IPD_439_Workspaces/Proyecto/STM32_workspace/ADC_AC/Core/Inc/main.h
2026-06-23 06:11:34,038 [INFO] CodeEngine:255 - oldGeneratedFile, /home/papijou/Desktop/IPD439/IPD_439_Workspaces/Proyecto/STM32_workspace/ADC_AC/Core/Src/main.c_save
2026-06-23 06:11:34,121 [INFO] CodeEngine:279 - Generated code: /home/papijou/Desktop/IPD439/IPD_439_Workspaces/Proyecto/STM32_workspace/ADC_AC/Core/Src/main.c
2026-06-23 06:11:34,330 [INFO] ProjectBuilder:3064 - Time for Copy HAL[1] : 15mS.
2026-06-23 06:11:34,331 [INFO] ProjectBuilder:4404 - Project Generator version: 4.1.0
2026-06-23 06:11:34,417 [INFO] ConfigFileManager:1457 - The Die is : DIE415
2026-06-23 06:11:35,017 [INFO] ProjectBuilder:4626 - Time for Generating toolchain IDE Files: 685mS.
2026-06-23 06:11:35,018 [INFO] ProjectBuilder:2935 - Time for Copy CMSIS : 1mS.
2026-06-23 06:11:35,018 [INFO] ProjectBuilder:2935 - Time for Copy CMSIS : 0mS.
2026-06-23 06:24:25,945 [ERROR] LogOutputStream:75 - [STDERR_REDIRECT] 
2026-06-23 08:21:54,819 [INFO] Activator:176 - 


2026-06-23 08:21:54,821 [INFO] Activator:177 - !SESSION log4j initialized
2026-06-23 08:21:58,849 [INFO] LogOutputStream:77 - [STDOUT_REDIRECT] 
2026-06-23 08:21:59,896 [INFO] ApplicationProperties:184 - Using Application install path: /opt/st/stm32cubeide_1.13.2_2/plugins/com.st.stm32cube.common.mx_6.9.2.202309101412
2026-06-23 08:21:59,907 [INFO] DbMcusXml:78 - Set database path to: /opt/st/stm32cubeide_1.13.2_2/plugins/com.st.stm32cube.common.mx_6.9.2.202309101412//db//mcu/
2026-06-23 08:21:59,907 [INFO] ApiDb:274 - Set plugin database path to: /opt/st/stm32cubeide_1.13.2_2/plugins/com.st.stm32cube.common.mx_6.9.2.202309101412//db//plugins/boardmanager/
2026-06-23 08:21:59,907 [WARN] ApiDb:259 - Overriding images path with different value:  => /opt/st/stm32cubeide_1.13.2_2/plugins/com.st.stm32cube.common.mx_6.9.2.202309101412//db//plugins/mcufinder/images/
2026-06-23 08:21:59,913 [INFO] ApiDb:250 - Set database path to: /home/papijou/.stmcufinder/plugins/mcufinder//mcu/
2026-06-23 08:21:59,915 [INFO] DbMcusAds:125 - Set database path to: /home/papijou/.stmcufinder/plugins/mcufinder//mcu/
2026-06-23 08:21:59,917 [INFO] CrossReferenceDbSqlite:203 - Set database path to: /home/papijou/.stmcufinder/plugins/mcufinder//mcu/cs/
2026-06-23 08:21:59,981 [INFO] RulesReader:64 - Compatibility file has been processed (293 Rules)
2026-06-23 08:22:00,013 [INFO] DbMcusXml:78 - Set database path to: /opt/st/stm32cubeide_1.13.2_2/plugins/com.st.stm32cube.common.mx_6.9.2.202309101412//db//mcu/
2026-06-23 08:22:00,013 [INFO] ApiDb:274 - Set plugin database path to: /opt/st/stm32cubeide_1.13.2_2/plugins/com.st.stm32cube.common.mx_6.9.2.202309101412//db//plugins/boardmanager/
2026-06-23 08:22:00,013 [INFO] ApiDb:261 - Set plugin images path to: /opt/st/stm32cubeide_1.13.2_2/plugins/com.st.stm32cube.common.mx_6.9.2.202309101412//db//plugins/mcufinder/images/
2026-06-23 08:22:00,014 [WARN] DbFile:41 - Overriding database path with different value: /home/papijou/.stmcufinder/plugins/mcufinder/ => /home/papijou/.stmcufinder/plugins/mcufinder
2026-06-23 08:22:00,014 [INFO] ApiDb:250 - Set database path to: /home/papijou/.stmcufinder/plugins/mcufinder//mcu/
2026-06-23 08:22:00,014 [WARN] DbFile:41 - Overriding database path with different value: /home/papijou/.stmcufinder/plugins/mcufinder/ => /home/papijou/.stmcufinder/plugins/mcufinder
2026-06-23 08:22:00,014 [INFO] DbMcusAds:125 - Set database path to: /home/papijou/.stmcufinder/plugins/mcufinder//mcu/
2026-06-23 08:22:00,014 [WARN] DbFile:41 - Overriding database path with different value: /home/papijou/.stmcufinder/plugins/mcufinder/ => /home/papijou/.stmcufinder/plugins/mcufinder
2026-06-23 08:22:00,014 [WARN] DbFile:41 - Overriding database path with different value: /home/papijou/.stmcufinder/plugins/mcufinder/ => /home/papijou/.stmcufinder/plugins/mcufinder
2026-06-23 08:22:00,014 [INFO] CrossReferenceDbSqlite:203 - Set database path to: /home/papijou/.stmcufinder/plugins/mcufinder//mcu/cs/
2026-06-23 08:22:00,049 [INFO] MainPanel:262 - HeapMemory: 268435456
2026-06-23 08:22:00,092 [INFO] DbMcusXml:78 - Set database path to: /opt/st/stm32cubeide_1.13.2_2/plugins/com.st.stm32cube.common.mx_6.9.2.202309101412//db//mcu/
2026-06-23 08:22:00,092 [INFO] ApiDb:274 - Set plugin database path to: /opt/st/stm32cubeide_1.13.2_2/plugins/com.st.stm32cube.common.mx_6.9.2.202309101412//db//plugins/boardmanager/
2026-06-23 08:22:00,092 [INFO] ApiDb:261 - Set plugin images path to: /opt/st/stm32cubeide_1.13.2_2/plugins/com.st.stm32cube.common.mx_6.9.2.202309101412//db//plugins/mcufinder/images/
2026-06-23 08:22:00,092 [WARN] DbFile:41 - Overriding database path with different value: /home/papijou/.stmcufinder/plugins/mcufinder/ => /home/papijou/.stmcufinder/plugins/mcufinder
2026-06-23 08:22:00,093 [INFO] ApiDb:250 - Set database path to: /home/papijou/.stmcufinder/plugins/mcufinder//mcu/
2026-06-23 08:22:00,093 [WARN] DbFile:41 - Overriding database path with different value: /home/papijou/.stmcufinder/plugins/mcufinder/ => /home/papijou/.stmcufinder/plugins/mcufinder
2026-06-23 08:22:00,093 [INFO] DbMcusAds:125 - Set database path to: /home/papijou/.stmcufinder/plugins/mcufinder//mcu/
2026-06-23 08:22:00,093 [WARN] DbFile:41 - Overriding database path with different value: /home/papijou/.stmcufinder/plugins/mcufinder/ => /home/papijou/.stmcufinder/plugins/mcufinder
2026-06-23 08:22:00,093 [WARN] DbFile:41 - Overriding database path with different value: /home/papijou/.stmcufinder/plugins/mcufinder/ => /home/papijou/.stmcufinder/plugins/mcufinder
2026-06-23 08:22:00,093 [INFO] CrossReferenceDbSqlite:203 - Set database path to: /home/papijou/.stmcufinder/plugins/mcufinder//mcu/cs/
2026-06-23 08:22:00,104 [INFO] ApplicationProperties:184 - Using Application install path: /opt/st/stm32cubeide_1.13.2_2/plugins/com.st.stm32cube.common.mx_6.9.2.202309101412
2026-06-23 08:22:00,106 [INFO] PluginManage:196 - Search for loadable plugins [exclusion list=, ]
2026-06-23 08:22:00,106 [INFO] PluginManage:310 - Check plugin analytics
2026-06-23 08:22:00,188 [INFO] AnalyticsPlugin:253 - Accepted Software Licenses: 
2026-06-23 08:22:00,188 [INFO] AnalyticsPlugin:255 - Accepted CMSIS Pack Licenses: 
2026-06-23 08:22:00,189 [INFO] AnalyticsPlugin:257 - Accepted Firmware Licenses: FW.L4.1.18.0
2026-06-23 08:22:00,191 [INFO] PluginManage:359 - Loaded plugin analytics (category:tool,tabindex:-1)
2026-06-23 08:22:00,191 [INFO] PluginManage:310 - Check plugin cadmodel
2026-06-23 08:22:00,210 [INFO] CADModel:105 - Init CAD model plugin
2026-06-23 08:22:00,211 [INFO] PluginManage:359 - Loaded plugin cadmodel (category:power,tabindex:5)
2026-06-23 08:22:00,211 [INFO] PluginManage:310 - Check plugin clock
2026-06-23 08:22:00,217 [INFO] PluginManage:359 - Loaded plugin clock (category:base,tabindex:2)
2026-06-23 08:22:00,217 [INFO] PluginManage:310 - Check plugin ddr
2026-06-23 08:22:00,218 [INFO] PluginManage:359 - Loaded plugin ddr (category:tool,tabindex:6)
2026-06-23 08:22:00,219 [INFO] PluginManage:310 - Check plugin filemanager
2026-06-23 08:22:00,301 [INFO] PluginManage:359 - Loaded plugin filemanager (category:base,tabindex:10)
2026-06-23 08:22:00,302 [INFO] PluginManage:310 - Check plugin ipmanager
2026-06-23 08:22:00,305 [INFO] PluginManage:359 - Loaded plugin ipmanager (category:base,tabindex:5)
2026-06-23 08:22:00,305 [INFO] PluginManage:310 - Check plugin lpbam
2026-06-23 08:22:00,311 [INFO] PluginManage:359 - Loaded plugin lpbam (category:base,tabindex:0)
2026-06-23 08:22:00,311 [INFO] PluginManage:310 - Check plugin memorymap
2026-06-23 08:22:00,318 [INFO] PluginManage:359 - Loaded plugin memorymap (category:base,tabindex:4)
2026-06-23 08:22:00,318 [INFO] PluginManage:310 - Check plugin pinoutandconfiguration
2026-06-23 08:22:00,322 [INFO] PluginManage:359 - Loaded plugin pinoutandconfiguration (category:base,tabindex:1)
2026-06-23 08:22:00,323 [INFO] PluginManage:310 - Check plugin pinoutconfig
2026-06-23 08:22:00,375 [WARN] SupportedApi:132 - Cannot load RTOS API schema: s4s-elt-must-match.1: The content of 'definitions' must match (annotation?, (simpleType | complexType)?, (unique | key | keyref)*)). A problem was found starting at: attribute.
2026-06-23 08:22:00,453 [INFO] PluginManage:359 - Loaded plugin pinoutconfig (category:base,tabindex:0)
2026-06-23 08:22:00,454 [INFO] PluginManage:310 - Check plugin power
2026-06-23 08:22:00,459 [INFO] PluginManage:359 - Loaded plugin power (category:power,tabindex:4)
2026-06-23 08:22:00,459 [INFO] PluginManage:310 - Check plugin projectmanager
2026-06-23 08:22:00,469 [INFO] PluginManage:359 - Loaded plugin projectmanager (category:projectmanager,tabindex:3)
2026-06-23 08:22:00,469 [INFO] PluginManage:310 - Check plugin thirdparty
2026-06-23 08:22:00,522 [INFO] PluginManage:359 - Loaded plugin thirdparty (category:base,tabindex:-1)
2026-06-23 08:22:00,522 [INFO] PluginManage:310 - Check plugin tools
2026-06-23 08:22:00,522 [WARN] IntegrityCheckThread:84 - waiting for thirdparty lock release [integrity check]
2026-06-23 08:22:00,522 [INFO] IntegrityCheckThread:86 - entering critical section [integrity check]
2026-06-23 08:22:00,523 [INFO] ThirdPartyUpdaterWithRetryManager:70 - Updater plugin not ready yet. [1/15]
2026-06-23 08:22:00,523 [INFO] PluginManage:359 - Loaded plugin tools (category:base,tabindex:7)
2026-06-23 08:22:00,523 [INFO] PluginManage:310 - Check plugin tutovideos
2026-06-23 08:22:00,598 [INFO] PluginManage:359 - Loaded plugin tutovideos (category:base,tabindex:-1)
2026-06-23 08:22:00,598 [INFO] PluginManage:310 - Check plugin updater
2026-06-23 08:22:00,603 [INFO] PluginManage:359 - Loaded plugin updater (category:base,tabindex:12)
2026-06-23 08:22:00,603 [INFO] PluginManage:310 - Check plugin userauth
2026-06-23 08:22:00,605 [INFO] UserAuth:113 - Init User Auth plugin
2026-06-23 08:22:00,606 [INFO] PluginManage:359 - Loaded plugin userauth (category:base,tabindex:14)
2026-06-23 08:22:00,606 [INFO] PluginManage:283 - PluginManage : Loaded plugins [17]
2026-06-23 08:22:00,733 [INFO] PinOutPanel:1499 - setPackage(No Configuration,No Configuration)
2026-06-23 08:22:00,786 [INFO] CADModel:165 - CPN selected for project level
2026-06-23 08:22:00,787 [INFO] CADModel:114 - Register for checkConnection events
2026-06-23 08:22:00,794 [INFO] IPUIPlugin:80 - create IPUIPlugin
2026-06-23 08:22:00,795 [INFO] PluginManager:220 - loadIPPluginJar : add can
2026-06-23 08:22:00,797 [INFO] IPUIPlugin:80 - create IPUIPlugin
2026-06-23 08:22:00,797 [INFO] PluginManager:220 - loadIPPluginJar : add gic
2026-06-23 08:22:00,798 [INFO] IPUIPlugin:80 - create IPUIPlugin
2026-06-23 08:22:00,798 [INFO] PluginManager:220 - loadIPPluginJar : add quadspi
2026-06-23 08:22:00,799 [INFO] IPUIPlugin:80 - create IPUIPlugin
2026-06-23 08:22:00,800 [INFO] PluginManager:220 - loadIPPluginJar : add sai
2026-06-23 08:22:00,800 [INFO] IPUIPlugin:80 - create IPUIPlugin
2026-06-23 08:22:00,800 [INFO] PluginManager:220 - loadIPPluginJar : add comp
2026-06-23 08:22:00,803 [INFO] IPUIPlugin:80 - create IPUIPlugin
2026-06-23 08:22:00,803 [INFO] PluginManager:220 - loadIPPluginJar : add fmc
2026-06-23 08:22:00,804 [INFO] IPUIPlugin:80 - create IPUIPlugin
2026-06-23 08:22:00,804 [INFO] PluginManager:220 - loadIPPluginJar : add spi
2026-06-23 08:22:00,805 [INFO] IPUIPlugin:80 - create IPUIPlugin
2026-06-23 08:22:00,805 [INFO] PluginManager:220 - loadIPPluginJar : add nvic
2026-06-23 08:22:00,806 [INFO] IPUIPlugin:80 - create IPUIPlugin
2026-06-23 08:22:00,806 [INFO] PluginManager:220 - loadIPPluginJar : add usbx
2026-06-23 08:22:00,807 [INFO] IPUIPlugin:80 - create IPUIPlugin
2026-06-23 08:22:00,807 [INFO] PluginManager:220 - loadIPPluginJar : add ucpd
2026-06-23 08:22:00,808 [INFO] IPUIPlugin:80 - create IPUIPlugin
2026-06-23 08:22:00,808 [INFO] PluginManager:220 - loadIPPluginJar : add lorawan
2026-06-23 08:22:00,809 [INFO] IPUIPlugin:80 - create IPUIPlugin
2026-06-23 08:22:00,809 [INFO] PluginManager:220 - loadIPPluginJar : add hash
2026-06-23 08:22:00,809 [INFO] IPUIPlugin:80 - create IPUIPlugin
2026-06-23 08:22:00,809 [INFO] PluginManager:220 - loadIPPluginJar : add ltdc
2026-06-23 08:22:00,810 [INFO] IPUIPlugin:80 - create IPUIPlugin
2026-06-23 08:22:00,810 [INFO] PluginManager:220 - loadIPPluginJar : add tim
2026-06-23 08:22:00,811 [INFO] IPUIPlugin:80 - create IPUIPlugin
2026-06-23 08:22:00,811 [INFO] PluginManager:220 - loadIPPluginJar : add usart
2026-06-23 08:22:00,814 [INFO] IPUIPlugin:80 - create IPUIPlugin
2026-06-23 08:22:00,815 [INFO] PluginManager:220 - loadIPPluginJar : add plateformsettings
2026-06-23 08:22:00,817 [INFO] IPUIPlugin:80 - create IPUIPlugin
2026-06-23 08:22:00,817 [INFO] PluginManager:220 - loadIPPluginJar : add aes
2026-06-23 08:22:00,818 [INFO] IPUIPlugin:80 - create IPUIPlugin
2026-06-23 08:22:00,818 [INFO] PluginManager:220 - loadIPPluginJar : add opamp
2026-06-23 08:22:00,819 [INFO] IPUIPlugin:80 - create IPUIPlugin
2026-06-23 08:22:00,819 [INFO] PluginManager:220 - loadIPPluginJar : add dma3
2026-06-23 08:22:00,822 [INFO] IPUIPlugin:80 - create IPUIPlugin
2026-06-23 08:22:00,823 [INFO] PluginManager:220 - loadIPPluginJar : add linkedlist
2026-06-23 08:22:00,824 [INFO] IPUIPlugin:80 - create IPUIPlugin
2026-06-23 08:22:00,824 [INFO] PluginManager:220 - loadIPPluginJar : add i3c
2026-06-23 08:22:00,826 [INFO] IPUIPlugin:80 - create IPUIPlugin
2026-06-23 08:22:00,826 [INFO] PluginManager:220 - loadIPPluginJar : add mdma
2026-06-23 08:22:00,827 [INFO] IPUIPlugin:80 - create IPUIPlugin
2026-06-23 08:22:00,827 [INFO] PluginManager:220 - loadIPPluginJar : add i2c
2026-06-23 08:22:00,828 [INFO] IPUIPlugin:80 - create IPUIPlugin
2026-06-23 08:22:00,828 [INFO] PluginManager:220 - loadIPPluginJar : add ipddr
2026-06-23 08:22:00,829 [INFO] IPUIPlugin:80 - create IPUIPlugin
2026-06-23 08:22:00,829 [INFO] PluginManager:220 - loadIPPluginJar : add fatfs
2026-06-23 08:22:00,830 [INFO] IPUIPlugin:80 - create IPUIPlugin
2026-06-23 08:22:00,830 [INFO] PluginManager:220 - loadIPPluginJar : add gfxmmu
2026-06-23 08:22:00,830 [INFO] IPUIPlugin:80 - create IPUIPlugin
2026-06-23 08:22:00,830 [INFO] PluginManager:220 - loadIPPluginJar : add tsc
2026-06-23 08:22:00,833 [INFO] IPUIPlugin:80 - create IPUIPlugin
2026-06-23 08:22:00,833 [INFO] PluginManager:220 - loadIPPluginJar : add stm32_wpan
2026-06-23 08:22:00,833 [INFO] IPUIPlugin:80 - create IPUIPlugin
2026-06-23 08:22:00,833 [INFO] PluginManager:220 - loadIPPluginJar : add genericplugin
2026-06-23 08:22:00,834 [INFO] IPUIPlugin:80 - create IPUIPlugin
2026-06-23 08:22:00,834 [INFO] PluginManager:220 - loadIPPluginJar : add i2s
2026-06-23 08:22:00,836 [INFO] IPUIPlugin:80 - create IPUIPlugin
2026-06-23 08:22:00,837 [INFO] PluginManager:220 - loadIPPluginJar : add adc
2026-06-23 08:22:00,839 [INFO] IPUIPlugin:80 - create IPUIPlugin
2026-06-23 08:22:00,839 [INFO] PluginManager:220 - loadIPPluginJar : add freertos
2026-06-23 08:22:00,841 [INFO] IPUIPlugin:80 - create IPUIPlugin
2026-06-23 08:22:00,841 [INFO] PluginManager:220 - loadIPPluginJar : add dma
2026-06-23 08:22:00,842 [INFO] IPUIPlugin:80 - create IPUIPlugin
2026-06-23 08:22:00,842 [INFO] PluginManager:220 - loadIPPluginJar : add cryp
2026-06-23 08:22:00,843 [INFO] IPUIPlugin:80 - create IPUIPlugin
2026-06-23 08:22:00,843 [INFO] PluginManager:220 - loadIPPluginJar : add touchsensing
2026-06-23 08:22:00,844 [INFO] IPUIPlugin:80 - create IPUIPlugin
2026-06-23 08:22:00,844 [INFO] PluginManager:220 - loadIPPluginJar : add gpio
2026-06-23 08:22:00,845 [INFO] IPUIPlugin:80 - create IPUIPlugin
2026-06-23 08:22:00,846 [INFO] PluginManager:220 - loadIPPluginJar : add openamp
2026-06-23 08:22:00,846 [INFO] IPUIPlugin:80 - create IPUIPlugin
2026-06-23 08:22:00,846 [INFO] PluginManager:220 - loadIPPluginJar : add gtzc
2026-06-23 08:22:00,847 [INFO] IPUIPlugin:80 - create IPUIPlugin
2026-06-23 08:22:00,847 [INFO] PluginManager:220 - loadIPPluginJar : add tracer_emb
2026-06-23 08:22:00,848 [INFO] IPUIPlugin:80 - create IPUIPlugin
2026-06-23 08:22:00,848 [INFO] PluginManager:220 - loadIPPluginJar : add dfsdm
2026-06-23 08:22:00,849 [INFO] IPUIPlugin:80 - create IPUIPlugin
2026-06-23 08:22:00,849 [INFO] PluginManager:220 - loadIPPluginJar : add ts
2026-06-23 08:22:00,850 [INFO] IPUIPlugin:80 - create IPUIPlugin
2026-06-23 08:22:00,850 [INFO] PluginManager:220 - loadIPPluginJar : add resmgrutility
2026-06-23 08:22:00,851 [INFO] IPUIPlugin:80 - create IPUIPlugin
2026-06-23 08:22:00,851 [INFO] PluginManager:220 - loadIPPluginJar : add pdm2pcm
2026-06-23 08:22:00,936 [INFO] CADModel:165 - CPN selected for project level
2026-06-23 08:22:00,937 [INFO] CADModel:114 - Register for checkConnection events
2026-06-23 08:22:00,937 [FATAL] Updater:308 - Updater called before beeing initialized
2026-06-23 08:22:00,937 [ERROR] CADModel:125 - Updater not yet initialized, retry later 
2026-06-23 08:22:01,011 [INFO] CADModel:165 - CPN selected for project level
2026-06-23 08:22:01,012 [INFO] CADModel:114 - Register for checkConnection events
2026-06-23 08:22:01,012 [FATAL] Updater:308 - Updater called before beeing initialized
2026-06-23 08:22:01,012 [ERROR] CADModel:125 - Updater not yet initialized, retry later 
2026-06-23 08:22:01,013 [FATAL] Updater:308 - Updater called before beeing initialized
2026-06-23 08:22:01,055 [FATAL] Updater:308 - Updater called before beeing initialized
2026-06-23 08:22:01,058 [INFO] DbMcusAds:53 - JSON generation date=Thu May 28 12:08:16 CLT 2026 (1779984496303)
2026-06-23 08:22:01,058 [FATAL] Updater:308 - Updater called before beeing initialized
2026-06-23 08:22:01,077 [WARN] DetailPanel:346 - Failed to get advertising image, set to default
2026-06-23 08:22:01,141 [FATAL] Updater:308 - Updater called before beeing initialized
2026-06-23 08:22:01,142 [FATAL] Updater:308 - Updater called before beeing initialized
2026-06-23 08:22:01,142 [FATAL] Updater:308 - Updater called before beeing initialized
2026-06-23 08:22:01,142 [WARN] DetailPanel:346 - Failed to get advertising image, set to default
2026-06-23 08:22:01,143 [FATAL] Updater:308 - Updater called before beeing initialized
2026-06-23 08:22:01,171 [ERROR] Updater:1120 - MainUpdater not yet initialized. External WinMGr cannot be set.
2026-06-23 08:22:01,172 [INFO] Updater:1056 - Updater Version found : 6.9.2
2026-06-23 08:22:01,185 [INFO] ApplicationProperties:184 - Using Application install path: /opt/st/stm32cubeide_1.13.2_2/plugins/com.st.stm32cube.common.mx_6.9.2.202309101412
2026-06-23 08:22:02,218 [INFO] MainUpdater:2868 - connection check result : 10
2026-06-23 08:22:02,218 [INFO] MainUpdater:285 - Updater Check For Update Now.
2026-06-23 08:22:02,218 [INFO] MicroXplorer:498 - Change Database Version : DB.6.0.92
2026-06-23 08:22:02,222 [INFO] McuFinderGlobals:63 - Set McuFinder mode to 2 (CubeIDE integrated)
2026-06-23 08:22:02,222 [INFO] UserAuth:179 - activating auth plugin
2026-06-23 08:22:02,224 [INFO] UserAuth:393 - Internet connection configuration mode: 1
2026-06-23 08:22:02,230 [INFO] JxBrowserEngine:151 - Initiate JxBrowser Engine with user profile folder
2026-06-23 08:22:02,368 [INFO] CheckServerUpdateThread:120 - End of CheckServer Thread
2026-06-23 08:22:02,580 [INFO] WebApp:157 - Instantiating new browser for Auth
2026-06-23 08:22:02,843 [INFO] WebApp:753 - Register for checkConnection events
2026-06-23 08:22:02,843 [INFO] WebApp:390 - Apply proxy settings
2026-06-23 08:22:02,843 [INFO] WebApp:475 - Chromium requires no authentication
2026-06-23 08:22:02,846 [INFO] WebApp:418 - Direct internet connection detected
2026-06-23 08:22:02,901 [INFO] WebApp:188 - Starting web application
2026-06-23 08:22:02,902 [INFO] WebApp:520 - Web application path used /opt/st/stm32cubeide_1.13.2_2/plugins/com.st.stm32cube.common.mx_6.9.2.202309101412/db/plugins/mcufinder/reactClient1/index.html
2026-06-23 08:22:03,615 [WARN] PackLoader:240 - Cannot read IP mode file for STMicroelectronics.X-CUBE-AZRTOS-H7.3.5.0
2026-06-23 08:22:03,621 [ERROR] Engine:466 - /home/papijou/.stm32cubemx/thirdparties/pdsc/STMicroelectronics.X-CUBE-SMBUS.2.1.1.pdsc: PDSC version is not supported
2026-06-23 08:22:03,632 [WARN] PackLoader:240 - Cannot read IP mode file for STMicroelectronics.X-CUBE-AZRTOS-F7.1.1.0
2026-06-23 08:22:03,640 [ERROR] Engine:466 - /home/papijou/.stm32cubemx/thirdparties/pdsc/WES.I-CUBE-Cesium.1.4.0.pdsc: PDSC version is not supported
2026-06-23 08:22:03,645 [WARN] PackLoader:240 - Cannot read IP mode file for STMicroelectronics.X-CUBE-DISPLAY.3.0.0
2026-06-23 08:22:03,654 [WARN] PackLoader:240 - Cannot read IP mode file for STMicroelectronics.X-CUBE-GNSS1.7.1.1
2026-06-23 08:22:03,657 [WARN] PackLoader:240 - Cannot read IP mode file for wolfSSL.I-CUBE-wolfSSL.5.9.1
2026-06-23 08:22:03,661 [WARN] PackLoader:240 - Cannot read IP mode file for STMicroelectronics.X-CUBE-NFC10.1.0.0
2026-06-23 08:22:03,664 [ERROR] Engine:466 - /home/papijou/.stm32cubemx/thirdparties/pdsc/STMicroelectronics.X-CUBE-ST60.1.1.0.pdsc: PDSC version is not supported
2026-06-23 08:22:03,666 [WARN] PackLoader:240 - Cannot read IP mode file for emotas.I-CUBE-CANOPEN.1.3.0
2026-06-23 08:22:03,673 [INFO] LogOutputStream:77 - [STDOUT_REDIRECT] 1 : Invalid condition id : UX_CORESTACK_Condition cause : null
2026-06-23 08:22:03,673 [INFO] LogOutputStream:77 - [STDOUT_REDIRECT] 1 : Invalid condition id : UX_CORESTACK_Condition cause : null
2026-06-23 08:22:03,674 [INFO] LogOutputStream:77 - [STDOUT_REDIRECT] 1 : Invalid condition id : UX_CORESTACK_Condition cause : null
2026-06-23 08:22:03,674 [INFO] LogOutputStream:77 - [STDOUT_REDIRECT] 1 : Invalid condition id : UX_CORESTACK_Condition cause : null
2026-06-23 08:22:03,674 [INFO] LogOutputStream:77 - [STDOUT_REDIRECT] 1 : Invalid condition id : UX_CORESTACK_Condition cause : null
2026-06-23 08:22:03,676 [WARN] PackLoader:240 - Cannot read IP mode file for STMicroelectronics.X-CUBE-AZRTOS-WL.2.0.0
2026-06-23 08:22:03,690 [WARN] PackLoader:240 - Cannot read IP mode file for STMicroelectronics.X-CUBE-AZRTOS-H7RS.1.2.0
2026-06-23 08:22:03,695 [WARN] PackLoader:240 - Cannot read IP mode file for STMicroelectronics.X-CUBE-BLE2.3.3.0
2026-06-23 08:22:03,696 [ERROR] Engine:466 - /home/papijou/.stm32cubemx/thirdparties/pdsc/Avnet-IOTCONNECT.X-CUBE-iotc-st67-sdk.1.0.0.pdsc: PDSC version is not supported
2026-06-23 08:22:03,699 [ERROR] Engine:466 - /home/papijou/.stm32cubemx/thirdparties/pdsc/Infineon.AIROC-Wi-Fi-Bluetooth-STM32.1.8.0.pdsc: PDSC version is not supported
2026-06-23 08:22:03,702 [WARN] PackLoader:240 - Cannot read IP mode file for STMicroelectronics.X-CUBE-NFC9.1.0.0
2026-06-23 08:22:03,705 [WARN] PackLoader:240 - Cannot read IP mode file for STMicroelectronics.X-CUBE-BLE1.7.1.0
2026-06-23 08:22:03,706 [WARN] PackLoader:240 - Cannot read IP mode file for wolfSSL.I-CUBE-wolfMQTT.1.19.2
2026-06-23 08:22:03,709 [WARN] PackLoader:240 - Cannot read IP mode file for STMicroelectronics.X-CUBE-EEPRMA1.5.2.0
2026-06-23 08:22:03,719 [WARN] PackLoader:240 - Cannot read IP mode file for STMicroelectronics.X-CUBE-AZRTOS-G0.1.1.0
2026-06-23 08:22:03,723 [WARN] PackLoader:240 - Cannot read IP mode file for STMicroelectronics.X-CUBE-NFC4.3.0.0
2026-06-23 08:22:03,726 [ERROR] Engine:466 - /home/papijou/.stm32cubemx/thirdparties/pdsc/EmbeddedOffice.I-CUBE-FS-RTOS.1.0.1.pdsc: PDSC version is not supported
2026-06-23 08:22:03,727 [WARN] PackLoader:240 - Cannot read IP mode file for wolfSSL.I-CUBE-wolfTPM.3.8.0
2026-06-23 08:22:03,729 [ERROR] Engine:466 - /home/papijou/.stm32cubemx/thirdparties/pdsc/STMicroelectronics.X-CUBE-TCPP.4.2.0.pdsc: PDSC version is not supported
2026-06-23 08:22:03,729 [ERROR] Engine:466 - /home/papijou/.stm32cubemx/thirdparties/pdsc/RealThread.X-CUBE-RT-Thread_Nano.4.1.1.pdsc: PDSC version is not supported
2026-06-23 08:22:03,731 [WARN] PackLoader:240 - Cannot read IP mode file for STMicroelectronics.FP-ATR-SIGFOX1.3.2.0
2026-06-23 08:22:03,732 [ERROR] Engine:466 - /home/papijou/.stm32cubemx/thirdparties/pdsc/STMicroelectronics.X-CUBE-FREERTOS.1.5.0.pdsc: PDSC version is not supported
2026-06-23 08:22:03,735 [WARN] PackLoader:240 - Cannot read IP mode file for ITTIA_DB.I-CUBE-ITTIADB.8.9.0
2026-06-23 08:22:03,736 [ERROR] Engine:466 - /home/papijou/.stm32cubemx/thirdparties/pdsc/Cesanta.I-CUBE-Mongoose.7.21.7.pdsc: PDSC version is not supported
2026-06-23 08:22:03,738 [WARN] PackLoader:240 - Cannot read IP mode file for STMicroelectronics.X-CUBE-NFC6.3.2.0
2026-06-23 08:22:03,741 [WARN] PackLoader:240 - Cannot read IP mode file for STMicroelectronics.X-CUBE-AI.10.2.1
2026-06-23 08:22:03,771 [WARN] PackLoader:240 - Cannot read IP mode file for STMicroelectronics.X-CUBE-MEMS1.12.1.0
2026-06-23 08:22:03,844 [WARN] PackLoader:240 - Cannot read IP mode file for SEGGER.I-CUBE-embOS.1.3.1
2026-06-23 08:22:03,871 [WARN] PackLoader:240 - Cannot read IP mode file for STMicroelectronics.X-CUBE-NFC13.1.0.0
2026-06-23 08:22:03,874 [WARN] PackLoader:240 - Cannot read IP mode file for STMicroelectronics.X-CUBE-PM33A1.1.0.0
2026-06-23 08:22:03,884 [WARN] PackLoader:240 - Cannot read IP mode file for STMicroelectronics.X-CUBE-AZRTOS-F4.1.1.0
2026-06-23 08:22:03,887 [WARN] PackLoader:240 - Cannot read IP mode file for STMicroelectronics.X-CUBE-ISPU.2.1.0
2026-06-23 08:22:03,890 [ERROR] Engine:466 - /home/papijou/.stm32cubemx/thirdparties/pdsc/STMicroelectronics.X-CUBE-IPS.3.2.0.pdsc: PDSC version is not supported
2026-06-23 08:22:03,890 [ERROR] Engine:466 - /home/papijou/.stm32cubemx/thirdparties/pdsc/STMicroelectronics.eDS-WB_DPC_TT-BIDIR.2.1.1.pdsc: PDSC version is not supported
2026-06-23 08:22:03,892 [WARN] PackLoader:240 - Cannot read IP mode file for STMicroelectronics.X-CUBE-NFC12.1.0.0
2026-06-23 08:22:03,900 [WARN] PackLoader:240 - Cannot read IP mode file for STMicroelectronics.X-CUBE-AZRTOS-L5.2.0.0
2026-06-23 08:22:03,904 [WARN] PackLoader:240 - Cannot read IP mode file for STMicroelectronics.X-CUBE-ALGOBUILD.1.5.0
2026-06-23 08:22:03,905 [ERROR] Engine:466 - /home/papijou/.stm32cubemx/thirdparties/pdsc/STMicroelectronics.eDS-WB_DPC_VIENNA.1.2.0.pdsc: PDSC version is not supported
2026-06-23 08:22:03,905 [ERROR] Engine:466 - /home/papijou/.stm32cubemx/thirdparties/pdsc/STMicroelectronics.eDS-WB_DPC_3PH2L-BIDIR.1.1.1.pdsc: PDSC version is not supported
2026-06-23 08:22:03,906 [ERROR] Engine:466 - /home/papijou/.stm32cubemx/thirdparties/pdsc/STMicroelectronics.X-CUBE-ST67W61.1.3.0.pdsc: PDSC version is not supported
2026-06-23 08:22:03,908 [WARN] PackLoader:240 - Cannot read IP mode file for STMicroelectronics.X-CUBE-TOUCHGFX.4.26.1
2026-06-23 08:22:03,909 [ERROR] Engine:466 - /home/papijou/.stm32cubemx/thirdparties/pdsc/STMicroelectronics.X-CUBE-DPower.1.3.0.pdsc: PDSC version is not supported
2026-06-23 08:22:03,915 [WARN] ConditionMgr:438 - getConditionDescription Invalid condition id : LAN8742 Phy interface Condition cause : null
2026-06-23 08:22:03,916 [WARN] PackLoader:240 - Cannot read IP mode file for STMicroelectronics.X-CUBE-AZRTOS-L4.2.0.0
2026-06-23 08:22:03,917 [WARN] ConditionMgr:1039 - genDependencies : Invalid condition id : LAN8742 Phy interface Condition cause : null
2026-06-23 08:22:03,917 [WARN] ConditionMgr:1039 - genDependencies : Invalid condition id : LAN8742 Phy interface Condition cause : null
2026-06-23 08:22:03,917 [WARN] ConditionMgr:1039 - genDependencies : Invalid condition id : LAN8742 Phy interface Condition cause : null
2026-06-23 08:22:03,920 [WARN] PackLoader:240 - Cannot read IP mode file for STMicroelectronics.X-CUBE-SFXS2LP1.4.0.0
2026-06-23 08:22:03,922 [WARN] PackLoader:240 - Cannot read IP mode file for STMicroelectronics.X-CUBE-WB05N.2.1.0
2026-06-23 08:22:03,924 [ERROR] Engine:466 - /home/papijou/.stm32cubemx/thirdparties/pdsc/STMicroelectronics.X-CUBE-BLEMGR.4.1.0.pdsc: PDSC version is not supported
2026-06-23 08:22:03,929 [WARN] ConditionMgr:438 - getConditionDescription Invalid condition id : UX DEVICE CLASS RTOS Condition cause : null
2026-06-23 08:22:03,929 [WARN] ConditionMgr:438 - getConditionDescription Invalid condition id : UX DEVICE CLASS RTOS Condition cause : null
2026-06-23 08:22:03,930 [WARN] PackLoader:240 - Cannot read IP mode file for STMicroelectronics.X-CUBE-AZRTOS-WB.2.0.0
2026-06-23 08:22:03,930 [WARN] ConditionMgr:1039 - genDependencies : Invalid condition id : UX DEVICE CLASS RTOS Condition cause : null
2026-06-23 08:22:03,930 [WARN] ConditionMgr:1039 - genDependencies : Invalid condition id : UX DEVICE CLASS RTOS Condition cause : null
2026-06-23 08:22:03,930 [WARN] ConditionMgr:1039 - genDependencies : Invalid condition id : UX DEVICE CLASS RTOS Condition cause : null
2026-06-23 08:22:03,930 [WARN] ConditionMgr:1039 - genDependencies : Invalid condition id : UX DEVICE CLASS RTOS Condition cause : null
2026-06-23 08:22:03,930 [WARN] ConditionMgr:1039 - genDependencies : Invalid condition id : UX DEVICE CLASS RTOS Condition cause : null
2026-06-23 08:22:03,932 [ERROR] Engine:466 - /home/papijou/.stm32cubemx/thirdparties/pdsc/quantropi.X-CUBE-qispace-sdk-base.2.1.0.pdsc: PDSC version is not supported
2026-06-23 08:22:03,934 [WARN] PackLoader:240 - Cannot read IP mode file for STMicroelectronics.X-CUBE-STSE01.2.0.0
2026-06-23 08:22:03,938 [WARN] PackLoader:240 - Cannot read IP mode file for STMicroelectronics.X-CUBE-SUBG2.5.0.0
2026-06-23 08:22:03,946 [WARN] PackLoader:240 - Cannot read IP mode file for STMicroelectronics.X-CUBE-AZRTOS-G4.2.0.0
2026-06-23 08:22:03,948 [WARN] PackLoader:240 - Cannot read IP mode file for wolfSSL.I-CUBE-wolfSSH.1.4.20
2026-06-23 08:22:03,950 [WARN] PackLoader:240 - Cannot read IP mode file for STMicroelectronics.X-CUBE-NFC7.2.0.0
2026-06-23 08:22:03,952 [ERROR] Engine:466 - /home/papijou/.stm32cubemx/thirdparties/pdsc/STMicroelectronics.X-CUBE-TOF1.3.4.3.pdsc: PDSC version is not supported
2026-06-23 08:22:03,953 [INFO] ThirdParty:978 - Integrity check success = true
2026-06-23 08:22:03,953 [INFO] IntegrityCheckThread:100 - exiting critical section [integrity check]
2026-06-23 08:22:03,953 [INFO] IntegrityCheckThread:103 - End integrity checks thread
2026-06-23 08:22:23,176 [ERROR] LogOutputStream:75 - [STDERR_REDIRECT] SLF4J: Failed to load class "org.slf4j.impl.StaticLoggerBinder".
2026-06-23 08:22:23,176 [ERROR] LogOutputStream:75 - [STDERR_REDIRECT] SLF4J: Defaulting to no-operation (NOP) logger implementation
2026-06-23 08:22:23,176 [ERROR] LogOutputStream:75 - [STDERR_REDIRECT] SLF4J: See http://www.slf4j.org/codes.html#StaticLoggerBinder for further details.
2026-06-23 08:27:47,011 [INFO] McuFinderGlobals:63 - Set McuFinder mode to 2 (CubeIDE integrated)
2026-06-23 08:27:47,013 [INFO] MainUpdater:2868 - connection check result : 10
2026-06-23 08:27:47,014 [INFO] MainUpdater:2868 - connection check result : 10
2026-06-23 08:27:47,032 [INFO] MicroXplorer:468 - Change Database Path : 
2026-06-23 08:27:47,033 [INFO] MicroXplorer:498 - Change Database Version : DB.6.0.92
2026-06-23 08:27:47,035 [WARN] ThirdParty:871 - waiting for thirdparty lock release [close project]
2026-06-23 08:27:47,035 [INFO] ThirdParty:873 - entering critical section [close project]
2026-06-23 08:27:47,036 [INFO] ThirdParty:883 - exiting critical section [close project]
2026-06-23 08:27:47,038 [INFO] PinOutPanel:1499 - setPackage(No Configuration,No Configuration)
2026-06-23 08:27:47,043 [INFO] UtilMem:75 - Begin LoadConfig() Used Memory: 677975080 Bytes (1073741824)
2026-06-23 08:27:47,044 [INFO] MicroXplorer:468 - Change Database Path : 
2026-06-23 08:27:47,044 [INFO] MicroXplorer:498 - Change Database Version : DB.6.0.92
2026-06-23 08:27:47,044 [INFO] OpenFileManager:308 - Change cursor
2026-06-23 08:27:47,062 [INFO] Mcu:1946 - Initializing MCU STM32L476R(C-E-G)Tx STM32L476RGTx STM32L476RGT6
2026-06-23 08:27:48,915 [INFO] Context:659 - Trying to add GPIOservice into a context  which must be forbidden
2026-06-23 08:27:49,520 [INFO] RtosManager:555 - Registered RTOS mode: class=CMSIS, group=RTOS, mode=CMSIS_V1, owner=FREERTOS
2026-06-23 08:27:49,520 [INFO] RtosManager:555 - Registered RTOS mode: class=CMSIS, group=RTOS2, mode=CMSIS_V2, owner=FREERTOS
2026-06-23 08:27:49,520 [INFO] RtosManager:555 - Registered RTOS mode: class=RTOS, group=Core, mode=CMSIS_V1, owner=FREERTOS
2026-06-23 08:27:49,520 [INFO] RtosManager:555 - Registered RTOS mode: class=RTOS, group=Core, mode=CMSIS_V2, owner=FREERTOS
2026-06-23 08:27:49,520 [WARN] ModelIntegratedComponent:184 - Missing modes for component STMicroelectronics:FreeRTOS:0.0.1:STMicroelectronics:RTOS:FreeRTOS:Core:::10.2.0:
2026-06-23 08:27:49,528 [WARN] ModelIntegratedComponent:63 - No mode defined for component null
2026-06-23 08:27:49,528 [WARN] ModelIntegratedComponent:63 - No mode defined for component null
2026-06-23 08:27:49,528 [WARN] ModelIntegratedComponent:63 - No mode defined for component null
2026-06-23 08:27:49,528 [WARN] ModelIntegratedComponent:63 - No mode defined for component null
2026-06-23 08:27:49,528 [WARN] ModelIntegratedComponent:63 - No mode defined for component null
2026-06-23 08:27:49,528 [WARN] ModelIntegratedComponent:63 - No mode defined for component null
2026-06-23 08:27:49,528 [WARN] ModelIntegratedComponent:63 - No mode defined for component null
2026-06-23 08:27:49,528 [WARN] ModelIntegratedComponent:63 - No mode defined for component null
2026-06-23 08:27:49,528 [WARN] ModelIntegratedComponent:63 - No mode defined for component null
2026-06-23 08:27:49,528 [WARN] ModelIntegratedComponent:63 - No mode defined for component null
2026-06-23 08:27:49,528 [WARN] ModelIntegratedComponent:63 - No mode defined for component null
2026-06-23 08:27:49,528 [WARN] ModelIntegratedComponent:63 - No mode defined for component null
2026-06-23 08:27:49,528 [WARN] ModelIntegratedComponent:63 - No mode defined for component null
2026-06-23 08:27:49,528 [WARN] ModelIntegratedComponent:63 - No mode defined for component null
2026-06-23 08:27:49,528 [WARN] ModelIntegratedComponent:63 - No mode defined for component null
2026-06-23 08:27:49,528 [WARN] ModelIntegratedComponent:63 - No mode defined for component null
2026-06-23 08:27:49,528 [WARN] ModelIntegratedComponent:63 - No mode defined for component null
2026-06-23 08:27:49,528 [WARN] ModelIntegratedComponent:63 - No mode defined for component null
2026-06-23 08:27:49,528 [WARN] ModelIntegratedComponent:63 - No mode defined for component null
2026-06-23 08:27:49,528 [WARN] ModelIntegratedComponent:63 - No mode defined for component null
2026-06-23 08:27:49,528 [WARN] ModelIntegratedComponent:63 - No mode defined for component null
2026-06-23 08:27:49,528 [WARN] ModelIntegratedComponent:63 - No mode defined for component null
2026-06-23 08:27:49,528 [WARN] ModelIntegratedComponent:63 - No mode defined for component null
2026-06-23 08:27:49,528 [WARN] ModelIntegratedComponent:63 - No mode defined for component null
2026-06-23 08:27:49,529 [WARN] ModelIntegratedComponent:63 - No mode defined for component null
2026-06-23 08:27:49,529 [WARN] ModelIntegratedComponent:63 - No mode defined for component null
2026-06-23 08:27:49,529 [WARN] ModelIntegratedComponent:63 - No mode defined for component null
2026-06-23 08:27:49,529 [WARN] ModelIntegratedComponent:63 - No mode defined for component null
2026-06-23 08:27:49,529 [WARN] ModelIntegratedComponent:63 - No mode defined for component null
2026-06-23 08:27:49,529 [WARN] ModelIntegratedComponent:63 - No mode defined for component null
2026-06-23 08:27:49,529 [WARN] ModelIntegratedComponent:63 - No mode defined for component null
2026-06-23 08:27:49,529 [WARN] ModelIntegratedComponent:63 - No mode defined for component null
2026-06-23 08:27:49,529 [WARN] ModelIntegratedComponent:63 - No mode defined for component null
2026-06-23 08:27:49,588 [INFO] ThirdPartyModel:298 - Start build external matchings
2026-06-23 08:27:49,708 [INFO] ThirdPartyModel:316 - End build external matchings
2026-06-23 08:27:49,716 [INFO] ImportTextPane:194 - (OptionalMessage_ERROR) IP (ADC1) : Parameter (CommonPathInternal) has invalid value (null|ADC_CHANNEL_TEMPSENSOR|null|null)
2026-06-23 08:27:49,716 [INFO] ImportTextPane:194 - (OptionalMessage_ERROR) IP (ADC2) : Parameter (CommonPathInternal) has invalid value (null|null|null|null)
2026-06-23 08:27:49,914 [INFO] UtilMem:75 - End LoadConfig() Used Memory: 890454608 Bytes (1073741824)
2026-06-23 08:27:49,978 [INFO] ApiDb:581 - Connected to CubeFinder SQLite database (/home/papijou/.stmcufinder/plugins/mcufinder/mcu/cube-finder-db.db)
2026-06-23 08:27:50,062 [INFO] ApiDb:668 - CubeFinder database Data Model version=2.1
2026-06-23 08:27:50,062 [INFO] ApiDb:669 - CubeFinder database Configuration version=3.0.42
2026-06-23 08:27:50,062 [INFO] ApiDb:670 - CubeFinder database generation date=2026-05-14 (1778746352)
2026-06-23 08:27:50,062 [INFO] ApiDb:671 - CubeFinder database FW Pack versions=[FP-ATR-ASTRA1_V2.0.0, FP-SNS-FLIGHT1_V5.1.0, FP-SNS-MOTENV1_V5.1.0, FP-SNS-MOTENVWB1_V1.5.0, FP-SNS-SMARTAG2_V1.2.0, FP-SNS-STBOX1_V2.1.0, STM32Cube_FW_C0_V1.4.0, STM32Cube_FW_F4_V1.28.3, STM32Cube_FW_F7_V1.17.4, STM32Cube_FW_G0_V1.6.3, STM32Cube_FW_G4_V1.6.2, STM32Cube_FW_H5_V1.6.0, STM32Cube_FW_H7RS_V1.3.0, STM32Cube_FW_H7_V1.13.0, STM32Cube_FW_L0_V1.12.2, STM32Cube_FW_L4_V1.18.2, STM32Cube_FW_L5_V1.6.0, STM32Cube_FW_N6_V1.3.0, STM32Cube_FW_U0_V1.3.0, STM32Cube_FW_U3_V1.3.0, STM32Cube_FW_U5_V1.8.0, STM32Cube_FW_WB0_V1.4.0, STM32Cube_FW_WBA_V1.9.0, STM32Cube_FW_WB_V1.24.0, STM32Cube_FW_WL3_V1.4.0, STM32Cube_FW_WL_V1.5.0, X-CUBE-ALGOBUILD_V1.4.0, X-CUBE-ALS_V1.0.2, X-CUBE-AZRTOS-F4_V1.1.0, X-CUBE-AZRTOS-F7_V1.1.0, X-CUBE-AZRTOS-G0_V1.1.0, X-CUBE-AZRTOS-G4_V2.0.0, X-CUBE-AZRTOS-H7RS_V1.1.0, X-CUBE-AZRTOS-H7_V3.5.0, X-CUBE-AZRTOS-L4_V2.0.0, X-CUBE-AZRTOS-L5_V2.0.0, X-CUBE-AZRTOS-WB_V2.0.0, X-CUBE-AZRTOS-WL_V2.0.0, X-CUBE-BLE1_V7.1.0, X-CUBE-BLE2_V3.3.0, X-CUBE-BLEMGR_V4.1.0, X-CUBE-EEPRMA1_V5.2.0, X-CUBE-FREERTOS_V1.5.0, X-CUBE-GNSS1_V7.1.1, X-CUBE-MEMS1_V12.1.0, X-CUBE-NFC4_V3.0.0, X-CUBE-NFC7_V2.0.0, X-CUBE-SFXS2LP1_V4.0.0, X-CUBE-ST67W61_V1.3.0, X-CUBE-SUBG2_V5.0.0, X-CUBE-TOF1_V3.4.3]
2026-06-23 08:27:51,813 [INFO] ApiDb:240 - Found 323 in-development CPN: [B-G473E-ZEST1S, B-WB1M-WPAN1, B-WL5M-SUBG1, NUCLEO-C031C6, NUCLEO-H503RB, NUCLEO-H563ZI, NUCLEO-U545RE-Q, NUCLEO-U5A5ZJ-Q, NUCLEO-WBA52CG, STEVAL-PROTEUS1, STEVAL-SMARTAG2, STEVAL-STWINBX1, STM320518-EVAL, STM32C0116-DK, STM32C011D6Y3TR, STM32C011D6Y6TR, STM32C011F4P3, STM32C011F4P6, STM32C011F4U3, STM32C011F4U6TR, STM32C011F6P3, STM32C011F6P6, STM32C011F6U3, STM32C011F6U6TR, STM32C011J4M3, STM32C011J4M6, STM32C011J6M3, STM32C011J6M6, STM32C0316-DK, STM32C031C4T3, STM32C031C4T6, STM32C031C4U3, STM32C031C4U6, STM32C031C6T3, STM32C031C6T6, STM32C031C6U3, STM32C031C6U6, STM32C031F4P3, STM32C031F4P6, STM32C031F6P3, STM32C031F6P6, STM32C031G4U3, STM32C031G4U6, STM32C031G6U3, STM32C031G6U6, STM32C031K4T3, STM32C031K4T6, STM32C031K4U3, STM32C031K4U6, STM32C031K6T3, STM32C031K6T6, STM32C031K6U3, STM32C031K6U6, STM32G071K8TXN, STM32G071K8UXN, STM32G081GBU6N, STM32G081KBT6N, STM32G081KBUXN, STM32G0B1CCT6N, STM32G0B1KCT6, STM32G0B1NEY6TR, STM32G0B1RCT6N, STM32G0C1CCT6, STM32G0C1CCT6N, STM32G0C1CCU6N, STM32G0C1CET6N, STM32G0C1CEU6N, STM32G0C1KCT6, STM32G0C1NEY6TR, STM32G0C1RCI6N, STM32G0C1RCT6N, STM32G0C1REI6N, STM32G0C1RET6N, STM32G0C1VCI6, STM32G0C1VEI6, STM32G471CCT6, STM32G471CCU6, STM32G471CET3, STM32G471CET6, STM32G471CEU3, STM32G471CEU6, STM32G471MCT6, STM32G471MET3, STM32G471MET6, STM32G471MEY6TR, STM32G471QCT6, STM32G471QET3, STM32G471RCT6, STM32G471RET3, STM32G471RET6, STM32G471VCH6, STM32G471VCI6, STM32G471VCT6, STM32G471VEH3, STM32G471VEH6, STM32G471VEI3, STM32G471VEI6, STM32G471VET3, STM32G471VET6, STM32G474CCT6, STM32H503CBT6, STM32H503CBU6, STM32H503EBY6TR, STM32H503KBU6, STM32H503RBT6, STM32H562AGI6, STM32H562AII6, STM32H562IGK6, STM32H562IGT6, STM32H562IIK6, STM32H562IIT6, STM32H562RGT6, STM32H562RGV6, STM32H562RIT6, STM32H562RIV6, STM32H562VGT6, STM32H562VIT6, STM32H562ZGT6, STM32H562ZIT6, STM32H563AGI6, STM32H563AII3Q, STM32H563AII6, STM32H563IGK6, STM32H563IGT6, STM32H563IIK3Q, STM32H563IIK6, STM32H563IIT3Q, STM32H563IIT6, STM32H563MIY3QTR, STM32H563RGT6, STM32H563RGV6, STM32H563RIT6, STM32H563RIV6, STM32H563VGT6, STM32H563VIT3Q, STM32H563VIT6, STM32H563ZGT6, STM32H563ZIT3Q, STM32H563ZIT6, STM32H573AII3Q, STM32H573AII6, STM32H573I-DK, STM32H573IIK3Q, STM32H573IIK6, STM32H573IIT3Q, STM32H573IIT6, STM32H573MIY3QTR, STM32H573RIT6, STM32H573RIV6, STM32H573VIT3Q, STM32H573VIT6, STM32H573ZIT3Q, STM32H573ZIT6, STM32L4R5QGI6STR, STM32MP131AAE3, STM32MP131AAF3, STM32MP131AAG3, STM32MP131CAE3, STM32MP131CAF3, STM32MP131CAG3, STM32MP131DAE7, STM32MP131DAF7, STM32MP131DAG7, STM32MP131FAE7, STM32MP131FAF7, STM32MP131FAG7, STM32MP133AAE3, STM32MP133AAF3, STM32MP133AAG3, STM32MP133CAE3, STM32MP133CAF3, STM32MP133CAG3, STM32MP133DAE7, STM32MP133DAF7, STM32MP133DAG7, STM32MP133FAE7, STM32MP133FAF7, STM32MP133FAG7, STM32MP135AAE3, STM32MP135AAF3, STM32MP135AAG3, STM32MP135CAE3, STM32MP135CAF3, STM32MP135CAG3, STM32MP135DAE7, STM32MP135DAF7, STM32MP135DAG7, STM32MP135F-DK, STM32MP135FAE7, STM32MP135FAF7, STM32MP135FAF7T, STM32MP135FAF7U, STM32MP135FAG7, STM32U535CBT6, STM32U535CBT6Q, STM32U535CBU6, STM32U535CBU6Q, STM32U535CCT6, STM32U535CCT6Q, STM32U535CCU6, STM32U535CCU6Q, STM32U535CET6, STM32U535CET6Q, STM32U535CEU6, STM32U535CEU6Q, STM32U535JEY6QTR, STM32U535NCY6QTR, STM32U535NEY6QTR, STM32U535RBI6, STM32U535RBI6Q, STM32U535RBT6, STM32U535RBT6Q, STM32U535RCI6, STM32U535RCI6Q, STM32U535RCT6, STM32U535RCT6Q, STM32U535REI6, STM32U535REI6Q, STM32U535RET6, STM32U535RET6Q, STM32U535VCI6, STM32U535VCI6Q, STM32U535VCT6, STM32U535VCT6Q, STM32U535VEI6, STM32U535VEI6Q, STM32U535VET6, STM32U535VET6Q, STM32U545CET6, STM32U545CET6Q, STM32U545CEU6, STM32U545CEU6Q, STM32U545JEY6QTR, STM32U545NEY6QTR, STM32U545REI6, STM32U545REI6Q, STM32U545RET6, STM32U545RET6Q, STM32U545VEI6, STM32U545VEI6Q, STM32U545VET6, STM32U545VET6Q, STM32U595AIH6, STM32U595AIH6Q, STM32U595AJH6, STM32U595AJH6Q, STM32U595QII6, STM32U595QII6Q, STM32U595QJI6, STM32U595QJI6Q, STM32U595RIT6, STM32U595RIT6Q, STM32U595RJT6, STM32U595RJT6Q, STM32U595VIT6, STM32U595VIT6Q, STM32U595VJT6, STM32U595VJT6Q, STM32U595ZIT6, STM32U595ZIT6Q, STM32U595ZIY6QTR, STM32U595ZJT6, STM32U595ZJT6Q, STM32U595ZJY6QTR, STM32U599BJY6QTR, STM32U599NIH6Q, STM32U599NJH6Q, STM32U599VIT6Q, STM32U599VJT6, STM32U599VJT6Q, STM32U599ZIT6Q, STM32U599ZIY6QTR, STM32U599ZJT6Q, STM32U599ZJY6QTR, STM32U5A5AJH6, STM32U5A5AJH6Q, STM32U5A5QJI6, STM32U5A5QJI6Q, STM32U5A5RJT6, STM32U5A5RJT6Q, STM32U5A5VJT6, STM32U5A5VJT6Q, STM32U5A5ZJT6, STM32U5A5ZJT6Q, STM32U5A5ZJY6QTR, STM32U5A9BJY6QTR, STM32U5A9J-DK, STM32U5A9NJH6Q, STM32U5A9VJT6Q, STM32U5A9ZJT6Q, STM32U5A9ZJY6QTR, STM32U5F7VIT6, STM32U5F7VIT6Q, STM32U5F7VJT6, STM32U5F7VJT6Q, STM32U5F9BJY6QTR, STM32U5F9NJH6Q, STM32U5F9VIT6Q, STM32U5F9VJT6Q, STM32U5F9ZIJ6QTR, STM32U5F9ZIT6Q, STM32U5F9ZJJ6QTR, STM32U5F9ZJT6Q, STM32U5G7VJT6, STM32U5G7VJT6Q, STM32U5G9BJY6QTR, STM32U5G9J-DK1, STM32U5G9J-DK2, STM32U5G9NJH6Q, STM32U5G9VJT6Q, STM32U5G9ZJJ6QTR, STM32U5G9ZJT6Q, STM32WB1MMCH6, STM32WBA52CEU6, STM32WBA52CEU6T, STM32WBA52CGU6, STM32WBA52CGU6T, STM32WBA52KEU6, STM32WBA52KEU6T, STM32WBA52KGU6, STM32WBA52KGU6T, STM32WL5MOCH6, STM32WL5MOCH6TR]
2026-06-23 08:27:51,818 [INFO] DbMcus:217 - Found 5061 MCUs, 4943 are supported
2026-06-23 08:27:51,819 [INFO] ApiDb:423 - Load user favorites file /home/papijou/.stm32cubeide/favorites.mcus.txt: 0 item(s)
2026-06-23 08:27:51,819 [INFO] ApiDb:427 - User favorites MCUs=[]
2026-06-23 08:27:51,819 [INFO] DbMcus:223 - Set 0 / 0 favorites MCUs
2026-06-23 08:27:52,143 [WARN] ThirdParty:833 - waiting for thirdparty lock release [change project]
2026-06-23 08:27:52,143 [INFO] ThirdParty:835 - entering critical section [change project]
2026-06-23 08:27:52,143 [INFO] ThirdParty:1030 - CMSIS Pack Vendor :STMicroelectronics X-CUBE-AZRTOS-H7 3.5.0
2026-06-23 08:27:52,143 [INFO] ThirdParty:1030 - CMSIS Pack Vendor :STMicroelectronics X-CUBE-PM33A1 1.0.0
2026-06-23 08:27:52,143 [INFO] ThirdParty:1030 - CMSIS Pack Vendor :STMicroelectronics USBPD 4.1
2026-06-23 08:27:52,143 [INFO] ThirdParty:1030 - CMSIS Pack Vendor :STMicroelectronics X-CUBE-NFC9 1.0.0
2026-06-23 08:27:52,143 [INFO] ThirdParty:1030 - CMSIS Pack Vendor :STMicroelectronics USB_HOST 2.0.0
2026-06-23 08:27:52,143 [INFO] ThirdParty:1030 - CMSIS Pack Vendor :STMicroelectronics X-CUBE-AZRTOS-F4 1.1.0
2026-06-23 08:27:52,143 [INFO] ThirdParty:1030 - CMSIS Pack Vendor :STMicroelectronics LIBJPEG 8.0.0
2026-06-23 08:27:52,143 [INFO] ThirdParty:1030 - CMSIS Pack Vendor :STMicroelectronics X-CUBE-BLE1 7.1.0
2026-06-23 08:27:52,143 [INFO] ThirdParty:1030 - CMSIS Pack Vendor :wolfSSL I-CUBE-wolfMQTT 1.19.2
2026-06-23 08:27:52,143 [INFO] ThirdParty:1030 - CMSIS Pack Vendor :STMicroelectronics USB_DEVICE 3.0.0
2026-06-23 08:27:52,143 [INFO] ThirdParty:1030 - CMSIS Pack Vendor :STMicroelectronics X-CUBE-ISPU 2.1.0
2026-06-23 08:27:52,143 [INFO] ThirdParty:1030 - CMSIS Pack Vendor :STMicroelectronics X-CUBE-EEPRMA1 5.2.0
2026-06-23 08:27:52,143 [INFO] ThirdParty:1030 - CMSIS Pack Vendor :STMicroelectronics X-CUBE-AZRTOS-WB 2.0.0
2026-06-23 08:27:52,144 [INFO] ThirdParty:1030 - CMSIS Pack Vendor :STMicroelectronics X-CUBE-NFC12 1.0.0
2026-06-23 08:27:52,144 [INFO] ThirdParty:1030 - CMSIS Pack Vendor :STMicroelectronics X-CUBE-AZRTOS-F7 1.1.0
2026-06-23 08:27:52,144 [INFO] ThirdParty:1030 - CMSIS Pack Vendor :STMicroelectronics X-CUBE-AZRTOS-L5 2.0.0
2026-06-23 08:27:52,144 [INFO] ThirdParty:1030 - CMSIS Pack Vendor :STMicroelectronics USB_DEVICE 2.0.0
2026-06-23 08:27:52,144 [INFO] ThirdParty:1030 - CMSIS Pack Vendor :STMicroelectronics X-CUBE-STSE01 2.0.0
2026-06-23 08:27:52,144 [INFO] ThirdParty:1030 - CMSIS Pack Vendor :STMicroelectronics X-CUBE-ALGOBUILD 1.5.0
2026-06-23 08:27:52,144 [INFO] ThirdParty:1030 - CMSIS Pack Vendor :STMicroelectronics FreeRTOS 0.0.1
2026-06-23 08:27:52,144 [INFO] ThirdParty:1030 - CMSIS Pack Vendor :STMicroelectronics X-CUBE-AZRTOS-G0 1.1.0
2026-06-23 08:27:52,144 [INFO] ThirdParty:1030 - CMSIS Pack Vendor :STMicroelectronics X-CUBE-NFC4 3.0.0
2026-06-23 08:27:52,144 [INFO] ThirdParty:1030 - CMSIS Pack Vendor :STMicroelectronics X-CUBE-SUBG2 5.0.0
2026-06-23 08:27:52,144 [INFO] ThirdParty:1030 - CMSIS Pack Vendor :STMicroelectronics STM32_WPAN 1.0.0
2026-06-23 08:27:52,144 [INFO] ThirdParty:1030 - CMSIS Pack Vendor :STMicroelectronics lwIP 2.0.3
2026-06-23 08:27:52,144 [INFO] ThirdParty:1030 - CMSIS Pack Vendor :STMicroelectronics USB_HOST 1.0.0
2026-06-23 08:27:52,144 [INFO] ThirdParty:1030 - CMSIS Pack Vendor :STMicroelectronics X-CUBE-AZRTOS-G4 2.0.0
2026-06-23 08:27:52,144 [INFO] ThirdParty:1030 - CMSIS Pack Vendor :STMicroelectronics PDM2PCM 3.1.0
2026-06-23 08:27:52,144 [INFO] ThirdParty:1030 - CMSIS Pack Vendor :STMicroelectronics PDM2PCM 3.3.0
2026-06-23 08:27:52,144 [INFO] ThirdParty:1030 - CMSIS Pack Vendor :wolfSSL I-CUBE-wolfTPM 3.8.0
2026-06-23 08:27:52,144 [INFO] ThirdParty:1030 - CMSIS Pack Vendor :STMicroelectronics X-CUBE-DISPLAY 3.0.0
2026-06-23 08:27:52,144 [INFO] ThirdParty:1030 - CMSIS Pack Vendor :wolfSSL I-CUBE-wolfSSH 1.4.20
2026-06-23 08:27:52,144 [INFO] ThirdParty:1030 - CMSIS Pack Vendor :STMicroelectronics X-CUBE-NFC7 2.0.0
2026-06-23 08:27:52,144 [INFO] ThirdParty:1030 - CMSIS Pack Vendor :STMicroelectronics X-CUBE-GNSS1 7.1.1
2026-06-23 08:27:52,144 [INFO] ThirdParty:1030 - CMSIS Pack Vendor :wolfSSL I-CUBE-wolfSSL 5.9.1
2026-06-23 08:27:52,144 [INFO] ThirdParty:1030 - CMSIS Pack Vendor :STMicroelectronics FP-ATR-SIGFOX1 3.2.0
2026-06-23 08:27:52,144 [INFO] ThirdParty:1030 - CMSIS Pack Vendor :STMicroelectronics X-CUBE-NFC10 1.0.0
2026-06-23 08:27:52,144 [INFO] ThirdParty:1030 - CMSIS Pack Vendor :STMicroelectronics HAL Drivers 0.0.0
2026-06-23 08:27:52,144 [INFO] ThirdParty:1030 - CMSIS Pack Vendor :STMicroelectronics MBEDTLS 2.16.2
2026-06-23 08:27:52,144 [INFO] ThirdParty:1030 - CMSIS Pack Vendor :emotas I-CUBE-CANOPEN 1.3.0
2026-06-23 08:27:52,144 [INFO] ThirdParty:1030 - CMSIS Pack Vendor :STMicroelectronics MBEDTLS 2.14.1
2026-06-23 08:27:52,144 [INFO] ThirdParty:1030 - CMSIS Pack Vendor :ITTIA_DB I-CUBE-ITTIADB 8.9.0
2026-06-23 08:27:52,144 [INFO] ThirdParty:1030 - CMSIS Pack Vendor :STMicroelectronics X-CUBE-TOUCHGFX 4.26.1
2026-06-23 08:27:52,144 [INFO] ThirdParty:1030 - CMSIS Pack Vendor :STMicroelectronics X-CUBE-NFC6 3.2.0
2026-06-23 08:27:52,144 [INFO] ThirdParty:1030 - CMSIS Pack Vendor :STMicroelectronics X-CUBE-AI 10.2.1
2026-06-23 08:27:52,144 [INFO] ThirdParty:1030 - CMSIS Pack Vendor :STMicroelectronics ThreadX 1.0.0
2026-06-23 08:27:52,144 [INFO] ThirdParty:1030 - CMSIS Pack Vendor :STMicroelectronics X-CUBE-MEMS1 12.1.0
2026-06-23 08:27:52,144 [INFO] ThirdParty:1030 - CMSIS Pack Vendor :STMicroelectronics X-CUBE-AZRTOS-WL 2.0.0
2026-06-23 08:27:52,144 [INFO] ThirdParty:1030 - CMSIS Pack Vendor :SEGGER I-CUBE-embOS 1.3.1
2026-06-23 08:27:52,144 [INFO] ThirdParty:1030 - CMSIS Pack Vendor :STMicroelectronics USB_DEVICE 1.0.0
2026-06-23 08:27:52,144 [INFO] ThirdParty:1030 - CMSIS Pack Vendor :STMicroelectronics X-CUBE-AZRTOS-H7RS 1.2.0
2026-06-23 08:27:52,144 [INFO] ThirdParty:1030 - CMSIS Pack Vendor :STMicroelectronics X-CUBE-AZRTOS-L4 2.0.0
2026-06-23 08:27:52,144 [INFO] ThirdParty:1030 - CMSIS Pack Vendor :STMicroelectronics ThreadX 0.0.2
2026-06-23 08:27:52,144 [INFO] ThirdParty:1030 - CMSIS Pack Vendor :STMicroelectronics lwIP 2.1.2
2026-06-23 08:27:52,145 [INFO] ThirdParty:1030 - CMSIS Pack Vendor :STMicroelectronics X-CUBE-SFXS2LP1 4.0.0
2026-06-23 08:27:52,145 [INFO] ThirdParty:1030 - CMSIS Pack Vendor :STMicroelectronics X-CUBE-BLE2 3.3.0
2026-06-23 08:27:52,145 [INFO] ThirdParty:1030 - CMSIS Pack Vendor :STMicroelectronics X-CUBE-NFC13 1.0.0
2026-06-23 08:27:52,145 [INFO] ThirdParty:1030 - CMSIS Pack Vendor :STMicroelectronics PDM2PCM 3.2.0
2026-06-23 08:27:52,145 [INFO] ThirdParty:1030 - CMSIS Pack Vendor :STMicroelectronics X-CUBE-WB05N 2.1.0
2026-06-23 08:27:52,145 [INFO] ThirdParty:841 - exiting critical section [change project]
2026-06-23 08:27:52,433 [INFO] PinOutPanel:1499 - setPackage(No Configuration,No Configuration)
2026-06-23 08:27:52,435 [INFO] PinOutPanel:1499 - setPackage(STM32L476RGTx,LQFP64)
2026-06-23 08:27:53,006 [INFO] UtilMem:75 - Before build in PCC Used Memory: 708358808 Bytes (1073741824)
2026-06-23 08:27:53,482 [INFO] UtilMem:75 - After build in PCC Used Memory: 904335888 Bytes (1073741824)
2026-06-23 08:27:53,509 [INFO] IPUIPlugin:80 - create IPUIPlugin
2026-06-23 08:27:53,510 [INFO] IPUIPlugin:80 - create IPUIPlugin
2026-06-23 08:27:53,510 [INFO] IPUIPlugin:80 - create IPUIPlugin
2026-06-23 08:27:53,510 [INFO] IPUIPlugin:80 - create IPUIPlugin
2026-06-23 08:27:53,510 [INFO] IPUIPlugin:80 - create IPUIPlugin
2026-06-23 08:27:53,510 [INFO] IPUIPlugin:80 - create IPUIPlugin
2026-06-23 08:27:53,510 [INFO] IPUIPlugin:80 - create IPUIPlugin
2026-06-23 08:27:53,510 [INFO] IPUIPlugin:80 - create IPUIPlugin
2026-06-23 08:27:53,510 [INFO] IPUIPlugin:80 - create IPUIPlugin
2026-06-23 08:27:53,510 [INFO] IPUIPlugin:80 - create IPUIPlugin
2026-06-23 08:27:53,511 [INFO] IPUIPlugin:80 - create IPUIPlugin
2026-06-23 08:27:53,511 [INFO] IPUIPlugin:80 - create IPUIPlugin
2026-06-23 08:27:53,511 [INFO] IPUIPlugin:80 - create IPUIPlugin
2026-06-23 08:27:53,511 [INFO] IPUIPlugin:80 - create IPUIPlugin
2026-06-23 08:27:53,511 [INFO] IPUIPlugin:80 - create IPUIPlugin
2026-06-23 08:27:53,511 [INFO] IPUIPlugin:80 - create IPUIPlugin
2026-06-23 08:27:53,511 [INFO] IPUIPlugin:80 - create IPUIPlugin
2026-06-23 08:27:53,511 [INFO] IPUIPlugin:80 - create IPUIPlugin
2026-06-23 08:27:53,512 [INFO] IPUIPlugin:80 - create IPUIPlugin
2026-06-23 08:27:53,512 [INFO] IPUIPlugin:80 - create IPUIPlugin
2026-06-23 08:27:53,512 [INFO] IPUIPlugin:80 - create IPUIPlugin
2026-06-23 08:27:53,512 [INFO] IPUIPlugin:80 - create IPUIPlugin
2026-06-23 08:27:53,512 [INFO] IPUIPlugin:80 - create IPUIPlugin
2026-06-23 08:27:53,512 [INFO] IPUIPlugin:80 - create IPUIPlugin
2026-06-23 08:27:53,512 [INFO] IPUIPlugin:80 - create IPUIPlugin
2026-06-23 08:27:53,512 [INFO] IPUIPlugin:80 - create IPUIPlugin
2026-06-23 08:27:53,513 [INFO] IPUIPlugin:80 - create IPUIPlugin
2026-06-23 08:27:53,513 [INFO] IPUIPlugin:80 - create IPUIPlugin
2026-06-23 08:27:53,513 [INFO] IPUIPlugin:80 - create IPUIPlugin
2026-06-23 08:27:53,513 [INFO] IPUIPlugin:80 - create IPUIPlugin
2026-06-23 08:27:53,513 [INFO] IPUIPlugin:80 - create IPUIPlugin
2026-06-23 08:27:53,513 [INFO] IPUIPlugin:80 - create IPUIPlugin
2026-06-23 08:27:53,513 [INFO] IPUIPlugin:80 - create IPUIPlugin
2026-06-23 08:27:53,513 [INFO] IPUIPlugin:80 - create IPUIPlugin
2026-06-23 08:27:53,514 [INFO] IPUIPlugin:80 - create IPUIPlugin
2026-06-23 08:27:53,520 [INFO] IPUIPlugin:80 - create IPUIPlugin
2026-06-23 08:27:53,520 [INFO] IPUIPlugin:80 - create IPUIPlugin
2026-06-23 08:27:53,520 [INFO] IPUIPlugin:80 - create IPUIPlugin
2026-06-23 08:27:53,520 [INFO] IPUIPlugin:80 - create IPUIPlugin
2026-06-23 08:27:53,520 [INFO] IPUIPlugin:80 - create IPUIPlugin
2026-06-23 08:27:53,521 [INFO] IPUIPlugin:80 - create IPUIPlugin
2026-06-23 08:27:53,522 [INFO] IPUIPlugin:80 - create IPUIPlugin
2026-06-23 08:27:53,522 [INFO] IPUIPlugin:80 - create IPUIPlugin
2026-06-23 08:27:53,522 [INFO] IPUIPlugin:80 - create IPUIPlugin
2026-06-23 08:27:53,522 [INFO] IPUIPlugin:80 - create IPUIPlugin
2026-06-23 08:27:53,522 [INFO] IPUIPlugin:80 - create IPUIPlugin
2026-06-23 08:27:53,523 [INFO] IPUIPlugin:80 - create IPUIPlugin
2026-06-23 08:27:53,523 [INFO] IPUIPlugin:80 - create IPUIPlugin
2026-06-23 08:27:53,523 [INFO] IPUIPlugin:80 - create IPUIPlugin
2026-06-23 08:27:53,523 [INFO] IPUIPlugin:80 - create IPUIPlugin
2026-06-23 08:27:53,523 [INFO] IPUIPlugin:80 - create IPUIPlugin
2026-06-23 08:27:53,523 [INFO] IPUIPlugin:80 - create IPUIPlugin
2026-06-23 08:27:53,523 [INFO] IPUIPlugin:80 - create IPUIPlugin
2026-06-23 08:27:53,523 [INFO] IPUIPlugin:80 - create IPUIPlugin
2026-06-23 08:27:53,524 [INFO] IPUIPlugin:80 - create IPUIPlugin
2026-06-23 08:27:53,524 [INFO] IPUIPlugin:80 - create IPUIPlugin
2026-06-23 08:27:53,525 [INFO] IPUIPlugin:80 - create IPUIPlugin
2026-06-23 08:27:53,525 [INFO] IPUIPlugin:80 - create IPUIPlugin
2026-06-23 08:27:53,525 [INFO] IPUIPlugin:80 - create IPUIPlugin
2026-06-23 08:27:53,682 [INFO] CADModel:165 - CPN selected for project levelSTM32L476RGT6
2026-06-23 08:27:53,682 [INFO] CADModel:114 - Register for checkConnection events
2026-06-23 08:27:53,722 [INFO] OpenFileManager:328 - Restore cursor
2026-06-23 08:28:11,953 [INFO] NvicIntPanel:101 - NVIC parent = com.st.microxplorer.plugins.ip.nvic.MultiNvicIntPanel[,0,0,0x0,invalid,layout=javax.swing.BoxLayout,alignmentX=0.0,alignmentY=0.0,border=,flags=9,maximumSize=,minimumSize=,preferredSize=]
2026-06-23 08:28:14,183 [INFO] NvicIntPanel:101 - NVIC parent = com.st.microxplorer.plugins.ip.nvic.MultiNvicIntPanel[,0,0,0x0,invalid,layout=javax.swing.BoxLayout,alignmentX=0.0,alignmentY=0.0,border=,flags=9,maximumSize=,minimumSize=,preferredSize=]
2026-06-23 08:28:22,044 [INFO] UtilMem:75 - End SaveConfig() Used Memory: 713264152 Bytes (1073741824)
2026-06-23 08:28:24,139 [INFO] UtilMem:75 - End SaveConfig() Used Memory: 734047704 Bytes (1073741824)
2026-06-23 08:28:24,518 [INFO] UtilMem:75 - End SaveConfig() Used Memory: 788051416 Bytes (1073741824)
2026-06-23 08:28:24,846 [INFO] BlockDiagram:2759 - set Specific Code input for plugin: TIM1_8L4
2026-06-23 08:28:24,846 [INFO] BlockDiagram:2759 - set Specific Code input for plugin: TIM1_8L4
2026-06-23 08:28:24,846 [INFO] BlockDiagram:2759 - set Specific Code input for plugin: ADC
2026-06-23 08:28:24,846 [INFO] BlockDiagram:2759 - set Specific Code input for plugin: ADC
2026-06-23 08:28:24,846 [INFO] BlockDiagram:2759 - set Specific Code input for plugin: RCC
2026-06-23 08:28:24,846 [INFO] BlockDiagram:2759 - set Specific Code input for plugin: NVIC
2026-06-23 08:28:24,846 [INFO] BlockDiagram:2759 - set Specific Code input for plugin: USART
2026-06-23 08:28:24,846 [INFO] BlockDiagram:2759 - set Specific Code input for plugin: GPIO
2026-06-23 08:28:24,847 [INFO] CodeGenerator:799 - code generatio: config db path: /opt/st/stm32cubeide_1.13.2_2/plugins/com.st.stm32cube.common.mx_6.9.2.202309101412//db/
2026-06-23 08:28:25,009 [INFO] CodeEngine:255 - oldGeneratedFile, /home/papijou/Desktop/IPD439/IPD_439_Workspaces/Proyecto/STM32_workspace/ADC_DC/MXTmpFiles/license.tmp_save
2026-06-23 08:28:25,305 [INFO] CodeEngine:279 - Generated code: /home/papijou/Desktop/IPD439/IPD_439_Workspaces/Proyecto/STM32_workspace/ADC_DC/MXTmpFiles/license.tmp
2026-06-23 08:28:25,370 [INFO] CodeEngine:255 - oldGeneratedFile, /home/papijou/Desktop/IPD439/IPD_439_Workspaces/Proyecto/STM32_workspace/ADC_DC/Core/Src/gpio.c_save
2026-06-23 08:28:25,484 [INFO] CodeEngine:279 - Generated code: /home/papijou/Desktop/IPD439/IPD_439_Workspaces/Proyecto/STM32_workspace/ADC_DC/Core/Src/gpio.c
2026-06-23 08:28:25,485 [INFO] CodeEngine:255 - oldGeneratedFile, /home/papijou/Desktop/IPD439/IPD_439_Workspaces/Proyecto/STM32_workspace/ADC_DC/Core/Inc/gpio.h_save
2026-06-23 08:28:25,539 [INFO] CodeEngine:279 - Generated code: /home/papijou/Desktop/IPD439/IPD_439_Workspaces/Proyecto/STM32_workspace/ADC_DC/Core/Inc/gpio.h
2026-06-23 08:28:25,706 [INFO] CodeEngine:255 - oldGeneratedFile, /home/papijou/Desktop/IPD439/IPD_439_Workspaces/Proyecto/STM32_workspace/ADC_DC/Core/Src/adc.c_save
2026-06-23 08:28:25,790 [INFO] CodeEngine:279 - Generated code: /home/papijou/Desktop/IPD439/IPD_439_Workspaces/Proyecto/STM32_workspace/ADC_DC/Core/Src/adc.c
2026-06-23 08:28:25,791 [INFO] CodeEngine:255 - oldGeneratedFile, /home/papijou/Desktop/IPD439/IPD_439_Workspaces/Proyecto/STM32_workspace/ADC_DC/Core/Inc/adc.h_save
2026-06-23 08:28:25,830 [INFO] CodeEngine:279 - Generated code: /home/papijou/Desktop/IPD439/IPD_439_Workspaces/Proyecto/STM32_workspace/ADC_DC/Core/Inc/adc.h
2026-06-23 08:28:25,833 [INFO] CodeEngine:255 - oldGeneratedFile, /home/papijou/Desktop/IPD439/IPD_439_Workspaces/Proyecto/STM32_workspace/ADC_DC/Core/Src/tim.c_save
2026-06-23 08:28:25,918 [INFO] CodeEngine:279 - Generated code: /home/papijou/Desktop/IPD439/IPD_439_Workspaces/Proyecto/STM32_workspace/ADC_DC/Core/Src/tim.c
2026-06-23 08:28:25,920 [INFO] CodeEngine:255 - oldGeneratedFile, /home/papijou/Desktop/IPD439/IPD_439_Workspaces/Proyecto/STM32_workspace/ADC_DC/Core/Inc/tim.h_save
2026-06-23 08:28:25,971 [INFO] CodeEngine:279 - Generated code: /home/papijou/Desktop/IPD439/IPD_439_Workspaces/Proyecto/STM32_workspace/ADC_DC/Core/Inc/tim.h
2026-06-23 08:28:25,974 [INFO] CodeEngine:255 - oldGeneratedFile, /home/papijou/Desktop/IPD439/IPD_439_Workspaces/Proyecto/STM32_workspace/ADC_DC/Core/Src/usart.c_save
2026-06-23 08:28:26,047 [INFO] CodeEngine:279 - Generated code: /home/papijou/Desktop/IPD439/IPD_439_Workspaces/Proyecto/STM32_workspace/ADC_DC/Core/Src/usart.c
2026-06-23 08:28:26,048 [INFO] CodeEngine:255 - oldGeneratedFile, /home/papijou/Desktop/IPD439/IPD_439_Workspaces/Proyecto/STM32_workspace/ADC_DC/Core/Inc/usart.h_save
2026-06-23 08:28:26,107 [INFO] CodeEngine:279 - Generated code: /home/papijou/Desktop/IPD439/IPD_439_Workspaces/Proyecto/STM32_workspace/ADC_DC/Core/Inc/usart.h
2026-06-23 08:28:26,113 [INFO] CodeEngine:255 - oldGeneratedFile, /home/papijou/Desktop/IPD439/IPD_439_Workspaces/Proyecto/STM32_workspace/ADC_DC/Core/Src/stm32l4xx_it.c_save
2026-06-23 08:28:26,191 [INFO] CodeEngine:279 - Generated code: /home/papijou/Desktop/IPD439/IPD_439_Workspaces/Proyecto/STM32_workspace/ADC_DC/Core/Src/stm32l4xx_it.c
2026-06-23 08:28:26,193 [INFO] CodeEngine:255 - oldGeneratedFile, /home/papijou/Desktop/IPD439/IPD_439_Workspaces/Proyecto/STM32_workspace/ADC_DC/Core/Inc/stm32l4xx_it.h_save
2026-06-23 08:28:26,252 [INFO] CodeEngine:279 - Generated code: /home/papijou/Desktop/IPD439/IPD_439_Workspaces/Proyecto/STM32_workspace/ADC_DC/Core/Inc/stm32l4xx_it.h
2026-06-23 08:28:26,284 [INFO] CodeEngine:255 - oldGeneratedFile, /home/papijou/Desktop/IPD439/IPD_439_Workspaces/Proyecto/STM32_workspace/ADC_DC/Core/Src/stm32l4xx_hal_msp.c_save
2026-06-23 08:28:26,367 [INFO] CodeEngine:279 - Generated code: /home/papijou/Desktop/IPD439/IPD_439_Workspaces/Proyecto/STM32_workspace/ADC_DC/Core/Src/stm32l4xx_hal_msp.c
2026-06-23 08:28:26,369 [INFO] CodeEngine:255 - oldGeneratedFile, /home/papijou/Desktop/IPD439/IPD_439_Workspaces/Proyecto/STM32_workspace/ADC_DC/MXTmpFiles/system.tmp_save
2026-06-23 08:28:26,423 [INFO] CodeEngine:279 - Generated code: /home/papijou/Desktop/IPD439/IPD_439_Workspaces/Proyecto/STM32_workspace/ADC_DC/MXTmpFiles/system.tmp
2026-06-23 08:28:26,426 [INFO] CodeEngine:311 - oldGeneratedFile, /home/papijou/Desktop/IPD439/IPD_439_Workspaces/Proyecto/STM32_workspace/ADC_DC/Core/Inc/stm32l4xx_hal_conf.h_save
2026-06-23 08:28:26,468 [INFO] CodeEngine:335 - Generated code: /home/papijou/Desktop/IPD439/IPD_439_Workspaces/Proyecto/STM32_workspace/ADC_DC/Core/Inc/stm32l4xx_hal_conf.h
2026-06-23 08:28:26,484 [INFO] CodeEngine:255 - oldGeneratedFile, /home/papijou/Desktop/IPD439/IPD_439_Workspaces/Proyecto/STM32_workspace/ADC_DC/Core/Inc/main.h_save
2026-06-23 08:28:26,531 [INFO] CodeEngine:279 - Generated code: /home/papijou/Desktop/IPD439/IPD_439_Workspaces/Proyecto/STM32_workspace/ADC_DC/Core/Inc/main.h
2026-06-23 08:28:26,532 [INFO] CodeEngine:255 - oldGeneratedFile, /home/papijou/Desktop/IPD439/IPD_439_Workspaces/Proyecto/STM32_workspace/ADC_DC/Core/Src/main.c_save
2026-06-23 08:28:26,590 [INFO] CodeEngine:279 - Generated code: /home/papijou/Desktop/IPD439/IPD_439_Workspaces/Proyecto/STM32_workspace/ADC_DC/Core/Src/main.c
2026-06-23 08:28:26,885 [INFO] ProjectBuilder:3064 - Time for Copy HAL[1] : 23mS.
2026-06-23 08:28:26,890 [INFO] ProjectBuilder:4404 - Project Generator version: 4.1.0
2026-06-23 08:28:26,996 [INFO] ConfigFileManager:1457 - The Die is : DIE415
2026-06-23 08:28:27,005 [INFO] ApiDbMcu:507 - Load IP Config File for FATFS
2026-06-23 08:28:27,007 [INFO] ApiDbMcu:507 - Load IP Config File for FREERTOS
2026-06-23 08:28:27,012 [INFO] ApiDbMcu:507 - Load IP Config File for TOUCHSENSING
2026-06-23 08:28:27,015 [INFO] ApiDbMcu:507 - Load IP Config File for USB_DEVICE
2026-06-23 08:28:27,016 [INFO] ApiDbMcu:507 - Load IP Config File for USB_HOST
2026-06-23 08:28:27,426 [INFO] LogOutputStream:77 - [STDOUT_REDIRECT] 
2026-06-23 08:28:27,819 [INFO] ProjectBuilder:4626 - Time for Generating toolchain IDE Files: 928mS.
2026-06-23 08:28:27,819 [INFO] ProjectBuilder:2935 - Time for Copy CMSIS : 0mS.
2026-06-23 08:28:27,820 [INFO] ProjectBuilder:2935 - Time for Copy CMSIS : 0mS.
2026-06-23 08:43:52,530 [ERROR] LogOutputStream:75 - [STDERR_REDIRECT] 
