,Extent,Name
C1,Average, 4.6159 mV
Time (s),Channel 1 (V)
-0.512,0.00486753226285724
-0.511875,0.00486753226285724
-0.51175,0.00486753226285724
-0.511625,0.005201476084715852
-0.5115,0.00486753226285724
-0.511375,0.00486753226285724
-0.51125,0.005201476084715852
-0.5111250000000001,0.005201476084715852
-0.511,0.00453358844099863
-0.510875,0.004867532262857088
-0.51075,0.004533588440998782
-0.510625,0.00486753226285724
-0.5105,0.00486753226285724
-0.510375,0.00486753226285724
-0.51025,0.00486753226285724
-0.5101250000000001,0.00486753226285724
-0.51,0.00486753226285724
-0.509875,0.00486753226285724
-0.50975,0.00486753226285724
-0.509625,0.005201476084715852
-0.5095,0.004867532262857392
-0.509375,0.005201476084715852
-0.50925,0.005201476084715852
-0.509125,0.004867532262857392
-0.509,0.00486753226285724
-0.508875,0.004867532262857392
-0.50875,0.0052014760847157
-0.508625,0.00486753226285724
-0.5085,0.00486753226285724
-0.508375,0.00486753226285724
-0.50825,0.00486753226285724
-0.508125,0.00486753226285724
-0.508,0.00486753226285724
-0.507875,0.004533588440998782
-0.50775,0.004867532262857088
-0.507625,0.00453358844099863
-0.5075,0.00453358844099863
-0.507375,0.00453358844099863
-0.50725,0.00453358844099863
-0.507125,0.004867532262857088
-0.507,0.00486753226285724
-0.506875,0.004867532262857088
-0.50675,0.004533588440998782
-0.506625,0.00486753226285724
-0.5065,0.004867532262857088
-0.506375,0.00453358844099863
-0.50625,0.00486753226285724
-0.506125,0.00486753226285724
-0.506,0.00486753226285724
-0.505875,0.004533588440998933
-0.50575,0.005201476084715548
-0.505625,0.00453358844099863
-0.5054999999999999,0.004867532262857392
-0.505375,0.005201476084715852
-0.50525,0.005201476084715852
-0.505125,0.004867532262857392
-0.505,0.005201476084715852
-0.504875,0.0052014760847157
-0.50475,0.004867532262857392
-0.504625,0.00486753226285724
-0.5044999999999999,0.00453358844099863
-0.504375,0.00453358844099863
-0.50425,0.00486753226285724
-0.504125,0.004533588440998782
-0.504,0.00453358844099863
-0.503875,0.00453358844099863
-0.50375,0.00453358844099863
-0.503625,0.00453358844099863
-0.5034999999999999,0.004533588440998782
-0.503375,0.00486753226285724
-0.50325,0.00453358844099863
-0.503125,0.00453358844099863
-0.503,0.00453358844099863
-0.502875,0.00486753226285724
-0.50275,0.00486753226285724
-0.502625,0.00486753226285724
-0.5024999999999999,0.004867532262857088
-0.502375,0.00453358844099863
-0.50225,0.00486753226285724
-0.502125,0.00486753226285724
-0.502,0.00453358844099863
-0.501875,0.004867532262857088
-0.50175,0.004533588440998782
-0.501625,0.00453358844099863
-0.5014999999999999,0.004533588440998782
-0.501375,0.00486753226285724
-0.50125,0.00453358844099863
-0.501125,0.004867532262857088
-0.501,0.00453358844099863
-0.500875,0.00453358844099863
-0.50075,0.00453358844099863
-0.500625,0.00453358844099863
-0.5004999999999999,0.00453358844099863
-0.500375,0.00453358844099863
-0.50025,0.00486753226285724
-0.500125,0.004533588440998782
-0.5,0.00486753226285724
-0.499875,0.00453358844099863
-0.49975,0.00453358844099863
-0.499625,0.00486753226285724
-0.4995,0.00486753226285724
-0.499375,0.00486753226285724
-0.49925,0.00486753226285724
-0.499125,0.00453358844099863
-0.499,0.00486753226285724
-0.498875,0.00486753226285724
-0.49875,0.00486753226285724
-0.498625,0.00486753226285724
-0.4985,0.00453358844099863
-0.498375,0.00453358844099863
-0.49825,0.00486753226285724
-0.498125,0.00486753226285724
-0.498,0.00486753226285724
-0.497875,0.00486753226285724
-0.49775,0.00486753226285724
-0.497625,0.00486753226285724
-0.4975,0.00486753226285724
-0.497375,0.00453358844099863
-0.49725,0.00486753226285724
-0.497125,0.00453358844099863
-0.497,0.00486753226285724
-0.496875,0.00486753226285724
-0.49675,0.00486753226285724
-0.496625,0.00486753226285724
-0.4965,0.00486753226285724
-0.496375,0.005201476084715852
-0.49625,0.00453358844099863
-0.496125,0.00486753226285724
-0.496,0.00453358844099863
-0.495875,0.005201476084715852
-0.49575,0.00486753226285724
-0.495625,0.00486753226285724
-0.4955,0.00453358844099863
-0.495375,0.00486753226285724
-0.49525,0.00486753226285724
-0.495125,0.00486753226285724
-0.495,0.00486753226285724
-0.494875,0.00453358844099863
-0.49475,0.00486753226285724
-0.494625,0.00453358844099863
-0.4945,0.00486753226285724
-0.494375,0.00486753226285724
-0.49425,0.00486753226285724
-0.494125,0.00486753226285724
-0.494,0.00486753226285724
-0.493875,0.00486753226285724
-0.49375,0.00486753226285724
-0.493625,0.00486753226285724
-0.4935,0.00486753226285724
-0.493375,0.00486753226285724
-0.49325,0.00486753226285724
-0.493125,0.005201476084715852
-0.493,0.00486753226285724
-0.492875,0.00486753226285724
-0.49275,0.00486753226285724
-0.492625,0.00486753226285724
-0.4925,0.005201476084715852
-0.492375,0.005201476084715852
-0.49225,0.005201476084715852
-0.492125,0.005201476084715852
-0.492,0.005201476084715852
-0.491875,0.005201476084715852
-0.49175,0.00453358844099863
-0.491625,0.00486753226285724
-0.4915,0.00486753226285724
-0.491375,0.00453358844099863
-0.49125,0.00486753226285724
-0.491125,0.00486753226285724
-0.491,0.00486753226285724
-0.490875,0.00486753226285724
-0.49075,0.00486753226285724
-0.490625,0.00486753226285724
-0.4905,0.00486753226285724
-0.490375,0.00453358844099863
-0.49025,0.00486753226285724
-0.490125,0.00486753226285724
-0.49,0.00486753226285724
-0.489875,0.00486753226285724
-0.48975,0.005201476084715852
-0.489625,0.005201476084715852
-0.4895,0.00486753226285724
-0.489375,0.00486753226285724
-0.48925,0.00453358844099863
-0.489125,0.00486753226285724
-0.489,0.00486753226285724
-0.488875,0.00486753226285724
-0.48875,0.00486753226285724
-0.488625,0.00486753226285724
-0.4885,0.00486753226285724
-0.488375,0.00486753226285724
-0.48825,0.00453358844099863
-0.488125,0.00486753226285724
-0.488,0.00453358844099863
-0.487875,0.00486753226285724
-0.48775,0.00453358844099863
-0.487625,0.00453358844099863
-0.4875,0.00486753226285724
-0.487375,0.00453358844099863
-0.48725,0.00453358844099863
-0.487125,0.00486753226285724
-0.487,0.00486753226285724
-0.486875,0.00453358844099863
-0.48675,0.00453358844099863
-0.486625,0.00453358844099863
-0.4865,0.00453358844099863
-0.486375,0.00486753226285724
-0.48625,0.00453358844099863
-0.486125,0.00453358844099863
-0.486,0.00453358844099863
-0.485875,0.00486753226285724
-0.48575,0.00453358844099863
-0.485625,0.00453358844099863
-0.4855,0.00453358844099863
-0.485375,0.00453358844099863
-0.48525,0.00453358844099863
-0.485125,0.00486753226285724
-0.485,0.00486753226285724
-0.484875,0.00453358844099863
-0.48475,0.00453358844099863
-0.484625,0.00453358844099863
-0.4845,0.00453358844099863
-0.484375,0.00486753226285724
-0.48425,0.00453358844099863
-0.484125,0.00453358844099863
-0.484,0.00486753226285724
-0.483875,0.00453358844099863
-0.48375,0.00486753226285724
-0.483625,0.00486753226285724
-0.4835,0.00453358844099863
-0.483375,0.00453358844099863
-0.48325,0.00453358844099863
-0.483125,0.00453358844099863
-0.483,0.005201476084715852
-0.482875,0.00453358844099863
-0.48275,0.00453358844099863
-0.482625,0.00486753226285724
-0.4825,0.00453358844099863
-0.482375,0.00453358844099863
-0.48225,0.00453358844099863
-0.482125,0.00453358844099863
-0.482,0.00453358844099863
-0.481875,0.00486753226285724
-0.48175,0.00486753226285724
-0.481625,0.00453358844099863
-0.4815,0.00453358844099863
-0.481375,0.005201476084715852
-0.48125,0.00453358844099863
-0.481125,0.00453358844099863
-0.481,0.00453358844099863
-0.480875,0.00486753226285724
-0.48075,0.00486753226285724
-0.480625,0.00486753226285724
-0.4805,0.00486753226285724
-0.480375,0.00486753226285724
-0.48025,0.00486753226285724
-0.480125,0.00453358844099863
-0.48,0.00486753226285724
-0.479875,0.00486753226285724
-0.47975,0.005201476084715852
-0.479625,0.00486753226285724
-0.4795,0.00486753226285724
-0.479375,0.005201476084715852
-0.47925,0.005201476084715852
-0.479125,0.005201476084715852
-0.479,0.00486753226285724
-0.478875,0.005201476084715852
-0.47875,0.00453358844099863
-0.478625,0.00453358844099863
-0.4785,0.00486753226285724
-0.478375,0.00486753226285724
-0.47825,0.00486753226285724
-0.478125,0.00486753226285724
-0.478,0.00453358844099863
-0.477875,0.00453358844099863
-0.47775,0.00453358844099863
-0.477625,0.00486753226285724
-0.4775,0.00486753226285724
-0.477375,0.005201476084715852
-0.47725,0.00486753226285724
-0.477125,0.00486753226285724
-0.477,0.00486753226285724
-0.476875,0.00486753226285724
-0.47675,0.00486753226285724
-0.476625,0.00486753226285724
-0.4765,0.00486753226285724
-0.476375,0.00486753226285724
-0.47625,0.005201476084715852
-0.476125,0.00486753226285724
-0.476,0.00486753226285724
-0.475875,0.00486753226285724
-0.47575,0.00486753226285724
-0.475625,0.00486753226285724
-0.4755,0.00486753226285724
-0.475375,0.00486753226285724
-0.47525,0.00486753226285724
-0.475125,0.00486753226285724
-0.475,0.00486753226285724
-0.474875,0.00486753226285724
-0.47475,0.00486753226285724
-0.474625,0.00453358844099863
-0.4745,0.00486753226285724
-0.474375,0.00453358844099863
-0.47425,0.00486753226285724
-0.474125,0.00486753226285724
-0.474,0.005201476084715852
-0.473875,0.00486753226285724
-0.47375,0.00486753226285724
-0.473625,0.00453358844099863
-0.4735,0.00453358844099863
-0.473375,0.00486753226285724
-0.47325,0.00486753226285724
-0.473125,0.00486753226285724
-0.473,0.00486753226285724
-0.472875,0.00486753226285724
-0.47275,0.00486753226285724
-0.472625,0.00486753226285724
-0.4725,0.00486753226285724
-0.472375,0.00453358844099863
-0.47225,0.00486753226285724
-0.472125,0.00486753226285724
-0.472,0.00453358844099863
-0.471875,0.005201476084715852
-0.47175,0.00453358844099863
-0.471625,0.00486753226285724
-0.4715,0.00486753226285724
-0.471375,0.00486753226285724
-0.47125,0.00486753226285724
-0.471125,0.00486753226285724
-0.471,0.00486753226285724
-0.470875,0.00486753226285724
-0.47075,0.00486753226285724
-0.470625,0.00486753226285724
-0.4705,0.00486753226285724
-0.470375,0.00486753226285724
-0.47025,0.00453358844099863
-0.470125,0.00486753226285724
-0.47,0.00486753226285724
-0.469875,0.005201476084715852
-0.46975,0.005201476084715852
-0.469625,0.00486753226285724
-0.4695,0.00486753226285724
-0.469375,0.00486753226285724
-0.46925,0.00486753226285724
-0.469125,0.00486753226285724
-0.469,0.005201476084715852
-0.468875,0.00486753226285724
-0.46875,0.00486753226285724
-0.468625,0.00486753226285724
-0.4685,0.00486753226285724
-0.468375,0.00453358844099863
-0.46825,0.00486753226285724
-0.468125,0.00486753226285724
-0.468,0.00486753226285724
-0.467875,0.00486753226285724
-0.46775,0.00453358844099863
-0.467625,0.00453358844099863
-0.4675,0.00453358844099863
-0.467375,0.00486753226285724
-0.46725,0.00486753226285724
-0.467125,0.00486753226285724
-0.467,0.00453358844099863
-0.466875,0.00453358844099863
-0.46675,0.00486753226285724
-0.466625,0.00453358844099863
-0.4665,0.00453358844099863
-0.466375,0.00453358844099863
-0.46625,0.00453358844099863
-0.466125,0.00486753226285724
-0.466,0.00486753226285724
-0.465875,0.00453358844099863
-0.46575,0.00453358844099863
-0.465625,0.00486753226285724
-0.4655,0.005201476084715852
-0.465375,0.005201476084715852
-0.46525,0.005201476084715852
-0.465125,0.005201476084715852
-0.465,0.00486753226285724
-0.464875,0.00486753226285724
-0.46475,0.00453358844099863
-0.464625,0.00486753226285724
-0.4645,0.00486753226285724
-0.464375,0.00486753226285724
-0.46425,0.00486753226285724
-0.464125,0.00486753226285724
-0.464,0.00486753226285724
-0.463875,0.00453358844099863
-0.46375,0.00453358844099863
-0.463625,0.00453358844099863
-0.4635,0.00453358844099863
-0.463375,0.00453358844099863
-0.46325,0.00453358844099863
-0.463125,0.00486753226285724
-0.463,0.00486753226285724
-0.462875,0.00453358844099863
-0.46275,0.00453358844099863
-0.462625,0.00453358844099863
-0.4625,0.00486753226285724
-0.462375,0.00486753226285724
-0.46225,0.00453358844099863
-0.462125,0.00453358844099863
-0.462,0.00486753226285724
-0.461875,0.00486753226285724
-0.46175,0.00486753226285724
-0.461625,0.00486753226285724
-0.4615,0.00453358844099863
-0.461375,0.00486753226285724
-0.46125,0.00453358844099863
-0.461125,0.00453358844099863
-0.461,0.00453358844099863
-0.460875,0.00453358844099863
-0.46075,0.004199644619140019
-0.460625,0.00453358844099863
-0.4605,0.00453358844099863
-0.460375,0.00486753226285724
-0.46025,0.00486753226285724
-0.460125,0.00453358844099863
-0.46,0.00453358844099863
-0.459875,0.00453358844099863
-0.45975,0.00453358844099863
-0.459625,0.00453358844099863
-0.4595,0.00486753226285724
-0.459375,0.00486753226285724
-0.45925,0.00453358844099863
-0.459125,0.00486753226285724
-0.459,0.00486753226285724
-0.458875,0.00453358844099863
-0.45875,0.00486753226285724
-0.458625,0.00486753226285724
-0.4585,0.00486753226285724
-0.458375,0.00486753226285724
-0.45825,0.00486753226285724
-0.458125,0.00486753226285724
-0.458,0.00486753226285724
-0.457875,0.00453358844099863
-0.45775,0.00486753226285724
-0.457625,0.00486753226285724
-0.4575,0.00486753226285724
-0.457375,0.00486753226285724
-0.45725,0.00486753226285724
-0.457125,0.00486753226285724
-0.457,0.00486753226285724
-0.456875,0.00486753226285724
-0.45675,0.00486753226285724
-0.456625,0.00453358844099863
-0.4565,0.00486753226285724
-0.456375,0.005201476084715852
-0.45625,0.00486753226285724
-0.456125,0.00486753226285724
-0.456,0.00486753226285724
-0.455875,0.00486753226285724
-0.45575,0.00486753226285724
-0.455625,0.00486753226285724
-0.4555,0.00453358844099863
-0.455375,0.00453358844099863
-0.45525,0.00453358844099863
-0.455125,0.00486753226285724
-0.455,0.005201476084715852
-0.454875,0.005201476084715852
-0.45475,0.00486753226285724
-0.454625,0.00486753226285724
-0.4545,0.00486753226285724
-0.454375,0.00486753226285724
-0.45425,0.005201476084715852
-0.454125,0.00486753226285724
-0.454,0.00486753226285724
-0.453875,0.00453358844099863
-0.45375,0.00486753226285724
-0.453625,0.005201476084715852
-0.4535,0.005201476084715852
-0.453375,0.005201476084715852
-0.45325,0.005201476084715852
-0.453125,0.005201476084715852
-0.453,0.005201476084715852
-0.452875,0.005201476084715852
-0.45275,0.005201476084715852
-0.452625,0.005535419906574463
-0.4525,0.00486753226285724
-0.452375,0.00486753226285724
-0.45225,0.00486753226285724
-0.452125,0.00486753226285724
-0.452,0.00486753226285724
-0.451875,0.00453358844099863
-0.45175,0.00486753226285724
-0.451625,0.00486753226285724
-0.4515,0.00453358844099863
-0.451375,0.00486753226285724
-0.45125,0.00486753226285724
-0.451125,0.00486753226285724
-0.451,0.00486753226285724
-0.450875,0.00486753226285724
-0.45075,0.00486753226285724
-0.450625,0.00486753226285724
-0.4505,0.00486753226285724
-0.450375,0.00486753226285724
-0.45025,0.00486753226285724
-0.450125,0.00486753226285724
-0.45,0.00486753226285724
-0.449875,0.00486753226285724
-0.44975,0.00486753226285724
-0.449625,0.00486753226285724
-0.4495,0.00486753226285724
-0.449375,0.00453358844099863
-0.44925,0.00486753226285724
-0.449125,0.00486753226285724
-0.449,0.005201476084715852
-0.448875,0.00486753226285724
-0.44875,0.00486753226285724
-0.448625,0.00486753226285724
-0.4485,0.00486753226285724
-0.448375,0.00486753226285724
-0.44825,0.00486753226285724
-0.448125,0.00453358844099863
-0.448,0.00453358844099863
-0.447875,0.00453358844099863
-0.44775,0.00453358844099863
-0.447625,0.00486753226285724
-0.4475,0.00486753226285724
-0.447375,0.00453358844099863
-0.44725,0.00453358844099863
-0.447125,0.00453358844099863
-0.447,0.00453358844099863
-0.446875,0.00453358844099863
-0.44675,0.00453358844099863
-0.446625,0.00486753226285724
-0.4465,0.00453358844099863
-0.446375,0.00453358844099863
-0.44625,0.00453358844099863
-0.446125,0.00453358844099863
-0.446,0.00486753226285724
-0.445875,0.00486753226285724
-0.44575,0.00453358844099863
-0.445625,0.00453358844099863
-0.4455,0.00453358844099863
-0.445375,0.00453358844099863
-0.44525,0.00453358844099863
-0.445125,0.00453358844099863
-0.445,0.00453358844099863
-0.444875,0.00453358844099863
-0.44475,0.00486753226285724
-0.444625,0.00453358844099863
-0.4445,0.00453358844099863
-0.444375,0.00453358844099863
-0.44425,0.00453358844099863
-0.444125,0.00453358844099863
-0.444,0.00453358844099863
-0.443875,0.00453358844099863
-0.44375,0.00453358844099863
-0.443625,0.00453358844099863
-0.4435,0.00453358844099863
-0.443375,0.00453358844099863
-0.44325,0.00486753226285724
-0.443125,0.00453358844099863
-0.443,0.00453358844099863
-0.442875,0.00453358844099863
-0.44275,0.00453358844099863
-0.442625,0.00453358844099863
-0.4425,0.00453358844099863
-0.442375,0.00486753226285724
-0.44225,0.00453358844099863
-0.442125,0.00453358844099863
-0.442,0.00453358844099863
-0.441875,0.00453358844099863
-0.44175,0.00486753226285724
-0.441625,0.00486753226285724
-0.4415,0.00453358844099863
-0.441375,0.00486753226285724
-0.44125,0.00486753226285724
-0.441125,0.00486753226285724
-0.441,0.00486753226285724
-0.440875,0.00453358844099863
-0.44075,0.005201476084715852
-0.440625,0.005201476084715852
-0.4405,0.005201476084715852
-0.440375,0.005201476084715852
-0.44025,0.00486753226285724
-0.440125,0.00486753226285724
-0.44,0.00453358844099863
-0.439875,0.00453358844099863
-0.43975,0.00453358844099863
-0.439625,0.00486753226285724
-0.4395,0.00486753226285724
-0.439375,0.00453358844099863
-0.43925,0.00453358844099863
-0.439125,0.00453358844099863
-0.439,0.00453358844099863
-0.438875,0.00486753226285724
-0.43875,0.00486753226285724
-0.438625,0.00453358844099863
-0.4385,0.00486753226285724
-0.438375,0.00486753226285724
-0.43825,0.00486753226285724
-0.438125,0.00486753226285724
-0.438,0.00486753226285724
-0.437875,0.00486753226285724
-0.43775,0.00486753226285724
-0.437625,0.00486753226285724
-0.4375,0.00486753226285724
-0.437375,0.00453358844099863
-0.43725,0.00486753226285724
-0.437125,0.00486753226285724
-0.437,0.00486753226285724
-0.436875,0.00453358844099863
-0.43675,0.00486753226285724
-0.436625,0.00453358844099863
-0.4365,0.00486753226285724
-0.436375,0.00486753226285724
-0.43625,0.00486753226285724
-0.436125,0.00486753226285724
-0.436,0.00486753226285724
-0.435875,0.00453358844099863
-0.43575,0.005201476084715852
-0.435625,0.005201476084715852
-0.4355,0.00486753226285724
-0.435375,0.00486753226285724
-0.43525,0.00486753226285724
-0.435125,0.00486753226285724
-0.435,0.00486753226285724
-0.434875,0.00486753226285724
-0.43475,0.00486753226285724
-0.434625,0.00486753226285724
-0.4345,0.00486753226285724
-0.434375,0.00453358844099863
-0.43425,0.00486753226285724
-0.434125,0.00486753226285724
-0.434,0.00486753226285724
-0.433875,0.00486753226285724
-0.43375,0.00486753226285724
-0.433625,0.00486753226285724
-0.4335,0.00486753226285724
-0.433375,0.00486753226285724
-0.43325,0.00486753226285724
-0.433125,0.00486753226285724
-0.433,0.005201476084715852
-0.432875,0.005201476084715852
-0.43275,0.00486753226285724
-0.432625,0.00486753226285724
-0.4325,0.00486753226285724
-0.432375,0.00486753226285724
-0.43225,0.00486753226285724
-0.432125,0.00486753226285724
-0.432,0.00486753226285724
-0.431875,0.00486753226285724
-0.43175,0.00453358844099863
-0.431625,0.00453358844099863
-0.4315,0.00486753226285724
-0.431375,0.00486753226285724
-0.43125,0.00486753226285724
-0.431125,0.00486753226285724
-0.431,0.00486753226285724
-0.430875,0.00486753226285724
-0.43075,0.00486753226285724
-0.430625,0.00486753226285724
-0.4305,0.00486753226285724
-0.430375,0.00486753226285724
-0.43025,0.00486753226285724
-0.430125,0.00486753226285724
-0.43,0.00486753226285724
-0.429875,0.00486753226285724
-0.42975,0.00486753226285724
-0.429625,0.00486753226285724
-0.4295,0.00486753226285724
-0.429375,0.00486753226285724
-0.42925,0.00486753226285724
-0.429125,0.00453358844099863
-0.429,0.00486753226285724
-0.428875,0.00486753226285724
-0.42875,0.005201476084715852
-0.428625,0.00486753226285724
-0.4285,0.00486753226285724
-0.428375,0.00453358844099863
-0.42825,0.00453358844099863
-0.428125,0.00486753226285724
-0.428,0.00486753226285724
-0.427875,0.00486753226285724
-0.42775,0.00486753226285724
-0.427625,0.00453358844099863
-0.4275,0.00486753226285724
-0.427375,0.00453358844099863
-0.42725,0.00453358844099863
-0.427125,0.00453358844099863
-0.427,0.00453358844099863
-0.426875,0.00486753226285724
-0.42675,0.00453358844099863
-0.426625,0.00486753226285724
-0.4265,0.00486753226285724
-0.426375,0.00486753226285724
-0.42625,0.00486753226285724
-0.426125,0.00486753226285724
-0.426,0.00486753226285724
-0.425875,0.00486753226285724
-0.42575,0.00453358844099863
-0.425625,0.00453358844099863
-0.4255,0.00453358844099863
-0.425375,0.00453358844099863
-0.42525,0.00453358844099863
-0.425125,0.00453358844099863
-0.425,0.00453358844099863
-0.424875,0.00486753226285724
-0.42475,0.00486753226285724
-0.424625,0.00453358844099863
-0.4245,0.00486753226285724
-0.424375,0.00486753226285724
-0.42425,0.00486753226285724
-0.424125,0.00486753226285724
-0.424,0.00453358844099863
-0.423875,0.004199644619140019
-0.42375,0.00453358844099863
-0.423625,0.00453358844099863
-0.4235,0.00486753226285724
-0.423375,0.00453358844099863
-0.42325,0.00453358844099863
-0.423125,0.00453358844099863
-0.423,0.00453358844099863
-0.422875,0.00486753226285724
-0.42275,0.00453358844099863
-0.422625,0.00453358844099863
-0.4225,0.00453358844099863
-0.422375,0.00453358844099863
-0.42225,0.00453358844099863
-0.422125,0.00453358844099863
-0.422,0.00453358844099863
-0.421875,0.00486753226285724
-0.42175,0.00486753226285724
-0.421625,0.00453358844099863
-0.4215,0.00453358844099863
-0.421375,0.00453358844099863
-0.42125,0.00486753226285724
-0.421125,0.004199644619140019
-0.421,0.00453358844099863
-0.420875,0.00486753226285724
-0.42075,0.00486753226285724
-0.420625,0.00486753226285724
-0.4205,0.00453358844099863
-0.420375,0.00453358844099863
-0.42025,0.00486753226285724
-0.420125,0.00486753226285724
-0.42,0.00486753226285724
-0.419875,0.00486753226285724
-0.41975,0.00453358844099863
-0.419625,0.00453358844099863
-0.4195,0.00453358844099863
-0.419375,0.005201476084715852
-0.41925,0.00486753226285724
-0.419125,0.00453358844099863
-0.419,0.00486753226285724
-0.418875,0.00486753226285724
-0.41875,0.00453358844099863
-0.418625,0.00453358844099863
-0.4185,0.00453358844099863
-0.418375,0.00453358844099863
-0.41825,0.00486753226285724
-0.418125,0.00486753226285724
-0.418,0.00486753226285724
-0.417875,0.00486753226285724
-0.41775,0.00486753226285724
-0.417625,0.00486753226285724
-0.4175,0.00486753226285724
-0.417375,0.00453358844099863
-0.41725,0.00486753226285724
-0.417125,0.00486753226285724
-0.417,0.00486753226285724
-0.416875,0.00486753226285724
-0.41675,0.00486753226285724
-0.416625,0.005201476084715852
-0.4165,0.00486753226285724
-0.416375,0.00486753226285724
-0.41625,0.00486753226285724
-0.416125,0.00486753226285724
-0.416,0.00486753226285724
-0.415875,0.00486753226285724
-0.41575,0.00453358844099863
-0.415625,0.00486753226285724
-0.4155,0.00486753226285724
-0.415375,0.00486753226285724
-0.41525,0.00486753226285724
-0.415125,0.00486753226285724
-0.415,0.005201476084715852
-0.414875,0.005201476084715852
-0.41475,0.00486753226285724
-0.414625,0.00486753226285724
-0.4145,0.005201476084715852
-0.414375,0.005201476084715852
-0.41425,0.005201476084715852
-0.414125,0.005201476084715852
-0.414,0.00486753226285724
-0.413875,0.005201476084715852
-0.41375,0.00486753226285724
-0.413625,0.00486753226285724
-0.4135,0.00486753226285724
-0.413375,0.00486753226285724
-0.41325,0.00453358844099863
-0.413125,0.00486753226285724
-0.413,0.00486753226285724
-0.412875,0.00486753226285724
-0.41275,0.00486753226285724
-0.412625,0.00486753226285724
-0.4125,0.00486753226285724
-0.412375,0.00486753226285724
-0.41225,0.005201476084715852
-0.412125,0.00486753226285724
-0.412,0.00486753226285724
-0.411875,0.00486753226285724
-0.41175,0.00486753226285724
-0.411625,0.005201476084715852
-0.4115,0.00486753226285724
-0.411375,0.00486753226285724
-0.41125,0.00486753226285724
-0.411125,0.00486753226285724
-0.411,0.00453358844099863
-0.410875,0.00486753226285724
-0.41075,0.00486753226285724
-0.410625,0.00486753226285724
-0.4105,0.00486753226285724
-0.410375,0.00453358844099863
-0.41025,0.00486753226285724
-0.410125,0.00486753226285724
-0.41,0.005201476084715852
-0.409875,0.00486753226285724
-0.40975,0.00486753226285724
-0.409625,0.00486753226285724
-0.4095,0.00486753226285724
-0.409375,0.005201476084715852
-0.40925,0.005201476084715852
-0.409125,0.005201476084715852
-0.409,0.00486753226285724
-0.408875,0.00453358844099863
-0.40875,0.00486753226285724
-0.408625,0.00486753226285724
-0.4085,0.00486753226285724
-0.408375,0.005201476084715852
-0.40825,0.00486753226285724
-0.408125,0.00486753226285724
-0.408,0.00486753226285724
-0.407875,0.00453358844099863
-0.40775,0.00453358844099863
-0.407625,0.00453358844099863
-0.4075,0.00486753226285724
-0.407375,0.00453358844099863
-0.40725,0.00453358844099863
-0.407125,0.00486753226285724
-0.407,0.00486753226285724
-0.406875,0.00486753226285724
-0.40675,0.00453358844099863
-0.406625,0.00453358844099863
-0.4065,0.00453358844099863
-0.406375,0.00453358844099863
-0.40625,0.00486753226285724
-0.406125,0.00453358844099863
-0.406,0.00486753226285724
-0.405875,0.00486753226285724
-0.40575,0.00453358844099863
-0.405625,0.00453358844099863
-0.4055,0.00453358844099863
-0.405375,0.00453358844099863
-0.40525,0.00453358844099863
-0.405125,0.00486753226285724
-0.405,0.00453358844099863
-0.404875,0.00453358844099863
-0.40475,0.00453358844099863
-0.404625,0.00453358844099863
-0.4045,0.00453358844099863
-0.404375,0.00453358844099863
-0.40425,0.00486753226285724
-0.404125,0.00453358844099863
-0.404,0.00453358844099863
-0.403875,0.00453358844099863
-0.40375,0.00486753226285724
-0.403625,0.00486753226285724
-0.4035,0.00453358844099863
-0.403375,0.00453358844099863
-0.40325,0.00453358844099863
-0.403125,0.00453358844099863
-0.403,0.00453358844099863
-0.402875,0.00453358844099863
-0.40275,0.005201476084715852
-0.402625,0.00486753226285724
-0.4025,0.00486753226285724
-0.402375,0.00453358844099863
-0.40225,0.00486753226285724
-0.402125,0.00486753226285724
-0.402,0.005201476084715852
-0.401875,0.00486753226285724
-0.40175,0.00486753226285724
-0.401625,0.005201476084715852
-0.4015,0.00486753226285724
-0.401375,0.00486753226285724
-0.40125,0.00486753226285724
-0.401125,0.005201476084715852
-0.401,0.00486753226285724
-0.400875,0.00486753226285724
-0.40075,0.00486753226285724
-0.400625,0.00453358844099863
-0.4005,0.00486753226285724
-0.400375,0.00453358844099863
-0.40025,0.00486753226285724
-0.400125,0.00486753226285724
-0.4,0.00486753226285724
-0.399875,0.00453358844099863
-0.39975,0.00486753226285724
-0.399625,0.00486753226285724
-0.3995,0.00453358844099863
-0.399375,0.00486753226285724
-0.39925,0.00486753226285724
-0.399125,0.00486753226285724
-0.399,0.00486753226285724
-0.398875,0.00453358844099863
-0.39875,0.00486753226285724
-0.398625,0.00486753226285724
-0.3985,0.005201476084715852
-0.398375,0.00486753226285724
-0.39825,0.00486753226285724
-0.398125,0.00486753226285724
-0.398,0.00486753226285724
-0.397875,0.005201476084715852
-0.39775,0.00486753226285724
-0.397625,0.00486753226285724
-0.3975,0.00486753226285724
-0.397375,0.00453358844099863
-0.39725,0.00486753226285724
-0.397125,0.005201476084715852
-0.397,0.00486753226285724
-0.396875,0.00486753226285724
-0.39675,0.00486753226285724
-0.396625,0.00486753226285724
-0.3965,0.00486753226285724
-0.396375,0.00486753226285724
-0.39625,0.00486753226285724
-0.396125,0.005201476084715852
-0.396,0.005201476084715852
-0.395875,0.005201476084715852
-0.39575,0.005201476084715852
-0.395625,0.005201476084715852
-0.3955,0.00486753226285724
-0.395375,0.00486753226285724
-0.39525,0.00486753226285724
-0.395125,0.00486753226285724
-0.395,0.00486753226285724
-0.394875,0.005201476084715852
-0.39475,0.00486753226285724
-0.394625,0.00486753226285724
-0.3945,0.00486753226285724
-0.394375,0.00486753226285724
-0.39425,0.00486753226285724
-0.394125,0.00486753226285724
-0.394,0.005201476084715852
-0.393875,0.00453358844099863
-0.39375,0.00453358844099863
-0.393625,0.00486753226285724
-0.3935,0.00486753226285724
-0.393375,0.00486753226285724
-0.39325,0.00453358844099863
-0.393125,0.00486753226285724
-0.393,0.00486753226285724
-0.392875,0.00486753226285724
-0.39275,0.00486753226285724
-0.392625,0.00486753226285724
-0.3925,0.00486753226285724
-0.392375,0.00486753226285724
-0.39225,0.00486753226285724
-0.392125,0.00486753226285724
-0.392,0.005201476084715852
-0.391875,0.00486753226285724
-0.39175,0.00486753226285724
-0.391625,0.00486753226285724
-0.3915,0.00486753226285724
-0.391375,0.00453358844099863
-0.39125,0.00486753226285724
-0.391125,0.00486753226285724
-0.391,0.00486753226285724
-0.390875,0.00486753226285724
-0.39075,0.00486753226285724
-0.390625,0.00486753226285724
-0.3905,0.00486753226285724
-0.390375,0.00486753226285724
-0.39025,0.00486753226285724
-0.390125,0.00486753226285724
-0.39,0.005201476084715852
-0.389875,0.005201476084715852
-0.38975,0.005201476084715852
-0.389625,0.00486753226285724
-0.3895,0.005201476084715852
-0.389375,0.005201476084715852
-0.38925,0.005201476084715852
-0.389125,0.005201476084715852
-0.389,0.005201476084715852
-0.388875,0.00486753226285724
-0.38875,0.005201476084715852
-0.388625,0.005201476084715852
-0.3885,0.00486753226285724
-0.388375,0.00453358844099863
-0.38825,0.00486753226285724
-0.388125,0.00486753226285724
-0.388,0.005201476084715852
-0.387875,0.00486753226285724
-0.38775,0.00486753226285724
-0.387625,0.00453358844099863
-0.3875,0.00486753226285724
-0.387375,0.00486753226285724
-0.38725,0.00453358844099863
-0.387125,0.00486753226285724
-0.387,0.00486753226285724
-0.386875,0.00453358844099863
-0.38675,0.00453358844099863
-0.386625,0.00453358844099863
-0.3865,0.00486753226285724
-0.386375,0.00486753226285724
-0.38625,0.00453358844099863
-0.386125,0.00486753226285724
-0.386,0.00486753226285724
-0.385875,0.00486753226285724
-0.38575,0.00453358844099863
-0.385625,0.00453358844099863
-0.3855,0.00453358844099863
-0.385375,0.00486753226285724
-0.38525,0.00486753226285724
-0.385125,0.00453358844099863
-0.385,0.00453358844099863
-0.384875,0.00453358844099863
-0.38475,0.00453358844099863
-0.384625,0.00486753226285724
-0.3845,0.00453358844099863
-0.384375,0.00453358844099863
-0.38425,0.00453358844099863
-0.384125,0.00453358844099863
-0.384,0.00453358844099863
-0.383875,0.00453358844099863
-0.38375,0.00486753226285724
-0.383625,0.00486753226285724
-0.3835,0.00453358844099863
-0.383375,0.00453358844099863
-0.38325,0.00486753226285724
-0.383125,0.00453358844099863
-0.383,0.00453358844099863
-0.382875,0.00453358844099863
-0.38275,0.00453358844099863
-0.382625,0.005201476084715852
-0.3825,0.00486753226285724
-0.382375,0.00453358844099863
-0.38225,0.00453358844099863
-0.382125,0.00453358844099863
-0.382,0.00486753226285724
-0.381875,0.00453358844099863
-0.38175,0.00486753226285724
-0.381625,0.00453358844099863
-0.3815,0.00453358844099863
-0.381375,0.00486753226285724
-0.38125,0.00486753226285724
-0.381125,0.00486753226285724
-0.381,0.00453358844099863
-0.380875,0.00453358844099863
-0.38075,0.00486753226285724
-0.380625,0.00486753226285724
-0.3805,0.00486753226285724
-0.380375,0.00453358844099863
-0.38025,0.00453358844099863
-0.380125,0.00486753226285724
-0.38,0.00486753226285724
-0.379875,0.00486753226285724
-0.37975,0.00486753226285724
-0.379625,0.00453358844099863
-0.3795,0.00486753226285724
-0.379375,0.005201476084715852
-0.37925,0.00486753226285724
-0.379125,0.00453358844099863
-0.379,0.00453358844099863
-0.378875,0.00486753226285724
-0.37875,0.00486753226285724
-0.378625,0.00486753226285724
-0.3785,0.00486753226285724
-0.378375,0.00486753226285724
-0.37825,0.00453358844099863
-0.378125,0.00486753226285724
-0.378,0.00486753226285724
-0.377875,0.00486753226285724
-0.37775,0.00486753226285724
-0.377625,0.00486753226285724
-0.3775,0.00486753226285724
-0.377375,0.005201476084715852
-0.37725,0.00486753226285724
-0.377125,0.00486753226285724
-0.377,0.005201476084715852
-0.376875,0.005201476084715852
-0.37675,0.005201476084715852
-0.376625,0.005535419906574463
-0.3765,0.005535419906574463
-0.376375,0.00486753226285724
-0.37625,0.00486753226285724
-0.376125,0.005201476084715852
-0.376,0.00486753226285724
-0.375875,0.00486753226285724
-0.37575,0.00486753226285724
-0.375625,0.00486753226285724
-0.3755,0.00486753226285724
-0.375375,0.00486753226285724
-0.37525,0.00486753226285724
-0.375125,0.00486753226285724
-0.375,0.00486753226285724
-0.374875,0.00486753226285724
-0.37475,0.00486753226285724
-0.374625,0.005201476084715852
-0.3745,0.005535419906574463
-0.374375,0.00486753226285724
-0.37425,0.00486753226285724
-0.374125,0.00486753226285724
-0.374,0.005201476084715852
-0.373875,0.00486753226285724
-0.37375,0.00486753226285724
-0.373625,0.005201476084715852
-0.3735,0.00486753226285724
-0.373375,0.00486753226285724
-0.37325,0.00486753226285724
-0.373125,0.00486753226285724
-0.373,0.00486753226285724
-0.372875,0.00486753226285724
-0.37275,0.00486753226285724
-0.372625,0.005201476084715852
-0.3725,0.00486753226285724
-0.372375,0.005201476084715852
-0.37225,0.00486753226285724
-0.372125,0.00486753226285724
-0.372,0.00486753226285724
-0.371875,0.00486753226285724
-0.37175,0.00486753226285724
-0.371625,0.005201476084715852
-0.3715,0.005201476084715852
-0.371375,0.00486753226285724
-0.37125,0.00486753226285724
-0.371125,0.00486753226285724
-0.371,0.00486753226285724
-0.370875,0.00486753226285724
-0.37075,0.005201476084715852
-0.370625,0.00486753226285724
-0.3705,0.00486753226285724
-0.370375,0.00486753226285724
-0.37025,0.005201476084715852
-0.370125,0.00486753226285724
-0.37,0.00486753226285724
-0.369875,0.005201476084715852
-0.36975,0.00486753226285724
-0.369625,0.00486753226285724
-0.3695,0.005201476084715852
-0.369375,0.00486753226285724
-0.36925,0.00486753226285724
-0.369125,0.00486753226285724
-0.369,0.00486753226285724
-0.368875,0.005201476084715852
-0.36875,0.005201476084715852
-0.368625,0.00486753226285724
-0.3685,0.00453358844099863
-0.368375,0.00486753226285724
-0.36825,0.00486753226285724
-0.368125,0.00453358844099863
-0.368,0.00453358844099863
-0.367875,0.00486753226285724
-0.36775,0.00486753226285724
-0.367625,0.00486753226285724
-0.3675,0.00486753226285724
-0.367375,0.00453358844099863
-0.36725,0.00453358844099863
-0.367125,0.00453358844099863
-0.367,0.00486753226285724
-0.366875,0.00486753226285724
-0.36675,0.00486753226285724
-0.366625,0.00453358844099863
-0.3665,0.00453358844099863
-0.366375,0.00486753226285724
-0.36625,0.00486753226285724
-0.366125,0.00486753226285724
-0.366,0.00486753226285724
-0.365875,0.00486753226285724
-0.36575,0.00453358844099863
-0.365625,0.00453358844099863
-0.3655,0.00486753226285724
-0.365375,0.00486753226285724
-0.36525,0.00453358844099863
-0.365125,0.00453358844099863
-0.365,0.00486753226285724
-0.364875,0.00486753226285724
-0.36475,0.00486753226285724
-0.364625,0.00453358844099863
-0.3645,0.00453358844099863
-0.364375,0.00486753226285724
-0.36425,0.00486753226285724
-0.364125,0.00453358844099863
-0.364,0.00453358844099863
-0.363875,0.00453358844099863
-0.36375,0.00453358844099863
-0.363625,0.00486753226285724
-0.3635,0.00453358844099863
-0.363375,0.00453358844099863
-0.36325,0.00486753226285724
-0.363125,0.00453358844099863
-0.363,0.00486753226285724
-0.362875,0.00486753226285724
-0.36275,0.00486753226285724
-0.362625,0.00486753226285724
-0.3625,0.005201476084715852
-0.362375,0.005201476084715852
-0.36225,0.005201476084715852
-0.362125,0.00486753226285724
-0.362,0.00486753226285724
-0.361875,0.00486753226285724
-0.36175,0.00486753226285724
-0.361625,0.00453358844099863
-0.3615,0.00486753226285724
-0.361375,0.00453358844099863
-0.36125,0.00453358844099863
-0.361125,0.00453358844099863
-0.361,0.00486753226285724
-0.360875,0.00453358844099863
-0.36075,0.00486753226285724
-0.360625,0.00486753226285724
-0.3605,0.00486753226285724
-0.360375,0.00486753226285724
-0.36025,0.00453358844099863
-0.360125,0.00486753226285724
-0.36,0.00453358844099863
-0.359875,0.00486753226285724
-0.35975,0.00486753226285724
-0.359625,0.00453358844099863
-0.3595,0.00453358844099863
-0.359375,0.00453358844099863
-0.35925,0.00486753226285724
-0.359125,0.00486753226285724
-0.359,0.00486753226285724
-0.358875,0.00486753226285724
-0.35875,0.00486753226285724
-0.358625,0.00486753226285724
-0.3585,0.00486753226285724
-0.358375,0.00453358844099863
-0.35825,0.00453358844099863
-0.358125,0.00486753226285724
-0.358,0.00486753226285724
-0.357875,0.00486753226285724
-0.35775,0.00486753226285724
-0.357625,0.00486753226285724
-0.3575,0.00486753226285724
-0.357375,0.00486753226285724
-0.35725,0.00486753226285724
-0.357125,0.00486753226285724
-0.357,0.00486753226285724
-0.356875,0.00486753226285724
-0.35675,0.00486753226285724
-0.356625,0.00486753226285724
-0.3565,0.00486753226285724
-0.356375,0.00486753226285724
-0.35625,0.00486753226285724
-0.356125,0.00486753226285724
-0.356,0.00486753226285724
-0.355875,0.00486753226285724
-0.35575,0.00486753226285724
-0.355625,0.005201476084715852
-0.3555,0.005201476084715852
-0.355375,0.00486753226285724
-0.35525,0.00486753226285724
-0.355125,0.00486753226285724
-0.355,0.00486753226285724
-0.354875,0.00486753226285724
-0.35475,0.00486753226285724
-0.354625,0.00486753226285724
-0.3545,0.005201476084715852
-0.354375,0.00486753226285724
-0.35425,0.00486753226285724
-0.354125,0.00486753226285724
-0.354,0.00486753226285724
-0.353875,0.00486753226285724
-0.35375,0.00486753226285724
-0.353625,0.00486753226285724
-0.3535,0.005201476084715852
-0.353375,0.005201476084715852
-0.35325,0.00486753226285724
-0.353125,0.00486753226285724
-0.353,0.005201476084715852
-0.352875,0.00486753226285724
-0.35275,0.00486753226285724
-0.352625,0.00486753226285724
-0.3525,0.005201476084715852
-0.352375,0.00486753226285724
-0.35225,0.00486753226285724
-0.352125,0.00486753226285724
-0.352,0.00453358844099863
-0.351875,0.00486753226285724
-0.35175,0.00486753226285724
-0.351625,0.00486753226285724
-0.3515,0.00486753226285724
-0.351375,0.00486753226285724
-0.35125,0.00486753226285724
-0.351125,0.00486753226285724
-0.351,0.00486753226285724
-0.350875,0.00486753226285724
-0.35075,0.005201476084715852
-0.350625,0.005201476084715852
-0.3505,0.005201476084715852
-0.350375,0.005201476084715852
-0.35025,0.005201476084715852
-0.350125,0.005201476084715852
-0.35,0.005535419906574463
-0.349875,0.005201476084715852
-0.34975,0.005201476084715852
-0.349625,0.005201476084715852
-0.3495,0.005201476084715852
-0.349375,0.00486753226285724
-0.34925,0.005201476084715852
-0.349125,0.00486753226285724
-0.349,0.00486753226285724
-0.348875,0.005201476084715852
-0.34875,0.00486753226285724
-0.348625,0.00486753226285724
-0.3485,0.00486753226285724
-0.348375,0.00486753226285724
-0.34825,0.00486753226285724
-0.348125,0.00486753226285724
-0.348,0.00486753226285724
-0.347875,0.00486753226285724
-0.34775,0.00453358844099863
-0.347625,0.00453358844099863
-0.3475,0.00453358844099863
-0.347375,0.00453358844099863
-0.34725,0.00486753226285724
-0.347125,0.00486753226285724
-0.347,0.00453358844099863
-0.346875,0.00453358844099863
-0.34675,0.00486753226285724
-0.346625,0.00486753226285724
-0.3465,0.00486753226285724
-0.346375,0.00486753226285724
-0.34625,0.00453358844099863
-0.346125,0.00486753226285724
-0.346,0.00486753226285724
-0.345875,0.00486753226285724
-0.34575,0.00486753226285724
-0.345625,0.00486753226285724
-0.3455,0.00453358844099863
-0.345375,0.00486753226285724
-0.34525,0.00486753226285724
-0.345125,0.00453358844099863
-0.345,0.00453358844099863
-0.344875,0.00486753226285724
-0.34475,0.00486753226285724
-0.344625,0.00453358844099863
-0.3445,0.00486753226285724
-0.344375,0.00486753226285724
-0.34425,0.005201476084715852
-0.344125,0.00486753226285724
-0.344,0.00486753226285724
-0.343875,0.00486753226285724
-0.34375,0.00486753226285724
-0.343625,0.00486753226285724
-0.3435,0.00486753226285724
-0.343375,0.00486753226285724
-0.34325,0.00486753226285724
-0.343125,0.00453358844099863
-0.343,0.00453358844099863
-0.342875,0.00486753226285724
-0.34275,0.00486753226285724
-0.342625,0.00453358844099863
-0.3425,0.00453358844099863
-0.342375,0.00486753226285724
-0.34225,0.00486753226285724
-0.342125,0.00453358844099863
-0.342,0.00486753226285724
-0.341875,0.00486753226285724
-0.34175,0.00486753226285724
-0.341625,0.00486753226285724
-0.3415,0.00486753226285724
-0.341375,0.00453358844099863
-0.34125,0.00486753226285724
-0.341125,0.00486753226285724
-0.341,0.00486753226285724
-0.340875,0.00486753226285724
-0.34075,0.00486753226285724
-0.340625,0.00453358844099863
-0.3405,0.00486753226285724
-0.340375,0.00486753226285724
-0.34025,0.00486753226285724
-0.340125,0.00486753226285724
-0.34,0.00486753226285724
-0.339875,0.00486753226285724
-0.33975,0.00486753226285724
-0.339625,0.00486753226285724
-0.3395,0.00486753226285724
-0.339375,0.00486753226285724
-0.33925,0.00486753226285724
-0.339125,0.00486753226285724
-0.339,0.00486753226285724
-0.338875,0.00486753226285724
-0.33875,0.00486753226285724
-0.338625,0.00486753226285724
-0.3385,0.00486753226285724
-0.338375,0.00453358844099863
-0.33825,0.00486753226285724
-0.338125,0.00486753226285724
-0.338,0.00486753226285724
-0.337875,0.00486753226285724
-0.33775,0.00486753226285724
-0.337625,0.00486753226285724
-0.3375,0.005201476084715852
-0.337375,0.00486753226285724
-0.33725,0.00486753226285724
-0.337125,0.005201476084715852
-0.337,0.00486753226285724
-0.336875,0.00486753226285724
-0.33675,0.005201476084715852
-0.336625,0.005201476084715852
-0.3365,0.005201476084715852
-0.336375,0.00486753226285724
-0.33625,0.00486753226285724
-0.336125,0.005201476084715852
-0.336,0.005201476084715852
-0.335875,0.005201476084715852
-0.33575,0.005201476084715852
-0.335625,0.00486753226285724
-0.3355,0.00486753226285724
-0.335375,0.00486753226285724
-0.33525,0.00486753226285724
-0.335125,0.00486753226285724
-0.335,0.00486753226285724
-0.334875,0.005201476084715852
-0.33475,0.005201476084715852
-0.334625,0.005201476084715852
-0.3345,0.005201476084715852
-0.334375,0.005201476084715852
-0.33425,0.00486753226285724
-0.334125,0.00486753226285724
-0.334,0.005201476084715852
-0.333875,0.00486753226285724
-0.33375,0.00486753226285724
-0.333625,0.00486753226285724
-0.3335,0.00486753226285724
-0.333375,0.00486753226285724
-0.33325,0.005535419906574463
-0.333125,0.005201476084715852
-0.333,0.005201476084715852
-0.332875,0.005201476084715852
-0.33275,0.005201476084715852
-0.332625,0.005535419906574463
-0.3325,0.005201476084715852
-0.332375,0.005201476084715852
-0.33225,0.005201476084715852
-0.332125,0.005201476084715852
-0.332,0.005201476084715852
-0.331875,0.005201476084715852
-0.33175,0.00486753226285724
-0.331625,0.00486753226285724
-0.3315,0.00486753226285724
-0.331375,0.00486753226285724
-0.33125,0.005201476084715852
-0.331125,0.005201476084715852
-0.331,0.005201476084715852
-0.330875,0.005201476084715852
-0.33075,0.00486753226285724
-0.330625,0.00486753226285724
-0.3305,0.00486753226285724
-0.330375,0.00486753226285724
-0.33025,0.005201476084715852
-0.330125,0.00486753226285724
-0.33,0.005201476084715852
-0.329875,0.00486753226285724
-0.32975,0.005201476084715852
-0.329625,0.005201476084715852
-0.3295,0.005201476084715852
-0.329375,0.005201476084715852
-0.32925,0.00486753226285724
-0.329125,0.00453358844099863
-0.329,0.005201476084715852
-0.328875,0.00486753226285724
-0.32875,0.005201476084715852
-0.328625,0.005201476084715852
-0.3285,0.005201476084715852
-0.328375,0.00486753226285724
-0.32825,0.00486753226285724
-0.328125,0.00486753226285724
-0.328,0.00486753226285724
-0.327875,0.00486753226285724
-0.32775,0.00486753226285724
-0.327625,0.00486753226285724
-0.3275,0.00486753226285724
-0.327375,0.00486753226285724
-0.32725,0.00486753226285724
-0.327125,0.00486753226285724
-0.327,0.00453358844099863
-0.326875,0.00486753226285724
-0.32675,0.00486753226285724
-0.326625,0.00486753226285724
-0.3265,0.00486753226285724
-0.326375,0.00453358844099863
-0.32625,0.00453358844099863
-0.326125,0.00486753226285724
-0.326,0.00453358844099863
-0.325875,0.00486753226285724
-0.32575,0.00486753226285724
-0.325625,0.00453358844099863
-0.3255,0.00486753226285724
-0.325375,0.00486753226285724
-0.32525,0.00453358844099863
-0.325125,0.00453358844099863
-0.325,0.00486753226285724
-0.324875,0.00486753226285724
-0.32475,0.00486753226285724
-0.324625,0.00486753226285724
-0.3245,0.00486753226285724
-0.324375,0.00486753226285724
-0.32425,0.00453358844099863
-0.324125,0.00453358844099863
-0.324,0.00453358844099863
-0.323875,0.00486753226285724
-0.32375,0.00453358844099863
-0.323625,0.00486753226285724
-0.3235,0.00486753226285724
-0.323375,0.00486753226285724
-0.32325,0.00453358844099863
-0.323125,0.00453358844099863
-0.323,0.00453358844099863
-0.322875,0.00486753226285724
-0.32275,0.00486753226285724
-0.322625,0.00453358844099863
-0.3225,0.00486753226285724
-0.322375,0.00486753226285724
-0.32225,0.00486753226285724
-0.322125,0.00486753226285724
-0.322,0.00486753226285724
-0.321875,0.00453358844099863
-0.32175,0.00486753226285724
-0.321625,0.00486753226285724
-0.3215,0.00486753226285724
-0.321375,0.00486753226285724
-0.32125,0.00486753226285724
-0.321125,0.00486753226285724
-0.321,0.00486753226285724
-0.320875,0.00486753226285724
-0.32075,0.005201476084715852
-0.320625,0.00486753226285724
-0.3205,0.00486753226285724
-0.320375,0.00486753226285724
-0.32025,0.00486753226285724
-0.320125,0.00486753226285724
-0.32,0.00486753226285724
-0.319875,0.00486753226285724
-0.31975,0.00486753226285724
-0.319625,0.00486753226285724
-0.3195,0.00453358844099863
-0.319375,0.00486753226285724
-0.31925,0.005201476084715852
-0.319125,0.00486753226285724
-0.319,0.00486753226285724
-0.318875,0.00453358844099863
-0.31875,0.00486753226285724
-0.318625,0.005201476084715852
-0.3185,0.005201476084715852
-0.318375,0.00486753226285724
-0.31825,0.00486753226285724
-0.318125,0.005201476084715852
-0.318,0.00486753226285724
-0.317875,0.00486753226285724
-0.31775,0.005201476084715852
-0.317625,0.005201476084715852
-0.3175,0.005201476084715852
-0.317375,0.005535419906574463
-0.31725,0.005535419906574463
-0.317125,0.005201476084715852
-0.317,0.00486753226285724
-0.316875,0.00486753226285724
-0.31675,0.005201476084715852
-0.316625,0.00486753226285724
-0.3165,0.005201476084715852
-0.316375,0.00486753226285724
-0.31625,0.00486753226285724
-0.316125,0.00486753226285724
-0.316,0.005201476084715852
-0.315875,0.005201476084715852
-0.31575,0.00486753226285724
-0.315625,0.005201476084715852
-0.3155,0.00486753226285724
-0.315375,0.005201476084715852
-0.31525,0.00486753226285724
-0.315125,0.005201476084715852
-0.315,0.00486753226285724
-0.314875,0.005201476084715852
-0.31475,0.005201476084715852
-0.314625,0.005201476084715852
-0.3145,0.005201476084715852
-0.314375,0.00486753226285724
-0.31425,0.005201476084715852
-0.314125,0.00486753226285724
-0.314,0.00486753226285724
-0.313875,0.005201476084715852
-0.31375,0.005201476084715852
-0.313625,0.005201476084715852
-0.3135,0.005201476084715852
-0.313375,0.00486753226285724
-0.31325,0.00486753226285724
-0.313125,0.005201476084715852
-0.313,0.00486753226285724
-0.312875,0.00486753226285724
-0.31275,0.00486753226285724
-0.312625,0.005201476084715852
-0.3125,0.00486753226285724
-0.312375,0.00486753226285724
-0.31225,0.005201476084715852
-0.312125,0.00486753226285724
-0.312,0.00486753226285724
-0.311875,0.005201476084715852
-0.31175,0.00486753226285724
-0.311625,0.00486753226285724
-0.3115,0.005201476084715852
-0.311375,0.00486753226285724
-0.31125,0.00486753226285724
-0.311125,0.005201476084715852
-0.311,0.005201476084715852
-0.310875,0.005201476084715852
-0.31075,0.005201476084715852
-0.310625,0.00486753226285724
-0.3105,0.005201476084715852
-0.310375,0.00486753226285724
-0.31025,0.005201476084715852
-0.310125,0.005201476084715852
-0.31,0.005201476084715852
-0.309875,0.00486753226285724
-0.30975,0.00486753226285724
-0.309625,0.00486753226285724
-0.3095,0.005201476084715852
-0.309375,0.005201476084715852
-0.30925,0.005201476084715852
-0.309125,0.00486753226285724
-0.309,0.005201476084715852
-0.308875,0.00486753226285724
-0.30875,0.00486753226285724
-0.308625,0.00486753226285724
-0.3085,0.00486753226285724
-0.308375,0.00453358844099863
-0.30825,0.00453358844099863
-0.308125,0.00486753226285724
-0.308,0.00453358844099863
-0.307875,0.00486753226285724
-0.30775,0.00453358844099863
-0.307625,0.00486753226285724
-0.3075,0.00453358844099863
-0.307375,0.00486753226285724
-0.30725,0.00486753226285724
-0.307125,0.00486753226285724
-0.307,0.00486753226285724
-0.306875,0.00486753226285724
-0.30675,0.00453358844099863
-0.306625,0.00486753226285724
-0.3065,0.00486753226285724
-0.306375,0.00486753226285724
-0.30625,0.00453358844099863
-0.306125,0.00486753226285724
-0.306,0.00486753226285724
-0.305875,0.00486753226285724
-0.30575,0.00486753226285724
-0.305625,0.00453358844099863
-0.3055,0.00486753226285724
-0.305375,0.00486753226285724
-0.30525,0.00486753226285724
-0.305125,0.00486753226285724
-0.305,0.00486753226285724
-0.304875,0.00453358844099863
-0.30475,0.005201476084715852
-0.304625,0.005201476084715852
-0.3045,0.005201476084715852
-0.304375,0.00486753226285724
-0.30425,0.00486753226285724
-0.304125,0.00486753226285724
-0.304,0.00486753226285724
-0.303875,0.00486753226285724
-0.30375,0.00453358844099863
-0.303625,0.00486753226285724
-0.3035,0.00486753226285724
-0.303375,0.00453358844099863
-0.30325,0.00453358844099863
-0.303125,0.00486753226285724
-0.303,0.00486753226285724
-0.302875,0.00453358844099863
-0.30275,0.00453358844099863
-0.302625,0.00453358844099863
-0.3025,0.00486753226285724
-0.302375,0.00453358844099863
-0.30225,0.00453358844099863
-0.302125,0.00453358844099863
-0.302,0.00453358844099863
-0.301875,0.00453358844099863
-0.30175,0.00453358844099863
-0.301625,0.00486753226285724
-0.3015,0.00486753226285724
-0.301375,0.00453358844099863
-0.30125,0.00486753226285724
-0.301125,0.00486753226285724
-0.301,0.00486753226285724
-0.300875,0.00486753226285724
-0.30075,0.00453358844099863
-0.300625,0.00486753226285724
-0.3005,0.00486753226285724
-0.300375,0.00486753226285724
-0.30025,0.00453358844099863
-0.300125,0.00453358844099863
-0.3,0.00453358844099863
-0.299875,0.00453358844099863
-0.29975,0.00486753226285724
-0.299625,0.00486753226285724
-0.2995,0.00486753226285724
-0.299375,0.00486753226285724
-0.29925,0.00453358844099863
-0.299125,0.00486753226285724
-0.299,0.00486753226285724
-0.298875,0.00486753226285724
-0.29875,0.00486753226285724
-0.298625,0.00453358844099863
-0.2985,0.00486753226285724
-0.298375,0.00486753226285724
-0.29825,0.00486753226285724
-0.298125,0.00486753226285724
-0.298,0.00486753226285724
-0.297875,0.00486753226285724
-0.29775,0.00486753226285724
-0.297625,0.00453358844099863
-0.2975,0.00486753226285724
-0.297375,0.00486753226285724
-0.29725,0.005201476084715852
-0.297125,0.00486753226285724
-0.297,0.00486753226285724
-0.296875,0.005201476084715852
-0.29675,0.00486753226285724
-0.296625,0.005201476084715852
-0.2965,0.00486753226285724
-0.296375,0.00486753226285724
-0.29625,0.005201476084715852
-0.296125,0.00486753226285724
-0.296,0.00486753226285724
-0.295875,0.00486753226285724
-0.29575,0.00486753226285724
-0.295625,0.00486753226285724
-0.2955,0.005201476084715852
-0.295375,0.00486753226285724
-0.29525,0.00486753226285724
-0.295125,0.00486753226285724
-0.295,0.005201476084715852
-0.294875,0.005201476084715852
-0.29475,0.005201476084715852
-0.294625,0.005201476084715852
-0.2945,0.00486753226285724
-0.294375,0.00486753226285724
-0.29425,0.00486753226285724
-0.294125,0.00486753226285724
-0.294,0.00486753226285724
-0.293875,0.00486753226285724
-0.29375,0.00486753226285724
-0.293625,0.005201476084715852
-0.2935,0.00486753226285724
-0.293375,0.005201476084715852
-0.29325,0.00486753226285724
-0.293125,0.00486753226285724
-0.293,0.00486753226285724
-0.292875,0.00486753226285724
-0.29275,0.00486753226285724
-0.292625,0.00486753226285724
-0.2925,0.00486753226285724
-0.292375,0.00486753226285724
-0.29225,0.00486753226285724
-0.292125,0.00486753226285724
-0.292,0.005201476084715852
-0.291875,0.00486753226285724
-0.29175,0.00486753226285724
-0.291625,0.00486753226285724
-0.2915,0.005201476084715852
-0.291375,0.005201476084715852
-0.29125,0.00486753226285724
-0.291125,0.00486753226285724
-0.291,0.00486753226285724
-0.290875,0.005201476084715852
-0.29075,0.00486753226285724
-0.290625,0.00486753226285724
-0.2905,0.00486753226285724
-0.290375,0.00486753226285724
-0.29025,0.005201476084715852
-0.290125,0.005201476084715852
-0.29,0.005201476084715852
-0.289875,0.005201476084715852
-0.28975,0.00486753226285724
-0.289625,0.00486753226285724
-0.2895,0.005201476084715852
-0.289375,0.005201476084715852
-0.28925,0.005201476084715852
-0.289125,0.005201476084715852
-0.289,0.005201476084715852
-0.288875,0.00486753226285724
-0.28875,0.00486753226285724
-0.288625,0.005201476084715852
-0.2885,0.005201476084715852
-0.288375,0.005201476084715852
-0.28825,0.005201476084715852
-0.288125,0.005201476084715852
-0.288,0.00486753226285724
-0.287875,0.00453358844099863
-0.28775,0.00453358844099863
-0.287625,0.00486753226285724
-0.2875,0.00486753226285724
-0.287375,0.00453358844099863
-0.28725,0.00453358844099863
-0.287125,0.00486753226285724
-0.287,0.00453358844099863
-0.286875,0.00453358844099863
-0.28675,0.00453358844099863
-0.286625,0.00453358844099863
-0.2865,0.00486753226285724
-0.286375,0.00486753226285724
-0.28625,0.00453358844099863
-0.286125,0.00453358844099863
-0.286,0.00486753226285724
-0.285875,0.00486753226285724
-0.28575,0.00486753226285724
-0.285625,0.00486753226285724
-0.2855,0.00486753226285724
-0.285375,0.00453358844099863
-0.28525,0.00486753226285724
-0.285125,0.00453358844099863
-0.285,0.00453358844099863
-0.284875,0.00486753226285724
-0.28475,0.00486753226285724
-0.284625,0.00453358844099863
-0.2845,0.00486753226285724
-0.284375,0.00453358844099863
-0.28425,0.00453358844099863
-0.284125,0.00486753226285724
-0.284,0.00486753226285724
-0.283875,0.00453358844099863
-0.28375,0.00486753226285724
-0.283625,0.00486753226285724
-0.2835,0.00486753226285724
-0.283375,0.00453358844099863
-0.28325,0.00486753226285724
-0.283125,0.00486753226285724
-0.283,0.00453358844099863
-0.282875,0.00453358844099863
-0.28275,0.00486753226285724
-0.282625,0.00453358844099863
-0.2825,0.00453358844099863
-0.282375,0.00486753226285724
-0.28225,0.00486753226285724
-0.282125,0.00453358844099863
-0.282,0.00453358844099863
-0.281875,0.00453358844099863
-0.28175,0.00486753226285724
-0.281625,0.00486753226285724
-0.2815,0.00453358844099863
-0.281375,0.00453358844099863
-0.28125,0.00453358844099863
-0.281125,0.00453358844099863
-0.281,0.00486753226285724
-0.280875,0.00486753226285724
-0.28075,0.00486753226285724
-0.280625,0.00486753226285724
-0.2805,0.00453358844099863
-0.280375,0.00486753226285724
-0.28025,0.00486753226285724
-0.280125,0.00486753226285724
-0.28,0.00486753226285724
-0.279875,0.00453358844099863
-0.27975,0.00453358844099863
-0.279625,0.00486753226285724
-0.2795,0.00486753226285724
-0.279375,0.00486753226285724
-0.27925,0.00486753226285724
-0.279125,0.00486753226285724
-0.279,0.00486753226285724
-0.278875,0.00453358844099863
-0.27875,0.00486753226285724
-0.278625,0.00453358844099863
-0.2785,0.00486753226285724
-0.278375,0.00453358844099863
-0.27825,0.00486753226285724
-0.278125,0.00486753226285724
-0.278,0.00486753226285724
-0.277875,0.00453358844099863
-0.27775,0.00486753226285724
-0.277625,0.00486753226285724
-0.2775,0.00486753226285724
-0.277375,0.005201476084715852
-0.27725,0.00486753226285724
-0.277125,0.005201476084715852
-0.277,0.00486753226285724
-0.276875,0.00486753226285724
-0.27675,0.005201476084715852
-0.276625,0.00486753226285724
-0.2765,0.00486753226285724
-0.276375,0.00486753226285724
-0.27625,0.00486753226285724
-0.276125,0.00486753226285724
-0.276,0.00486753226285724
-0.275875,0.00486753226285724
-0.27575,0.00486753226285724
-0.275625,0.005201476084715852
-0.2755,0.005201476084715852
-0.275375,0.00486753226285724
-0.27525,0.005201476084715852
-0.275125,0.005201476084715852
-0.275,0.00486753226285724
-0.274875,0.005201476084715852
-0.27475,0.00486753226285724
-0.274625,0.005201476084715852
-0.2745,0.005535419906574463
-0.274375,0.005535419906574463
-0.27425,0.005201476084715852
-0.274125,0.00486753226285724
-0.274,0.00486753226285724
-0.273875,0.00486753226285724
-0.27375,0.00486753226285724
-0.273625,0.00486753226285724
-0.2735,0.00486753226285724
-0.273375,0.00486753226285724
-0.27325,0.00486753226285724
-0.273125,0.00453358844099863
-0.273,0.00453358844099863
-0.272875,0.00486753226285724
-0.27275,0.00453358844099863
-0.272625,0.00486753226285724
-0.2725,0.00486753226285724
-0.272375,0.00486753226285724
-0.27225,0.005201476084715852
-0.272125,0.00486753226285724
-0.272,0.00486753226285724
-0.271875,0.005201476084715852
-0.27175,0.00486753226285724
-0.271625,0.00486753226285724
-0.2715,0.00486753226285724
-0.271375,0.00486753226285724
-0.27125,0.00486753226285724
-0.271125,0.00486753226285724
-0.271,0.00486753226285724
-0.270875,0.005201476084715852
-0.27075,0.005201476084715852
-0.270625,0.005201476084715852
-0.2705,0.00486753226285724
-0.270375,0.00486753226285724
-0.27025,0.00486753226285724
-0.270125,0.00486753226285724
-0.27,0.00486753226285724
-0.269875,0.00486753226285724
-0.26975,0.005201476084715852
-0.269625,0.00486753226285724
-0.2695,0.00486753226285724
-0.269375,0.00486753226285724
-0.26925,0.00486753226285724
-0.269125,0.005201476084715852
-0.269,0.00486753226285724
-0.268875,0.00486753226285724
-0.26875,0.00486753226285724
-0.268625,0.00453358844099863
-0.2685,0.00486753226285724
-0.268375,0.00453358844099863
-0.26825,0.00453358844099863
-0.268125,0.00486753226285724
-0.268,0.00453358844099863
-0.267875,0.00486753226285724
-0.26775,0.00486753226285724
-0.267625,0.00486753226285724
-0.2675,0.00453358844099863
-0.267375,0.00453358844099863
-0.26725,0.00486753226285724
-0.267125,0.00453358844099863
-0.267,0.00486753226285724
-0.266875,0.00486753226285724
-0.26675,0.00486753226285724
-0.266625,0.00453358844099863
-0.2665,0.00453358844099863
-0.266375,0.00453358844099863
-0.26625,0.00453358844099863
-0.266125,0.00453358844099863
-0.266,0.00453358844099863
-0.265875,0.00453358844099863
-0.26575,0.00486753226285724
-0.265625,0.00453358844099863
-0.2655,0.00453358844099863
-0.265375,0.00453358844099863
-0.26525,0.00486753226285724
-0.265125,0.00486753226285724
-0.265,0.00486753226285724
-0.264875,0.00486753226285724
-0.26475,0.00486753226285724
-0.264625,0.00486753226285724
-0.2645,0.00486753226285724
-0.264375,0.00486753226285724
-0.26425,0.00486753226285724
-0.264125,0.00486753226285724
-0.264,0.00453358844099863
-0.263875,0.00486753226285724
-0.26375,0.00486753226285724
-0.263625,0.00486753226285724
-0.2635,0.00486753226285724
-0.263375,0.00486753226285724
-0.26325,0.00486753226285724
-0.263125,0.00453358844099863
-0.263,0.00486753226285724
-0.262875,0.00453358844099863
-0.26275,0.00453358844099863
-0.262625,0.00453358844099863
-0.2625,0.00453358844099863
-0.262375,0.00486753226285724
-0.26225,0.00486753226285724
-0.262125,0.00453358844099863
-0.262,0.00486753226285724
-0.261875,0.00486753226285724
-0.26175,0.00486753226285724
-0.261625,0.00486753226285724
-0.2615,0.005201476084715852
-0.261375,0.00486753226285724
-0.26125,0.00486753226285724
-0.261125,0.00486753226285724
-0.261,0.005201476084715852
-0.260875,0.00486753226285724
-0.26075,0.00453358844099863
-0.260625,0.00486753226285724
-0.2605,0.005201476084715852
-0.260375,0.005201476084715852
-0.26025,0.005201476084715852
-0.260125,0.00486753226285724
-0.26,0.005201476084715852
-0.259875,0.00486753226285724
-0.25975,0.00486753226285724
-0.259625,0.00453358844099863
-0.2595,0.00453358844099863
-0.259375,0.00486753226285724
-0.25925,0.00453358844099863
-0.259125,0.00486753226285724
-0.259,0.00453358844099863
-0.258875,0.00486753226285724
-0.25875,0.00453358844099863
-0.258625,0.00486753226285724
-0.2585,0.00486753226285724
-0.258375,0.00486753226285724
-0.25825,0.00486753226285724
-0.258125,0.00486753226285724
-0.258,0.00486753226285724
-0.257875,0.00486753226285724
-0.25775,0.005201476084715852
-0.257625,0.00486753226285724
-0.2575,0.00453358844099863
-0.257375,0.00486753226285724
-0.25725,0.00486753226285724
-0.257125,0.00486753226285724
-0.257,0.00486753226285724
-0.256875,0.00486753226285724
-0.25675,0.00486753226285724
-0.256625,0.00486753226285724
-0.2565,0.005201476084715852
-0.256375,0.00486753226285724
-0.25625,0.00486753226285724
-0.256125,0.00486753226285724
-0.256,0.005201476084715852
-0.255875,0.00486753226285724
-0.25575,0.00486753226285724
-0.255625,0.00486753226285724
-0.2555,0.00486753226285724
-0.255375,0.00486753226285724
-0.25525,0.00486753226285724
-0.255125,0.00486753226285724
-0.255,0.005201476084715852
-0.254875,0.005201476084715852
-0.25475,0.00486753226285724
-0.254625,0.00486753226285724
-0.2545,0.00486753226285724
-0.254375,0.00453358844099863
-0.25425,0.00486753226285724
-0.254125,0.00486753226285724
-0.254,0.005201476084715852
-0.253875,0.005201476084715852
-0.25375,0.00486753226285724
-0.253625,0.00486753226285724
-0.2535,0.00486753226285724
-0.253375,0.00486753226285724
-0.25325,0.005201476084715852
-0.253125,0.005201476084715852
-0.253,0.00486753226285724
-0.252875,0.00453358844099863
-0.25275,0.00486753226285724
-0.252625,0.00486753226285724
-0.2525,0.00486753226285724
-0.252375,0.00486753226285724
-0.25225,0.00486753226285724
-0.252125,0.00486753226285724
-0.252,0.00486753226285724
-0.251875,0.005201476084715852
-0.25175,0.00486753226285724
-0.251625,0.00453358844099863
-0.2515,0.00486753226285724
-0.251375,0.00486753226285724
-0.25125,0.00486753226285724
-0.251125,0.00486753226285724
-0.251,0.005201476084715852
-0.250875,0.00486753226285724
-0.25075,0.00486753226285724
-0.250625,0.00486753226285724
-0.2505,0.00486753226285724
-0.250375,0.00486753226285724
-0.25025,0.00453358844099863
-0.250125,0.00486753226285724
-0.25,0.00486753226285724
-0.249875,0.00453358844099863
-0.24975,0.00453358844099863
-0.249625,0.005201476084715852
-0.2495,0.005201476084715852
-0.249375,0.00486753226285724
-0.24925,0.00486753226285724
-0.249125,0.00486753226285724
-0.249,0.00486753226285724
-0.248875,0.00486753226285724
-0.24875,0.00486753226285724
-0.248625,0.00486753226285724
-0.2485,0.00486753226285724
-0.248375,0.005201476084715852
-0.24825,0.00486753226285724
-0.248125,0.005201476084715852
-0.248,0.00486753226285724
-0.247875,0.00486753226285724
-0.24775,0.005201476084715852
-0.247625,0.005201476084715852
-0.2475,0.005201476084715852
-0.247375,0.00486753226285724
-0.24725,0.00486753226285724
-0.247125,0.00486753226285724
-0.247,0.00486753226285724
-0.246875,0.00486753226285724
-0.24675,0.00453358844099863
-0.246625,0.00453358844099863
-0.2465,0.00486753226285724
-0.246375,0.00486753226285724
-0.24625,0.00486753226285724
-0.246125,0.00486753226285724
-0.246,0.00486753226285724
-0.245875,0.00486753226285724
-0.24575,0.00486753226285724
-0.245625,0.00486753226285724
-0.2455,0.00486753226285724
-0.245375,0.00486753226285724
-0.24525,0.00453358844099863
-0.245125,0.00453358844099863
-0.245,0.00486753226285724
-0.244875,0.00453358844099863
-0.24475,0.00486753226285724
-0.244625,0.00486753226285724
-0.2445,0.00453358844099863
-0.244375,0.00486753226285724
-0.24425,0.00453358844099863
-0.244125,0.00453358844099863
-0.244,0.00486753226285724
-0.243875,0.00453358844099863
-0.24375,0.00453358844099863
-0.243625,0.00453358844099863
-0.2435,0.00486753226285724
-0.243375,0.00453358844099863
-0.24325,0.00453358844099863
-0.243125,0.00453358844099863
-0.243,0.00453358844099863
-0.242875,0.00453358844099863
-0.24275,0.00486753226285724
-0.242625,0.00453358844099863
-0.2425,0.00453358844099863
-0.242375,0.00486753226285724
-0.24225,0.00486753226285724
-0.242125,0.00486753226285724
-0.242,0.00453358844099863
-0.241875,0.00453358844099863
-0.24175,0.00453358844099863
-0.241625,0.00486753226285724
-0.2415,0.00486753226285724
-0.241375,0.00453358844099863
-0.24125,0.00453358844099863
-0.241125,0.00486753226285724
-0.241,0.00453358844099863
-0.240875,0.00486753226285724
-0.24075,0.00486753226285724
-0.240625,0.00486753226285724
-0.2405,0.00453358844099863
-0.240375,0.00453358844099863
-0.24025,0.00453358844099863
-0.240125,0.00453358844099863
-0.24,0.00453358844099863
-0.239875,0.00486753226285724
-0.23975,0.004199644619140019
-0.239625,0.00453358844099863
-0.2395,0.00486753226285724
-0.239375,0.00453358844099863
-0.23925,0.004199644619140019
-0.239125,0.00453358844099863
-0.239,0.00453358844099863
-0.238875,0.00486753226285724
-0.23875,0.00453358844099863
-0.238625,0.00486753226285724
-0.2385,0.00486753226285724
-0.238375,0.00486753226285724
-0.23825,0.00486753226285724
-0.238125,0.00486753226285724
-0.238,0.00453358844099863
-0.237875,0.00453358844099863
-0.23775,0.00453358844099863
-0.237625,0.00486753226285724
-0.2375,0.00486753226285724
-0.237375,0.00486753226285724
-0.23725,0.00486753226285724
-0.237125,0.00486753226285724
-0.237,0.00486753226285724
-0.236875,0.00486753226285724
-0.23675,0.005201476084715852
-0.236625,0.005201476084715852
-0.2365,0.00486753226285724
-0.236375,0.00486753226285724
-0.23625,0.00453358844099863
-0.236125,0.00453358844099863
-0.236,0.00486753226285724
-0.235875,0.00453358844099863
-0.23575,0.00486753226285724
-0.235625,0.00486753226285724
-0.2355,0.005201476084715852
-0.235375,0.005201476084715852
-0.23525,0.00486753226285724
-0.235125,0.00486753226285724
-0.235,0.00486753226285724
-0.234875,0.00486753226285724
-0.23475,0.00486753226285724
-0.234625,0.005201476084715852
-0.2345,0.00486753226285724
-0.234375,0.00486753226285724
-0.23425,0.005201476084715852
-0.234125,0.005201476084715852
-0.234,0.005201476084715852
-0.233875,0.005201476084715852
-0.23375,0.005201476084715852
-0.233625,0.00486753226285724
-0.2335,0.00486753226285724
-0.233375,0.00453358844099863
-0.23325,0.00453358844099863
-0.233125,0.00486753226285724
-0.233,0.00486753226285724
-0.232875,0.00486753226285724
-0.23275,0.00486753226285724
-0.232625,0.00486753226285724
-0.2325,0.005201476084715852
-0.232375,0.005201476084715852
-0.23225,0.00486753226285724
-0.232125,0.00486753226285724
-0.232,0.005201476084715852
-0.231875,0.00486753226285724
-0.23175,0.00486753226285724
-0.231625,0.00486753226285724
-0.2315,0.00486753226285724
-0.231375,0.005201476084715852
-0.23125,0.00486753226285724
-0.231125,0.005201476084715852
-0.231,0.005201476084715852
-0.230875,0.005201476084715852
-0.23075,0.00486753226285724
-0.230625,0.00486753226285724
-0.2305,0.00486753226285724
-0.230375,0.00486753226285724
-0.23025,0.00486753226285724
-0.230125,0.00486753226285724
-0.23,0.005201476084715852
-0.229875,0.00486753226285724
-0.22975,0.00486753226285724
-0.229625,0.00486753226285724
-0.2295,0.00486753226285724
-0.229375,0.005201476084715852
-0.22925,0.00486753226285724
-0.229125,0.00486753226285724
-0.229,0.00486753226285724
-0.228875,0.00486753226285724
-0.22875,0.00486753226285724
-0.228625,0.00486753226285724
-0.2285,0.00486753226285724
-0.228375,0.00486753226285724
-0.22825,0.005201476084715852
-0.228125,0.00486753226285724
-0.228,0.00486753226285724
-0.227875,0.00486753226285724
-0.22775,0.00486753226285724
-0.227625,0.00453358844099863
-0.2275,0.00453358844099863
-0.227375,0.00486753226285724
-0.22725,0.00453358844099863
-0.227125,0.00453358844099863
-0.227,0.00486753226285724
-0.226875,0.00486753226285724
-0.22675,0.00486753226285724
-0.226625,0.00486753226285724
-0.2265,0.00453358844099863
-0.226375,0.00453358844099863
-0.22625,0.00486753226285724
-0.226125,0.00453358844099863
-0.226,0.00486753226285724
-0.225875,0.00453358844099863
-0.22575,0.00453358844099863
-0.225625,0.00453358844099863
-0.2255,0.00486753226285724
-0.225375,0.00486753226285724
-0.22525,0.00453358844099863
-0.225125,0.00486753226285724
-0.225,0.00486753226285724
-0.224875,0.00486753226285724
-0.22475,0.00486753226285724
-0.224625,0.00486753226285724
-0.2245,0.00453358844099863
-0.224375,0.00453358844099863
-0.22425,0.00453358844099863
-0.224125,0.00453358844099863
-0.224,0.00486753226285724
-0.223875,0.00486753226285724
-0.22375,0.00486753226285724
-0.223625,0.00486753226285724
-0.2235,0.00453358844099863
-0.223375,0.00486753226285724
-0.22325,0.00486753226285724
-0.223125,0.00453358844099863
-0.223,0.00486753226285724
-0.222875,0.00486753226285724
-0.22275,0.00453358844099863
-0.222625,0.00486753226285724
-0.2225,0.00486753226285724
-0.222375,0.00453358844099863
-0.22225,0.00453358844099863
-0.222125,0.00453358844099863
-0.222,0.00486753226285724
-0.221875,0.00486753226285724
-0.22175,0.00453358844099863
-0.221625,0.00486753226285724
-0.2215,0.00486753226285724
-0.221375,0.00486753226285724
-0.22125,0.00486753226285724
-0.221125,0.00486753226285724
-0.221,0.005201476084715852
-0.220875,0.005201476084715852
-0.22075,0.00486753226285724
-0.220625,0.00486753226285724
-0.2205,0.005201476084715852
-0.220375,0.00486753226285724
-0.22025,0.005201476084715852
-0.220125,0.005201476084715852
-0.22,0.005201476084715852
-0.219875,0.00486753226285724
-0.21975,0.00486753226285724
-0.219625,0.00486753226285724
-0.2195,0.00453358844099863
-0.219375,0.00486753226285724
-0.21925,0.00486753226285724
-0.219125,0.00486753226285724
-0.219,0.00486753226285724
-0.218875,0.00486753226285724
-0.21875,0.00486753226285724
-0.218625,0.00486753226285724
-0.2185,0.00486753226285724
-0.218375,0.00453358844099863
-0.21825,0.00453358844099863
-0.218125,0.00486753226285724
-0.218,0.00486753226285724
-0.217875,0.00486753226285724
-0.21775,0.00486753226285724
-0.217625,0.00486753226285724
-0.2175,0.00486753226285724
-0.217375,0.00486753226285724
-0.21725,0.00486753226285724
-0.217125,0.00453358844099863
-0.217,0.00486753226285724
-0.216875,0.00486753226285724
-0.21675,0.005201476084715852
-0.216625,0.005201476084715852
-0.2165,0.005201476084715852
-0.216375,0.005201476084715852
-0.21625,0.00486753226285724
-0.216125,0.00486753226285724
-0.216,0.00486753226285724
-0.215875,0.00486753226285724
-0.21575,0.005201476084715852
-0.215625,0.005201476084715852
-0.2155,0.00486753226285724
-0.215375,0.00486753226285724
-0.21525,0.005201476084715852
-0.215125,0.00486753226285724
-0.215,0.00486753226285724
-0.214875,0.00486753226285724
-0.21475,0.00486753226285724
-0.214625,0.005201476084715852
-0.2145,0.00486753226285724
-0.214375,0.005201476084715852
-0.21425,0.005201476084715852
-0.214125,0.00486753226285724
-0.214,0.00486753226285724
-0.213875,0.00486753226285724
-0.21375,0.005201476084715852
-0.213625,0.005201476084715852
-0.2135,0.005201476084715852
-0.213375,0.005201476084715852
-0.21325,0.005201476084715852
-0.213125,0.005201476084715852
-0.213,0.00486753226285724
-0.212875,0.00486753226285724
-0.21275,0.00486753226285724
-0.212625,0.00486753226285724
-0.2125,0.00486753226285724
-0.212375,0.00486753226285724
-0.21225,0.00453358844099863
-0.212125,0.00453358844099863
-0.212,0.00486753226285724
-0.211875,0.00486753226285724
-0.21175,0.00486753226285724
-0.211625,0.00453358844099863
-0.2115,0.005201476084715852
-0.211375,0.00486753226285724
-0.21125,0.00486753226285724
-0.211125,0.00486753226285724
-0.211,0.00486753226285724
-0.210875,0.00486753226285724
-0.21075,0.005201476084715852
-0.210625,0.00486753226285724
-0.2105,0.00486753226285724
-0.210375,0.00486753226285724
-0.21025,0.00486753226285724
-0.210125,0.005201476084715852
-0.21,0.005201476084715852
-0.209875,0.005201476084715852
-0.20975,0.00486753226285724
-0.209625,0.005201476084715852
-0.2095,0.005201476084715852
-0.209375,0.00486753226285724
-0.20925,0.00486753226285724
-0.209125,0.005201476084715852
-0.209,0.00486753226285724
-0.208875,0.005201476084715852
-0.20875,0.00486753226285724
-0.208625,0.00486753226285724
-0.2085,0.00486753226285724
-0.208375,0.00486753226285724
-0.20825,0.00486753226285724
-0.208125,0.00453358844099863
-0.208,0.00486753226285724
-0.207875,0.00486753226285724
-0.20775,0.00486753226285724
-0.207625,0.00486753226285724
-0.2075,0.00486753226285724
-0.207375,0.00486753226285724
-0.20725,0.00486753226285724
-0.207125,0.00486753226285724
-0.207,0.00486753226285724
-0.206875,0.005201476084715852
-0.20675,0.00486753226285724
-0.206625,0.005201476084715852
-0.2065,0.005201476084715852
-0.206375,0.005201476084715852
-0.20625,0.00486753226285724
-0.206125,0.00453358844099863
-0.206,0.00453358844099863
-0.205875,0.00453358844099863
-0.20575,0.00453358844099863
-0.205625,0.00453358844099863
-0.2055,0.00453358844099863
-0.205375,0.00453358844099863
-0.20525,0.00486753226285724
-0.205125,0.00453358844099863
-0.205,0.00453358844099863
-0.204875,0.00453358844099863
-0.20475,0.00486753226285724
-0.204625,0.00453358844099863
-0.2045,0.00453358844099863
-0.204375,0.00486753226285724
-0.20425,0.00486753226285724
-0.204125,0.00453358844099863
-0.204,0.00453358844099863
-0.203875,0.00453358844099863
-0.20375,0.00453358844099863
-0.203625,0.00453358844099863
-0.2035,0.00453358844099863
-0.203375,0.00453358844099863
-0.20325,0.00453358844099863
-0.203125,0.00486753226285724
-0.203,0.00453358844099863
-0.202875,0.00453358844099863
-0.20275,0.00486753226285724
-0.202625,0.00486753226285724
-0.2025,0.00486753226285724
-0.202375,0.00486753226285724
-0.20225,0.00486753226285724
-0.202125,0.00453358844099863
-0.202,0.00486753226285724
-0.201875,0.00486753226285724
-0.20175,0.00453358844099863
-0.201625,0.00486753226285724
-0.2015,0.00486753226285724
-0.201375,0.00486753226285724
-0.20125,0.00486753226285724
-0.201125,0.00486753226285724
-0.201,0.00453358844099863
-0.200875,0.00453358844099863
-0.20075,0.00486753226285724
-0.200625,0.00486753226285724
-0.2005,0.00486753226285724
-0.200375,0.00486753226285724
-0.20025,0.00486753226285724
-0.200125,0.00486753226285724
-0.2,0.00453358844099863
-0.199875,0.00486753226285724
-0.19975,0.00486753226285724
-0.199625,0.00486753226285724
-0.1995,0.00453358844099863
-0.199375,0.00486753226285724
-0.19925,0.00486753226285724
-0.199125,0.005201476084715852
-0.199,0.00453358844099863
-0.198875,0.00486753226285724
-0.19875,0.00486753226285724
-0.198625,0.00486753226285724
-0.1985,0.005201476084715852
-0.198375,0.00486753226285724
-0.19825,0.00453358844099863
-0.198125,0.00486753226285724
-0.198,0.00486753226285724
-0.197875,0.005201476084715852
-0.19775,0.005201476084715852
-0.197625,0.00486753226285724
-0.1975,0.00486753226285724
-0.197375,0.00486753226285724
-0.19725,0.00486753226285724
-0.197125,0.00486753226285724
-0.197,0.005201476084715852
-0.196875,0.005201476084715852
-0.19675,0.005201476084715852
-0.196625,0.00486753226285724
-0.1965,0.00486753226285724
-0.196375,0.00486753226285724
-0.19625,0.00486753226285724
-0.196125,0.00486753226285724
-0.196,0.005201476084715852
-0.195875,0.00486753226285724
-0.19575,0.00486753226285724
-0.195625,0.00486753226285724
-0.1955,0.005201476084715852
-0.195375,0.00486753226285724
-0.19525,0.00486753226285724
-0.195125,0.00486753226285724
-0.195,0.00486753226285724
-0.194875,0.005201476084715852
-0.19475,0.00486753226285724
-0.194625,0.00486753226285724
-0.1945,0.005201476084715852
-0.194375,0.00486753226285724
-0.19425,0.005201476084715852
-0.194125,0.005201476084715852
-0.194,0.005201476084715852
-0.193875,0.005201476084715852
-0.19375,0.005201476084715852
-0.193625,0.005201476084715852
-0.1935,0.005201476084715852
-0.193375,0.005201476084715852
-0.19325,0.005535419906574463
-0.193125,0.005201476084715852
-0.193,0.005201476084715852
-0.192875,0.005201476084715852
-0.19275,0.005201476084715852
-0.192625,0.005201476084715852
-0.1925,0.00486753226285724
-0.192375,0.00486753226285724
-0.19225,0.005201476084715852
-0.192125,0.005201476084715852
-0.192,0.005201476084715852
-0.191875,0.00486753226285724
-0.19175,0.00486753226285724
-0.191625,0.00486753226285724
-0.1915,0.00486753226285724
-0.191375,0.00486753226285724
-0.19125,0.00486753226285724
-0.191125,0.005201476084715852
-0.191,0.00486753226285724
-0.190875,0.005201476084715852
-0.19075,0.005201476084715852
-0.190625,0.005201476084715852
-0.1905,0.00486753226285724
-0.190375,0.005201476084715852
-0.19025,0.00486753226285724
-0.190125,0.005201476084715852
-0.19,0.005201476084715852
-0.189875,0.00486753226285724
-0.18975,0.00486753226285724
-0.189625,0.00486753226285724
-0.1895,0.00486753226285724
-0.189375,0.005201476084715852
-0.18925,0.00486753226285724
-0.189125,0.00486753226285724
-0.189,0.00453358844099863
-0.188875,0.00486753226285724
-0.18875,0.005201476084715852
-0.188625,0.005201476084715852
-0.1885,0.00486753226285724
-0.188375,0.00486753226285724
-0.18825,0.00486753226285724
-0.188125,0.00486753226285724
-0.188,0.00486753226285724
-0.187875,0.00453358844099863
-0.18775,0.00486753226285724
-0.187625,0.00486753226285724
-0.1875,0.00453358844099863
-0.187375,0.00486753226285724
-0.18725,0.00486753226285724
-0.187125,0.00453358844099863
-0.187,0.00486753226285724
-0.186875,0.00486753226285724
-0.18675,0.00486753226285724
-0.186625,0.00453358844099863
-0.1865,0.00453358844099863
-0.186375,0.00453358844099863
-0.18625,0.00486753226285724
-0.186125,0.00486753226285724
-0.186,0.00453358844099863
-0.185875,0.00453358844099863
-0.18575,0.00453358844099863
-0.185625,0.00486753226285724
-0.1855,0.00453358844099863
-0.185375,0.00486753226285724
-0.18525,0.00453358844099863
-0.185125,0.00453358844099863
-0.185,0.00453358844099863
-0.184875,0.00486753226285724
-0.18475,0.00486753226285724
-0.184625,0.00453358844099863
-0.1845,0.00486753226285724
-0.184375,0.00486753226285724
-0.18425,0.00486753226285724
-0.184125,0.00486753226285724
-0.184,0.00486753226285724
-0.183875,0.00486753226285724
-0.18375,0.00486753226285724
-0.183625,0.00486753226285724
-0.1835,0.00486753226285724
-0.183375,0.00453358844099863
-0.18325,0.00486753226285724
-0.183125,0.00453358844099863
-0.183,0.00486753226285724
-0.182875,0.00486753226285724
-0.18275,0.00486753226285724
-0.182625,0.00486753226285724
-0.1825,0.00486753226285724
-0.182375,0.005201476084715852
-0.18225,0.00486753226285724
-0.182125,0.005201476084715852
-0.182,0.00486753226285724
-0.181875,0.00486753226285724
-0.18175,0.00453358844099863
-0.181625,0.00486753226285724
-0.1815,0.00486753226285724
-0.181375,0.00486753226285724
-0.18125,0.00486753226285724
-0.181125,0.00486753226285724
-0.181,0.00453358844099863
-0.180875,0.00486753226285724
-0.18075,0.00486753226285724
-0.180625,0.00486753226285724
-0.1805,0.005201476084715852
-0.180375,0.005201476084715852
-0.18025,0.005201476084715852
-0.180125,0.005201476084715852
-0.18,0.005201476084715852
-0.179875,0.005201476084715852
-0.17975,0.00486753226285724
-0.179625,0.00486753226285724
-0.1795,0.00453358844099863
-0.179375,0.00486753226285724
-0.17925,0.00486753226285724
-0.179125,0.00486753226285724
-0.179,0.00486753226285724
-0.178875,0.00453358844099863
-0.17875,0.00486753226285724
-0.178625,0.00486753226285724
-0.1785,0.005201476084715852
-0.178375,0.00486753226285724
-0.17825,0.00486753226285724
-0.178125,0.00453358844099863
-0.178,0.00486753226285724
-0.177875,0.00486753226285724
-0.17775,0.005201476084715852
-0.177625,0.005201476084715852
-0.1775,0.00486753226285724
-0.177375,0.005201476084715852
-0.17725,0.005201476084715852
-0.177125,0.00486753226285724
-0.177,0.005201476084715852
-0.176875,0.005201476084715852
-0.17675,0.00486753226285724
-0.176625,0.005201476084715852
-0.1765,0.005201476084715852
-0.176375,0.005201476084715852
-0.17625,0.00486753226285724
-0.176125,0.00486753226285724
-0.176,0.005201476084715852
-0.175875,0.005201476084715852
-0.17575,0.005201476084715852
-0.175625,0.005201476084715852
-0.1755,0.005201476084715852
-0.175375,0.005201476084715852
-0.17525,0.005201476084715852
-0.175125,0.00486753226285724
-0.175,0.005201476084715852
-0.174875,0.005201476084715852
-0.17475,0.005201476084715852
-0.174625,0.00486753226285724
-0.1745,0.005201476084715852
-0.174375,0.00486753226285724
-0.17425,0.00486753226285724
-0.174125,0.005201476084715852
-0.174,0.00486753226285724
-0.173875,0.005201476084715852
-0.17375,0.00486753226285724
-0.173625,0.00486753226285724
-0.1735,0.005201476084715852
-0.173375,0.00486753226285724
-0.17325,0.00486753226285724
-0.173125,0.00486753226285724
-0.173,0.00486753226285724
-0.172875,0.005201476084715852
-0.17275,0.005201476084715852
-0.172625,0.00486753226285724
-0.1725,0.005201476084715852
-0.172375,0.00486753226285724
-0.17225,0.00486753226285724
-0.172125,0.00486753226285724
-0.172,0.00486753226285724
-0.171875,0.005201476084715852
-0.17175,0.00486753226285724
-0.171625,0.00486753226285724
-0.1715,0.00486753226285724
-0.171375,0.00486753226285724
-0.17125,0.00486753226285724
-0.171125,0.00486753226285724
-0.171,0.00486753226285724
-0.170875,0.00486753226285724
-0.17075,0.00486753226285724
-0.170625,0.00486753226285724
-0.1705,0.005201476084715852
-0.170375,0.005201476084715852
-0.17025,0.00486753226285724
-0.170125,0.00453358844099863
-0.17,0.00486753226285724
-0.169875,0.00486753226285724
-0.16975,0.00486753226285724
-0.169625,0.00486753226285724
-0.1695,0.005201476084715852
-0.169375,0.005201476084715852
-0.16925,0.005201476084715852
-0.169125,0.00486753226285724
-0.169,0.00486753226285724
-0.168875,0.005201476084715852
-0.16875,0.005201476084715852
-0.168625,0.00486753226285724
-0.1685,0.005201476084715852
-0.168375,0.00486753226285724
-0.16825,0.005201476084715852
-0.168125,0.005535419906574463
-0.168,0.005201476084715852
-0.167875,0.005201476084715852
-0.16775,0.00486753226285724
-0.167625,0.00486753226285724
-0.1675,0.00453358844099863
-0.167375,0.00486753226285724
-0.16725,0.00486753226285724
-0.167125,0.00453358844099863
-0.167,0.00453358844099863
-0.166875,0.00486753226285724
-0.16675,0.00486753226285724
-0.166625,0.00486753226285724
-0.1665,0.00486753226285724
-0.166375,0.00486753226285724
-0.16625,0.00486753226285724
-0.166125,0.00453358844099863
-0.166,0.00486753226285724
-0.165875,0.00453358844099863
-0.16575,0.00453358844099863
-0.165625,0.00486753226285724
-0.1655,0.00486753226285724
-0.165375,0.00453358844099863
-0.16525,0.00453358844099863
-0.165125,0.00486753226285724
-0.165,0.00486753226285724
-0.164875,0.00486753226285724
-0.16475,0.00486753226285724
-0.164625,0.00486753226285724
-0.1645,0.00453358844099863
-0.164375,0.00453358844099863
-0.16425,0.00486753226285724
-0.164125,0.00486753226285724
-0.164,0.00486753226285724
-0.163875,0.00486753226285724
-0.16375,0.00486753226285724
-0.163625,0.00486753226285724
-0.1635,0.00486753226285724
-0.163375,0.00486753226285724
-0.16325,0.00486753226285724
-0.163125,0.00486753226285724
-0.163,0.00486753226285724
-0.162875,0.00453358844099863
-0.16275,0.00486753226285724
-0.162625,0.00486753226285724
-0.1625,0.00486753226285724
-0.162375,0.00453358844099863
-0.16225,0.00486753226285724
-0.162125,0.00486753226285724
-0.162,0.005201476084715852
-0.161875,0.00486753226285724
-0.16175,0.00453358844099863
-0.161625,0.00486753226285724
-0.1615,0.00486753226285724
-0.161375,0.00486753226285724
-0.16125,0.00453358844099863
-0.161125,0.00486753226285724
-0.161,0.00486753226285724
-0.160875,0.00486753226285724
-0.16075,0.00453358844099863
-0.160625,0.00486753226285724
-0.1605,0.00453358844099863
-0.160375,0.00486753226285724
-0.16025,0.00453358844099863
-0.160125,0.005201476084715852
-0.16,0.00486753226285724
-0.159875,0.00486753226285724
-0.15975,0.00486753226285724
-0.159625,0.00486753226285724
-0.1595,0.00486753226285724
-0.159375,0.00486753226285724
-0.15925,0.00486753226285724
-0.159125,0.00486753226285724
-0.159,0.00486753226285724
-0.158875,0.00486753226285724
-0.15875,0.00486753226285724
-0.158625,0.00486753226285724
-0.1585,0.00486753226285724
-0.158375,0.00486753226285724
-0.15825,0.00453358844099863
-0.158125,0.00486753226285724
-0.158,0.00486753226285724
-0.157875,0.00486753226285724
-0.15775,0.00486753226285724
-0.157625,0.00486753226285724
-0.1575,0.00486753226285724
-0.157375,0.005201476084715852
-0.15725,0.005201476084715852
-0.157125,0.00486753226285724
-0.157,0.00486753226285724
-0.156875,0.005201476084715852
-0.15675,0.005201476084715852
-0.156625,0.00486753226285724
-0.1565,0.005201476084715852
-0.156375,0.005535419906574463
-0.15625,0.005535419906574463
-0.156125,0.005201476084715852
-0.156,0.005201476084715852
-0.155875,0.005201476084715852
-0.15575,0.005201476084715852
-0.155625,0.00486753226285724
-0.1555,0.00486753226285724
-0.155375,0.005201476084715852
-0.15525,0.00486753226285724
-0.155125,0.00486753226285724
-0.155,0.00486753226285724
-0.154875,0.00486753226285724
-0.15475,0.00486753226285724
-0.154625,0.00486753226285724
-0.1545,0.00486753226285724
-0.154375,0.00486753226285724
-0.15425,0.005201476084715852
-0.154125,0.00486753226285724
-0.154,0.00486753226285724
-0.153875,0.00486753226285724
-0.15375,0.00486753226285724
-0.153625,0.005201476084715852
-0.1535,0.00486753226285724
-0.153375,0.00486753226285724
-0.15325,0.00486753226285724
-0.153125,0.00486753226285724
-0.153,0.00486753226285724
-0.152875,0.00486753226285724
-0.15275,0.00486753226285724
-0.152625,0.00486753226285724
-0.1525,0.00486753226285724
-0.152375,0.005201476084715852
-0.15225,0.00486753226285724
-0.152125,0.005201476084715852
-0.152,0.00486753226285724
-0.151875,0.00486753226285724
-0.15175,0.00486753226285724
-0.151625,0.00486753226285724
-0.1515,0.00486753226285724
-0.151375,0.00486753226285724
-0.15125,0.00486753226285724
-0.151125,0.005201476084715852
-0.151,0.00486753226285724
-0.150875,0.005201476084715852
-0.15075,0.00486753226285724
-0.150625,0.00486753226285724
-0.1505,0.005201476084715852
-0.150375,0.00486753226285724
-0.15025,0.00486753226285724
-0.150125,0.00486753226285724
-0.15,0.00486753226285724
-0.149875,0.00486753226285724
-0.14975,0.00486753226285724
-0.149625,0.00486753226285724
-0.1495,0.005201476084715852
-0.149375,0.00486753226285724
-0.14925,0.00486753226285724
-0.149125,0.00486753226285724
-0.149,0.00486753226285724
-0.148875,0.00486753226285724
-0.14875,0.00486753226285724
-0.148625,0.00486753226285724
-0.1485,0.005201476084715852
-0.148375,0.00486753226285724
-0.14825,0.00453358844099863
-0.148125,0.00486753226285724
-0.148,0.00486753226285724
-0.147875,0.00486753226285724
-0.14775,0.00486753226285724
-0.147625,0.00453358844099863
-0.1475,0.00486753226285724
-0.147375,0.00486753226285724
-0.14725,0.00453358844099863
-0.147125,0.00453358844099863
-0.147,0.00486753226285724
-0.146875,0.00486753226285724
-0.14675,0.00486753226285724
-0.146625,0.00453358844099863
-0.1465,0.00486753226285724
-0.146375,0.00453358844099863
-0.14625,0.00453358844099863
-0.146125,0.00453358844099863
-0.146,0.00486753226285724
-0.145875,0.00453358844099863
-0.14575,0.00453358844099863
-0.145625,0.00453358844099863
-0.1455,0.00486753226285724
-0.145375,0.00486753226285724
-0.14525,0.00453358844099863
-0.145125,0.00486753226285724
-0.145,0.00453358844099863
-0.144875,0.00453358844099863
-0.14475,0.00486753226285724
-0.144625,0.00453358844099863
-0.1445,0.00453358844099863
-0.144375,0.00486753226285724
-0.14425,0.00486753226285724
-0.144125,0.00486753226285724
-0.144,0.00453358844099863
-0.143875,0.00486753226285724
-0.14375,0.005201476084715852
-0.143625,0.00486753226285724
-0.1435,0.00486753226285724
-0.143375,0.00486753226285724
-0.14325,0.00486753226285724
-0.143125,0.00486753226285724
-0.143,0.00486753226285724
-0.142875,0.00486753226285724
-0.14275,0.00453358844099863
-0.142625,0.00453358844099863
-0.1425,0.00486753226285724
-0.142375,0.00486753226285724
-0.14225,0.00453358844099863
-0.142125,0.00453358844099863
-0.142,0.00453358844099863
-0.141875,0.00453358844099863
-0.14175,0.00453358844099863
-0.141625,0.00453358844099863
-0.1415,0.00486753226285724
-0.141375,0.00453358844099863
-0.14125,0.004199644619140019
-0.141125,0.00486753226285724
-0.141,0.005201476084715852
-0.140875,0.00486753226285724
-0.14075,0.00453358844099863
-0.140625,0.00453358844099863
-0.1405,0.00453358844099863
-0.140375,0.00486753226285724
-0.14025,0.00486753226285724
-0.140125,0.00486753226285724
-0.14,0.00486753226285724
-0.139875,0.00486753226285724
-0.13975,0.00486753226285724
-0.139625,0.00486753226285724
-0.1395,0.00453358844099863
-0.139375,0.00453358844099863
-0.13925,0.00453358844099863
-0.139125,0.00486753226285724
-0.139,0.00486753226285724
-0.138875,0.00453358844099863
-0.13875,0.00486753226285724
-0.138625,0.00453358844099863
-0.1385,0.00486753226285724
-0.138375,0.00486753226285724
-0.13825,0.00486753226285724
-0.138125,0.00453358844099863
-0.138,0.00453358844099863
-0.137875,0.00453358844099863
-0.13775,0.00486753226285724
-0.137625,0.00486753226285724
-0.1375,0.00453358844099863
-0.137375,0.00453358844099863
-0.13725,0.00486753226285724
-0.137125,0.00453358844099863
-0.137,0.00453358844099863
-0.136875,0.00486753226285724
-0.13675,0.00486753226285724
-0.136625,0.00453358844099863
-0.1365,0.00486753226285724
-0.136375,0.00486753226285724
-0.13625,0.00486753226285724
-0.136125,0.00486753226285724
-0.136,0.00486753226285724
-0.135875,0.00486753226285724
-0.13575,0.00486753226285724
-0.135625,0.00486753226285724
-0.1355,0.00486753226285724
-0.135375,0.00486753226285724
-0.13525,0.00486753226285724
-0.135125,0.00486753226285724
-0.135,0.00486753226285724
-0.134875,0.00486753226285724
-0.13475,0.00486753226285724
-0.134625,0.00486753226285724
-0.1345,0.00486753226285724
-0.134375,0.00486753226285724
-0.13425,0.00486753226285724
-0.134125,0.00486753226285724
-0.134,0.00486753226285724
-0.133875,0.00486753226285724
-0.13375,0.00486753226285724
-0.133625,0.00486753226285724
-0.1335,0.00486753226285724
-0.133375,0.00486753226285724
-0.13325,0.00486753226285724
-0.133125,0.00486753226285724
-0.133,0.00486753226285724
-0.132875,0.00486753226285724
-0.13275,0.00453358844099863
-0.132625,0.00486753226285724
-0.1325,0.00486753226285724
-0.132375,0.00486753226285724
-0.13225,0.00453358844099863
-0.132125,0.00453358844099863
-0.132,0.00453358844099863
-0.131875,0.005201476084715852
-0.13175,0.00486753226285724
-0.131625,0.00486753226285724
-0.1315,0.005201476084715852
-0.131375,0.00486753226285724
-0.13125,0.005201476084715852
-0.131125,0.005201476084715852
-0.131,0.005201476084715852
-0.130875,0.00486753226285724
-0.13075,0.00486753226285724
-0.130625,0.00486753226285724
-0.1305,0.00486753226285724
-0.130375,0.00486753226285724
-0.13025,0.00486753226285724
-0.130125,0.00486753226285724
-0.13,0.00453358844099863
-0.129875,0.00486753226285724
-0.12975,0.00486753226285724
-0.129625,0.00486753226285724
-0.1295,0.00486753226285724
-0.129375,0.005201476084715852
-0.12925,0.00486753226285724
-0.129125,0.00486753226285724
-0.129,0.005201476084715852
-0.128875,0.00486753226285724
-0.12875,0.00453358844099863
-0.128625,0.00453358844099863
-0.1285,0.00486753226285724
-0.128375,0.00486753226285724
-0.12825,0.00486753226285724
-0.128125,0.00486753226285724
-0.128,0.00453358844099863
-0.127875,0.00453358844099863
-0.12775,0.00486753226285724
-0.127625,0.00453358844099863
-0.1275,0.00486753226285724
-0.127375,0.00486753226285724
-0.12725,0.00453358844099863
-0.127125,0.00453358844099863
-0.127,0.00486753226285724
-0.126875,0.00486753226285724
-0.12675,0.00453358844099863
-0.126625,0.00486753226285724
-0.1265,0.00486753226285724
-0.126375,0.00486753226285724
-0.12625,0.00486753226285724
-0.126125,0.00453358844099863
-0.126,0.00486753226285724
-0.125875,0.00486753226285724
-0.12575,0.00486753226285724
-0.125625,0.00486753226285724
-0.1255,0.00453358844099863
-0.125375,0.00486753226285724
-0.12525,0.00486753226285724
-0.125125,0.00486753226285724
-0.125,0.00453358844099863
-0.124875,0.00453358844099863
-0.12475,0.00453358844099863
-0.124625,0.00486753226285724
-0.1245,0.00486753226285724
-0.124375,0.00453358844099863
-0.12425,0.00453358844099863
-0.124125,0.00453358844099863
-0.124,0.00453358844099863
-0.123875,0.00453358844099863
-0.12375,0.00453358844099863
-0.123625,0.00486753226285724
-0.1235,0.00453358844099863
-0.123375,0.00453358844099863
-0.12325,0.00486753226285724
-0.123125,0.00453358844099863
-0.123,0.00486753226285724
-0.122875,0.00453358844099863
-0.12275,0.00486753226285724
-0.122625,0.00453358844099863
-0.1225,0.00453358844099863
-0.122375,0.00453358844099863
-0.12225,0.00453358844099863
-0.122125,0.00453358844099863
-0.122,0.00486753226285724
-0.121875,0.00486753226285724
-0.12175,0.00486753226285724
-0.121625,0.00486753226285724
-0.1215,0.00486753226285724
-0.121375,0.00453358844099863
-0.12125,0.00453358844099863
-0.121125,0.00486753226285724
-0.121,0.00486753226285724
-0.120875,0.00486753226285724
-0.12075,0.00453358844099863
-0.120625,0.00486753226285724
-0.1205,0.00486753226285724
-0.120375,0.005201476084715852
-0.12025,0.00486753226285724
-0.120125,0.00486753226285724
-0.12,0.00486753226285724
-0.119875,0.00486753226285724
-0.11975,0.00486753226285724
-0.119625,0.00486753226285724
-0.1195,0.00486753226285724
-0.119375,0.00453358844099863
-0.11925,0.00486753226285724
-0.119125,0.00486753226285724
-0.119,0.00486753226285724
-0.118875,0.005201476084715852
-0.11875,0.005201476084715852
-0.118625,0.00486753226285724
-0.1185,0.00486753226285724
-0.118375,0.00486753226285724
-0.11825,0.005201476084715852
-0.118125,0.005201476084715852
-0.118,0.005201476084715852
-0.117875,0.005201476084715852
-0.11775,0.00486753226285724
-0.117625,0.00486753226285724
-0.1175,0.00486753226285724
-0.117375,0.00486753226285724
-0.11725,0.00486753226285724
-0.117125,0.00453358844099863
-0.117,0.00486753226285724
-0.116875,0.00486753226285724
-0.11675,0.00486753226285724
-0.116625,0.00486753226285724
-0.1165,0.00486753226285724
-0.116375,0.005201476084715852
-0.11625,0.00486753226285724
-0.116125,0.00486753226285724
-0.116,0.00486753226285724
-0.115875,0.00486753226285724
-0.11575,0.00486753226285724
-0.115625,0.00486753226285724
-0.1155,0.00486753226285724
-0.115375,0.00486753226285724
-0.11525,0.00486753226285724
-0.115125,0.00486753226285724
-0.115,0.00486753226285724
-0.114875,0.00486753226285724
-0.11475,0.00486753226285724
-0.114625,0.005201476084715852
-0.1145,0.00486753226285724
-0.114375,0.00486753226285724
-0.11425,0.00486753226285724
-0.114125,0.00486753226285724
-0.114,0.00486753226285724
-0.113875,0.00486753226285724
-0.11375,0.00486753226285724
-0.113625,0.00486753226285724
-0.1135,0.00486753226285724
-0.113375,0.00486753226285724
-0.11325,0.00486753226285724
-0.113125,0.00486753226285724
-0.113,0.00486753226285724
-0.112875,0.00486753226285724
-0.11275,0.00486753226285724
-0.112625,0.00486753226285724
-0.1125,0.00486753226285724
-0.112375,0.00486753226285724
-0.11225,0.00486753226285724
-0.112125,0.00486753226285724
-0.112,0.00453358844099863
-0.111875,0.00486753226285724
-0.11175,0.00486753226285724
-0.111625,0.005201476084715852
-0.1115,0.005201476084715852
-0.111375,0.00486753226285724
-0.11125,0.005201476084715852
-0.111125,0.005201476084715852
-0.111,0.00486753226285724
-0.110875,0.005201476084715852
-0.11075,0.005201476084715852
-0.110625,0.00486753226285724
-0.1105,0.00486753226285724
-0.110375,0.00486753226285724
-0.11025,0.00486753226285724
-0.110125,0.005201476084715852
-0.11,0.00486753226285724
-0.109875,0.00486753226285724
-0.10975,0.00486753226285724
-0.109625,0.005201476084715852
-0.1095,0.005201476084715852
-0.109375,0.005201476084715852
-0.10925,0.00486753226285724
-0.109125,0.00486753226285724
-0.109,0.00486753226285724
-0.108875,0.00486753226285724
-0.10875,0.00486753226285724
-0.108625,0.00486753226285724
-0.1085,0.00486753226285724
-0.108375,0.00486753226285724
-0.10825,0.00486753226285724
-0.108125,0.00486753226285724
-0.108,0.005201476084715852
-0.107875,0.00486753226285724
-0.10775,0.005201476084715852
-0.107625,0.00486753226285724
-0.1075,0.00486753226285724
-0.107375,0.00486753226285724
-0.10725,0.00486753226285724
-0.107125,0.00486753226285724
-0.107,0.00453358844099863
-0.106875,0.00486753226285724
-0.10675,0.00486753226285724
-0.106625,0.00486753226285724
-0.1065,0.005201476084715852
-0.106375,0.00486753226285724
-0.10625,0.00453358844099863
-0.106125,0.00486753226285724
-0.106,0.00486753226285724
-0.105875,0.00486753226285724
-0.10575,0.00486753226285724
-0.105625,0.00486753226285724
-0.1055,0.00486753226285724
-0.105375,0.00486753226285724
-0.10525,0.00486753226285724
-0.105125,0.00486753226285724
-0.105,0.00453358844099863
-0.104875,0.00486753226285724
-0.10475,0.00486753226285724
-0.104625,0.00486753226285724
-0.1045,0.005201476084715852
-0.104375,0.00486753226285724
-0.10425,0.00486753226285724
-0.104125,0.005201476084715852
-0.104,0.005201476084715852
-0.103875,0.005201476084715852
-0.10375,0.005201476084715852
-0.103625,0.005201476084715852
-0.1035,0.005201476084715852
-0.103375,0.00486753226285724
-0.10325,0.00486753226285724
-0.103125,0.00453358844099863
-0.103,0.00486753226285724
-0.102875,0.00453358844099863
-0.10275,0.00453358844099863
-0.102625,0.00486753226285724
-0.1025,0.00486753226285724
-0.102375,0.00453358844099863
-0.10225,0.00486753226285724
-0.102125,0.005201476084715852
-0.102,0.00486753226285724
-0.101875,0.00486753226285724
-0.10175,0.00486753226285724
-0.101625,0.00486753226285724
-0.1015,0.00486753226285724
-0.101375,0.00486753226285724
-0.10125,0.00486753226285724
-0.101125,0.00486753226285724
-0.101,0.00486753226285724
-0.100875,0.00486753226285724
-0.10075,0.00486753226285724
-0.100625,0.00486753226285724
-0.1005,0.00486753226285724
-0.100375,0.00453358844099863
-0.10025,0.00486753226285724
-0.100125,0.00486753226285724
-0.1,0.00486753226285724
-0.09987500000000001,0.00486753226285724
-0.09975000000000001,0.00486753226285724
-0.09962500000000001,0.00453358844099863
-0.09950000000000001,0.00453358844099863
-0.099375,0.00486753226285724
-0.09925,0.00486753226285724
-0.099125,0.00486753226285724
-0.099,0.00486753226285724
-0.098875,0.00486753226285724
-0.09875,0.00486753226285724
-0.098625,0.00486753226285724
-0.0985,0.00486753226285724
-0.098375,0.00486753226285724
-0.09825,0.00486753226285724
-0.098125,0.00486753226285724
-0.098,0.00486753226285724
-0.097875,0.00486753226285724
-0.09775,0.00486753226285724
-0.097625,0.00486753226285724
-0.0975,0.005201476084715852
-0.097375,0.005201476084715852
-0.09725,0.00486753226285724
-0.097125,0.005201476084715852
-0.097,0.00486753226285724
-0.096875,0.00486753226285724
-0.09675,0.00486753226285724
-0.096625,0.005201476084715852
-0.0965,0.00486753226285724
-0.096375,0.00486753226285724
-0.09625,0.00486753226285724
-0.096125,0.005201476084715852
-0.096,0.005201476084715852
-0.095875,0.005201476084715852
-0.09575,0.00486753226285724
-0.095625,0.00486753226285724
-0.0955,0.00486753226285724
-0.095375,0.00486753226285724
-0.09525,0.00486753226285724
-0.095125,0.00486753226285724
-0.095,0.00486753226285724
-0.094875,0.00486753226285724
-0.09475,0.00486753226285724
-0.094625,0.005201476084715852
-0.0945,0.00486753226285724
-0.094375,0.00486753226285724
-0.09425,0.00486753226285724
-0.094125,0.00486753226285724
-0.094,0.00486753226285724
-0.093875,0.00486753226285724
-0.09375,0.00486753226285724
-0.093625,0.00486753226285724
-0.0935,0.00486753226285724
-0.093375,0.00486753226285724
-0.09325,0.00486753226285724
-0.093125,0.00486753226285724
-0.093,0.00486753226285724
-0.092875,0.00486753226285724
-0.09275,0.005201476084715852
-0.092625,0.00486753226285724
-0.0925,0.005201476084715852
-0.092375,0.00486753226285724
-0.09225,0.00486753226285724
-0.092125,0.00486753226285724
-0.092,0.00486753226285724
-0.091875,0.005201476084715852
-0.09175,0.005201476084715852
-0.091625,0.00486753226285724
-0.0915,0.00486753226285724
-0.091375,0.005201476084715852
-0.09125,0.00486753226285724
-0.091125,0.00486753226285724
-0.091,0.00486753226285724
-0.090875,0.00486753226285724
-0.09075,0.005201476084715852
-0.090625,0.005201476084715852
-0.0905,0.00486753226285724
-0.090375,0.005201476084715852
-0.09025,0.005535419906574463
-0.090125,0.005201476084715852
-0.09,0.00486753226285724
-0.089875,0.005201476084715852
-0.08975,0.005201476084715852
-0.089625,0.005201476084715852
-0.0895,0.005201476084715852
-0.089375,0.00486753226285724
-0.08925,0.00486753226285724
-0.089125,0.005201476084715852
-0.089,0.00486753226285724
-0.088875,0.00486753226285724
-0.08875,0.00486753226285724
-0.088625,0.00486753226285724
-0.0885,0.00453358844099863
-0.088375,0.00486753226285724
-0.08825,0.00486753226285724
-0.088125,0.005201476084715852
-0.08799999999999999,0.00486753226285724
-0.08787499999999999,0.00486753226285724
-0.08774999999999999,0.00486753226285724
-0.08762499999999999,0.00486753226285724
-0.08749999999999999,0.00486753226285724
-0.08737499999999999,0.00486753226285724
-0.08724999999999999,0.00486753226285724
-0.08712499999999999,0.00486753226285724
-0.08699999999999999,0.00453358844099863
-0.08687499999999999,0.00453358844099863
-0.08674999999999999,0.00453358844099863
-0.08662499999999999,0.00486753226285724
-0.08649999999999999,0.00486753226285724
-0.08637499999999999,0.00453358844099863
-0.08624999999999999,0.00453358844099863
-0.08612499999999999,0.00486753226285724
-0.08599999999999999,0.00486753226285724
-0.08587500000000001,0.00486753226285724
-0.08575000000000001,0.00453358844099863
-0.08562500000000001,0.00453358844099863
-0.08550000000000001,0.00486753226285724
-0.08537500000000001,0.00453358844099863
-0.08525000000000001,0.00486753226285724
-0.08512500000000001,0.00486753226285724
-0.08500000000000001,0.00486753226285724
-0.08487500000000001,0.00453358844099863
-0.08475000000000001,0.00453358844099863
-0.08462500000000001,0.00486753226285724
-0.08450000000000001,0.00453358844099863
-0.08437500000000001,0.00486753226285724
-0.08425000000000001,0.00486753226285724
-0.08412500000000001,0.00486753226285724
-0.08400000000000001,0.00453358844099863
-0.08387500000000001,0.00453358844099863
-0.08375,0.00453358844099863
-0.083625,0.00486753226285724
-0.0835,0.00486753226285724
-0.083375,0.00486753226285724
-0.08325,0.00486753226285724
-0.083125,0.00486753226285724
-0.083,0.00486753226285724
-0.082875,0.00486753226285724
-0.08275,0.00486753226285724
-0.082625,0.00486753226285724
-0.0825,0.00486753226285724
-0.082375,0.00453358844099863
-0.08225,0.00486753226285724
-0.082125,0.00486753226285724
-0.082,0.00486753226285724
-0.081875,0.00486753226285724
-0.08175,0.00486753226285724
-0.081625,0.00486753226285724
-0.0815,0.00486753226285724
-0.081375,0.00486753226285724
-0.08125,0.00453358844099863
-0.081125,0.00453358844099863
-0.081,0.00453358844099863
-0.080875,0.00453358844099863
-0.08075,0.00486753226285724
-0.080625,0.00486753226285724
-0.0805,0.00453358844099863
-0.080375,0.00453358844099863
-0.08025,0.00453358844099863
-0.080125,0.00453358844099863
-0.08,0.00486753226285724
-0.079875,0.00486753226285724
-0.07975,0.005201476084715852
-0.079625,0.00486753226285724
-0.0795,0.00453358844099863
-0.079375,0.00486753226285724
-0.07925,0.00486753226285724
-0.079125,0.00486753226285724
-0.079,0.00453358844099863
-0.078875,0.00453358844099863
-0.07875,0.00486753226285724
-0.078625,0.00453358844099863
-0.0785,0.00486753226285724
-0.078375,0.005201476084715852
-0.07825,0.00486753226285724
-0.078125,0.00486753226285724
-0.078,0.005201476084715852
-0.077875,0.005201476084715852
-0.07775,0.005535419906574463
-0.077625,0.00486753226285724
-0.0775,0.00486753226285724
-0.077375,0.00486753226285724
-0.07725,0.005201476084715852
-0.077125,0.00486753226285724
-0.077,0.005201476084715852
-0.076875,0.00486753226285724
-0.07675,0.00486753226285724
-0.076625,0.00486753226285724
-0.0765,0.00486753226285724
-0.076375,0.00486753226285724
-0.07625,0.00486753226285724
-0.076125,0.005201476084715852
-0.076,0.005201476084715852
-0.075875,0.00486753226285724
-0.07575,0.00486753226285724
-0.075625,0.00486753226285724
-0.0755,0.00486753226285724
-0.075375,0.00486753226285724
-0.07525,0.00486753226285724
-0.075125,0.00486753226285724
-0.075,0.00486753226285724
-0.074875,0.00486753226285724
-0.07475,0.00486753226285724
-0.074625,0.00486753226285724
-0.0745,0.00486753226285724
-0.074375,0.00486753226285724
-0.07425,0.00486753226285724
-0.074125,0.00486753226285724
-0.074,0.00486753226285724
-0.073875,0.005201476084715852
-0.07375,0.00486753226285724
-0.073625,0.00486753226285724
-0.0735,0.00486753226285724
-0.073375,0.00486753226285724
-0.07325,0.00486753226285724
-0.073125,0.00453358844099863
-0.073,0.00486753226285724
-0.072875,0.00486753226285724
-0.07275,0.00486753226285724
-0.072625,0.00486753226285724
-0.0725,0.005201476084715852
-0.07237499999999999,0.00486753226285724
-0.07224999999999999,0.00486753226285724
-0.07212499999999999,0.00486753226285724
-0.07199999999999999,0.00486753226285724
-0.07187499999999999,0.00486753226285724
-0.07174999999999999,0.00486753226285724
-0.07162499999999999,0.00486753226285724
-0.07149999999999999,0.005201476084715852
-0.07137499999999999,0.00486753226285724
-0.07124999999999999,0.005201476084715852
-0.07112499999999999,0.005201476084715852
-0.07099999999999999,0.005201476084715852
-0.07087499999999999,0.00486753226285724
-0.07074999999999999,0.00486753226285724
-0.07062499999999999,0.00486753226285724
-0.07049999999999999,0.00486753226285724
-0.07037499999999999,0.00486753226285724
-0.07025000000000001,0.00453358844099863
-0.07012500000000001,0.00486753226285724
-0.07000000000000001,0.00486753226285724
-0.06987500000000001,0.00486753226285724
-0.06975000000000001,0.00486753226285724
-0.06962500000000001,0.005201476084715852
-0.06950000000000001,0.005201476084715852
-0.06937500000000001,0.00486753226285724
-0.06925000000000001,0.005201476084715852
-0.06912500000000001,0.00486753226285724
-0.06900000000000001,0.00486753226285724
-0.06887500000000001,0.00486753226285724
-0.06875000000000001,0.00486753226285724
-0.06862500000000001,0.005201476084715852
-0.06850000000000001,0.00486753226285724
-0.06837500000000001,0.00453358844099863
-0.06825000000000001,0.00453358844099863
-0.068125,0.00486753226285724
-0.068,0.005201476084715852
-0.067875,0.00486753226285724
-0.06775,0.00486753226285724
-0.067625,0.00486753226285724
-0.0675,0.00453358844099863
-0.067375,0.00486753226285724
-0.06725,0.00486753226285724
-0.067125,0.00486753226285724
-0.067,0.00453358844099863
-0.066875,0.00453358844099863
-0.06675,0.00453358844099863
-0.066625,0.00486753226285724
-0.0665,0.00486753226285724
-0.066375,0.00453358844099863
-0.06625,0.005201476084715852
-0.066125,0.005201476084715852
-0.066,0.00486753226285724
-0.065875,0.00486753226285724
-0.06575,0.00486753226285724
-0.065625,0.00486753226285724
-0.0655,0.005201476084715852
-0.065375,0.00486753226285724
-0.06525,0.00486753226285724
-0.065125,0.00486753226285724
-0.065,0.00453358844099863
-0.064875,0.00453358844099863
-0.06475,0.00486753226285724
-0.064625,0.00453358844099863
-0.0645,0.00486753226285724
-0.064375,0.00453358844099863
-0.06425,0.00453358844099863
-0.064125,0.00453358844099863
-0.064,0.00453358844099863
-0.063875,0.00453358844099863
-0.06375,0.00453358844099863
-0.063625,0.00453358844099863
-0.0635,0.00453358844099863
-0.063375,0.00453358844099863
-0.06325,0.00453358844099863
-0.063125,0.004199644619140019
-0.063,0.00486753226285724
-0.062875,0.00453358844099863
-0.06275,0.00453358844099863
-0.062625,0.00453358844099863
-0.0625,0.00453358844099863
-0.062375,0.00453358844099863
-0.06225,0.00453358844099863
-0.062125,0.00486753226285724
-0.062,0.00453358844099863
-0.061875,0.00486753226285724
-0.06175,0.00486753226285724
-0.061625,0.00486753226285724
-0.0615,0.00486753226285724
-0.061375,0.00486753226285724
-0.06125,0.00453358844099863
-0.061125,0.00453358844099863
-0.061,0.00453358844099863
-0.060875,0.00453358844099863
-0.06075,0.00453358844099863
-0.060625,0.00453358844099863
-0.0605,0.00453358844099863
-0.060375,0.00453358844099863
-0.06025,0.00453358844099863
-0.060125,0.00453358844099863
-0.06,0.00453358844099863
-0.059875,0.00453358844099863
-0.05975,0.00486753226285724
-0.059625,0.00453358844099863
-0.0595,0.00453358844099863
-0.059375,0.00486753226285724
-0.05925,0.00453358844099863
-0.059125,0.00453358844099863
-0.059,0.00486753226285724
-0.058875,0.00486753226285724
-0.05875,0.00453358844099863
-0.058625,0.00453358844099863
-0.0585,0.00453358844099863
-0.058375,0.00486753226285724
-0.05825,0.00486753226285724
-0.058125,0.00453358844099863
-0.058,0.00453358844099863
-0.057875,0.00453358844099863
-0.05775,0.00453358844099863
-0.057625,0.00486753226285724
-0.0575,0.00486753226285724
-0.057375,0.00486753226285724
-0.05725,0.00486753226285724
-0.057125,0.005201476084715852
-0.057,0.00486753226285724
-0.056875,0.00486753226285724
-0.05675,0.00486753226285724
-0.056625,0.00453358844099863
-0.0565,0.00486753226285724
-0.056375,0.00453358844099863
-0.05625,0.00486753226285724
-0.056125,0.00486753226285724
-0.056,0.00486753226285724
-0.055875,0.005201476084715852
-0.05575,0.00486753226285724
-0.055625,0.00486753226285724
-0.0555,0.00486753226285724
-0.055375,0.005201476084715852
-0.05525,0.00486753226285724
-0.055125,0.00486753226285724
-0.055,0.00486753226285724
-0.054875,0.00486753226285724
-0.05475,0.005201476084715852
-0.054625,0.00486753226285724
-0.0545,0.00486753226285724
-0.054375,0.00486753226285724
-0.05425,0.00486753226285724
-0.054125,0.00486753226285724
-0.054,0.00486753226285724
-0.053875,0.00453358844099863
-0.05375,0.00486753226285724
-0.053625,0.005201476084715852
-0.0535,0.00486753226285724
-0.053375,0.00486753226285724
-0.05325,0.005201476084715852
-0.053125,0.005201476084715852
-0.053,0.005201476084715852
-0.052875,0.005201476084715852
-0.05275,0.005201476084715852
-0.052625,0.005201476084715852
-0.0525,0.00486753226285724
-0.052375,0.00486753226285724
-0.05225,0.00486753226285724
-0.052125,0.005201476084715852
-0.052,0.005201476084715852
-0.051875,0.005201476084715852
-0.05175,0.00486753226285724
-0.051625,0.00486753226285724
-0.0515,0.005201476084715852
-0.051375,0.005201476084715852
-0.05125,0.005201476084715852
-0.051125,0.00486753226285724
-0.051,0.00486753226285724
-0.050875,0.00486753226285724
-0.05075,0.00486753226285724
-0.050625,0.005201476084715852
-0.0505,0.00486753226285724
-0.050375,0.00486753226285724
-0.05025,0.00486753226285724
-0.050125,0.00486753226285724
-0.05,0.00486753226285724
-0.049875,0.00486753226285724
-0.04975,0.00486753226285724
-0.049625,0.00486753226285724
-0.0495,0.00486753226285724
-0.049375,0.00486753226285724
-0.04925,0.00486753226285724
-0.049125,0.00486753226285724
-0.049,0.00486753226285724
-0.048875,0.00486753226285724
-0.04875,0.00486753226285724
-0.048625,0.00486753226285724
-0.0485,0.00486753226285724
-0.048375,0.005201476084715852
-0.04825,0.00486753226285724
-0.048125,0.00486753226285724
-0.048,0.00486753226285724
-0.047875,0.00486753226285724
-0.04775,0.00486753226285724
-0.047625,0.00453358844099863
-0.0475,0.00486753226285724
-0.047375,0.00486753226285724
-0.04725,0.00453358844099863
-0.047125,0.00453358844099863
-0.047,0.00486753226285724
-0.046875,0.00486753226285724
-0.04675,0.00453358844099863
-0.046625,0.00453358844099863
-0.0465,0.00453358844099863
-0.046375,0.00486753226285724
-0.04625,0.00486753226285724
-0.046125,0.00453358844099863
-0.046,0.00486753226285724
-0.045875,0.00486753226285724
-0.04575,0.00453358844099863
-0.045625,0.00453358844099863
-0.0455,0.00486753226285724
-0.045375,0.00453358844099863
-0.04525,0.00486753226285724
-0.045125,0.00453358844099863
-0.045,0.00453358844099863
-0.044875,0.00486753226285724
-0.04475,0.00453358844099863
-0.044625,0.00486753226285724
-0.0445,0.00486753226285724
-0.044375,0.00453358844099863
-0.04425,0.00486753226285724
-0.044125,0.00453358844099863
-0.044,0.00486753226285724
-0.043875,0.00486753226285724
-0.04375,0.00486753226285724
-0.043625,0.00453358844099863
-0.0435,0.00453358844099863
-0.043375,0.00453358844099863
-0.04325,0.00453358844099863
-0.043125,0.00453358844099863
-0.043,0.00486753226285724
-0.042875,0.00486753226285724
-0.04275,0.00453358844099863
-0.042625,0.00453358844099863
-0.0425,0.00486753226285724
-0.042375,0.00453358844099863
-0.04225,0.00453358844099863
-0.042125,0.00453358844099863
-0.042,0.00453358844099863
-0.041875,0.00486753226285724
-0.04175,0.00453358844099863
-0.041625,0.00453358844099863
-0.0415,0.00453358844099863
-0.041375,0.00453358844099863
-0.04125,0.00453358844099863
-0.041125,0.00486753226285724
-0.041,0.00486753226285724
-0.040875,0.00453358844099863
-0.04075,0.00453358844099863
-0.040625,0.00486753226285724
-0.0405,0.00486753226285724
-0.040375,0.00486753226285724
-0.04025,0.005201476084715852
-0.040125,0.00486753226285724
-0.04,0.00486753226285724
-0.039875,0.00486753226285724
-0.03975,0.00453358844099863
-0.039625,0.00453358844099863
-0.0395,0.00453358844099863
-0.039375,0.00453358844099863
-0.03925,0.00453358844099863
-0.039125,0.00453358844099863
-0.039,0.00486753226285724
-0.038875,0.00486753226285724
-0.03875,0.00486753226285724
-0.038625,0.00486753226285724
-0.0385,0.00453358844099863
-0.038375,0.00453358844099863
-0.03825,0.00486753226285724
-0.038125,0.00486753226285724
-0.038,0.00486753226285724
-0.037875,0.00453358844099863
-0.03775,0.00486753226285724
-0.037625,0.00453358844099863
-0.0375,0.00486753226285724
-0.037375,0.00486753226285724
-0.03725,0.00453358844099863
-0.037125,0.00486753226285724
-0.037,0.00486753226285724
-0.036875,0.00486753226285724
-0.03675,0.00486753226285724
-0.036625,0.005201476084715852
-0.0365,0.00486753226285724
-0.036375,0.00486753226285724
-0.03625,0.00486753226285724
-0.036125,0.00486753226285724
-0.036,0.00486753226285724
-0.035875,0.005201476084715852
-0.03575,0.00486753226285724
-0.035625,0.00486753226285724
-0.0355,0.00486753226285724
-0.035375,0.00486753226285724
-0.03525,0.00453358844099863
-0.035125,0.00486753226285724
-0.035,0.00453358844099863
-0.034875,0.00486753226285724
-0.03475,0.00486753226285724
-0.034625,0.005201476084715852
-0.0345,0.00486753226285724
-0.034375,0.00486753226285724
-0.03425,0.00486753226285724
-0.034125,0.00486753226285724
-0.034,0.00486753226285724
-0.033875,0.00486753226285724
-0.03375,0.00486753226285724
-0.033625,0.00486753226285724
-0.0335,0.00486753226285724
-0.033375,0.00486753226285724
-0.03325,0.00486753226285724
-0.033125,0.00486753226285724
-0.033,0.005201476084715852
-0.032875,0.00486753226285724
-0.03275,0.00486753226285724
-0.032625,0.005201476084715852
-0.0325,0.005201476084715852
-0.032375,0.005201476084715852
-0.03225,0.00486753226285724
-0.032125,0.00486753226285724
-0.032,0.00486753226285724
-0.031875,0.00486753226285724
-0.03175,0.00486753226285724
-0.031625,0.00453358844099863
-0.0315,0.00486753226285724
-0.031375,0.00486753226285724
-0.03125,0.00486753226285724
-0.031125,0.00486753226285724
-0.031,0.00486753226285724
-0.030875,0.005201476084715852
-0.03075,0.00486753226285724
-0.030625,0.00486753226285724
-0.0305,0.00486753226285724
-0.030375,0.00486753226285724
-0.03025,0.00486753226285724
-0.030125,0.00453358844099863
-0.03,0.00453358844099863
-0.029875,0.005201476084715852
-0.02975,0.00486753226285724
-0.029625,0.00486753226285724
-0.0295,0.00453358844099863
-0.029375,0.00486753226285724
-0.02925,0.00486753226285724
-0.029125,0.005201476084715852
-0.029,0.005201476084715852
-0.028875,0.00486753226285724
-0.02875,0.00486753226285724
-0.028625,0.00486753226285724
-0.0285,0.00453358844099863
-0.028375,0.00486753226285724
-0.02825,0.005201476084715852
-0.028125,0.005201476084715852
-0.028,0.00486753226285724
-0.027875,0.00486753226285724
-0.02775,0.00486753226285724
-0.027625,0.00486753226285724
-0.0275,0.00486753226285724
-0.027375,0.005201476084715852
-0.02725,0.00453358844099863
-0.027125,0.00486753226285724
-0.027,0.00486753226285724
-0.026875,0.00486753226285724
-0.02675,0.00486753226285724
-0.026625,0.00486753226285724
-0.0265,0.00486753226285724
-0.026375,0.00453358844099863
-0.02625,0.00486753226285724
-0.026125,0.00453358844099863
-0.026,0.00486753226285724
-0.025875,0.00453358844099863
-0.02575,0.00486753226285724
-0.025625,0.00486753226285724
-0.0255,0.00453358844099863
-0.025375,0.00486753226285724
-0.02525,0.00486753226285724
-0.025125,0.00486753226285724
-0.025,0.00486753226285724
-0.024875,0.00486753226285724
-0.02475,0.00453358844099863
-0.024625,0.00486753226285724
-0.0245,0.00486753226285724
-0.024375,0.00486753226285724
-0.02425,0.00486753226285724
-0.024125,0.00486753226285724
-0.024,0.00486753226285724
-0.023875,0.004199644619140019
-0.02375,0.00453358844099863
-0.023625,0.00453358844099863
-0.0235,0.00486753226285724
-0.023375,0.00453358844099863
-0.02325,0.00453358844099863
-0.023125,0.00486753226285724
-0.023,0.00453358844099863
-0.022875,0.00453358844099863
-0.02275,0.00486753226285724
-0.022625,0.00486753226285724
-0.0225,0.00453358844099863
-0.022375,0.00453358844099863
-0.02225,0.00453358844099863
-0.022125,0.00486753226285724
-0.022,0.00453358844099863
-0.021875,0.00453358844099863
-0.02175,0.00486753226285724
-0.021625,0.00453358844099863
-0.0215,0.00453358844099863
-0.021375,0.00486753226285724
-0.02125,0.00486753226285724
-0.021125,0.00486753226285724
-0.021,0.00486753226285724
-0.020875,0.00486753226285724
-0.02075,0.00453358844099863
-0.020625,0.00486753226285724
-0.0205,0.005201476084715852
-0.020375,0.00453358844099863
-0.02025,0.00486753226285724
-0.020125,0.00486753226285724
-0.02,0.00486753226285724
-0.019875,0.00486753226285724
-0.01975,0.00486753226285724
-0.019625,0.00453358844099863
-0.0195,0.00486753226285724
-0.019375,0.00453358844099863
-0.01925,0.00486753226285724
-0.019125,0.00486753226285724
-0.019,0.00486753226285724
-0.018875,0.00486753226285724
-0.01875,0.00486753226285724
-0.018625,0.00453358844099863
-0.0185,0.00453358844099863
-0.018375,0.00486753226285724
-0.01825,0.005201476084715852
-0.018125,0.00486753226285724
-0.018,0.00486753226285724
-0.017875,0.00486753226285724
-0.01775,0.00453358844099863
-0.017625,0.00486753226285724
-0.0175,0.00486753226285724
-0.017375,0.00486753226285724
-0.01725,0.00486753226285724
-0.017125,0.005201476084715852
-0.017,0.00486753226285724
-0.016875,0.00486753226285724
-0.01675,0.005201476084715852
-0.016625,0.00486753226285724
-0.0165,0.005201476084715852
-0.016375,0.00486753226285724
-0.01625,0.00486753226285724
-0.016125,0.00486753226285724
-0.016,0.00486753226285724
-0.015875,0.00486753226285724
-0.01575,0.005201476084715852
-0.015625,0.00486753226285724
-0.0155,0.00486753226285724
-0.015375,0.005201476084715852
-0.01525,0.00486753226285724
-0.015125,0.005201476084715852
-0.015,0.00486753226285724
-0.014875,0.005201476084715852
-0.01475,0.005201476084715852
-0.014625,0.005535419906574463
-0.0145,0.005201476084715852
-0.014375,0.005201476084715852
-0.01425,0.005201476084715852
-0.014125,0.005201476084715852
-0.014,0.005201476084715852
-0.013875,0.005201476084715852
-0.01375,0.00486753226285724
-0.013625,0.005201476084715852
-0.0135,0.00486753226285724
-0.013375,0.00486753226285724
-0.01325,0.005201476084715852
-0.013125,0.00486753226285724
-0.013,0.005201476084715852
-0.012875,0.005201476084715852
-0.01275,0.00486753226285724
-0.012625,0.00486753226285724
-0.0125,0.00486753226285724
-0.012375,0.00486753226285724
-0.01225,0.00486753226285724
-0.012125,0.005201476084715852
-0.012,0.00453358844099863
-0.011875,0.00453358844099863
-0.01175,0.00486753226285724
-0.011625,0.005201476084715852
-0.0115,0.005201476084715852
-0.011375,0.00486753226285724
-0.01125,0.00486753226285724
-0.011125,0.00486753226285724
-0.011,0.00486753226285724
-0.010875,0.00486753226285724
-0.01075,0.00486753226285724
-0.010625,0.005201476084715852
-0.0105,0.00486753226285724
-0.010375,0.005201476084715852
-0.01025,0.005201476084715852
-0.010125,0.005201476084715852
-0.01,0.00486753226285724
-0.009875,0.00486753226285724
-0.00975,0.00486753226285724
-0.009625,0.00486753226285724
-0.0095,0.00486753226285724
-0.009375,0.00486753226285724
-0.00925,0.005201476084715852
-0.009124999999999999,0.00486753226285724
-0.008999999999999999,0.005201476084715852
-0.008874999999999999,0.00486753226285724
-0.008750000000000001,0.00486753226285724
-0.008625000000000001,0.00486753226285724
-0.008500000000000001,0.00486753226285724
-0.008375,0.00486753226285724
-0.00825,0.00453358844099863
-0.008125,0.00486753226285724
-0.008,0.00453358844099863
-0.007875,0.00486753226285724
-0.00775,0.00453358844099863
-0.007625,0.00486753226285724
-0.0075,0.005201476084715852
-0.007375,0.00486753226285724
-0.00725,0.00486753226285724
-0.007125,0.00453358844099863
-0.007,0.00453358844099863
-0.006875,0.00453358844099863
-0.00675,0.00453358844099863
-0.006625,0.00486753226285724
-0.0065,0.00486753226285724
-0.006375,0.00486753226285724
-0.00625,0.00453358844099863
-0.006125,0.00453358844099863
-0.006,0.00486753226285724
-0.005875,0.00486753226285724
-0.00575,0.00486753226285724
-0.005625,0.00453358844099863
-0.0055,0.00453358844099863
-0.005375,0.00486753226285724
-0.00525,0.00453358844099863
-0.005125,0.00486753226285724
-0.005,0.00453358844099863
-0.004875,0.00453358844099863
-0.00475,0.00453358844099863
-0.004625,0.00486753226285724
-0.0045,0.00486753226285724
-0.004375,0.00453358844099863
-0.00425,0.00486753226285724
-0.004125,0.00486753226285724
-0.004,0.00486753226285724
-0.003875,0.00486753226285724
-0.00375,0.00453358844099863
-0.003625,0.00486753226285724
-0.0035,0.00486753226285724
-0.003375,0.00486753226285724
-0.00325,0.00486753226285724
-0.003125,0.00453358844099863
-0.003,0.00453358844099863
-0.002875,0.00453358844099863
-0.00275,0.00486753226285724
-0.002625,0.00486753226285724
-0.0025,0.00453358844099863
-0.002375,0.00486753226285724
-0.00225,0.00453358844099863
-0.002125,0.00453358844099863
-0.002,0.00453358844099863
-0.001875,0.00486753226285724
-0.00175,0.00486753226285724
-0.001625,0.00453358844099863
-0.0015,0.00486753226285724
-0.001375,0.00486753226285724
-0.00125,0.00486753226285724
-0.001125,0.005201476084715852
-0.001,0.00486753226285724
-0.000875,0.00486753226285724
-0.00075,0.00486753226285724
-0.000625,0.00486753226285724
-0.0005,0.00453358844099863
-0.000375,0.00486753226285724
-0.00025,0.00486753226285724
-0.000125,0.00453358844099863
0,0.00486753226285724
0.000125,0.00486753226285724
0.00025,0.00486753226285724
0.000375,0.00486753226285724
0.0005,0.00486753226285724
0.000625,0.00486753226285724
0.00075,0.00486753226285724
0.000875,0.00486753226285724
0.001,0.00486753226285724
0.001125,0.00486753226285724
0.00125,0.00486753226285724
0.001375,0.00486753226285724
0.0015,0.00486753226285724
0.001625,0.00486753226285724
0.00175,0.00486753226285724
0.001875,0.00486753226285724
0.002,0.00486753226285724
0.002125,0.00486753226285724
0.00225,0.00486753226285724
0.002375,0.005201476084715852
0.0025,0.00486753226285724
0.002625,0.00486753226285724
0.00275,0.00486753226285724
0.002875,0.00486753226285724
0.003,0.00486753226285724
0.003125,0.005201476084715852
0.00325,0.00486753226285724
0.003375,0.00486753226285724
0.0035,0.00486753226285724
0.003625,0.00486753226285724
0.00375,0.005201476084715852
0.003875,0.005201476084715852
0.004,0.00486753226285724
0.004125,0.00486753226285724
0.00425,0.00486753226285724
0.004375,0.00486753226285724
0.0045,0.005201476084715852
0.004625,0.00486753226285724
0.00475,0.00453358844099863
0.004875,0.00486753226285724
0.005,0.00486753226285724
0.005125,0.005201476084715852
0.00525,0.005201476084715852
0.005375,0.00486753226285724
0.0055,0.00453358844099863
0.005625,0.00486753226285724
0.00575,0.00486753226285724
0.005875,0.00486753226285724
0.006,0.00486753226285724
0.006125,0.00453358844099863
0.00625,0.00486753226285724
0.006375,0.00486753226285724
0.0065,0.00486753226285724
0.006625,0.00486753226285724
0.00675,0.00486753226285724
0.006875,0.00486753226285724
0.007,0.00486753226285724
0.007125,0.00486753226285724
0.00725,0.00486753226285724
0.007375,0.00486753226285724
0.0075,0.00486753226285724
0.007625,0.00486753226285724
0.00775,0.00486753226285724
0.007875,0.00486753226285724
0.008,0.00486753226285724
0.008125,0.00486753226285724
0.00825,0.00486753226285724
0.008375,0.00486753226285724
0.008500000000000001,0.005201476084715852
0.008625000000000001,0.00486753226285724
0.008750000000000001,0.00486753226285724
0.008874999999999999,0.00486753226285724
0.008999999999999999,0.005201476084715852
0.009124999999999999,0.00486753226285724
0.00925,0.00486753226285724
0.009375,0.00486753226285724
0.0095,0.00486753226285724
0.009625,0.00486753226285724
0.00975,0.005201476084715852
0.009875,0.00486753226285724
0.01,0.00453358844099863
0.010125,0.00453358844099863
0.01025,0.00486753226285724
0.010375,0.00486753226285724
0.0105,0.00486753226285724
0.010625,0.00486753226285724
0.01075,0.00486753226285724
0.010875,0.00486753226285724
0.011,0.00486753226285724
0.011125,0.005201476084715852
0.01125,0.00486753226285724
0.011375,0.005201476084715852
0.0115,0.00486753226285724
0.011625,0.00486753226285724
0.01175,0.00486753226285724
0.011875,0.005201476084715852
0.012,0.005201476084715852
0.012125,0.005201476084715852
0.01225,0.00486753226285724
0.012375,0.00486753226285724
0.0125,0.005201476084715852
0.012625,0.00453358844099863
0.01275,0.00486753226285724
0.012875,0.00486753226285724
0.013,0.00486753226285724
0.013125,0.00486753226285724
0.01325,0.00486753226285724
0.013375,0.00486753226285724
0.0135,0.00486753226285724
0.013625,0.00486753226285724
0.01375,0.00486753226285724
0.013875,0.00453358844099863
0.014,0.00453358844099863
0.014125,0.00453358844099863
0.01425,0.00486753226285724
0.014375,0.00453358844099863
0.0145,0.00486753226285724
0.014625,0.00486753226285724
0.01475,0.00486753226285724
0.014875,0.00486753226285724
0.015,0.00453358844099863
0.015125,0.00453358844099863
0.01525,0.00453358844099863
0.015375,0.00486753226285724
0.0155,0.00486753226285724
0.015625,0.00453358844099863
0.01575,0.00453358844099863
0.015875,0.00453358844099863
0.016,0.00453358844099863
0.016125,0.00453358844099863
0.01625,0.00486753226285724
0.016375,0.00453358844099863
0.0165,0.00453358844099863
0.016625,0.00486753226285724
0.01675,0.00453358844099863
0.016875,0.00486753226285724
0.017,0.00486753226285724
0.017125,0.00486753226285724
0.01725,0.00453358844099863
0.017375,0.00453358844099863
0.0175,0.00453358844099863
0.017625,0.00486753226285724
0.01775,0.00453358844099863
0.017875,0.00486753226285724
0.018,0.00486753226285724
0.018125,0.00453358844099863
0.01825,0.00486753226285724
0.018375,0.00453358844099863
0.0185,0.00486753226285724
0.018625,0.00453358844099863
0.01875,0.00453358844099863
0.018875,0.00453358844099863
0.019,0.00453358844099863
0.019125,0.00486753226285724
0.01925,0.00486753226285724
0.019375,0.00453358844099863
0.0195,0.00453358844099863
0.019625,0.00453358844099863
0.01975,0.00486753226285724
0.019875,0.00486753226285724
0.02,0.00453358844099863
0.020125,0.00453358844099863
0.02025,0.00486753226285724
0.020375,0.00486753226285724
0.0205,0.00453358844099863
0.020625,0.00486753226285724
0.02075,0.00486753226285724
0.020875,0.00486753226285724
0.021,0.00486753226285724
0.021125,0.00486753226285724
0.02125,0.00486753226285724
0.021375,0.00486753226285724
0.0215,0.00453358844099863
0.021625,0.00453358844099863
0.02175,0.00486753226285724
0.021875,0.00453358844099863
0.022,0.00486753226285724
0.022125,0.00453358844099863
0.02225,0.00453358844099863
0.022375,0.00486753226285724
0.0225,0.00486753226285724
0.022625,0.00486753226285724
0.02275,0.00486753226285724
0.022875,0.005201476084715852
0.023,0.00486753226285724
0.023125,0.00486753226285724
0.02325,0.00486753226285724
0.023375,0.00486753226285724
0.0235,0.00486753226285724
0.023625,0.00486753226285724
0.02375,0.00486753226285724
0.023875,0.00486753226285724
0.024,0.00486753226285724
0.024125,0.00486753226285724
0.02425,0.005201476084715852
0.024375,0.005201476084715852
0.0245,0.005201476084715852
0.024625,0.005201476084715852
0.02475,0.005535419906574463
0.024875,0.00486753226285724
0.025,0.005201476084715852
0.025125,0.005201476084715852
0.02525,0.005201476084715852
0.025375,0.00486753226285724
0.0255,0.00453358844099863
0.025625,0.00486753226285724
0.02575,0.00486753226285724
0.025875,0.005201476084715852
0.026,0.00486753226285724
0.026125,0.00486753226285724
0.02625,0.00486753226285724
0.026375,0.00486753226285724
0.0265,0.00486753226285724
0.026625,0.005201476084715852
0.02675,0.00486753226285724
0.026875,0.00486753226285724
0.027,0.005201476084715852
0.027125,0.00486753226285724
0.02725,0.005201476084715852
0.027375,0.005201476084715852
0.0275,0.00486753226285724
0.027625,0.00453358844099863
0.02775,0.005201476084715852
0.027875,0.00486753226285724
0.028,0.00486753226285724
0.028125,0.00486753226285724
0.02825,0.00486753226285724
0.028375,0.00486753226285724
0.0285,0.00486753226285724
0.028625,0.00486753226285724
0.02875,0.00486753226285724
0.028875,0.00486753226285724
0.029,0.005201476084715852
0.029125,0.00486753226285724
0.02925,0.00453358844099863
0.029375,0.00486753226285724
0.0295,0.00486753226285724
0.029625,0.00486753226285724
0.02975,0.00453358844099863
0.029875,0.00486753226285724
0.03,0.005201476084715852
0.030125,0.005201476084715852
0.03025,0.00486753226285724
0.030375,0.00486753226285724
0.0305,0.005201476084715852
0.030625,0.00486753226285724
0.03075,0.00453358844099863
0.030875,0.00453358844099863
0.031,0.00486753226285724
0.031125,0.00486753226285724
0.03125,0.00486753226285724
0.031375,0.00486753226285724
0.0315,0.00486753226285724
0.031625,0.00486753226285724
0.03175,0.00486753226285724
0.031875,0.00486753226285724
0.032,0.00453358844099863
0.032125,0.00486753226285724
0.03225,0.00486753226285724
0.032375,0.00486753226285724
0.0325,0.00453358844099863
0.032625,0.00453358844099863
0.03275,0.00486753226285724
0.032875,0.00486753226285724
0.033,0.00486753226285724
0.033125,0.00486753226285724
0.03325,0.00486753226285724
0.033375,0.00453358844099863
0.0335,0.00486753226285724
0.033625,0.00453358844099863
0.03375,0.00453358844099863
0.033875,0.00486753226285724
0.034,0.00486753226285724
0.034125,0.00453358844099863
0.03425,0.00453358844099863
0.034375,0.00453358844099863
0.0345,0.00453358844099863
0.034625,0.00453358844099863
0.03475,0.00453358844099863
0.034875,0.00453358844099863
0.035,0.005201476084715852
0.035125,0.00486753226285724
0.03525,0.00453358844099863
0.035375,0.00453358844099863
0.0355,0.00453358844099863
0.035625,0.00486753226285724
0.03575,0.00453358844099863
0.035875,0.00453358844099863
0.036,0.00453358844099863
0.036125,0.00486753226285724
0.03625,0.00486753226285724
0.036375,0.00486753226285724
0.0365,0.00486753226285724
0.036625,0.00486753226285724
0.03675,0.005201476084715852
0.036875,0.00486753226285724
0.037,0.00486753226285724
0.037125,0.00486753226285724
0.03725,0.00486753226285724
0.037375,0.00453358844099863
0.0375,0.00453358844099863
0.037625,0.00486753226285724
0.03775,0.00453358844099863
0.037875,0.00453358844099863
0.038,0.00453358844099863
0.038125,0.00453358844099863
0.03825,0.00486753226285724
0.038375,0.00486753226285724
0.0385,0.00453358844099863
0.038625,0.00453358844099863
0.03875,0.00453358844099863
0.038875,0.00453358844099863
0.039,0.00453358844099863
0.039125,0.00486753226285724
0.03925,0.00486753226285724
0.039375,0.00453358844099863
0.0395,0.00486753226285724
0.039625,0.00486753226285724
0.03975,0.00453358844099863
0.039875,0.00486753226285724
0.04,0.00486753226285724
0.040125,0.00486753226285724
0.04025,0.00453358844099863
0.040375,0.00453358844099863
0.0405,0.00453358844099863
0.040625,0.00486753226285724
0.04075,0.00486753226285724
0.040875,0.00486753226285724
0.041,0.00453358844099863
0.041125,0.00486753226285724
0.04125,0.00486753226285724
0.041375,0.00486753226285724
0.0415,0.00486753226285724
0.041625,0.00453358844099863
0.04175,0.00486753226285724
0.041875,0.00453358844099863
0.042,0.00453358844099863
0.042125,0.00453358844099863
0.04225,0.00486753226285724
0.042375,0.00486753226285724
0.0425,0.00486753226285724
0.042625,0.00453358844099863
0.04275,0.00486753226285724
0.042875,0.00486753226285724
0.043,0.005201476084715852
0.043125,0.005201476084715852
0.04325,0.005201476084715852
0.043375,0.00486753226285724
0.0435,0.00486753226285724
0.043625,0.00486753226285724
0.04375,0.00486753226285724
0.043875,0.005201476084715852
0.044,0.00486753226285724
0.044125,0.00486753226285724
0.04425,0.005201476084715852
0.044375,0.005201476084715852
0.0445,0.00486753226285724
0.044625,0.00486753226285724
0.04475,0.00486753226285724
0.044875,0.00486753226285724
0.045,0.00486753226285724
0.045125,0.005201476084715852
0.04525,0.00486753226285724
0.045375,0.00486753226285724
0.0455,0.00486753226285724
0.045625,0.00486753226285724
0.04575,0.00486753226285724
0.045875,0.00486753226285724
0.046,0.00486753226285724
0.046125,0.00486753226285724
0.04625,0.005201476084715852
0.046375,0.005201476084715852
0.0465,0.00486753226285724
0.046625,0.00486753226285724
0.04675,0.00453358844099863
0.046875,0.00486753226285724
0.047,0.005201476084715852
0.047125,0.00486753226285724
0.04725,0.00486753226285724
0.047375,0.00486753226285724
0.0475,0.005201476084715852
0.047625,0.00486753226285724
0.04775,0.005201476084715852
0.047875,0.00486753226285724
0.048,0.00486753226285724
0.048125,0.00486753226285724
0.04825,0.00486753226285724
0.048375,0.00486753226285724
0.0485,0.00486753226285724
0.048625,0.00486753226285724
0.04875,0.00486753226285724
0.048875,0.00486753226285724
0.049,0.005201476084715852
0.049125,0.00486753226285724
0.04925,0.00486753226285724
0.049375,0.00486753226285724
0.0495,0.00486753226285724
0.049625,0.00486753226285724
0.04975,0.005201476084715852
0.049875,0.00486753226285724
0.05,0.005201476084715852
0.050125,0.005201476084715852
0.05025,0.00486753226285724
0.050375,0.00486753226285724
0.0505,0.005201476084715852
0.050625,0.005201476084715852
0.05075,0.005201476084715852
0.050875,0.005535419906574463
0.051,0.005201476084715852
0.051125,0.005201476084715852
0.05125,0.005201476084715852
0.051375,0.00486753226285724
0.0515,0.00486753226285724
0.051625,0.00486753226285724
0.05175,0.00486753226285724
0.051875,0.00486753226285724
0.052,0.00453358844099863
0.052125,0.00486753226285724
0.05225,0.00486753226285724
0.052375,0.00486753226285724
0.0525,0.00486753226285724
0.052625,0.00486753226285724
0.05275,0.00486753226285724
0.052875,0.00453358844099863
0.053,0.00453358844099863
0.053125,0.00486753226285724
0.05325,0.00453358844099863
0.053375,0.00453358844099863
0.0535,0.00453358844099863
0.053625,0.00453358844099863
0.05375,0.00486753226285724
0.053875,0.00453358844099863
0.054,0.00453358844099863
0.054125,0.00486753226285724
0.05425,0.00453358844099863
0.054375,0.00486753226285724
0.0545,0.00486753226285724
0.054625,0.00486753226285724
0.05475,0.00453358844099863
0.054875,0.00453358844099863
0.055,0.00486753226285724
0.055125,0.00453358844099863
0.05525,0.00453358844099863
0.055375,0.00453358844099863
0.0555,0.00486753226285724
0.055625,0.00453358844099863
0.05575,0.00453358844099863
0.055875,0.00453358844099863
0.056,0.00453358844099863
0.056125,0.00486753226285724
0.05625,0.00486753226285724
0.056375,0.00486753226285724
0.0565,0.00486753226285724
0.056625,0.00486753226285724
0.05675,0.00453358844099863
0.056875,0.00486753226285724
0.057,0.00453358844099863
0.057125,0.00453358844099863
0.05725,0.00453358844099863
0.057375,0.00453358844099863
0.0575,0.00453358844099863
0.057625,0.00453358844099863
0.05775,0.00453358844099863
0.057875,0.00453358844099863
0.058,0.00486753226285724
0.058125,0.00453358844099863
0.05825,0.00453358844099863
0.058375,0.00453358844099863
0.0585,0.00453358844099863
0.058625,0.00453358844099863
0.05875,0.00453358844099863
0.058875,0.00453358844099863
0.059,0.00453358844099863
0.059125,0.00486753226285724
0.05925,0.00486753226285724
0.059375,0.00453358844099863
0.0595,0.00486753226285724
0.059625,0.00453358844099863
0.05975,0.00453358844099863
0.059875,0.00453358844099863
0.06,0.00453358844099863
0.060125,0.00486753226285724
0.06025,0.00453358844099863
0.060375,0.00453358844099863
0.0605,0.00486753226285724
0.060625,0.00486753226285724
0.06075,0.00453358844099863
0.060875,0.00453358844099863
0.061,0.00453358844099863
0.061125,0.00453358844099863
0.06125,0.00486753226285724
0.061375,0.00486753226285724
0.0615,0.00453358844099863
0.061625,0.00453358844099863
0.06175,0.00486753226285724
0.061875,0.00486753226285724
0.062,0.00486753226285724
0.062125,0.00486753226285724
0.06225,0.00486753226285724
0.062375,0.00486753226285724
0.0625,0.00486753226285724
0.062625,0.00453358844099863
0.06275,0.005201476084715852
0.062875,0.00486753226285724
0.063,0.00486753226285724
0.063125,0.00486753226285724
0.06325,0.005201476084715852
0.063375,0.00486753226285724
0.0635,0.00486753226285724
0.063625,0.005201476084715852
0.06375,0.005201476084715852
0.063875,0.00486753226285724
0.064,0.00453358844099863
0.064125,0.00486753226285724
0.06425,0.00486753226285724
0.064375,0.005201476084715852
0.0645,0.00486753226285724
0.064625,0.00486753226285724
0.06475,0.005201476084715852
0.064875,0.00486753226285724
0.065,0.00486753226285724
0.065125,0.00486753226285724
0.06525,0.00453358844099863
0.065375,0.00486753226285724
0.0655,0.00486753226285724
0.065625,0.005201476084715852
0.06575,0.005201476084715852
0.065875,0.005201476084715852
0.066,0.00486753226285724
0.066125,0.005201476084715852
0.06625,0.00486753226285724
0.066375,0.00453358844099863
0.0665,0.00486753226285724
0.066625,0.005201476084715852
0.06675,0.00486753226285724
0.066875,0.00486753226285724
0.067,0.005201476084715852
0.067125,0.00486753226285724
0.06725,0.00486753226285724
0.067375,0.00486753226285724
0.0675,0.00486753226285724
0.067625,0.00453358844099863
0.06775,0.00486753226285724
0.067875,0.00486753226285724
0.068,0.00486753226285724
0.068125,0.00486753226285724
0.06825000000000001,0.00486753226285724
0.06837500000000001,0.00486753226285724
0.06850000000000001,0.00486753226285724
0.06862500000000001,0.00486753226285724
0.06875000000000001,0.005201476084715852
0.06887500000000001,0.00486753226285724
0.06900000000000001,0.00453358844099863
0.06912500000000001,0.00453358844099863
0.06925000000000001,0.005201476084715852
0.06937500000000001,0.00453358844099863
0.06950000000000001,0.00486753226285724
0.06962500000000001,0.00486753226285724
0.06975000000000001,0.00486753226285724
0.06987500000000001,0.00486753226285724
0.07000000000000001,0.00486753226285724
0.07012500000000001,0.00453358844099863
0.07025000000000001,0.00486753226285724
0.07037499999999999,0.00453358844099863
0.07049999999999999,0.00486753226285724
0.07062499999999999,0.00486753226285724
0.07074999999999999,0.00486753226285724
0.07087499999999999,0.00486753226285724
0.07099999999999999,0.00486753226285724
0.07112499999999999,0.00486753226285724
0.07124999999999999,0.00486753226285724
0.07137499999999999,0.005201476084715852
0.07149999999999999,0.00486753226285724
0.07162499999999999,0.00486753226285724
0.07174999999999999,0.00486753226285724
0.07187499999999999,0.00486753226285724
0.07199999999999999,0.00453358844099863
0.07212499999999999,0.00486753226285724
0.07224999999999999,0.00486753226285724
0.07237499999999999,0.00453358844099863
0.0725,0.00453358844099863
0.072625,0.00453358844099863
0.07275,0.00486753226285724
0.072875,0.00486753226285724
0.073,0.00486753226285724
0.073125,0.00486753226285724
0.07325,0.00453358844099863
0.073375,0.00486753226285724
0.0735,0.00453358844099863
0.073625,0.00486753226285724
0.07375,0.00486753226285724
0.073875,0.00453358844099863
0.074,0.00486753226285724
0.074125,0.00453358844099863
0.07425,0.00453358844099863
0.074375,0.00453358844099863
0.0745,0.00453358844099863
0.074625,0.00453358844099863
0.07475,0.005201476084715852
0.074875,0.00486753226285724
0.075,0.00486753226285724
0.075125,0.00486753226285724
0.07525,0.00486753226285724
0.075375,0.00486753226285724
0.0755,0.00486753226285724
0.075625,0.005201476084715852
0.07575,0.00486753226285724
0.075875,0.00486753226285724
0.076,0.00453358844099863
0.076125,0.00486753226285724
0.07625,0.00486753226285724
0.076375,0.00453358844099863
0.0765,0.00486753226285724
0.076625,0.00486753226285724
0.07675,0.00486753226285724
0.076875,0.00486753226285724
0.077,0.00486753226285724
0.077125,0.00453358844099863
0.07725,0.00453358844099863
0.077375,0.00453358844099863
0.0775,0.00453358844099863
0.077625,0.00453358844099863
0.07775,0.00453358844099863
0.077875,0.00486753226285724
0.078,0.00453358844099863
0.078125,0.00453358844099863
0.07825,0.00453358844099863
0.078375,0.00486753226285724
0.0785,0.00486753226285724
0.078625,0.00453358844099863
0.07875,0.004199644619140019
0.078875,0.00486753226285724
0.079,0.00486753226285724
0.079125,0.00486753226285724
0.07925,0.00486753226285724
0.079375,0.00486753226285724
0.0795,0.00453358844099863
0.079625,0.00453358844099863
0.07975,0.00486753226285724
0.079875,0.00453358844099863
0.08,0.00453358844099863
0.080125,0.00486753226285724
0.08025,0.00486753226285724
0.080375,0.00453358844099863
0.0805,0.00453358844099863
0.080625,0.00453358844099863
0.08075,0.00453358844099863
0.080875,0.00486753226285724
0.081,0.00486753226285724
0.081125,0.00486753226285724
0.08125,0.00486753226285724
0.081375,0.00486753226285724
0.0815,0.00453358844099863
0.081625,0.00453358844099863
0.08175,0.00486753226285724
0.081875,0.00486753226285724
0.082,0.00486753226285724
0.082125,0.00486753226285724
0.08225,0.00486753226285724
0.082375,0.00486753226285724
0.0825,0.00486753226285724
0.082625,0.00486753226285724
0.08275,0.00486753226285724
0.082875,0.00486753226285724
0.083,0.005201476084715852
0.083125,0.00486753226285724
0.08325,0.005201476084715852
0.083375,0.00486753226285724
0.0835,0.00486753226285724
0.083625,0.00486753226285724
0.08375,0.00486753226285724
0.08387500000000001,0.00486753226285724
0.08400000000000001,0.00486753226285724
0.08412500000000001,0.00486753226285724
0.08425000000000001,0.005201476084715852
0.08437500000000001,0.00486753226285724
0.08450000000000001,0.00486753226285724
0.08462500000000001,0.00486753226285724
0.08475000000000001,0.00486753226285724
0.08487500000000001,0.00453358844099863
0.08500000000000001,0.00486753226285724
0.08512500000000001,0.00453358844099863
0.08525000000000001,0.00486753226285724
0.08537500000000001,0.00486753226285724
0.08550000000000001,0.00486753226285724
0.08562500000000001,0.00486753226285724
0.08575000000000001,0.00486753226285724
0.08587500000000001,0.00486753226285724
0.08599999999999999,0.00486753226285724
0.08612499999999999,0.00486753226285724
0.08624999999999999,0.00486753226285724
0.08637499999999999,0.00486753226285724
0.08649999999999999,0.00486753226285724
0.08662499999999999,0.00486753226285724
0.08674999999999999,0.00486753226285724
0.08687499999999999,0.005201476084715852
0.08699999999999999,0.005201476084715852
0.08712499999999999,0.00486753226285724
0.08724999999999999,0.00486753226285724
0.08737499999999999,0.00486753226285724
0.08749999999999999,0.005201476084715852
0.08762499999999999,0.005201476084715852
0.08774999999999999,0.005201476084715852
0.08787499999999999,0.005201476084715852
0.08799999999999999,0.005201476084715852
0.088125,0.00486753226285724
0.08825,0.00486753226285724
0.088375,0.00486753226285724
0.0885,0.00486753226285724
0.088625,0.005201476084715852
0.08875,0.005201476084715852
0.088875,0.00486753226285724
0.089,0.00486753226285724
0.089125,0.00486753226285724
0.08925,0.00486753226285724
0.089375,0.00486753226285724
0.0895,0.00486753226285724
0.089625,0.00486753226285724
0.08975,0.00486753226285724
0.089875,0.00453358844099863
0.09,0.00486753226285724
0.090125,0.00486753226285724
0.09025,0.00486753226285724
0.090375,0.005201476084715852
0.0905,0.005201476084715852
0.090625,0.005201476084715852
0.09075,0.005201476084715852
0.090875,0.005201476084715852
0.091,0.005201476084715852
0.091125,0.005201476084715852
0.09125,0.00486753226285724
0.091375,0.00486753226285724
0.0915,0.00486753226285724
0.091625,0.00486753226285724
0.09175,0.00486753226285724
0.091875,0.00453358844099863
0.092,0.00486753226285724
0.092125,0.00486753226285724
0.09225,0.00486753226285724
0.092375,0.00453358844099863
0.0925,0.00453358844099863
0.092625,0.00486753226285724
0.09275,0.00453358844099863
0.092875,0.00486753226285724
0.093,0.00453358844099863
0.093125,0.00486753226285724
0.09325,0.00453358844099863
0.093375,0.00486753226285724
0.0935,0.00486753226285724
0.093625,0.005201476084715852
0.09375,0.00486753226285724
0.093875,0.00486753226285724
0.094,0.00486753226285724
0.094125,0.00486753226285724
0.09425,0.00486753226285724
0.094375,0.00453358844099863
0.0945,0.00486753226285724
0.094625,0.00486753226285724
0.09475,0.00486753226285724
0.094875,0.00453358844099863
0.095,0.00486753226285724
0.095125,0.00486753226285724
0.09525,0.00486753226285724
0.095375,0.00453358844099863
0.0955,0.00486753226285724
0.095625,0.00486753226285724
0.09575,0.00486753226285724
0.095875,0.00486753226285724
0.096,0.00453358844099863
0.096125,0.004199644619140019
0.09625,0.00453358844099863
0.096375,0.00486753226285724
0.0965,0.00486753226285724
0.096625,0.00486753226285724
0.09675,0.00486753226285724
0.096875,0.00486753226285724
0.097,0.00486753226285724
0.097125,0.00453358844099863
0.09725,0.00486753226285724
0.097375,0.00486753226285724
0.0975,0.00486753226285724
0.097625,0.00486753226285724
0.09775,0.00486753226285724
0.097875,0.00453358844099863
0.098,0.00453358844099863
0.098125,0.00453358844099863
0.09825,0.00453358844099863
0.098375,0.00486753226285724
0.0985,0.00486753226285724
0.098625,0.00486753226285724
0.09875,0.00486753226285724
0.098875,0.005201476084715852
0.099,0.00486753226285724
0.099125,0.00453358844099863
0.09925,0.00486753226285724
0.099375,0.00486753226285724
0.09950000000000001,0.00486753226285724
0.09962500000000001,0.00486753226285724
0.09975000000000001,0.00486753226285724
0.09987500000000001,0.005201476084715852
0.1,0.00486753226285724
0.100125,0.00453358844099863
0.10025,0.00453358844099863
0.100375,0.00453358844099863
0.1005,0.00486753226285724
0.100625,0.00486753226285724
0.10075,0.00486753226285724
0.100875,0.00453358844099863
0.101,0.00486753226285724
0.101125,0.00453358844099863
0.10125,0.00486753226285724
0.101375,0.00486753226285724
0.1015,0.00486753226285724
0.101625,0.00486753226285724
0.10175,0.00486753226285724
0.101875,0.00486753226285724
0.102,0.00486753226285724
0.102125,0.00486753226285724
0.10225,0.00486753226285724
0.102375,0.00486753226285724
0.1025,0.005201476084715852
0.102625,0.005201476084715852
0.10275,0.005201476084715852
0.102875,0.00486753226285724
0.103,0.00486753226285724
0.103125,0.005201476084715852
0.10325,0.00486753226285724
0.103375,0.005201476084715852
0.1035,0.00486753226285724
0.103625,0.00486753226285724
0.10375,0.00486753226285724
0.103875,0.00486753226285724
0.104,0.00486753226285724
0.104125,0.00486753226285724
0.10425,0.00486753226285724
0.104375,0.00453358844099863
0.1045,0.00486753226285724
0.104625,0.00486753226285724
0.10475,0.00486753226285724
0.104875,0.005201476084715852
0.105,0.00486753226285724
0.105125,0.00486753226285724
0.10525,0.00486753226285724
0.105375,0.00486753226285724
0.1055,0.00486753226285724
0.105625,0.00486753226285724
0.10575,0.00486753226285724
0.105875,0.00453358844099863
0.106,0.00486753226285724
0.106125,0.00453358844099863
0.10625,0.00486753226285724
0.106375,0.00486753226285724
0.1065,0.00486753226285724
0.106625,0.00486753226285724
0.10675,0.00486753226285724
0.106875,0.005201476084715852
0.107,0.00486753226285724
0.107125,0.00486753226285724
0.10725,0.00486753226285724
0.107375,0.00486753226285724
0.1075,0.005201476084715852
0.107625,0.00486753226285724
0.10775,0.005201476084715852
0.107875,0.00486753226285724
0.108,0.00486753226285724
0.108125,0.00486753226285724
0.10825,0.005201476084715852
0.108375,0.00486753226285724
0.1085,0.005201476084715852
0.108625,0.00486753226285724
0.10875,0.00486753226285724
0.108875,0.00486753226285724
0.109,0.00486753226285724
0.109125,0.00486753226285724
0.10925,0.00486753226285724
0.109375,0.005201476084715852
0.1095,0.00486753226285724
0.109625,0.00486753226285724
0.10975,0.00486753226285724
0.109875,0.00486753226285724
0.11,0.00486753226285724
0.110125,0.00453358844099863
0.11025,0.00486753226285724
0.110375,0.00486753226285724
0.1105,0.00486753226285724
0.110625,0.00486753226285724
0.11075,0.00486753226285724
0.110875,0.00486753226285724
0.111,0.00486753226285724
0.111125,0.00486753226285724
0.11125,0.00486753226285724
0.111375,0.00486753226285724
0.1115,0.00486753226285724
0.111625,0.00486753226285724
0.11175,0.00486753226285724
0.111875,0.00486753226285724
0.112,0.00486753226285724
0.112125,0.00486753226285724
0.11225,0.005201476084715852
0.112375,0.005201476084715852
0.1125,0.005201476084715852
0.112625,0.005201476084715852
0.11275,0.005201476084715852
0.112875,0.00486753226285724
0.113,0.00453358844099863
0.113125,0.00453358844099863
0.11325,0.00486753226285724
0.113375,0.00453358844099863
0.1135,0.00453358844099863
0.113625,0.00486753226285724
0.11375,0.00453358844099863
0.113875,0.00453358844099863
0.114,0.00453358844099863
0.114125,0.00453358844099863
0.11425,0.00486753226285724
0.114375,0.00453358844099863
0.1145,0.00453358844099863
0.114625,0.00453358844099863
0.11475,0.00486753226285724
0.114875,0.00486753226285724
0.115,0.00486753226285724
0.115125,0.00486753226285724
0.11525,0.005201476084715852
0.115375,0.005201476084715852
0.1155,0.00486753226285724
0.115625,0.00453358844099863
0.11575,0.00453358844099863
0.115875,0.00453358844099863
0.116,0.00486753226285724
0.116125,0.00486753226285724
0.11625,0.00486753226285724
0.116375,0.00486753226285724
0.1165,0.00486753226285724
0.116625,0.00453358844099863
0.11675,0.00453358844099863
0.116875,0.00453358844099863
0.117,0.00453358844099863
0.117125,0.00486753226285724
0.11725,0.00486753226285724
0.117375,0.00486753226285724
0.1175,0.00486753226285724
0.117625,0.00486753226285724
0.11775,0.00453358844099863
0.117875,0.00486753226285724
0.118,0.00453358844099863
0.118125,0.00486753226285724
0.11825,0.00486753226285724
0.118375,0.00453358844099863
0.1185,0.00486753226285724
0.118625,0.00486753226285724
0.11875,0.00486753226285724
0.118875,0.00486753226285724
0.119,0.00486753226285724
0.119125,0.00453358844099863
0.11925,0.00453358844099863
0.119375,0.00453358844099863
0.1195,0.00453358844099863
0.119625,0.00486753226285724
0.11975,0.00486753226285724
0.119875,0.00453358844099863
0.12,0.00486753226285724
0.120125,0.00486753226285724
0.12025,0.00453358844099863
0.120375,0.00486753226285724
0.1205,0.00486753226285724
0.120625,0.00486753226285724
0.12075,0.00453358844099863
0.120875,0.00486753226285724
0.121,0.00453358844099863
0.121125,0.00486753226285724
0.12125,0.00486753226285724
0.121375,0.00453358844099863
0.1215,0.00453358844099863
0.121625,0.00453358844099863
0.12175,0.00486753226285724
0.121875,0.00453358844099863
0.122,0.00486753226285724
0.122125,0.00453358844099863
0.12225,0.00486753226285724
0.122375,0.005201476084715852
0.1225,0.00486753226285724
0.122625,0.00486753226285724
0.12275,0.00486753226285724
0.122875,0.00486753226285724
0.123,0.00486753226285724
0.123125,0.00486753226285724
0.12325,0.00486753226285724
0.123375,0.005201476084715852
0.1235,0.00486753226285724
0.123625,0.00486753226285724
0.12375,0.00486753226285724
0.123875,0.00486753226285724
0.124,0.00486753226285724
0.124125,0.00486753226285724
0.12425,0.005201476084715852
0.124375,0.00486753226285724
0.1245,0.00486753226285724
0.124625,0.00486753226285724
0.12475,0.00486753226285724
0.124875,0.00486753226285724
0.125,0.00486753226285724
0.125125,0.005201476084715852
0.12525,0.00486753226285724
0.125375,0.00486753226285724
0.1255,0.00486753226285724
0.125625,0.00486753226285724
0.12575,0.005201476084715852
0.125875,0.005201476084715852
0.126,0.005201476084715852
0.126125,0.005201476084715852
0.12625,0.00486753226285724
0.126375,0.005201476084715852
0.1265,0.005201476084715852
0.126625,0.005201476084715852
0.12675,0.00486753226285724
0.126875,0.00486753226285724
0.127,0.00486753226285724
0.127125,0.005201476084715852
0.12725,0.00486753226285724
0.127375,0.00486753226285724
0.1275,0.005201476084715852
0.127625,0.00486753226285724
0.12775,0.00486753226285724
0.127875,0.00486753226285724
0.128,0.00486753226285724
0.128125,0.00486753226285724
0.12825,0.00486753226285724
0.128375,0.00486753226285724
0.1285,0.00486753226285724
0.128625,0.005201476084715852
0.12875,0.00486753226285724
0.128875,0.005201476084715852
0.129,0.00486753226285724
0.129125,0.00486753226285724
0.12925,0.00486753226285724
0.129375,0.00486753226285724
0.1295,0.00486753226285724
0.129625,0.00486753226285724
0.12975,0.00486753226285724
0.129875,0.005201476084715852
0.13,0.00486753226285724
0.130125,0.005201476084715852
0.13025,0.00486753226285724
0.130375,0.005201476084715852
0.1305,0.005201476084715852
0.130625,0.005201476084715852
0.13075,0.00486753226285724
0.130875,0.00486753226285724
0.131,0.00486753226285724
0.131125,0.005201476084715852
0.13125,0.005201476084715852
0.131375,0.00486753226285724
0.1315,0.00486753226285724
0.131625,0.00486753226285724
0.13175,0.00486753226285724
0.131875,0.00486753226285724
0.132,0.00486753226285724
0.132125,0.00486753226285724
0.13225,0.00486753226285724
0.132375,0.00486753226285724
0.1325,0.00486753226285724
0.132625,0.00486753226285724
0.13275,0.00453358844099863
0.132875,0.00486753226285724
0.133,0.00453358844099863
0.133125,0.00453358844099863
0.13325,0.00453358844099863
0.133375,0.00453358844099863
0.1335,0.00486753226285724
0.133625,0.00453358844099863
0.13375,0.00453358844099863
0.133875,0.00486753226285724
0.134,0.00486753226285724
0.134125,0.00453358844099863
0.13425,0.00453358844099863
0.134375,0.00453358844099863
0.1345,0.00486753226285724
0.134625,0.00453358844099863
0.13475,0.00486753226285724
0.134875,0.00453358844099863
0.135,0.00486753226285724
0.135125,0.00453358844099863
0.13525,0.00453358844099863
0.135375,0.00486753226285724
0.1355,0.00453358844099863
0.135625,0.00453358844099863
0.13575,0.00486753226285724
0.135875,0.00453358844099863
0.136,0.00486753226285724
0.136125,0.00486753226285724
0.13625,0.00453358844099863
0.136375,0.00453358844099863
0.1365,0.00453358844099863
0.136625,0.00453358844099863
0.13675,0.00453358844099863
0.136875,0.00486753226285724
0.137,0.00486753226285724
0.137125,0.00453358844099863
0.13725,0.00453358844099863
0.137375,0.00453358844099863
0.1375,0.00453358844099863
0.137625,0.00453358844099863
0.13775,0.00453358844099863
0.137875,0.00486753226285724
0.138,0.00486753226285724
0.138125,0.00486753226285724
0.13825,0.00486753226285724
0.138375,0.00486753226285724
0.1385,0.005201476084715852
0.138625,0.005201476084715852
0.13875,0.005201476084715852
0.138875,0.005201476084715852
0.139,0.005201476084715852
0.139125,0.00486753226285724
0.13925,0.00486753226285724
0.139375,0.00486753226285724
0.1395,0.00486753226285724
0.139625,0.00453358844099863
0.13975,0.00453358844099863
0.139875,0.00453358844099863
0.14,0.00453358844099863
0.140125,0.00486753226285724
0.14025,0.00486753226285724
0.140375,0.00486753226285724
0.1405,0.00486753226285724
0.140625,0.00453358844099863
0.14075,0.00453358844099863
0.140875,0.00453358844099863
0.141,0.00486753226285724
0.141125,0.00486753226285724
0.14125,0.00486753226285724
0.141375,0.00486753226285724
0.1415,0.00486753226285724
0.141625,0.005201476084715852
0.14175,0.00486753226285724
0.141875,0.00486753226285724
0.142,0.00486753226285724
0.142125,0.00486753226285724
0.14225,0.00486753226285724
0.142375,0.00486753226285724
0.1425,0.00453358844099863
0.142625,0.00486753226285724
0.14275,0.00486753226285724
0.142875,0.00453358844099863
0.143,0.00486753226285724
0.143125,0.00486753226285724
0.14325,0.00486753226285724
0.143375,0.00486753226285724
0.1435,0.005201476084715852
0.143625,0.005201476084715852
0.14375,0.005201476084715852
0.143875,0.00453358844099863
0.144,0.00486753226285724
0.144125,0.00486753226285724
0.14425,0.00486753226285724
0.144375,0.005201476084715852
0.1445,0.00486753226285724
0.144625,0.00486753226285724
0.14475,0.00486753226285724
0.144875,0.00453358844099863
0.145,0.00486753226285724
0.145125,0.00486753226285724
0.14525,0.00486753226285724
0.145375,0.00486753226285724
0.1455,0.00486753226285724
0.145625,0.00486753226285724
0.14575,0.00486753226285724
0.145875,0.00453358844099863
0.146,0.00453358844099863
0.146125,0.00486753226285724
0.14625,0.00486753226285724
0.146375,0.00486753226285724
0.1465,0.00486753226285724
0.146625,0.00453358844099863
0.14675,0.00453358844099863
0.146875,0.00486753226285724
0.147,0.00486753226285724
0.147125,0.00486753226285724
0.14725,0.00486753226285724
0.147375,0.00453358844099863
0.1475,0.00486753226285724
0.147625,0.00486753226285724
0.14775,0.00486753226285724
0.147875,0.005201476084715852
0.148,0.00486753226285724
0.148125,0.00486753226285724
0.14825,0.005201476084715852
0.148375,0.00486753226285724
0.1485,0.00486753226285724
0.148625,0.00486753226285724
0.14875,0.00486753226285724
0.148875,0.00453358844099863
0.149,0.00486753226285724
0.149125,0.00486753226285724
0.14925,0.00486753226285724
0.149375,0.00486753226285724
0.1495,0.00486753226285724
0.149625,0.005201476084715852
0.14975,0.005201476084715852
0.149875,0.00486753226285724
0.15,0.00486753226285724
0.150125,0.00486753226285724
0.15025,0.00486753226285724
0.150375,0.00486753226285724
0.1505,0.00486753226285724
0.150625,0.00453358844099863
0.15075,0.005201476084715852
0.150875,0.005201476084715852
0.151,0.005201476084715852
0.151125,0.00486753226285724
0.15125,0.005201476084715852
0.151375,0.005201476084715852
0.1515,0.005201476084715852
0.151625,0.00486753226285724
0.15175,0.005201476084715852
0.151875,0.00486753226285724
0.152,0.00486753226285724
0.152125,0.00486753226285724
0.15225,0.00486753226285724
0.152375,0.00453358844099863
0.1525,0.00453358844099863
0.152625,0.00453358844099863
0.15275,0.00453358844099863
0.152875,0.00453358844099863
0.153,0.00453358844099863
0.153125,0.00486753226285724
0.15325,0.00486753226285724
0.153375,0.00486753226285724
0.1535,0.00453358844099863
0.153625,0.00486753226285724
0.15375,0.00486753226285724
0.153875,0.00486753226285724
0.154,0.00453358844099863
0.154125,0.00486753226285724
0.15425,0.00486753226285724
0.154375,0.00486753226285724
0.1545,0.00453358844099863
0.154625,0.00453358844099863
0.15475,0.00453358844099863
0.154875,0.00486753226285724
0.155,0.00453358844099863
0.155125,0.00453358844099863
0.15525,0.00486753226285724
0.155375,0.00453358844099863
0.1555,0.00486753226285724
0.155625,0.00453358844099863
0.15575,0.00486753226285724
0.155875,0.00453358844099863
0.156,0.00453358844099863
0.156125,0.00486753226285724
0.15625,0.00486753226285724
0.156375,0.00453358844099863
0.1565,0.00453358844099863
0.156625,0.00453358844099863
0.15675,0.00486753226285724
0.156875,0.00486753226285724
0.157,0.00453358844099863
0.157125,0.00486753226285724
0.15725,0.00486753226285724
0.157375,0.00453358844099863
0.1575,0.00453358844099863
0.157625,0.00486753226285724
0.15775,0.00453358844099863
0.157875,0.00486753226285724
0.158,0.00486753226285724
0.158125,0.00486753226285724
0.15825,0.00486753226285724
0.158375,0.00486753226285724
0.1585,0.00486753226285724
0.158625,0.00453358844099863
0.15875,0.00486753226285724
0.158875,0.005201476084715852
0.159,0.00486753226285724
0.159125,0.00453358844099863
0.15925,0.00453358844099863
0.159375,0.00486753226285724
0.1595,0.00453358844099863
0.159625,0.00453358844099863
0.15975,0.00486753226285724
0.159875,0.00486753226285724
0.16,0.00453358844099863
0.160125,0.00453358844099863
0.16025,0.00486753226285724
0.160375,0.00486753226285724
0.1605,0.00486753226285724
0.160625,0.00453358844099863
0.16075,0.00486753226285724
0.160875,0.00486753226285724
0.161,0.00486753226285724
0.161125,0.00453358844099863
0.16125,0.00486753226285724
0.161375,0.00486753226285724
0.1615,0.00486753226285724
0.161625,0.00453358844099863
0.16175,0.00486753226285724
0.161875,0.00486753226285724
0.162,0.00486753226285724
0.162125,0.005201476084715852
0.16225,0.005201476084715852
0.162375,0.005201476084715852
0.1625,0.005201476084715852
0.162625,0.005201476084715852
0.16275,0.00486753226285724
0.162875,0.00486753226285724
0.163,0.00486753226285724
0.163125,0.00486753226285724
0.16325,0.005535419906574463
0.163375,0.005201476084715852
0.1635,0.005201476084715852
0.163625,0.005535419906574463
0.16375,0.005535419906574463
0.163875,0.005201476084715852
0.164,0.005535419906574463
0.164125,0.005201476084715852
0.16425,0.005535419906574463
0.164375,0.005201476084715852
0.1645,0.005201476084715852
0.164625,0.00486753226285724
0.16475,0.005201476084715852
0.164875,0.00486753226285724
0.165,0.005201476084715852
0.165125,0.005201476084715852
0.16525,0.00486753226285724
0.165375,0.00486753226285724
0.1655,0.00486753226285724
0.165625,0.00486753226285724
0.16575,0.00486753226285724
0.165875,0.005201476084715852
0.166,0.00486753226285724
0.166125,0.00486753226285724
0.16625,0.005201476084715852
0.166375,0.00486753226285724
0.1665,0.00486753226285724
0.166625,0.00486753226285724
0.16675,0.005201476084715852
0.166875,0.00486753226285724
0.167,0.00453358844099863
0.167125,0.00486753226285724
0.16725,0.00486753226285724
0.167375,0.00486753226285724
0.1675,0.005201476084715852
0.167625,0.00486753226285724
0.16775,0.00486753226285724
0.167875,0.00486753226285724
0.168,0.00486753226285724
0.168125,0.005201476084715852
0.16825,0.00486753226285724
0.168375,0.005201476084715852
0.1685,0.005201476084715852
0.168625,0.00486753226285724
0.16875,0.00486753226285724
0.168875,0.005201476084715852
0.169,0.005201476084715852
0.169125,0.00486753226285724
0.16925,0.00486753226285724
0.169375,0.00486753226285724
0.1695,0.00486753226285724
0.169625,0.005201476084715852
0.16975,0.00486753226285724
0.169875,0.00486753226285724
0.17,0.00486753226285724
0.170125,0.00486753226285724
0.17025,0.005201476084715852
0.170375,0.00486753226285724
0.1705,0.00486753226285724
0.170625,0.00486753226285724
0.17075,0.00486753226285724
0.170875,0.00486753226285724
0.171,0.00486753226285724
0.171125,0.00486753226285724
0.17125,0.00486753226285724
0.171375,0.00486753226285724
0.1715,0.00453358844099863
0.171625,0.00486753226285724
0.17175,0.00486753226285724
0.171875,0.00486753226285724
0.172,0.00486753226285724
0.172125,0.00453358844099863
0.17225,0.00486753226285724
0.172375,0.00486753226285724
0.1725,0.00486753226285724
0.172625,0.00486753226285724
0.17275,0.00486753226285724
0.172875,0.00486753226285724
0.173,0.00453358844099863
0.173125,0.00486753226285724
0.17325,0.00486753226285724
0.173375,0.00486753226285724
0.1735,0.00486753226285724
0.173625,0.00486753226285724
0.17375,0.00486753226285724
0.173875,0.00486753226285724
0.174,0.00486753226285724
0.174125,0.00486753226285724
0.17425,0.00453358844099863
0.174375,0.00453358844099863
0.1745,0.00486753226285724
0.174625,0.00486753226285724
0.17475,0.00486753226285724
0.174875,0.00486753226285724
0.175,0.00486753226285724
0.175125,0.00486753226285724
0.17525,0.00486753226285724
0.175375,0.00453358844099863
0.1755,0.00453358844099863
0.175625,0.00453358844099863
0.17575,0.00453358844099863
0.175875,0.00453358844099863
0.176,0.00453358844099863
0.176125,0.00453358844099863
0.17625,0.00453358844099863
0.176375,0.00453358844099863
0.1765,0.00453358844099863
0.176625,0.00453358844099863
0.17675,0.00453358844099863
0.176875,0.00453358844099863
0.177,0.00486753226285724
0.177125,0.005201476084715852
0.17725,0.00486753226285724
0.177375,0.00486753226285724
0.1775,0.00486753226285724
0.177625,0.00486753226285724
0.17775,0.00486753226285724
0.177875,0.00486753226285724
0.178,0.00486753226285724
0.178125,0.00486753226285724
0.17825,0.00486753226285724
0.178375,0.00486753226285724
0.1785,0.00486753226285724
0.178625,0.00486753226285724
0.17875,0.00453358844099863
0.178875,0.00486753226285724
0.179,0.00453358844099863
0.179125,0.00453358844099863
0.17925,0.00453358844099863
0.179375,0.00486753226285724
0.1795,0.00453358844099863
0.179625,0.00486753226285724
0.17975,0.00486753226285724
0.179875,0.00486753226285724
0.18,0.00486753226285724
0.180125,0.00486753226285724
0.18025,0.00486753226285724
0.180375,0.00486753226285724
0.1805,0.00486753226285724
0.180625,0.00486753226285724
0.18075,0.00453358844099863
0.180875,0.00486753226285724
0.181,0.00486753226285724
0.181125,0.00486753226285724
0.18125,0.00486753226285724
0.181375,0.00486753226285724
0.1815,0.00453358844099863
0.181625,0.00453358844099863
0.18175,0.00486753226285724
0.181875,0.00486753226285724
0.182,0.00486753226285724
0.182125,0.00486753226285724
0.18225,0.00486753226285724
0.182375,0.00486753226285724
0.1825,0.00486753226285724
0.182625,0.00486753226285724
0.18275,0.00486753226285724
0.182875,0.005201476084715852
0.183,0.00486753226285724
0.183125,0.00486753226285724
0.18325,0.00486753226285724
0.183375,0.00486753226285724
0.1835,0.00486753226285724
0.183625,0.00486753226285724
0.18375,0.00486753226285724
0.183875,0.00486753226285724
0.184,0.00486753226285724
0.184125,0.00486753226285724
0.18425,0.00486753226285724
0.184375,0.00486753226285724
0.1845,0.00486753226285724
0.184625,0.00486753226285724
0.18475,0.00486753226285724
0.184875,0.005201476084715852
0.185,0.00486753226285724
0.185125,0.00453358844099863
0.18525,0.00486753226285724
0.185375,0.00486753226285724
0.1855,0.00486753226285724
0.185625,0.00486753226285724
0.18575,0.00486753226285724
0.185875,0.00486753226285724
0.186,0.00486753226285724
0.186125,0.00486753226285724
0.18625,0.00453358844099863
0.186375,0.00486753226285724
0.1865,0.00486753226285724
0.186625,0.00486753226285724
0.18675,0.00486753226285724
0.186875,0.00486753226285724
0.187,0.00486753226285724
0.187125,0.005201476084715852
0.18725,0.00486753226285724
0.187375,0.00486753226285724
0.1875,0.005201476084715852
0.187625,0.005201476084715852
0.18775,0.005201476084715852
0.187875,0.00486753226285724
0.188,0.00486753226285724
0.188125,0.00486753226285724
0.18825,0.00486753226285724
0.188375,0.00453358844099863
0.1885,0.00486753226285724
0.188625,0.005201476084715852
0.18875,0.00486753226285724
0.188875,0.00486753226285724
0.189,0.00486753226285724
0.189125,0.00486753226285724
0.18925,0.005201476084715852
0.189375,0.005201476084715852
0.1895,0.00486753226285724
0.189625,0.00486753226285724
0.18975,0.00486753226285724
0.189875,0.005201476084715852
0.19,0.00486753226285724
0.190125,0.00486753226285724
0.19025,0.00486753226285724
0.190375,0.005201476084715852
0.1905,0.005201476084715852
0.190625,0.005201476084715852
0.19075,0.005535419906574463
0.190875,0.00486753226285724
0.191,0.00486753226285724
0.191125,0.005201476084715852
0.19125,0.005201476084715852
0.191375,0.005535419906574463
0.1915,0.00486753226285724
0.191625,0.00486753226285724
0.19175,0.00486753226285724
0.191875,0.00486753226285724
0.192,0.00486753226285724
0.192125,0.00486753226285724
0.19225,0.00486753226285724
0.192375,0.00453358844099863
0.1925,0.00486753226285724
0.192625,0.00486753226285724
0.19275,0.00486753226285724
0.192875,0.00486753226285724
0.193,0.00453358844099863
0.193125,0.00453358844099863
0.19325,0.00486753226285724
0.193375,0.00486753226285724
0.1935,0.00453358844099863
0.193625,0.00486753226285724
0.19375,0.00486753226285724
0.193875,0.00453358844099863
0.194,0.00486753226285724
0.194125,0.00453358844099863
0.19425,0.00486753226285724
0.194375,0.00486753226285724
0.1945,0.00486753226285724
0.194625,0.00453358844099863
0.19475,0.00453358844099863
0.194875,0.00453358844099863
0.195,0.00486753226285724
0.195125,0.005201476084715852
0.19525,0.00486753226285724
0.195375,0.005201476084715852
0.1955,0.00486753226285724
0.195625,0.00486753226285724
0.19575,0.00486753226285724
0.195875,0.00486753226285724
0.196,0.00453358844099863
0.196125,0.00453358844099863
0.19625,0.00486753226285724
0.196375,0.00486753226285724
0.1965,0.00486753226285724
0.196625,0.00486753226285724
0.19675,0.00486753226285724
0.196875,0.00453358844099863
0.197,0.00486753226285724
0.197125,0.00486753226285724
0.19725,0.00453358844099863
0.197375,0.00453358844099863
0.1975,0.00486753226285724
0.197625,0.00486753226285724
0.19775,0.00486753226285724
0.197875,0.00486753226285724
0.198,0.00453358844099863
0.198125,0.00453358844099863
0.19825,0.00453358844099863
0.198375,0.00453358844099863
0.1985,0.00453358844099863
0.198625,0.00453358844099863
0.19875,0.00486753226285724
0.198875,0.00453358844099863
0.199,0.00453358844099863
0.199125,0.00486753226285724
0.19925,0.00486753226285724
0.199375,0.00453358844099863
0.1995,0.00486753226285724
0.199625,0.00486753226285724
0.19975,0.00486753226285724
0.199875,0.00486753226285724
0.2,0.00453358844099863
0.200125,0.00453358844099863
0.20025,0.00486753226285724
0.200375,0.00486753226285724
0.2005,0.00486753226285724
0.200625,0.00486753226285724
0.20075,0.00486753226285724
0.200875,0.00486753226285724
0.201,0.00486753226285724
0.201125,0.00486753226285724
0.20125,0.00486753226285724
0.201375,0.00486753226285724
0.2015,0.00453358844099863
0.201625,0.00486753226285724
0.20175,0.00486753226285724
0.201875,0.005201476084715852
0.202,0.005201476084715852
0.202125,0.00486753226285724
0.20225,0.00453358844099863
0.202375,0.00486753226285724
0.2025,0.00486753226285724
0.202625,0.00486753226285724
0.20275,0.00486753226285724
0.202875,0.005201476084715852
0.203,0.00486753226285724
0.203125,0.00486753226285724
0.20325,0.00486753226285724
0.203375,0.00486753226285724
0.2035,0.005201476084715852
0.203625,0.005201476084715852
0.20375,0.005201476084715852
0.203875,0.005201476084715852
0.204,0.00486753226285724
0.204125,0.005201476084715852
0.20425,0.00486753226285724
0.204375,0.00486753226285724
0.2045,0.005201476084715852
0.204625,0.005201476084715852
0.20475,0.005201476084715852
0.204875,0.005201476084715852
0.205,0.005201476084715852
0.205125,0.005201476084715852
0.20525,0.005535419906574463
0.205375,0.005201476084715852
0.2055,0.005201476084715852
0.205625,0.00486753226285724
0.20575,0.00486753226285724
0.205875,0.005201476084715852
0.206,0.005201476084715852
0.206125,0.00486753226285724
0.20625,0.00486753226285724
0.206375,0.00486753226285724
0.2065,0.005201476084715852
0.206625,0.00486753226285724
0.20675,0.00486753226285724
0.206875,0.00486753226285724
0.207,0.00486753226285724
0.207125,0.00486753226285724
0.20725,0.00486753226285724
0.207375,0.00486753226285724
0.2075,0.00486753226285724
0.207625,0.005201476084715852
0.20775,0.005201476084715852
0.207875,0.005201476084715852
0.208,0.00486753226285724
0.208125,0.00486753226285724
0.20825,0.00486753226285724
0.208375,0.00486753226285724
0.2085,0.00486753226285724
0.208625,0.00486753226285724
0.20875,0.005201476084715852
0.208875,0.005201476084715852
0.209,0.00486753226285724
0.209125,0.005201476084715852
0.20925,0.00486753226285724
0.209375,0.00486753226285724
0.2095,0.00486753226285724
0.209625,0.00486753226285724
0.20975,0.00486753226285724
0.209875,0.00486753226285724
0.21,0.005201476084715852
0.210125,0.00486753226285724
0.21025,0.00486753226285724
0.210375,0.005201476084715852
0.2105,0.00486753226285724
0.210625,0.00486753226285724
0.21075,0.00486753226285724
0.210875,0.005201476084715852
0.211,0.00486753226285724
0.211125,0.00486753226285724
0.21125,0.00486753226285724
0.211375,0.00486753226285724
0.2115,0.00486753226285724
0.211625,0.00486753226285724
0.21175,0.00486753226285724
0.211875,0.00486753226285724
0.212,0.00486753226285724
0.212125,0.00486753226285724
0.21225,0.00486753226285724
0.212375,0.00486753226285724
0.2125,0.00486753226285724
0.212625,0.00453358844099863
0.21275,0.00486753226285724
0.212875,0.00486753226285724
0.213,0.00486753226285724
0.213125,0.00453358844099863
0.21325,0.00486753226285724
0.213375,0.00453358844099863
0.2135,0.00486753226285724
0.213625,0.00486753226285724
0.21375,0.00453358844099863
0.213875,0.00453358844099863
0.214,0.00453358844099863
0.214125,0.00453358844099863
0.21425,0.00486753226285724
0.214375,0.00486753226285724
0.2145,0.00486753226285724
0.214625,0.00453358844099863
0.21475,0.00453358844099863
0.214875,0.00453358844099863
0.215,0.00486753226285724
0.215125,0.00486753226285724
0.21525,0.00486753226285724
0.215375,0.00486753226285724
0.2155,0.00453358844099863
0.215625,0.00453358844099863
0.21575,0.00486753226285724
0.215875,0.00486753226285724
0.216,0.00453358844099863
0.216125,0.00486753226285724
0.21625,0.00453358844099863
0.216375,0.00486753226285724
0.2165,0.00486753226285724
0.216625,0.00453358844099863
0.21675,0.00486753226285724
0.216875,0.00486753226285724
0.217,0.00453358844099863
0.217125,0.00453358844099863
0.21725,0.00453358844099863
0.217375,0.00453358844099863
0.2175,0.00486753226285724
0.217625,0.00486753226285724
0.21775,0.00453358844099863
0.217875,0.00486753226285724
0.218,0.00486753226285724
0.218125,0.00486753226285724
0.21825,0.00486753226285724
0.218375,0.00486753226285724
0.2185,0.00486753226285724
0.218625,0.00486753226285724
0.21875,0.00486753226285724
0.218875,0.00486753226285724
0.219,0.00453358844099863
0.219125,0.00453358844099863
0.21925,0.00453358844099863
0.219375,0.00486753226285724
0.2195,0.00453358844099863
0.219625,0.00486753226285724
0.21975,0.00486753226285724
0.219875,0.00486753226285724
0.22,0.00453358844099863
0.220125,0.00453358844099863
0.22025,0.00453358844099863
0.220375,0.00486753226285724
0.2205,0.00453358844099863
0.220625,0.00486753226285724
0.22075,0.00453358844099863
0.220875,0.00453358844099863
0.221,0.00486753226285724
0.221125,0.00486753226285724
0.22125,0.00486753226285724
0.221375,0.00486753226285724
0.2215,0.00486753226285724
0.221625,0.00453358844099863
0.22175,0.00486753226285724
0.221875,0.00453358844099863
0.222,0.00486753226285724
0.222125,0.00486753226285724
0.22225,0.00486753226285724
0.222375,0.00486753226285724
0.2225,0.00486753226285724
0.222625,0.00486753226285724
0.22275,0.00486753226285724
0.222875,0.00486753226285724
0.223,0.00486753226285724
0.223125,0.005201476084715852
0.22325,0.00486753226285724
0.223375,0.00486753226285724
0.2235,0.00486753226285724
0.223625,0.00486753226285724
0.22375,0.005201476084715852
0.223875,0.00486753226285724
0.224,0.005201476084715852
0.224125,0.00486753226285724
0.22425,0.005201476084715852
0.224375,0.00486753226285724
0.2245,0.00486753226285724
0.224625,0.005201476084715852
0.22475,0.00486753226285724
0.224875,0.00486753226285724
0.225,0.00486753226285724
0.225125,0.005201476084715852
0.22525,0.005201476084715852
0.225375,0.00486753226285724
0.2255,0.00486753226285724
0.225625,0.005201476084715852
0.22575,0.00486753226285724
0.225875,0.00486753226285724
0.226,0.005201476084715852
0.226125,0.00486753226285724
0.22625,0.00486753226285724
0.226375,0.00486753226285724
0.2265,0.00486753226285724
0.226625,0.00486753226285724
0.22675,0.00486753226285724
0.226875,0.00486753226285724
0.227,0.00486753226285724
0.227125,0.005201476084715852
0.22725,0.005201476084715852
0.227375,0.00486753226285724
0.2275,0.00453358844099863
0.227625,0.00486753226285724
0.22775,0.00486753226285724
0.227875,0.00486753226285724
0.228,0.005201476084715852
0.228125,0.00486753226285724
0.22825,0.00486753226285724
0.228375,0.00486753226285724
0.2285,0.00486753226285724
0.228625,0.00486753226285724
0.22875,0.00486753226285724
0.228875,0.00486753226285724
0.229,0.00486753226285724
0.229125,0.00486753226285724
0.22925,0.00486753226285724
0.229375,0.00486753226285724
0.2295,0.00486753226285724
0.229625,0.00486753226285724
0.22975,0.005201476084715852
0.229875,0.00486753226285724
0.23,0.00486753226285724
0.230125,0.00486753226285724
0.23025,0.00486753226285724
0.230375,0.005201476084715852
0.2305,0.005201476084715852
0.230625,0.00486753226285724
0.23075,0.005201476084715852
0.230875,0.005201476084715852
0.231,0.005201476084715852
0.231125,0.005535419906574463
0.23125,0.005201476084715852
0.231375,0.005201476084715852
0.2315,0.005201476084715852
0.231625,0.005201476084715852
0.23175,0.00453358844099863
0.231875,0.00453358844099863
0.232,0.00453358844099863
0.232125,0.00453358844099863
0.23225,0.00486753226285724
0.232375,0.00453358844099863
0.2325,0.00453358844099863
0.232625,0.00486753226285724
0.23275,0.00453358844099863
0.232875,0.00486753226285724
0.233,0.00486753226285724
0.233125,0.00453358844099863
0.23325,0.00453358844099863
0.233375,0.00453358844099863
0.2335,0.00453358844099863
0.233625,0.00486753226285724
0.23375,0.00486753226285724
0.233875,0.00453358844099863
0.234,0.00453358844099863
0.234125,0.00486753226285724
0.23425,0.00486753226285724
0.234375,0.00453358844099863
0.2345,0.00453358844099863
0.234625,0.00453358844099863
0.23475,0.00453358844099863
0.234875,0.00453358844099863
0.235,0.00453358844099863
0.235125,0.00486753226285724
0.23525,0.00486753226285724
0.235375,0.00453358844099863
0.2355,0.00453358844099863
0.235625,0.00453358844099863
0.23575,0.00486753226285724
0.235875,0.00453358844099863
0.236,0.00453358844099863
0.236125,0.00453358844099863
0.23625,0.00453358844099863
0.236375,0.00453358844099863
0.2365,0.00486753226285724
0.236625,0.00453358844099863
0.23675,0.00486753226285724
0.236875,0.00486753226285724
0.237,0.00453358844099863
0.237125,0.00453358844099863
0.23725,0.00453358844099863
0.237375,0.00486753226285724
0.2375,0.00453358844099863
0.237625,0.00486753226285724
0.23775,0.00486753226285724
0.237875,0.00453358844099863
0.238,0.00486753226285724
0.238125,0.00486753226285724
0.23825,0.00453358844099863
0.238375,0.00486753226285724
0.2385,0.00486753226285724
0.238625,0.00453358844099863
0.23875,0.00486753226285724
0.238875,0.00486753226285724
0.239,0.00453358844099863
0.239125,0.00453358844099863
0.23925,0.00486753226285724
0.239375,0.00453358844099863
0.2395,0.00486753226285724
0.239625,0.00486753226285724
0.23975,0.00453358844099863
0.239875,0.00453358844099863
0.24,0.00486753226285724
0.240125,0.00486753226285724
0.24025,0.00486753226285724
0.240375,0.00486753226285724
0.2405,0.00453358844099863
0.240625,0.00453358844099863
0.24075,0.00486753226285724
0.240875,0.00486753226285724
0.241,0.00486753226285724
0.241125,0.00486753226285724
0.24125,0.00486753226285724
0.241375,0.00486753226285724
0.2415,0.00486753226285724
0.241625,0.00453358844099863
0.24175,0.00486753226285724
0.241875,0.00453358844099863
0.242,0.00486753226285724
0.242125,0.00486753226285724
0.24225,0.00486753226285724
0.242375,0.00486753226285724
0.2425,0.00486753226285724
0.242625,0.00486753226285724
0.24275,0.00486753226285724
0.242875,0.00486753226285724
0.243,0.00486753226285724
0.243125,0.00486753226285724
0.24325,0.00486753226285724
0.243375,0.00486753226285724
0.2435,0.00486753226285724
0.243625,0.00486753226285724
0.24375,0.00486753226285724
0.243875,0.00486753226285724
0.244,0.00486753226285724
0.244125,0.00486753226285724
0.24425,0.005201476084715852
0.244375,0.005201476084715852
0.2445,0.005201476084715852
0.244625,0.00486753226285724
0.24475,0.005201476084715852
0.244875,0.005201476084715852
0.245,0.005201476084715852
0.245125,0.005535419906574463
0.24525,0.005535419906574463
0.245375,0.005201476084715852
0.2455,0.00486753226285724
0.245625,0.00486753226285724
0.24575,0.00486753226285724
0.245875,0.00453358844099863
0.246,0.00486753226285724
0.246125,0.00486753226285724
0.24625,0.00486753226285724
0.246375,0.005201476084715852
0.2465,0.00453358844099863
0.246625,0.00486753226285724
0.24675,0.00486753226285724
0.246875,0.00486753226285724
0.247,0.00486753226285724
0.247125,0.005201476084715852
0.24725,0.00486753226285724
0.247375,0.00486753226285724
0.2475,0.00486753226285724
0.247625,0.005201476084715852
0.24775,0.00486753226285724
0.247875,0.00486753226285724
0.248,0.00486753226285724
0.248125,0.00486753226285724
0.24825,0.00486753226285724
0.248375,0.005201476084715852
0.2485,0.005201476084715852
0.248625,0.00486753226285724
0.24875,0.005201476084715852
0.248875,0.00486753226285724
0.249,0.00486753226285724
0.249125,0.005201476084715852
0.24925,0.00486753226285724
0.249375,0.00486753226285724
0.2495,0.00486753226285724
0.249625,0.00486753226285724
0.24975,0.00453358844099863
0.249875,0.005201476084715852
0.25,0.005201476084715852
0.250125,0.00486753226285724
0.25025,0.005201476084715852
0.250375,0.005201476084715852
0.2505,0.00486753226285724
0.250625,0.00486753226285724
0.25075,0.00486753226285724
0.250875,0.005201476084715852
0.251,0.005201476084715852
0.251125,0.00486753226285724
0.25125,0.00486753226285724
0.251375,0.00486753226285724
0.2515,0.005201476084715852
0.251625,0.00486753226285724
0.25175,0.00486753226285724
0.251875,0.00486753226285724
0.252,0.00486753226285724
0.252125,0.00486753226285724
0.25225,0.00486753226285724
0.252375,0.00486753226285724
0.2525,0.00486753226285724
0.252625,0.00453358844099863
0.25275,0.00453358844099863
0.252875,0.00486753226285724
0.253,0.00486753226285724
0.253125,0.00453358844099863
0.25325,0.00486753226285724
0.253375,0.00486753226285724
0.2535,0.00453358844099863
0.253625,0.00486753226285724
0.25375,0.00486753226285724
0.253875,0.00453358844099863
0.254,0.00453358844099863
0.254125,0.00486753226285724
0.25425,0.00486753226285724
0.254375,0.00486753226285724
0.2545,0.00486753226285724
0.254625,0.00486753226285724
0.25475,0.00486753226285724
0.254875,0.00486753226285724
0.255,0.00486753226285724
0.255125,0.00486753226285724
0.25525,0.00453358844099863
0.255375,0.00486753226285724
0.2555,0.00486753226285724
0.255625,0.00486753226285724
0.25575,0.00453358844099863
0.255875,0.00486753226285724
0.256,0.00486753226285724
0.256125,0.00453358844099863
0.25625,0.00486753226285724
0.256375,0.00486753226285724
0.2565,0.00486753226285724
0.256625,0.00486753226285724
0.25675,0.00486753226285724
0.256875,0.00486753226285724
0.257,0.00486753226285724
0.257125,0.005201476084715852
0.25725,0.005201476084715852
0.257375,0.005201476084715852
0.2575,0.00486753226285724
0.257625,0.00486753226285724
0.25775,0.00486753226285724
0.257875,0.00486753226285724
0.258,0.00486753226285724
0.258125,0.00486753226285724
0.25825,0.00453358844099863
0.258375,0.00486753226285724
0.2585,0.00453358844099863
0.258625,0.00453358844099863
0.25875,0.00486753226285724
0.258875,0.00486753226285724
0.259,0.00486753226285724
0.259125,0.00486753226285724
0.25925,0.00486753226285724
0.259375,0.00486753226285724
0.2595,0.00453358844099863
0.259625,0.00453358844099863
0.25975,0.00486753226285724
0.259875,0.00486753226285724
0.26,0.00486753226285724
0.260125,0.00486753226285724
0.26025,0.00486753226285724
0.260375,0.00486753226285724
0.2605,0.00486753226285724
0.260625,0.00486753226285724
0.26075,0.00486753226285724
0.260875,0.00453358844099863
0.261,0.00486753226285724
0.261125,0.00486753226285724
0.26125,0.00486753226285724
0.261375,0.00486753226285724
0.2615,0.00453358844099863
0.261625,0.00486753226285724
0.26175,0.00486753226285724
0.261875,0.00486753226285724
0.262,0.00486753226285724
0.262125,0.005201476084715852
0.26225,0.005201476084715852
0.262375,0.00486753226285724
0.2625,0.00486753226285724
0.262625,0.00453358844099863
0.26275,0.00486753226285724
0.262875,0.00486753226285724
0.263,0.005201476084715852
0.263125,0.005201476084715852
0.26325,0.005201476084715852
0.263375,0.005201476084715852
0.2635,0.00486753226285724
0.263625,0.00486753226285724
0.26375,0.00486753226285724
0.263875,0.005201476084715852
0.264,0.00486753226285724
0.264125,0.005201476084715852
0.26425,0.005201476084715852
0.264375,0.005201476084715852
0.2645,0.005201476084715852
0.264625,0.00486753226285724
0.26475,0.00486753226285724
0.264875,0.005201476084715852
0.265,0.00486753226285724
0.265125,0.00486753226285724
0.26525,0.005201476084715852
0.265375,0.00486753226285724
0.2655,0.00486753226285724
0.265625,0.005201476084715852
0.26575,0.00486753226285724
0.265875,0.005201476084715852
0.266,0.005201476084715852
0.266125,0.00486753226285724
0.26625,0.005201476084715852
0.266375,0.00486753226285724
0.2665,0.00486753226285724
0.266625,0.005201476084715852
0.26675,0.00486753226285724
0.266875,0.00486753226285724
0.267,0.005201476084715852
0.267125,0.00486753226285724
0.26725,0.00486753226285724
0.267375,0.00486753226285724
0.2675,0.00486753226285724
0.267625,0.00486753226285724
0.26775,0.00486753226285724
0.267875,0.00486753226285724
0.268,0.00453358844099863
0.268125,0.00486753226285724
0.26825,0.005201476084715852
0.268375,0.005201476084715852
0.2685,0.00486753226285724
0.268625,0.00486753226285724
0.26875,0.00486753226285724
0.268875,0.005201476084715852
0.269,0.00486753226285724
0.269125,0.00486753226285724
0.26925,0.005201476084715852
0.269375,0.005201476084715852
0.2695,0.005201476084715852
0.269625,0.00486753226285724
0.26975,0.00486753226285724
0.269875,0.00486753226285724
0.27,0.00486753226285724
0.270125,0.00486753226285724
0.27025,0.00486753226285724
0.270375,0.00486753226285724
0.2705,0.005201476084715852
0.270625,0.005201476084715852
0.27075,0.005201476084715852
0.270875,0.005201476084715852
0.271,0.005201476084715852
0.271125,0.00486753226285724
0.27125,0.00486753226285724
0.271375,0.00486753226285724
0.2715,0.00486753226285724
0.271625,0.00486753226285724
0.27175,0.00486753226285724
0.271875,0.00486753226285724
0.272,0.00486753226285724
0.272125,0.00486753226285724
0.27225,0.00486753226285724
0.272375,0.00486753226285724
0.2725,0.00486753226285724
0.272625,0.00486753226285724
0.27275,0.00486753226285724
0.272875,0.00486753226285724
0.273,0.00486753226285724
0.273125,0.00453358844099863
0.27325,0.005201476084715852
0.273375,0.00486753226285724
0.2735,0.00486753226285724
0.273625,0.00486753226285724
0.27375,0.00453358844099863
0.273875,0.00486753226285724
0.274,0.00486753226285724
0.274125,0.00486753226285724
0.27425,0.00486753226285724
0.274375,0.00486753226285724
0.2745,0.00486753226285724
0.274625,0.005201476084715852
0.27475,0.00486753226285724
0.274875,0.00486753226285724
0.275,0.00486753226285724
0.275125,0.00453358844099863
0.27525,0.004199644619140019
0.275375,0.00453358844099863
0.2755,0.00486753226285724
0.275625,0.00486753226285724
0.27575,0.00453358844099863
0.275875,0.00453358844099863
0.276,0.00453358844099863
0.276125,0.00453358844099863
0.27625,0.00453358844099863
0.276375,0.00486753226285724
0.2765,0.00486753226285724
0.276625,0.00486753226285724
0.27675,0.00486753226285724
0.276875,0.00486753226285724
0.277,0.00453358844099863
0.277125,0.00453358844099863
0.27725,0.00486753226285724
0.277375,0.00486753226285724
0.2775,0.00486753226285724
0.277625,0.00486753226285724
0.27775,0.00486753226285724
0.277875,0.00486753226285724
0.278,0.00486753226285724
0.278125,0.00453358844099863
0.27825,0.00486753226285724
0.278375,0.00486753226285724
0.2785,0.00486753226285724
0.278625,0.00486753226285724
0.27875,0.00453358844099863
0.278875,0.00453358844099863
0.279,0.00453358844099863
0.279125,0.00486753226285724
0.27925,0.00486753226285724
0.279375,0.00486753226285724
0.2795,0.00453358844099863
0.279625,0.00453358844099863
0.27975,0.00453358844099863
0.279875,0.00486753226285724
0.28,0.00453358844099863
0.280125,0.00486753226285724
0.28025,0.00486753226285724
0.280375,0.00486753226285724
0.2805,0.00486753226285724
0.280625,0.00486753226285724
0.28075,0.00486753226285724
0.280875,0.00453358844099863
0.281,0.00486753226285724
0.281125,0.00486753226285724
0.28125,0.00486753226285724
0.281375,0.00453358844099863
0.2815,0.00453358844099863
0.281625,0.00486753226285724
0.28175,0.00486753226285724
0.281875,0.00486753226285724
0.282,0.00486753226285724
0.282125,0.005201476084715852
0.28225,0.00486753226285724
0.282375,0.00486753226285724
0.2825,0.00486753226285724
0.282625,0.00486753226285724
0.28275,0.00486753226285724
0.282875,0.00486753226285724
0.283,0.00486753226285724
0.283125,0.00486753226285724
0.28325,0.00486753226285724
0.283375,0.00486753226285724
0.2835,0.00486753226285724
0.283625,0.00486753226285724
0.28375,0.00486753226285724
0.283875,0.005201476084715852
0.284,0.005201476084715852
0.284125,0.005201476084715852
0.28425,0.005535419906574463
0.284375,0.005535419906574463
0.2845,0.005535419906574463
0.284625,0.005201476084715852
0.28475,0.005201476084715852
0.284875,0.005201476084715852
0.285,0.005201476084715852
0.285125,0.005201476084715852
0.28525,0.005201476084715852
0.285375,0.00486753226285724
0.2855,0.00453358844099863
0.285625,0.00486753226285724
0.28575,0.005201476084715852
0.285875,0.00486753226285724
0.286,0.005201476084715852
0.286125,0.00486753226285724
0.28625,0.00486753226285724
0.286375,0.00486753226285724
0.2865,0.005201476084715852
0.286625,0.00486753226285724
0.28675,0.00486753226285724
0.286875,0.005201476084715852
0.287,0.00486753226285724
0.287125,0.005201476084715852
0.28725,0.00486753226285724
0.287375,0.00486753226285724
0.2875,0.005201476084715852
0.287625,0.005201476084715852
0.28775,0.005201476084715852
0.287875,0.005201476084715852
0.288,0.00486753226285724
0.288125,0.00486753226285724
0.28825,0.00486753226285724
0.288375,0.00486753226285724
0.2885,0.00486753226285724
0.288625,0.00486753226285724
0.28875,0.00486753226285724
0.288875,0.00486753226285724
0.289,0.00486753226285724
0.289125,0.00486753226285724
0.28925,0.00486753226285724
0.289375,0.00486753226285724
0.2895,0.00486753226285724
0.289625,0.00486753226285724
0.28975,0.00486753226285724
0.289875,0.00486753226285724
0.29,0.00486753226285724
0.290125,0.00486753226285724
0.29025,0.00486753226285724
0.290375,0.00486753226285724
0.2905,0.00486753226285724
0.290625,0.00486753226285724
0.29075,0.00486753226285724
0.290875,0.00486753226285724
0.291,0.005201476084715852
0.291125,0.005201476084715852
0.29125,0.00486753226285724
0.291375,0.00486753226285724
0.2915,0.00486753226285724
0.291625,0.00486753226285724
0.29175,0.00486753226285724
0.291875,0.00486753226285724
0.292,0.00486753226285724
0.292125,0.00486753226285724
0.29225,0.00486753226285724
0.292375,0.00486753226285724
0.2925,0.00453358844099863
0.292625,0.00453358844099863
0.29275,0.00453358844099863
0.292875,0.00486753226285724
0.293,0.00486753226285724
0.293125,0.00486753226285724
0.29325,0.00486753226285724
0.293375,0.00453358844099863
0.2935,0.00486753226285724
0.293625,0.00453358844099863
0.29375,0.00486753226285724
0.293875,0.00486753226285724
0.294,0.00453358844099863
0.294125,0.00486753226285724
0.29425,0.00486753226285724
0.294375,0.00486753226285724
0.2945,0.00486753226285724
0.294625,0.00486753226285724
0.29475,0.00486753226285724
0.294875,0.00486753226285724
0.295,0.00453358844099863
0.295125,0.00486753226285724
0.29525,0.00453358844099863
0.295375,0.00453358844099863
0.2955,0.00453358844099863
0.295625,0.00486753226285724
0.29575,0.00453358844099863
0.295875,0.00486753226285724
0.296,0.00453358844099863
0.296125,0.005201476084715852
0.29625,0.005201476084715852
0.296375,0.00453358844099863
0.2965,0.00486753226285724
0.296625,0.00486753226285724
0.29675,0.00486753226285724
0.296875,0.00486753226285724
0.297,0.005201476084715852
0.297125,0.005201476084715852
0.29725,0.00486753226285724
0.297375,0.00453358844099863
0.2975,0.00453358844099863
0.297625,0.00453358844099863
0.29775,0.00486753226285724
0.297875,0.00453358844099863
0.298,0.00453358844099863
0.298125,0.00486753226285724
0.29825,0.00486753226285724
0.298375,0.00486753226285724
0.2985,0.00453358844099863
0.298625,0.00453358844099863
0.29875,0.00486753226285724
0.298875,0.00486753226285724
0.299,0.00486753226285724
0.299125,0.00453358844099863
0.29925,0.00453358844099863
0.299375,0.00486753226285724
0.2995,0.00486753226285724
0.299625,0.00486753226285724
0.29975,0.00486753226285724
0.299875,0.00486753226285724
0.3,0.00453358844099863
0.300125,0.00486753226285724
0.30025,0.00486753226285724
0.300375,0.005201476084715852
0.3005,0.00486753226285724
0.300625,0.00486753226285724
0.30075,0.00486753226285724
0.300875,0.00453358844099863
0.301,0.00486753226285724
0.301125,0.00486753226285724
0.30125,0.00486753226285724
0.301375,0.00486753226285724
0.3015,0.00486753226285724
0.301625,0.00486753226285724
0.30175,0.00453358844099863
0.301875,0.00453358844099863
0.302,0.00453358844099863
0.302125,0.00486753226285724
0.30225,0.005201476084715852
0.302375,0.00486753226285724
0.3025,0.00453358844099863
0.302625,0.005201476084715852
0.30275,0.00486753226285724
0.302875,0.00453358844099863
0.303,0.00486753226285724
0.303125,0.005201476084715852
0.30325,0.005201476084715852
0.303375,0.00486753226285724
0.3035,0.00486753226285724
0.303625,0.00486753226285724
0.30375,0.005201476084715852
0.303875,0.00486753226285724
0.304,0.00486753226285724
0.304125,0.00486753226285724
0.30425,0.005201476084715852
0.304375,0.00486753226285724
0.3045,0.005201476084715852
0.304625,0.00486753226285724
0.30475,0.00486753226285724
0.304875,0.00486753226285724
0.305,0.00486753226285724
0.305125,0.00486753226285724
0.30525,0.00486753226285724
0.305375,0.00486753226285724
0.3055,0.00486753226285724
0.305625,0.00486753226285724
0.30575,0.005201476084715852
0.305875,0.00486753226285724
0.306,0.005201476084715852
0.306125,0.005201476084715852
0.30625,0.00486753226285724
0.306375,0.005201476084715852
0.3065,0.005201476084715852
0.306625,0.005201476084715852
0.30675,0.00486753226285724
0.306875,0.00486753226285724
0.307,0.00486753226285724
0.307125,0.005201476084715852
0.30725,0.005201476084715852
0.307375,0.00486753226285724
0.3075,0.005201476084715852
0.307625,0.00486753226285724
0.30775,0.00486753226285724
0.307875,0.00486753226285724
0.308,0.00486753226285724
0.308125,0.00486753226285724
0.30825,0.005201476084715852
0.308375,0.005201476084715852
0.3085,0.00453358844099863
0.308625,0.00486753226285724
0.30875,0.00453358844099863
0.308875,0.00486753226285724
0.309,0.00486753226285724
0.309125,0.005201476084715852
0.30925,0.005201476084715852
0.309375,0.00486753226285724
0.3095,0.00486753226285724
0.309625,0.00486753226285724
0.30975,0.005201476084715852
0.309875,0.00486753226285724
0.31,0.00486753226285724
0.310125,0.005201476084715852
0.31025,0.00486753226285724
0.310375,0.00486753226285724
0.3105,0.00486753226285724
0.310625,0.00486753226285724
0.31075,0.00486753226285724
0.310875,0.005201476084715852
0.311,0.00486753226285724
0.311125,0.00486753226285724
0.31125,0.00486753226285724
0.311375,0.00486753226285724
0.3115,0.005201476084715852
0.311625,0.005201476084715852
0.31175,0.005201476084715852
0.311875,0.005201476084715852
0.312,0.005201476084715852
0.312125,0.00486753226285724
0.31225,0.00453358844099863
0.312375,0.00486753226285724
0.3125,0.00486753226285724
0.312625,0.00486753226285724
0.31275,0.00486753226285724
0.312875,0.00486753226285724
0.313,0.00486753226285724
0.313125,0.00486753226285724
0.31325,0.00486753226285724
0.313375,0.00486753226285724
0.3135,0.00453358844099863
0.313625,0.00486753226285724
0.31375,0.00486753226285724
0.313875,0.00486753226285724
0.314,0.00486753226285724
0.314125,0.00486753226285724
0.31425,0.00453358844099863
0.314375,0.00486753226285724
0.3145,0.00486753226285724
0.314625,0.00453358844099863
0.31475,0.00453358844099863
0.314875,0.00453358844099863
0.315,0.00486753226285724
0.315125,0.00453358844099863
0.31525,0.00453358844099863
0.315375,0.00486753226285724
0.3155,0.00453358844099863
0.315625,0.00453358844099863
0.31575,0.00486753226285724
0.315875,0.00486753226285724
0.316,0.00453358844099863
0.316125,0.00453358844099863
0.31625,0.00453358844099863
0.316375,0.00453358844099863
0.3165,0.00453358844099863
0.316625,0.00486753226285724
0.31675,0.00453358844099863
0.316875,0.00453358844099863
0.317,0.00453358844099863
0.317125,0.00486753226285724
0.31725,0.00453358844099863
0.317375,0.00453358844099863
0.3175,0.00486753226285724
0.317625,0.00453358844099863
0.31775,0.00453358844099863
0.317875,0.00453358844099863
0.318,0.00486753226285724
0.318125,0.00453358844099863
0.31825,0.00453358844099863
0.318375,0.00486753226285724
0.3185,0.00486753226285724
0.318625,0.00486753226285724
0.31875,0.00453358844099863
0.318875,0.00486753226285724
0.319,0.00486753226285724
0.319125,0.00486753226285724
0.31925,0.00453358844099863
0.319375,0.00453358844099863
0.3195,0.00486753226285724
0.319625,0.00486753226285724
0.31975,0.00453358844099863
0.319875,0.00453358844099863
0.32,0.00486753226285724
0.320125,0.00486753226285724
0.32025,0.00486753226285724
0.320375,0.00486753226285724
0.3205,0.00486753226285724
0.320625,0.00486753226285724
0.32075,0.00453358844099863
0.320875,0.00453358844099863
0.321,0.00486753226285724
0.321125,0.00453358844099863
0.32125,0.00453358844099863
0.321375,0.00486753226285724
0.3215,0.00486753226285724
0.321625,0.00486753226285724
0.32175,0.00486753226285724
0.321875,0.00486753226285724
0.322,0.00486753226285724
0.322125,0.00486753226285724
0.32225,0.00486753226285724
0.322375,0.00486753226285724
0.3225,0.00453358844099863
0.322625,0.00453358844099863
0.32275,0.00486753226285724
0.322875,0.00486753226285724
0.323,0.005201476084715852
0.323125,0.00486753226285724
0.32325,0.00486753226285724
0.323375,0.00486753226285724
0.3235,0.00486753226285724
0.323625,0.00486753226285724
0.32375,0.00486753226285724
0.323875,0.00486753226285724
0.324,0.005201476084715852
0.324125,0.00486753226285724
0.32425,0.005201476084715852
0.324375,0.005201476084715852
0.3245,0.005201476084715852
0.324625,0.00486753226285724
0.32475,0.00486753226285724
0.324875,0.005201476084715852
0.325,0.005201476084715852
0.325125,0.00486753226285724
0.32525,0.005201476084715852
0.325375,0.005201476084715852
0.3255,0.005201476084715852
0.325625,0.00486753226285724
0.32575,0.005201476084715852
0.325875,0.005201476084715852
0.326,0.00486753226285724
0.326125,0.00486753226285724
0.32625,0.00486753226285724
0.326375,0.005201476084715852
0.3265,0.005201476084715852
0.326625,0.00486753226285724
0.32675,0.00486753226285724
0.326875,0.00486753226285724
0.327,0.00486753226285724
0.327125,0.00486753226285724
0.32725,0.00486753226285724
0.327375,0.00486753226285724
0.3275,0.005201476084715852
0.327625,0.00486753226285724
0.32775,0.00486753226285724
0.327875,0.00486753226285724
0.328,0.005201476084715852
0.328125,0.00486753226285724
0.32825,0.005201476084715852
0.328375,0.005201476084715852
0.3285,0.00486753226285724
0.328625,0.00486753226285724
0.32875,0.005201476084715852
0.328875,0.00486753226285724
0.329,0.00486753226285724
0.329125,0.00486753226285724
0.32925,0.00486753226285724
0.329375,0.00486753226285724
0.3295,0.00486753226285724
0.329625,0.00486753226285724
0.32975,0.00486753226285724
0.329875,0.00486753226285724
0.33,0.00486753226285724
0.330125,0.00486753226285724
0.33025,0.00486753226285724
0.330375,0.00486753226285724
0.3305,0.005201476084715852
0.330625,0.00486753226285724
0.33075,0.005201476084715852
0.330875,0.005201476084715852
0.331,0.00486753226285724
0.331125,0.00486753226285724
0.33125,0.00486753226285724
0.331375,0.00453358844099863
0.3315,0.00486753226285724
0.331625,0.00486753226285724
0.33175,0.00486753226285724
0.331875,0.00453358844099863
0.332,0.00453358844099863
0.332125,0.00486753226285724
0.33225,0.00486753226285724
0.332375,0.00486753226285724
0.3325,0.00486753226285724
0.332625,0.00453358844099863
0.33275,0.00453358844099863
0.332875,0.00453358844099863
0.333,0.00453358844099863
0.333125,0.00453358844099863
0.33325,0.00486753226285724
0.333375,0.00486753226285724
0.3335,0.00486753226285724
0.333625,0.00486753226285724
0.33375,0.00453358844099863
0.333875,0.005201476084715852
0.334,0.00486753226285724
0.334125,0.00453358844099863
0.33425,0.00486753226285724
0.334375,0.00486753226285724
0.3345,0.00486753226285724
0.334625,0.00453358844099863
0.33475,0.00486753226285724
0.334875,0.00486753226285724
0.335,0.00486753226285724
0.335125,0.00453358844099863
0.33525,0.00453358844099863
0.335375,0.00486753226285724
0.3355,0.00453358844099863
0.335625,0.00453358844099863
0.33575,0.00486753226285724
0.335875,0.00453358844099863
0.336,0.00453358844099863
0.336125,0.00486753226285724
0.33625,0.00453358844099863
0.336375,0.00453358844099863
0.3365,0.00486753226285724
0.336625,0.00486753226285724
0.33675,0.00453358844099863
0.336875,0.00453358844099863
0.337,0.00453358844099863
0.337125,0.00453358844099863
0.33725,0.00486753226285724
0.337375,0.00453358844099863
0.3375,0.00453358844099863
0.337625,0.00453358844099863
0.33775,0.00453358844099863
0.337875,0.00453358844099863
0.338,0.00453358844099863
0.338125,0.00453358844099863
0.33825,0.00486753226285724
0.338375,0.00486753226285724
0.3385,0.00486753226285724
0.338625,0.005201476084715852
0.33875,0.00486753226285724
0.338875,0.00486753226285724
0.339,0.00486753226285724
0.339125,0.00486753226285724
0.33925,0.00486753226285724
0.339375,0.005201476084715852
0.3395,0.005201476084715852
0.339625,0.005201476084715852
0.33975,0.005201476084715852
0.339875,0.005201476084715852
0.34,0.005201476084715852
0.340125,0.005201476084715852
0.34025,0.00486753226285724
0.340375,0.00486753226285724
0.3405,0.00486753226285724
0.340625,0.00486753226285724
0.34075,0.00486753226285724
0.340875,0.00486753226285724
0.341,0.00486753226285724
0.341125,0.00486753226285724
0.34125,0.00486753226285724
0.341375,0.00486753226285724
0.3415,0.00486753226285724
0.341625,0.00486753226285724
0.34175,0.00486753226285724
0.341875,0.00486753226285724
0.342,0.00486753226285724
0.342125,0.00453358844099863
0.34225,0.00486753226285724
0.342375,0.00486753226285724
0.3425,0.00486753226285724
0.342625,0.00486753226285724
0.34275,0.005201476084715852
0.342875,0.005201476084715852
0.343,0.00486753226285724
0.343125,0.00486753226285724
0.34325,0.00486753226285724
0.343375,0.005201476084715852
0.3435,0.005201476084715852
0.343625,0.00486753226285724
0.34375,0.00486753226285724
0.343875,0.005201476084715852
0.344,0.00486753226285724
0.344125,0.00486753226285724
0.34425,0.00486753226285724
0.344375,0.005201476084715852
0.3445,0.00486753226285724
0.344625,0.005201476084715852
0.34475,0.005201476084715852
0.344875,0.005201476084715852
0.345,0.00486753226285724
0.345125,0.00486753226285724
0.34525,0.00486753226285724
0.345375,0.00486753226285724
0.3455,0.00486753226285724
0.345625,0.00486753226285724
0.34575,0.00486753226285724
0.345875,0.00486753226285724
0.346,0.00486753226285724
0.346125,0.00486753226285724
0.34625,0.005201476084715852
0.346375,0.00486753226285724
0.3465,0.00486753226285724
0.346625,0.00486753226285724
0.34675,0.005201476084715852
0.346875,0.00486753226285724
0.347,0.005201476084715852
0.347125,0.00486753226285724
0.34725,0.005201476084715852
0.347375,0.00486753226285724
0.3475,0.005201476084715852
0.347625,0.00486753226285724
0.34775,0.005201476084715852
0.347875,0.00486753226285724
0.348,0.00486753226285724
0.348125,0.005201476084715852
0.34825,0.005201476084715852
0.348375,0.00486753226285724
0.3485,0.005201476084715852
0.348625,0.00486753226285724
0.34875,0.00486753226285724
0.348875,0.00486753226285724
0.349,0.00486753226285724
0.349125,0.005201476084715852
0.34925,0.00486753226285724
0.349375,0.005201476084715852
0.3495,0.00486753226285724
0.349625,0.00486753226285724
0.34975,0.00486753226285724
0.349875,0.005201476084715852
0.35,0.00486753226285724
0.350125,0.005201476084715852
0.35025,0.00486753226285724
0.350375,0.005201476084715852
0.3505,0.005201476084715852
0.350625,0.005201476084715852
0.35075,0.005201476084715852
0.350875,0.005201476084715852
0.351,0.00486753226285724
0.351125,0.00486753226285724
0.35125,0.00486753226285724
0.351375,0.005201476084715852
0.3515,0.00486753226285724
0.351625,0.00486753226285724
0.35175,0.00486753226285724
0.351875,0.00486753226285724
0.352,0.00486753226285724
0.352125,0.00486753226285724
0.35225,0.00486753226285724
0.352375,0.00486753226285724
0.3525,0.00486753226285724
0.352625,0.00486753226285724
0.35275,0.00486753226285724
0.352875,0.005201476084715852
0.353,0.00486753226285724
0.353125,0.00486753226285724
0.35325,0.00486753226285724
0.353375,0.00486753226285724
0.3535,0.00486753226285724
0.353625,0.00486753226285724
0.35375,0.00486753226285724
0.353875,0.00486753226285724
0.354,0.00486753226285724
0.354125,0.00453358844099863
0.35425,0.00486753226285724
0.354375,0.00486753226285724
0.3545,0.00486753226285724
0.354625,0.00486753226285724
0.35475,0.00486753226285724
0.354875,0.005201476084715852
0.355,0.00486753226285724
0.355125,0.00486753226285724
0.35525,0.005535419906574463
0.355375,0.005201476084715852
0.3555,0.005201476084715852
0.355625,0.005201476084715852
0.35575,0.005201476084715852
0.355875,0.00486753226285724
0.356,0.00486753226285724
0.356125,0.00486753226285724
0.35625,0.00486753226285724
0.356375,0.00486753226285724
0.3565,0.00486753226285724
0.356625,0.00486753226285724
0.35675,0.00453358844099863
0.356875,0.00486753226285724
0.357,0.00486753226285724
0.357125,0.00486753226285724
0.35725,0.00486753226285724
0.357375,0.00486753226285724
0.3575,0.00453358844099863
0.357625,0.00486753226285724
0.35775,0.00486753226285724
0.357875,0.005201476084715852
0.358,0.00486753226285724
0.358125,0.00486753226285724
0.35825,0.00486753226285724
0.358375,0.00486753226285724
0.3585,0.00486753226285724
0.358625,0.00486753226285724
0.35875,0.00486753226285724
0.358875,0.00453358844099863
0.359,0.00486753226285724
0.359125,0.00486753226285724
0.35925,0.00486753226285724
0.359375,0.00453358844099863
0.3595,0.00486753226285724
0.359625,0.00486753226285724
0.35975,0.00486753226285724
0.359875,0.00486753226285724
0.36,0.005201476084715852
0.360125,0.00453358844099863
0.36025,0.00486753226285724
0.360375,0.00453358844099863
0.3605,0.00486753226285724
0.360625,0.00486753226285724
0.36075,0.00486753226285724
0.360875,0.00486753226285724
0.361,0.005201476084715852
0.361125,0.00486753226285724
0.36125,0.00486753226285724
0.361375,0.00453358844099863
0.3615,0.00453358844099863
0.361625,0.00453358844099863
0.36175,0.00453358844099863
0.361875,0.00453358844099863
0.362,0.005201476084715852
0.362125,0.00486753226285724
0.36225,0.00486753226285724
0.362375,0.005201476084715852
0.3625,0.00486753226285724
0.362625,0.00486753226285724
0.36275,0.00486753226285724
0.362875,0.00486753226285724
0.363,0.00486753226285724
0.363125,0.005201476084715852
0.36325,0.00486753226285724
0.363375,0.00486753226285724
0.3635,0.00486753226285724
0.363625,0.00486753226285724
0.36375,0.005201476084715852
0.363875,0.005201476084715852
0.364,0.00486753226285724
0.364125,0.00486753226285724
0.36425,0.00486753226285724
0.364375,0.00486753226285724
0.3645,0.00486753226285724
0.364625,0.00486753226285724
0.36475,0.00486753226285724
0.364875,0.005201476084715852
0.365,0.00486753226285724
0.365125,0.005201476084715852
0.36525,0.00486753226285724
0.365375,0.00486753226285724
0.3655,0.005201476084715852
0.365625,0.005201476084715852
0.36575,0.005201476084715852
0.365875,0.005201476084715852
0.366,0.00486753226285724
0.366125,0.00486753226285724
0.36625,0.00486753226285724
0.366375,0.00486753226285724
0.3665,0.00486753226285724
0.366625,0.00486753226285724
0.36675,0.00486753226285724
0.366875,0.00486753226285724
0.367,0.005201476084715852
0.367125,0.005201476084715852
0.36725,0.005201476084715852
0.367375,0.005201476084715852
0.3675,0.00486753226285724
0.367625,0.005201476084715852
0.36775,0.00486753226285724
0.367875,0.005201476084715852
0.368,0.005201476084715852
0.368125,0.005201476084715852
0.36825,0.00486753226285724
0.368375,0.005201476084715852
0.3685,0.00486753226285724
0.368625,0.005201476084715852
0.36875,0.00486753226285724
0.368875,0.00486753226285724
0.369,0.005201476084715852
0.369125,0.005201476084715852
0.36925,0.005201476084715852
0.369375,0.00486753226285724
0.3695,0.00486753226285724
0.369625,0.005201476084715852
0.36975,0.00486753226285724
0.369875,0.00486753226285724
0.37,0.00486753226285724
0.370125,0.005201476084715852
0.37025,0.00486753226285724
0.370375,0.005201476084715852
0.3705,0.005201476084715852
0.370625,0.00486753226285724
0.37075,0.00486753226285724
0.370875,0.00486753226285724
0.371,0.005201476084715852
0.371125,0.00486753226285724
0.37125,0.00486753226285724
0.371375,0.00486753226285724
0.3715,0.005201476084715852
0.371625,0.005201476084715852
0.37175,0.00486753226285724
0.371875,0.00486753226285724
0.372,0.00486753226285724
0.372125,0.00486753226285724
0.37225,0.00486753226285724
0.372375,0.00486753226285724
0.3725,0.00486753226285724
0.372625,0.00453358844099863
0.37275,0.00453358844099863
0.372875,0.00486753226285724
0.373,0.00486753226285724
0.373125,0.00486753226285724
0.37325,0.00453358844099863
0.373375,0.00453358844099863
0.3735,0.005201476084715852
0.373625,0.00486753226285724
0.37375,0.00486753226285724
0.373875,0.00486753226285724
0.374,0.00453358844099863
0.374125,0.00486753226285724
0.37425,0.00453358844099863
0.374375,0.00453358844099863
0.3745,0.00453358844099863
0.374625,0.00486753226285724
0.37475,0.00486753226285724
0.374875,0.00486753226285724
0.375,0.00486753226285724
0.375125,0.00453358844099863
0.37525,0.00486753226285724
0.375375,0.00453358844099863
0.3755,0.00486753226285724
0.375625,0.00486753226285724
0.37575,0.00453358844099863
0.375875,0.00453358844099863
0.376,0.00486753226285724
0.376125,0.00486753226285724
0.37625,0.00486753226285724
0.376375,0.00486753226285724
0.3765,0.00486753226285724
0.376625,0.00486753226285724
0.37675,0.00486753226285724
0.376875,0.00486753226285724
0.377,0.00453358844099863
0.377125,0.00453358844099863
0.37725,0.00453358844099863
0.377375,0.00453358844099863
0.3775,0.00453358844099863
0.377625,0.005201476084715852
0.37775,0.00486753226285724
0.377875,0.00486753226285724
0.378,0.00486753226285724
0.378125,0.00486753226285724
0.37825,0.00486753226285724
0.378375,0.00453358844099863
0.3785,0.00453358844099863
0.378625,0.00453358844099863
0.37875,0.00486753226285724
0.378875,0.00453358844099863
0.379,0.00486753226285724
0.379125,0.00453358844099863
0.37925,0.00453358844099863
0.379375,0.00453358844099863
0.3795,0.00486753226285724
0.379625,0.00486753226285724
0.37975,0.00486753226285724
0.379875,0.00486753226285724
0.38,0.00486753226285724
0.380125,0.00453358844099863
0.38025,0.00486753226285724
0.380375,0.00486753226285724
0.3805,0.00486753226285724
0.380625,0.00486753226285724
0.38075,0.00486753226285724
0.380875,0.00486753226285724
0.381,0.00486753226285724
0.381125,0.00486753226285724
0.38125,0.00486753226285724
0.381375,0.00486753226285724
0.3815,0.00453358844099863
0.381625,0.00486753226285724
0.38175,0.00486753226285724
0.381875,0.005201476084715852
0.382,0.00486753226285724
0.382125,0.005201476084715852
0.38225,0.005201476084715852
0.382375,0.005201476084715852
0.3825,0.00486753226285724
0.382625,0.00486753226285724
0.38275,0.00486753226285724
0.382875,0.00486753226285724
0.383,0.00486753226285724
0.383125,0.00486753226285724
0.38325,0.005201476084715852
0.383375,0.005201476084715852
0.3835,0.00486753226285724
0.383625,0.00486753226285724
0.38375,0.00486753226285724
0.383875,0.00486753226285724
0.384,0.00486753226285724
0.384125,0.00486753226285724
0.38425,0.00486753226285724
0.384375,0.00486753226285724
0.3845,0.00486753226285724
0.384625,0.00453358844099863
0.38475,0.00486753226285724
0.384875,0.00486753226285724
0.385,0.00486753226285724
0.385125,0.005201476084715852
0.38525,0.005201476084715852
0.385375,0.005201476084715852
0.3855,0.00486753226285724
0.385625,0.00486753226285724
0.38575,0.00486753226285724
0.385875,0.00486753226285724
0.386,0.005201476084715852
0.386125,0.005201476084715852
0.38625,0.005201476084715852
0.386375,0.00486753226285724
0.3865,0.00486753226285724
0.386625,0.00486753226285724
0.38675,0.00486753226285724
0.386875,0.00486753226285724
0.387,0.00486753226285724
0.387125,0.005201476084715852
0.38725,0.00486753226285724
0.387375,0.00453358844099863
0.3875,0.00486753226285724
0.387625,0.00486753226285724
0.38775,0.00486753226285724
0.387875,0.00486753226285724
0.388,0.00486753226285724
0.388125,0.005201476084715852
0.38825,0.00486753226285724
0.388375,0.005201476084715852
0.3885,0.005201476084715852
0.388625,0.00486753226285724
0.38875,0.005201476084715852
0.388875,0.00486753226285724
0.389,0.00486753226285724
0.389125,0.00486753226285724
0.38925,0.00486753226285724
0.389375,0.00486753226285724
0.3895,0.00453358844099863
0.389625,0.00486753226285724
0.38975,0.005201476084715852
0.389875,0.005201476084715852
0.39,0.005201476084715852
0.390125,0.005201476084715852
0.39025,0.00486753226285724
0.390375,0.00486753226285724
0.3905,0.005201476084715852
0.390625,0.005201476084715852
0.39075,0.00486753226285724
0.390875,0.005201476084715852
0.391,0.005201476084715852
0.391125,0.00486753226285724
0.39125,0.00486753226285724
0.391375,0.00486753226285724
0.3915,0.00486753226285724
0.391625,0.00486753226285724
0.39175,0.00486753226285724
0.391875,0.00453358844099863
0.392,0.00486753226285724
0.392125,0.005201476084715852
0.39225,0.00453358844099863
0.392375,0.00486753226285724
0.3925,0.00453358844099863
0.392625,0.00453358844099863
0.39275,0.00486753226285724
0.392875,0.00486753226285724
0.393,0.00486753226285724
0.393125,0.00486753226285724
0.39325,0.00486753226285724
0.393375,0.00453358844099863
0.3935,0.00453358844099863
0.393625,0.00453358844099863
0.39375,0.00486753226285724
0.393875,0.00453358844099863
0.394,0.00453358844099863
0.394125,0.00453358844099863
0.39425,0.00453358844099863
0.394375,0.00453358844099863
0.3945,0.00486753226285724
0.394625,0.00486753226285724
0.39475,0.00486753226285724
0.394875,0.00486753226285724
0.395,0.00486753226285724
0.395125,0.005201476084715852
0.39525,0.00486753226285724
0.395375,0.00486753226285724
0.3955,0.005201476084715852
0.395625,0.005201476084715852
0.39575,0.00486753226285724
0.395875,0.00453358844099863
0.396,0.00486753226285724
0.396125,0.004199644619140019
0.39625,0.00453358844099863
0.396375,0.00453358844099863
0.3965,0.00453358844099863
0.396625,0.00453358844099863
0.39675,0.00486753226285724
0.396875,0.00453358844099863
0.397,0.00453358844099863
0.397125,0.00453358844099863
0.39725,0.00453358844099863
0.397375,0.00453358844099863
0.3975,0.00453358844099863
0.397625,0.00486753226285724
0.39775,0.00486753226285724
0.397875,0.00453358844099863
0.398,0.00486753226285724
0.398125,0.00453358844099863
0.39825,0.00453358844099863
0.398375,0.00486753226285724
0.3985,0.00486753226285724
0.398625,0.00486753226285724
0.39875,0.00486753226285724
0.398875,0.00486753226285724
0.399,0.00486753226285724
0.399125,0.00486753226285724
0.39925,0.00453358844099863
0.399375,0.00486753226285724
0.3995,0.00486753226285724
0.399625,0.00453358844099863
0.39975,0.00486753226285724
0.399875,0.00486753226285724
0.4,0.00453358844099863
0.400125,0.00486753226285724
0.40025,0.00453358844099863
0.400375,0.00486753226285724
0.4005,0.00486753226285724
0.400625,0.00486753226285724
0.40075,0.00486753226285724
0.400875,0.00453358844099863
0.401,0.00453358844099863
0.401125,0.00453358844099863
0.40125,0.00453358844099863
0.401375,0.00486753226285724
0.4015,0.00486753226285724
0.401625,0.00486753226285724
0.40175,0.00486753226285724
0.401875,0.00486753226285724
0.402,0.00486753226285724
0.402125,0.00486753226285724
0.40225,0.00486753226285724
0.402375,0.00486753226285724
0.4025,0.00486753226285724
0.402625,0.005201476084715852
0.40275,0.00486753226285724
0.402875,0.00486753226285724
0.403,0.00486753226285724
0.403125,0.00486753226285724
0.40325,0.00486753226285724
0.403375,0.005201476084715852
0.4035,0.00486753226285724
0.403625,0.00486753226285724
0.40375,0.00486753226285724
0.403875,0.00486753226285724
0.404,0.00486753226285724
0.404125,0.00486753226285724
0.40425,0.00486753226285724
0.404375,0.00486753226285724
0.4045,0.00486753226285724
0.404625,0.00486753226285724
0.40475,0.00486753226285724
0.404875,0.00486753226285724
0.405,0.005201476084715852
0.405125,0.00486753226285724
0.40525,0.00486753226285724
0.405375,0.00486753226285724
0.4055,0.00486753226285724
0.405625,0.00486753226285724
0.40575,0.00486753226285724
0.405875,0.00486753226285724
0.406,0.00486753226285724
0.406125,0.00453358844099863
0.40625,0.00486753226285724
0.406375,0.00486753226285724
0.4065,0.00486753226285724
0.406625,0.00453358844099863
0.40675,0.005201476084715852
0.406875,0.00486753226285724
0.407,0.00486753226285724
0.407125,0.00486753226285724
0.40725,0.00486753226285724
0.407375,0.00486753226285724
0.4075,0.00486753226285724
0.407625,0.00486753226285724
0.40775,0.005201476084715852
0.407875,0.00486753226285724
0.408,0.00486753226285724
0.408125,0.00486753226285724
0.40825,0.00486753226285724
0.408375,0.005201476084715852
0.4085,0.005201476084715852
0.408625,0.005201476084715852
0.40875,0.005201476084715852
0.408875,0.005201476084715852
0.409,0.005201476084715852
0.409125,0.005201476084715852
0.40925,0.005201476084715852
0.409375,0.00486753226285724
0.4095,0.00486753226285724
0.409625,0.00486753226285724
0.40975,0.00486753226285724
0.409875,0.00486753226285724
0.41,0.005201476084715852
0.410125,0.00486753226285724
0.41025,0.00486753226285724
0.410375,0.00486753226285724
0.4105,0.00486753226285724
0.410625,0.005201476084715852
0.41075,0.005535419906574463
0.410875,0.005201476084715852
0.411,0.00486753226285724
0.411125,0.00486753226285724
0.41125,0.00486753226285724
0.411375,0.005201476084715852
0.4115,0.00486753226285724
0.411625,0.00486753226285724
0.41175,0.00486753226285724
0.411875,0.00486753226285724
0.412,0.00486753226285724
0.412125,0.00453358844099863
0.41225,0.00453358844099863
0.412375,0.00486753226285724
0.4125,0.00486753226285724
0.412625,0.00486753226285724
0.41275,0.00486753226285724
0.412875,0.00486753226285724
0.413,0.00486753226285724
0.413125,0.00486753226285724
0.41325,0.005201476084715852
0.413375,0.00453358844099863
0.4135,0.00486753226285724
0.413625,0.00453358844099863
0.41375,0.00486753226285724
0.413875,0.00486753226285724
0.414,0.00486753226285724
0.414125,0.00453358844099863
0.41425,0.00453358844099863
0.414375,0.00486753226285724
0.4145,0.00486753226285724
0.414625,0.00486753226285724
0.41475,0.00486753226285724
0.414875,0.00453358844099863
0.415,0.00453358844099863
0.415125,0.00486753226285724
0.41525,0.00486753226285724
0.415375,0.00486753226285724
0.4155,0.00486753226285724
0.415625,0.00453358844099863
0.41575,0.00453358844099863
0.415875,0.00453358844099863
0.416,0.00486753226285724
0.416125,0.00453358844099863
0.41625,0.00486753226285724
0.416375,0.00453358844099863
0.4165,0.00486753226285724
0.416625,0.00486753226285724
0.41675,0.00453358844099863
0.416875,0.00453358844099863
0.417,0.00453358844099863
0.417125,0.00486753226285724
0.41725,0.00486753226285724
0.417375,0.00486753226285724
0.4175,0.00453358844099863
0.417625,0.00486753226285724
0.41775,0.00453358844099863
0.417875,0.00453358844099863
0.418,0.00453358844099863
0.418125,0.00453358844099863
0.41825,0.00486753226285724
0.418375,0.00453358844099863
0.4185,0.00486753226285724
0.418625,0.00486753226285724
0.41875,0.00486753226285724
0.418875,0.00486753226285724
0.419,0.00453358844099863
0.419125,0.00486753226285724
0.41925,0.00453358844099863
0.419375,0.00453358844099863
0.4195,0.00486753226285724
0.419625,0.00486753226285724
0.41975,0.00486753226285724
0.419875,0.00453358844099863
0.42,0.00453358844099863
0.420125,0.005201476084715852
0.42025,0.00486753226285724
0.420375,0.00453358844099863
0.4205,0.00486753226285724
0.420625,0.00486753226285724
0.42075,0.00486753226285724
0.420875,0.00453358844099863
0.421,0.00486753226285724
0.421125,0.00453358844099863
0.42125,0.00453358844099863
0.421375,0.00486753226285724
0.4215,0.00486753226285724
0.421625,0.00486753226285724
0.42175,0.00486753226285724
0.421875,0.00453358844099863
0.422,0.00486753226285724
0.422125,0.00486753226285724
0.42225,0.00486753226285724
0.422375,0.00486753226285724
0.4225,0.005201476084715852
0.422625,0.005201476084715852
0.42275,0.005201476084715852
0.422875,0.005201476084715852
0.423,0.005201476084715852
0.423125,0.005201476084715852
0.42325,0.005201476084715852
0.423375,0.005201476084715852
0.4235,0.00486753226285724
0.423625,0.00486753226285724
0.42375,0.00486753226285724
0.423875,0.00486753226285724
0.424,0.00486753226285724
0.424125,0.00486753226285724
0.42425,0.00453358844099863
0.424375,0.00486753226285724
0.4245,0.00486753226285724
0.424625,0.00486753226285724
0.42475,0.00486753226285724
0.424875,0.00486753226285724
0.425,0.00486753226285724
0.425125,0.00486753226285724
0.42525,0.00486753226285724
0.425375,0.00486753226285724
0.4255,0.00453358844099863
0.425625,0.00486753226285724
0.42575,0.00486753226285724
0.425875,0.00486753226285724
0.426,0.00486753226285724
0.426125,0.00486753226285724
0.42625,0.00486753226285724
0.426375,0.005201476084715852
0.4265,0.00486753226285724
0.426625,0.005201476084715852
0.42675,0.00486753226285724
0.426875,0.00486753226285724
0.427,0.00486753226285724
0.427125,0.005201476084715852
0.42725,0.00486753226285724
0.427375,0.00486753226285724
0.4275,0.005201476084715852
0.427625,0.00486753226285724
0.42775,0.00486753226285724
0.427875,0.00486753226285724
0.428,0.00486753226285724
0.428125,0.00486753226285724
0.42825,0.00486753226285724
0.428375,0.00486753226285724
0.4285,0.00486753226285724
0.428625,0.00486753226285724
0.42875,0.005201476084715852
0.428875,0.00486753226285724
0.429,0.00486753226285724
0.429125,0.005201476084715852
0.42925,0.00486753226285724
0.429375,0.00453358844099863
0.4295,0.00486753226285724
0.429625,0.00486753226285724
0.42975,0.00486753226285724
0.429875,0.00486753226285724
0.43,0.00453358844099863
0.430125,0.00486753226285724
0.43025,0.00486753226285724
0.430375,0.005201476084715852
0.4305,0.005201476084715852
0.430625,0.00486753226285724
0.43075,0.00486753226285724
0.430875,0.005201476084715852
0.431,0.00486753226285724
0.431125,0.00486753226285724
0.43125,0.00486753226285724
0.431375,0.00486753226285724
0.4315,0.00486753226285724
0.431625,0.00486753226285724
0.43175,0.00486753226285724
0.431875,0.00486753226285724
0.432,0.00486753226285724
0.432125,0.00486753226285724
0.43225,0.00486753226285724
0.432375,0.00486753226285724
0.4325,0.00486753226285724
0.432625,0.00453358844099863
0.43275,0.00453358844099863
0.432875,0.00453358844099863
0.433,0.00486753226285724
0.433125,0.00486753226285724
0.43325,0.00453358844099863
0.433375,0.00486753226285724
0.4335,0.00486753226285724
0.433625,0.00486753226285724
0.43375,0.00453358844099863
0.433875,0.00486753226285724
0.434,0.00453358844099863
0.434125,0.00486753226285724
0.43425,0.00453358844099863
0.434375,0.00453358844099863
0.4345,0.00486753226285724
0.434625,0.00453358844099863
0.43475,0.00453358844099863
0.434875,0.00453358844099863
0.435,0.00453358844099863
0.435125,0.00453358844099863
0.43525,0.00453358844099863
0.435375,0.00486753226285724
0.4355,0.00453358844099863
0.435625,0.00453358844099863
0.43575,0.00486753226285724
0.435875,0.005201476084715852
0.436,0.00486753226285724
0.436125,0.00486753226285724
0.43625,0.00486753226285724
0.436375,0.00486753226285724
0.4365,0.00486753226285724
0.436625,0.005201476084715852
0.43675,0.00486753226285724
0.436875,0.00486753226285724
0.437,0.00486753226285724
0.437125,0.00453358844099863
0.43725,0.00453358844099863
0.437375,0.00453358844099863
0.4375,0.00453358844099863
0.437625,0.00453358844099863
0.43775,0.00453358844099863
0.437875,0.00453358844099863
0.438,0.00453358844099863
0.438125,0.00486753226285724
0.43825,0.00486753226285724
0.438375,0.00453358844099863
0.4385,0.00453358844099863
0.438625,0.00453358844099863
0.43875,0.00453358844099863
0.438875,0.00453358844099863
0.439,0.00453358844099863
0.439125,0.00486753226285724
0.43925,0.00486753226285724
0.439375,0.00486753226285724
0.4395,0.00453358844099863
0.439625,0.00486753226285724
0.43975,0.00486753226285724
0.439875,0.00486753226285724
0.44,0.00453358844099863
0.440125,0.00453358844099863
0.44025,0.00453358844099863
0.440375,0.00453358844099863
0.4405,0.00486753226285724
0.440625,0.00486753226285724
0.44075,0.00486753226285724
0.440875,0.00486753226285724
0.441,0.00486753226285724
0.441125,0.00453358844099863
0.44125,0.00453358844099863
0.441375,0.00453358844099863
0.4415,0.00486753226285724
0.441625,0.00453358844099863
0.44175,0.00453358844099863
0.441875,0.00486753226285724
0.442,0.00486753226285724
0.442125,0.00486753226285724
0.44225,0.00453358844099863
0.442375,0.00453358844099863
0.4425,0.00453358844099863
0.442625,0.00486753226285724
0.44275,0.00486753226285724
0.442875,0.005201476084715852
0.443,0.00486753226285724
0.443125,0.00486753226285724
0.44325,0.00486753226285724
0.443375,0.00486753226285724
0.4435,0.005201476084715852
0.443625,0.00486753226285724
0.44375,0.00486753226285724
0.443875,0.00486753226285724
0.444,0.00486753226285724
0.444125,0.00486753226285724
0.44425,0.00486753226285724
0.444375,0.00486753226285724
0.4445,0.00486753226285724
0.444625,0.00486753226285724
0.44475,0.00453358844099863
0.444875,0.00486753226285724
0.445,0.00486753226285724
0.445125,0.00486753226285724
0.44525,0.005201476084715852
0.445375,0.00486753226285724
0.4455,0.00453358844099863
0.445625,0.00486753226285724
0.44575,0.00486753226285724
0.445875,0.00486753226285724
0.446,0.00486753226285724
0.446125,0.00486753226285724
0.44625,0.005201476084715852
0.446375,0.00486753226285724
0.4465,0.00486753226285724
0.446625,0.00486753226285724
0.44675,0.005201476084715852
0.446875,0.00486753226285724
0.447,0.005201476084715852
0.447125,0.005201476084715852
0.44725,0.00486753226285724
0.447375,0.00486753226285724
0.4475,0.00486753226285724
0.447625,0.00486753226285724
0.44775,0.00486753226285724
0.447875,0.005201476084715852
0.448,0.005201476084715852
0.448125,0.00486753226285724
0.44825,0.005201476084715852
0.448375,0.005201476084715852
0.4485,0.005201476084715852
0.448625,0.005201476084715852
0.44875,0.005201476084715852
0.448875,0.005201476084715852
0.449,0.00486753226285724
0.449125,0.00486753226285724
0.44925,0.005201476084715852
0.449375,0.00486753226285724
0.4495,0.00486753226285724
0.449625,0.00486753226285724
0.44975,0.00486753226285724
0.449875,0.00486753226285724
0.45,0.00486753226285724
0.450125,0.00486753226285724
0.45025,0.00486753226285724
0.450375,0.00486753226285724
0.4505,0.00486753226285724
0.450625,0.005201476084715852
0.45075,0.00486753226285724
0.450875,0.00486753226285724
0.451,0.00453358844099863
0.451125,0.00486753226285724
0.45125,0.00453358844099863
0.451375,0.00486753226285724
0.4515,0.00486753226285724
0.451625,0.00486753226285724
0.45175,0.00486753226285724
0.451875,0.00486753226285724
0.452,0.00486753226285724
0.452125,0.00453358844099863
0.45225,0.00486753226285724
0.452375,0.00486753226285724
0.4525,0.00453358844099863
0.452625,0.00486753226285724
0.45275,0.00453358844099863
0.452875,0.00486753226285724
0.453,0.00486753226285724
0.453125,0.00453358844099863
0.45325,0.00453358844099863
0.453375,0.00453358844099863
0.4535,0.00453358844099863
0.453625,0.00453358844099863
0.45375,0.00486753226285724
0.453875,0.00453358844099863
0.454,0.00453358844099863
0.454125,0.00486753226285724
0.45425,0.00453358844099863
0.454375,0.00453358844099863
0.4545,0.00453358844099863
0.454625,0.00453358844099863
0.45475,0.00486753226285724
0.454875,0.00453358844099863
0.455,0.00486753226285724
0.455125,0.00453358844099863
0.45525,0.00453358844099863
0.455375,0.00453358844099863
0.4555,0.004199644619140019
0.455625,0.00453358844099863
0.45575,0.00453358844099863
0.455875,0.00453358844099863
0.456,0.00453358844099863
0.456125,0.00453358844099863
0.45625,0.00486753226285724
0.456375,0.00453358844099863
0.4565,0.00453358844099863
0.456625,0.00453358844099863
0.45675,0.00453358844099863
0.456875,0.00486753226285724
0.457,0.00453358844099863
0.457125,0.00453358844099863
0.45725,0.00453358844099863
0.457375,0.00486753226285724
0.4575,0.00486753226285724
0.457625,0.00453358844099863
0.45775,0.00453358844099863
0.457875,0.00453358844099863
0.458,0.00453358844099863
0.458125,0.00453358844099863
0.45825,0.00453358844099863
0.458375,0.00486753226285724
0.4585,0.00486753226285724
0.458625,0.00453358844099863
0.45875,0.00486753226285724
0.458875,0.00486753226285724
0.459,0.00453358844099863
0.459125,0.00486753226285724
0.45925,0.00453358844099863
0.459375,0.00453358844099863
0.4595,0.00486753226285724
0.459625,0.00486753226285724
0.45975,0.00453358844099863
0.459875,0.00453358844099863
0.46,0.00453358844099863
0.460125,0.00453358844099863
0.46025,0.00486753226285724
0.460375,0.00453358844099863
0.4605,0.00453358844099863
0.460625,0.00453358844099863
0.46075,0.00486753226285724
0.460875,0.00486753226285724
0.461,0.00486753226285724
0.461125,0.00486753226285724
0.46125,0.00486753226285724
0.461375,0.00453358844099863
0.4615,0.00486753226285724
0.461625,0.00486753226285724
0.46175,0.00486753226285724
0.461875,0.00486753226285724
0.462,0.00486753226285724
0.462125,0.005201476084715852
0.46225,0.005201476084715852
0.462375,0.005201476084715852
0.4625,0.005201476084715852
0.462625,0.005201476084715852
0.46275,0.00486753226285724
0.462875,0.00486753226285724
0.463,0.00486753226285724
0.463125,0.00486753226285724
0.46325,0.00486753226285724
0.463375,0.00453358844099863
0.4635,0.00486753226285724
0.463625,0.00486753226285724
0.46375,0.00486753226285724
0.463875,0.00486753226285724
0.464,0.00486753226285724
0.464125,0.00486753226285724
0.46425,0.00486753226285724
0.464375,0.00486753226285724
0.4645,0.00486753226285724
0.464625,0.00486753226285724
0.46475,0.00453358844099863
0.464875,0.00486753226285724
0.465,0.00486753226285724
0.465125,0.005201476084715852
0.46525,0.00486753226285724
0.465375,0.00486753226285724
0.4655,0.00486753226285724
0.465625,0.00453358844099863
0.46575,0.00453358844099863
0.465875,0.00453358844099863
0.466,0.00486753226285724
0.466125,0.00486753226285724
0.46625,0.00486753226285724
0.466375,0.00486753226285724
0.4665,0.005201476084715852
0.466625,0.00486753226285724
0.46675,0.00453358844099863
0.466875,0.00486753226285724
0.467,0.00486753226285724
0.467125,0.00486753226285724
0.46725,0.00486753226285724
0.467375,0.00486753226285724
0.4675,0.00453358844099863
0.467625,0.00486753226285724
0.46775,0.00486753226285724
0.467875,0.00486753226285724
0.468,0.00486753226285724
0.468125,0.00486753226285724
0.46825,0.00453358844099863
0.468375,0.00486753226285724
0.4685,0.00486753226285724
0.468625,0.00486753226285724
0.46875,0.00486753226285724
0.468875,0.00453358844099863
0.469,0.00453358844099863
0.469125,0.00486753226285724
0.46925,0.00486753226285724
0.469375,0.00486753226285724
0.4695,0.00486753226285724
0.469625,0.00486753226285724
0.46975,0.00486753226285724
0.469875,0.00486753226285724
0.47,0.00486753226285724
0.470125,0.00486753226285724
0.47025,0.00486753226285724
0.470375,0.00486753226285724
0.4705,0.00453358844099863
0.470625,0.00486753226285724
0.47075,0.005201476084715852
0.470875,0.00453358844099863
0.471,0.00453358844099863
0.471125,0.00486753226285724
0.47125,0.00453358844099863
0.471375,0.00453358844099863
0.4715,0.00453358844099863
0.471625,0.00486753226285724
0.47175,0.00453358844099863
0.471875,0.00453358844099863
0.472,0.00453358844099863
0.472125,0.00453358844099863
0.47225,0.00453358844099863
0.472375,0.00486753226285724
0.4725,0.00453358844099863
0.472625,0.004199644619140019
0.47275,0.00486753226285724
0.472875,0.00453358844099863
0.473,0.00453358844099863
0.473125,0.00486753226285724
0.47325,0.00453358844099863
0.473375,0.00453358844099863
0.4735,0.00453358844099863
0.473625,0.00453358844099863
0.47375,0.00486753226285724
0.473875,0.00453358844099863
0.474,0.00453358844099863
0.474125,0.00453358844099863
0.47425,0.00486753226285724
0.474375,0.004199644619140019
0.4745,0.00453358844099863
0.474625,0.00453358844099863
0.47475,0.00486753226285724
0.474875,0.00486753226285724
0.475,0.00486753226285724
0.475125,0.00453358844099863
0.47525,0.00486753226285724
0.475375,0.00486753226285724
0.4755,0.005201476084715852
0.475625,0.005201476084715852
0.47575,0.00486753226285724
0.475875,0.00486753226285724
0.476,0.00486753226285724
0.476125,0.00453358844099863
0.47625,0.00453358844099863
0.476375,0.00453358844099863
0.4765,0.00453358844099863
0.476625,0.00453358844099863
0.47675,0.00453358844099863
0.476875,0.00486753226285724
0.477,0.00453358844099863
0.477125,0.00453358844099863
0.47725,0.00453358844099863
0.477375,0.00453358844099863
0.4775,0.00453358844099863
0.477625,0.00453358844099863
0.47775,0.00453358844099863
0.477875,0.00453358844099863
0.478,0.00486753226285724
0.478125,0.00453358844099863
0.47825,0.00453358844099863
0.478375,0.00486753226285724
0.4785,0.00453358844099863
0.478625,0.00486753226285724
0.47875,0.00453358844099863
0.478875,0.00453358844099863
0.479,0.00453358844099863
0.479125,0.00453358844099863
0.47925,0.00453358844099863
0.479375,0.00453358844099863
0.4795,0.00453358844099863
0.479625,0.00453358844099863
0.47975,0.00453358844099863
0.479875,0.00453358844099863
0.48,0.00453358844099863
0.480125,0.00453358844099863
0.48025,0.00486753226285724
0.480375,0.00453358844099863
0.4805,0.00486753226285724
0.480625,0.00486753226285724
0.48075,0.00453358844099863
0.480875,0.00453358844099863
0.481,0.00486753226285724
0.481125,0.00453358844099863
0.48125,0.00453358844099863
0.481375,0.00486753226285724
0.4815,0.00453358844099863
0.481625,0.00453358844099863
0.48175,0.00486753226285724
0.481875,0.00453358844099863
0.482,0.00453358844099863
0.482125,0.00486753226285724
0.48225,0.00486753226285724
0.482375,0.00453358844099863
0.4825,0.00486753226285724
0.482625,0.00486753226285724
0.48275,0.00486753226285724
0.482875,0.00453358844099863
0.483,0.005201476084715852
0.483125,0.00486753226285724
0.48325,0.005201476084715852
0.483375,0.00486753226285724
0.4835,0.00486753226285724
0.483625,0.00486753226285724
0.48375,0.00486753226285724
0.483875,0.00486753226285724
0.484,0.00486753226285724
0.484125,0.00453358844099863
0.48425,0.00486753226285724
0.484375,0.00486753226285724
0.4845,0.00486753226285724
0.484625,0.00453358844099863
0.48475,0.00486753226285724
0.484875,0.00486753226285724
0.485,0.00486753226285724
0.485125,0.00486753226285724
0.48525,0.00453358844099863
0.485375,0.00486753226285724
0.4855,0.00486753226285724
0.485625,0.005201476084715852
0.48575,0.00486753226285724
0.485875,0.00486753226285724
0.486,0.00486753226285724
0.486125,0.00486753226285724
0.48625,0.00453358844099863
0.486375,0.00486753226285724
0.4865,0.005201476084715852
0.486625,0.00453358844099863
0.48675,0.00486753226285724
0.486875,0.005201476084715852
0.487,0.00486753226285724
0.487125,0.005201476084715852
0.48725,0.005201476084715852
0.487375,0.005201476084715852
0.4875,0.005201476084715852
0.487625,0.005201476084715852
0.48775,0.005201476084715852
0.487875,0.005201476084715852
0.488,0.005201476084715852
0.488125,0.00486753226285724
0.48825,0.005201476084715852
0.488375,0.00486753226285724
0.4885,0.00486753226285724
0.488625,0.00453358844099863
0.48875,0.00486753226285724
0.488875,0.00486753226285724
0.489,0.00486753226285724
0.489125,0.00486753226285724
0.48925,0.00453358844099863
0.489375,0.00453358844099863
0.4895,0.00486753226285724
0.489625,0.00486753226285724
0.48975,0.00486753226285724
0.489875,0.005201476084715852
0.49,0.005201476084715852
0.490125,0.005201476084715852
0.49025,0.00486753226285724
0.490375,0.00486753226285724
0.4905,0.00453358844099863
0.490625,0.00453358844099863
0.49075,0.00486753226285724
0.490875,0.00486753226285724
0.491,0.00486753226285724
0.491125,0.00486753226285724
0.49125,0.00486753226285724
0.491375,0.00486753226285724
0.4915,0.00486753226285724
0.491625,0.00486753226285724
0.49175,0.00486753226285724
0.491875,0.00486753226285724
0.492,0.00453358844099863
0.492125,0.00486753226285724
0.49225,0.00486753226285724
0.492375,0.00453358844099863
0.4925,0.00453358844099863
0.492625,0.00453358844099863
0.49275,0.00453358844099863
0.492875,0.00486753226285724
0.493,0.00486753226285724
0.493125,0.00486753226285724
0.49325,0.00453358844099863
0.493375,0.00486753226285724
0.4935,0.00486753226285724
0.493625,0.00486753226285724
0.49375,0.00486753226285724
0.493875,0.00486753226285724
0.494,0.00486753226285724
0.494125,0.00486753226285724
0.49425,0.00486753226285724
0.494375,0.00486753226285724
0.4945,0.00486753226285724
0.494625,0.00486753226285724
0.49475,0.00453358844099863
0.494875,0.00453358844099863
0.495,0.00453358844099863
0.495125,0.00453358844099863
0.49525,0.00453358844099863
0.495375,0.00453358844099863
0.4955,0.00453358844099863
0.495625,0.00453358844099863
0.49575,0.00486753226285724
0.495875,0.00486753226285724
0.496,0.00453358844099863
0.496125,0.00486753226285724
0.49625,0.00486753226285724
0.496375,0.00486753226285724
0.4965,0.00453358844099863
0.496625,0.00486753226285724
0.49675,0.00453358844099863
0.496875,0.00453358844099863
0.497,0.00453358844099863
0.497125,0.00453358844099863
0.49725,0.00486753226285724
0.497375,0.00486753226285724
0.4975,0.00486753226285724
0.497625,0.00453358844099863
0.49775,0.00453358844099863
0.497875,0.00486753226285724
0.498,0.00486753226285724
0.498125,0.00486753226285724
0.49825,0.00453358844099863
0.498375,0.00453358844099863
0.4985,0.00453358844099863
0.498625,0.00486753226285724
0.49875,0.00486753226285724
0.498875,0.00486753226285724
0.499,0.00486753226285724
0.499125,0.00453358844099863
0.49925,0.00486753226285724
0.499375,0.00486753226285724
0.4995,0.005201476084715852
0.499625,0.005201476084715852
0.49975,0.00486753226285724
0.499875,0.005201476084715852
0.5,0.00486753226285724
0.500125,0.00453358844099863
0.50025,0.00453358844099863
0.500375,0.00453358844099863
0.5004999999999999,0.00486753226285724
0.500625,0.00486753226285724
0.50075,0.00486753226285724
0.500875,0.00453358844099863
0.501,0.00453358844099863
0.501125,0.00486753226285724
0.50125,0.00486753226285724
0.501375,0.00486753226285724
0.5014999999999999,0.00486753226285724
0.501625,0.00486753226285724
0.50175,0.00486753226285724
0.501875,0.00486753226285724
0.502,0.00486753226285724
0.502125,0.00486753226285724
0.50225,0.005201476084715852
0.502375,0.005201476084715852
0.5024999999999999,0.00486753226285724
0.502625,0.005201476084715852
0.50275,0.00486753226285724
0.502875,0.00486753226285724
0.503,0.005201476084715852
0.503125,0.005201476084715852
0.50325,0.00486753226285724
0.503375,0.00486753226285724
0.5034999999999999,0.00486753226285724
0.503625,0.00486753226285724
0.50375,0.005201476084715852
0.503875,0.00486753226285724
0.504,0.00486753226285724
0.504125,0.005201476084715852
0.50425,0.00486753226285724
0.504375,0.005201476084715852
0.5044999999999999,0.00486753226285724
0.504625,0.00486753226285724
0.50475,0.00486753226285724
0.504875,0.00486753226285724
0.505,0.00486753226285724
0.505125,0.00486753226285724
0.50525,0.00486753226285724
0.505375,0.00486753226285724
0.5054999999999999,0.00486753226285724
0.505625,0.005201476084715852
0.50575,0.005201476084715852
0.505875,0.00486753226285724
0.506,0.00486753226285724
0.506125,0.00486753226285724
0.50625,0.00453358844099863
0.506375,0.00486753226285724
0.5065,0.00486753226285724
0.506625,0.00486753226285724
0.50675,0.00453358844099863
0.506875,0.00486753226285724
0.507,0.005201476084715852
0.507125,0.00486753226285724
0.50725,0.00486753226285724
0.507375,0.00486753226285724
0.5075,0.00486753226285724
0.507625,0.00486753226285724
0.50775,0.00486753226285724
0.507875,0.00486753226285724
0.508,0.005201476084715852
0.508125,0.00486753226285724
0.50825,0.005201476084715852
0.508375,0.005201476084715852
0.5085,0.005201476084715852
0.508625,0.00486753226285724
0.50875,0.00486753226285724
0.508875,0.00486753226285724
0.509,0.00486753226285724
0.509125,0.00486753226285724
0.50925,0.00486753226285724
0.509375,0.00486753226285724
0.5095,0.00486753226285724
0.509625,0.00486753226285724
0.50975,0.00486753226285724
0.509875,0.00486753226285724
0.51,0.00486753226285724
0.5101250000000001,0.00486753226285724
0.51025,0.005201476084715852
0.510375,0.00486753226285724
0.5105,0.00486753226285724
0.510625,0.00486753226285724
0.51075,0.005201476084715852
0.510875,0.00486753226285724
0.511,0.00486753226285724
0.5111250000000001,0.005201476084715852
0.51125,0.00486753226285724
0.511375,0.00486753226285724
0.5115,0.00486753226285724
0.511625,0.00486753226285724
0.51175,0.00486753226285724
0.511875,0.00486753226285724
