Time (s),Channel 1 (V)
-0.01024,-0.001477400352456369
-0.0102375,-0.001477400352456369
-0.010235,-0.00114345653059791
-0.0102325,-0.001477400352456369
-0.01023,-0.0008095127087391468
-0.0102275,-0.001477400352456369
-0.010225,-0.001477400352456369
-0.0102225,-0.00114345653059791
-0.01022,-0.001143456530597758
-0.0102175,-0.001477400352456369
-0.010215,-0.001477400352456369
-0.0102125,-0.001477400352456369
-0.01021,-0.001477400352456369
-0.0102075,-0.001143456530597758
-0.010205,-0.001477400352456369
-0.0102025,-0.001143456530597758
-0.0102,-0.001477400352456217
-0.0101975,-0.001477400352456369
-0.010195,-0.001811344174314828
-0.0101925,-0.001477400352456369
-0.01019,-0.001477400352456369
-0.0101875,-0.001477400352456369
-0.010185,-0.001477400352456369
-0.0101825,-0.001477400352456369
-0.01018,-0.001477400352456369
-0.0101775,-0.00114345653059791
-0.010175,-0.001477400352456369
-0.0101725,-0.001477400352456521
-0.01017,-0.00181134417431498
-0.0101675,-0.001477400352456369
-0.010165,-0.001143456530597758
-0.0101625,-0.001477400352456369
-0.01016,-0.001477400352456369
-0.0101575,-0.00181134417431498
-0.010155,-0.001477400352456521
-0.0101525,-0.001477400352456369
-0.01015,-0.001477400352456369
-0.0101475,-0.001477400352456369
-0.010145,-0.001477400352456369
-0.0101425,-0.001143456530597758
-0.01014,-0.001477400352456369
-0.0101375,-0.001811344174314828
-0.010135,-0.001477400352456369
-0.0101325,-0.001811344174314676
-0.01013,-0.001143456530597758
-0.0101275,-0.001477400352456369
-0.010125,-0.001477400352456369
-0.0101225,-0.001143456530597758
-0.01012,-0.001477400352456369
-0.0101175,-0.001477400352456369
-0.010115,-0.00114345653059791
-0.0101125,-0.001477400352456369
-0.01011,-0.001477400352456369
-0.0101075,-0.001477400352456369
-0.010105,-0.001143456530597758
-0.0101025,-0.001143456530597758
-0.0101,-0.001143456530597758
-0.0100975,-0.001477400352456217
-0.010095,-0.001477400352456369
-0.0100925,-0.00114345653059791
-0.01009,-0.001477400352456369
-0.0100875,-0.001477400352456217
-0.010085,-0.001143456530597758
-0.0100825,-0.001477400352456369
-0.01008,-0.001143456530597758
-0.0100775,-0.001477400352456369
-0.010075,-0.00114345653059791
-0.0100725,-0.001477400352456369
-0.01007,-0.001477400352456369
-0.0100675,-0.001477400352456369
-0.010065,-0.001477400352456217
-0.0100625,-0.001143456530597758
-0.01006,-0.001143456530597758
-0.0100575,-0.001477400352456369
-0.010055,-0.001477400352456369
-0.0100525,-0.001811344174314828
-0.01005,-0.001477400352456369
-0.0100475,-0.001477400352456065
-0.010045,-0.0008095127087391468
-0.0100425,-0.001477400352456217
-0.01004,-0.001143456530597758
-0.0100375,-0.001477400352456369
-0.010035,-0.001477400352456369
-0.0100325,-0.00181134417431498
-0.01003,-0.001143456530598061
-0.0100275,-0.001143456530597758
-0.010025,-0.001477400352456369
-0.0100225,-0.001477400352456369
-0.01002,-0.001143456530597758
-0.0100175,-0.001143456530597758
-0.010015,-0.001143456530597758
-0.0100125,-0.001143456530597758
-0.01001,-0.001143456530597758
-0.0100075,-0.001143456530597758
-0.010005,-0.001477400352456369
-0.0100025,-0.00114345653059791
-0.01,-0.001477400352456369
-0.009997499999999999,-0.001477400352456369
-0.009995,-0.001477400352456369
-0.0099925,-0.001477400352456369
-0.009990000000000001,-0.001477400352456369
-0.0099875,-0.001477400352456369
-0.009985000000000001,-0.00114345653059791
-0.0099825,-0.001477400352456369
-0.009979999999999999,-0.00181134417431498
-0.0099775,-0.00181134417431498
-0.009974999999999999,-0.001477400352456369
-0.0099725,-0.001477400352456369
-0.00997,-0.001477400352456369
-0.009967500000000001,-0.001477400352456369
-0.009965,-0.00181134417431498
-0.009962499999999999,-0.001477400352456369
-0.00996,-0.001477400352456369
-0.009957499999999999,-0.001477400352456521
-0.009955,-0.00181134417431498
-0.0099525,-0.001477400352456369
-0.009950000000000001,-0.001477400352456369
-0.0099475,-0.001477400352456369
-0.009945000000000001,-0.00114345653059791
-0.0099425,-0.001477400352456369
-0.009939999999999999,-0.001477400352456369
-0.0099375,-0.001477400352456369
-0.009934999999999999,-0.001477400352456369
-0.0099325,-0.001477400352456369
-0.00993,-0.001143456530597758
-0.009927500000000001,-0.001477400352456369
-0.009925,-0.001477400352456369
-0.009922500000000001,-0.001811344174314828
-0.00992,-0.001477400352456369
-0.009917499999999999,-0.00114345653059791
-0.009915,-0.001477400352456369
-0.009912499999999999,-0.001477400352456369
-0.00991,-0.001143456530597758
-0.0099075,-0.001143456530597758
-0.009905000000000001,-0.001143456530597758
-0.0099025,-0.001143456530597758
-0.009900000000000001,-0.001477400352456217
-0.0098975,-0.001477400352456369
-0.009894999999999999,-0.001477400352456217
-0.0098925,-0.001143456530597758
-0.009889999999999999,-0.00181134417431498
-0.0098875,-0.001143456530597758
-0.009885,-0.001477400352456369
-0.009882500000000001,-0.001811344174314828
-0.00988,-0.001477400352456369
-0.009877500000000001,-0.001477400352456369
-0.009875,-0.001477400352456369
-0.009872499999999999,-0.001143456530597758
-0.00987,-0.001143456530597758
-0.0098675,-0.00181134417431498
-0.009865000000000001,-0.001143456530597758
-0.0098625,-0.001143456530597758
-0.009860000000000001,-0.001143456530597758
-0.0098575,-0.001477400352456369
-0.009854999999999999,-0.001143456530597758
-0.0098525,-0.001143456530597758
-0.009849999999999999,-0.001143456530597758
-0.0098475,-0.001143456530597758
-0.009845,-0.001477400352456369
-0.009842500000000001,-0.001477400352456369
-0.00984,-0.001143456530597758
-0.009837500000000001,-0.001143456530597758
-0.009835,-0.001143456530597758
-0.009832499999999999,-0.001143456530597606
-0.00983,-0.0008095127087391468
-0.009827499999999999,-0.0008095127087392987
-0.009825,-0.001143456530597758
-0.0098225,-0.001143456530597758
-0.009820000000000001,-0.001477400352456217
-0.0098175,-0.001477400352456369
-0.009815000000000001,-0.001477400352456369
-0.0098125,-0.001143456530597758
-0.009809999999999999,-0.00114345653059791
-0.0098075,-0.001477400352456369
-0.009804999999999999,-0.001477400352456369
-0.0098025,-0.001477400352456369
-0.0098,-0.001477400352456369
-0.009797500000000001,-0.001477400352456369
-0.009795,-0.001143456530597758
-0.009792500000000001,-0.001477400352456217
-0.00979,-0.001143456530597758
-0.009787499999999999,-0.001477400352456369
-0.009785,-0.001477400352456369
-0.0097825,-0.001143456530597758
-0.00978,-0.001477400352456369
-0.0097775,-0.001477400352456369
-0.009775000000000001,-0.001811344174314828
-0.0097725,-0.001477400352456369
-0.009769999999999999,-0.001477400352456369
-0.0097675,-0.001477400352456369
-0.009764999999999999,-0.00114345653059791
-0.0097625,-0.001477400352456369
-0.00976,-0.001477400352456369
-0.009757500000000001,-0.001143456530597758
-0.009755,-0.001477400352456369
-0.009752500000000001,-0.00114345653059791
-0.00975,-0.001143456530597758
-0.009747499999999999,-0.001477400352456217
-0.009745,-0.001143456530597758
-0.009742499999999999,-0.001477400352456369
-0.00974,-0.001477400352456369
-0.0097375,-0.001477400352456369
-0.009735000000000001,-0.001477400352456369
-0.0097325,-0.001143456530597758
-0.009730000000000001,-0.001477400352456217
-0.0097275,-0.001477400352456369
-0.009724999999999999,-0.001477400352456369
-0.0097225,-0.001477400352456369
-0.009719999999999999,-0.001143456530597758
-0.0097175,-0.001477400352456369
-0.009715,-0.001477400352456369
-0.009712500000000001,-0.001477400352456369
-0.00971,-0.00181134417431498
-0.009707500000000001,-0.001477400352456521
-0.009705,-0.00181134417431498
-0.009702499999999999,-0.001477400352456369
-0.0097,-0.001477400352456369
-0.0096975,-0.001477400352456369
-0.009695,-0.001477400352456369
-0.0096925,-0.001477400352456369
-0.009690000000000001,-0.001477400352456369
-0.0096875,-0.001477400352456369
-0.009684999999999999,-0.001477400352456369
-0.0096825,-0.001477400352456369
-0.009679999999999999,-0.001477400352456217
-0.0096775,-0.001143456530597758
-0.009675,-0.001143456530597758
-0.009672500000000001,-0.001143456530597758
-0.00967,-0.001143456530597758
-0.009667500000000001,-0.001477400352456217
-0.009665,-0.00181134417431498
-0.009662499999999999,-0.001143456530598062
-0.00966,-0.00181134417431498
-0.009657499999999999,-0.001477400352456217
-0.009655,-0.001143456530597758
-0.0096525,-0.001477400352456369
-0.009650000000000001,-0.00114345653059791
-0.0096475,-0.0008095127087391468
-0.009645000000000001,-0.001477400352456065
-0.0096425,-0.001143456530597758
-0.009639999999999999,-0.001477400352456369
-0.0096375,-0.001477400352456369
-0.009634999999999999,-0.001143456530597758
-0.0096325,-0.001477400352456369
-0.00963,-0.001143456530597758
-0.009627500000000001,-0.001143456530597758
-0.009625,-0.001477400352456369
-0.009622500000000001,-0.001477400352456369
-0.00962,-0.001477400352456369
-0.009617499999999999,-0.001143456530597758
-0.009615,-0.001143456530597758
-0.0096125,-0.001143456530597758
-0.00961,-0.001477400352456369
-0.0096075,-0.0008095127087391468
-0.009605000000000001,-0.001477400352456065
-0.0096025,-0.001143456530597758
-0.009599999999999999,-0.0008095127087392987
-0.0095975,-0.001143456530597758
-0.009594999999999999,-0.001143456530597758
-0.0095925,-0.001143456530597758
-0.00959,-0.001143456530597758
-0.009587500000000001,-0.001143456530597758
-0.009585,-0.001477400352456369
-0.009582500000000001,-0.001477400352456369
-0.00958,-0.001143456530597758
-0.009577499999999999,-0.001143456530597606
-0.009575,-0.0008095127087391468
-0.009572499999999999,-0.0008095127087392987
-0.00957,-0.001143456530597758
-0.0095675,-0.001477400352456369
-0.009565000000000001,-0.001477400352456369
-0.0095625,-0.00181134417431498
-0.009560000000000001,-0.00181134417431498
-0.0095575,-0.001477400352456369
-0.009554999999999999,-0.00114345653059791
-0.0095525,-0.001477400352456369
-0.009549999999999999,-0.001477400352456369
-0.0095475,-0.001477400352456369
-0.009545,-0.001143456530597758
-0.009542500000000001,-0.001143456530597758
-0.00954,-0.001143456530597758
-0.009537500000000001,-0.001477400352456217
-0.009535,-0.001143456530597758
-0.009532499999999999,-0.00114345653059791
-0.00953,-0.001477400352456369
-0.0095275,-0.00181134417431498
-0.009525,-0.001143456530597758
-0.0095225,-0.001477400352456369
-0.009520000000000001,-0.001477400352456369
-0.0095175,-0.001477400352456369
-0.009514999999999999,-0.00114345653059791
-0.0095125,-0.001477400352456369
-0.009509999999999999,-0.001477400352456521
-0.0095075,-0.00181134417431498
-0.009505,-0.001477400352456369
-0.009502500000000001,-0.00181134417431498
-0.0095,-0.00181134417431498
-0.009497500000000001,-0.001143456530598061
-0.009495,-0.001477400352456369
-0.009492499999999999,-0.00114345653059791
-0.00949,-0.001477400352456369
-0.009487499999999999,-0.001477400352456521
-0.009485,-0.00181134417431498
-0.0094825,-0.001477400352456369
-0.009480000000000001,-0.00114345653059791
-0.0094775,-0.001477400352456369
-0.009475000000000001,-0.00114345653059791
-0.0094725,-0.001143456530597758
-0.009469999999999999,-0.001477400352456521
-0.0094675,-0.00181134417431498
-0.009464999999999999,-0.001477400352456369
-0.0094625,-0.001477400352456369
-0.00946,-0.001477400352456369
-0.009457500000000001,-0.001477400352456369
-0.009455,-0.001477400352456369
-0.009452500000000001,-0.00114345653059791
-0.00945,-0.001477400352456369
-0.009447499999999999,-0.00181134417431498
-0.009445,-0.00181134417431498
-0.0094425,-0.001477400352456369
-0.00944,-0.001477400352456369
-0.0094375,-0.00181134417431498
-0.009435000000000001,-0.001477400352456521
-0.0094325,-0.001477400352456369
-0.009429999999999999,-0.00181134417431498
-0.0094275,-0.00181134417431498
-0.009424999999999999,-0.001477400352456217
-0.0094225,-0.001143456530597758
-0.00942,-0.00181134417431498
-0.009417500000000001,-0.001477400352456369
-0.009415,-0.001143456530597758
-0.009412500000000001,-0.001477400352456217
-0.00941,-0.00181134417431498
-0.009407499999999999,-0.00114345653059791
-0.009405,-0.001477400352456369
-0.009402499999999999,-0.00114345653059791
-0.0094,-0.001477400352456369
-0.0093975,-0.001477400352456369
-0.009395000000000001,-0.001811344174314828
-0.0093925,-0.001477400352456369
-0.009390000000000001,-0.001811344174314828
-0.0093875,-0.00181134417431498
-0.009384999999999999,-0.001811344174314828
-0.0093825,-0.001477400352456369
-0.009379999999999999,-0.0008095127087391468
-0.0093775,-0.001143456530597758
-0.009375,-0.001477400352456369
-0.009372500000000001,-0.001477400352456369
-0.00937,-0.001477400352456369
-0.009367500000000001,-0.001477400352456369
-0.009365,-0.001477400352456369
-0.009362499999999999,-0.001143456530597758
-0.00936,-0.001143456530597758
-0.009357499999999999,-0.001143456530597758
-0.009355,-0.001477400352456369
-0.0093525,-0.001477400352456369
-0.009350000000000001,-0.001477400352456369
-0.0093475,-0.001477400352456369
-0.009344999999999999,-0.001477400352456369
-0.0093425,-0.001477400352456369
-0.009339999999999999,-0.001477400352456217
-0.0093375,-0.001143456530597758
-0.009335,-0.001477400352456369
-0.009332500000000001,-0.001143456530597758
-0.00933,-0.001477400352456369
-0.009327500000000001,-0.001477400352456369
-0.009325,-0.001477400352456369
-0.009322499999999999,-0.001477400352456217
-0.00932,-0.001143456530597758
-0.009317499999999999,-0.00114345653059791
-0.009315,-0.001477400352456369
-0.0093125,-0.001477400352456369
-0.009310000000000001,-0.001477400352456369
-0.0093075,-0.001477400352456369
-0.009305000000000001,-0.001477400352456369
-0.0093025,-0.001477400352456369
-0.009299999999999999,-0.001477400352456369
-0.0092975,-0.001477400352456369
-0.009294999999999999,-0.001143456530597758
-0.0092925,-0.001477400352456369
-0.00929,-0.001477400352456369
-0.009287500000000001,-0.001477400352456369
-0.009285,-0.001143456530597758
-0.009282500000000001,-0.001477400352456217
-0.00928,-0.001143456530597758
-0.009277499999999999,-0.001477400352456369
-0.009275,-0.001477400352456369
-0.009272499999999999,-0.001477400352456369
-0.00927,-0.00181134417431498
-0.0092675,-0.001477400352456369
-0.009265000000000001,-0.001477400352456369
-0.0092625,-0.001477400352456369
-0.009259999999999999,-0.001143456530597758
-0.0092575,-0.001143456530597758
-0.009254999999999999,-0.001477400352456369
-0.0092525,-0.001477400352456369
-0.00925,-0.00181134417431498
-0.009247500000000001,-0.00181134417431498
-0.009245,-0.001143456530597758
-0.009242500000000001,-0.001143456530597758
-0.00924,-0.0008095127087391468
-0.009237499999999999,-0.001143456530598062
-0.009235,-0.00181134417431498
-0.009232499999999999,-0.001477400352456369
-0.00923,-0.001477400352456369
-0.0092275,-0.001477400352456369
-0.009225000000000001,-0.001477400352456369
-0.0092225,-0.0008095127087391468
-0.009220000000000001,-0.001143456530597606
-0.0092175,-0.001477400352456369
-0.009214999999999999,-0.001477400352456217
-0.0092125,-0.001143456530597758
-0.009209999999999999,-0.001477400352456369
-0.0092075,-0.001143456530597758
-0.009205,-0.001477400352456369
-0.009202500000000001,-0.001477400352456369
-0.0092,-0.001477400352456369
-0.009197500000000001,-0.001477400352456369
-0.009195,-0.001477400352456369
-0.009192499999999999,-0.001477400352456369
-0.00919,-0.001477400352456369
-0.009187499999999999,-0.00181134417431498
-0.009185,-0.001477400352456369
-0.0091825,-0.00181134417431498
-0.009180000000000001,-0.001477400352456521
-0.0091775,-0.0008095127087391468
-0.009175000000000001,-0.001477400352456065
-0.0091725,-0.001143456530597758
-0.009169999999999999,-0.001143456530597758
-0.0091675,-0.001143456530597758
-0.009165,-0.0008095127087391468
-0.009162500000000001,-0.001477400352456369
-0.00916,-0.00181134417431498
-0.009157500000000001,-0.001477400352456521
-0.009155,-0.001477400352456369
-0.009152499999999999,-0.001477400352456217
-0.00915,-0.001143456530597758
-0.009147499999999999,-0.00114345653059791
-0.009145,-0.001477400352456369
-0.0091425,-0.001143456530597758
-0.009140000000000001,-0.001477400352456369
-0.0091375,-0.001477400352456369
-0.009135000000000001,-0.001477400352456369
-0.0091325,-0.00181134417431498
-0.009129999999999999,-0.001811344174314828
-0.0091275,-0.001477400352456369
-0.009124999999999999,-0.001477400352456217
-0.0091225,-0.001143456530597758
-0.00912,-0.00181134417431498
-0.009117500000000001,-0.001143456530598061
-0.009115,-0.001477400352456369
-0.009112500000000001,-0.001811344174314828
-0.00911,-0.001477400352456369
-0.009107499999999999,-0.001477400352456217
-0.009105,-0.001143456530597758
-0.009102499999999999,-0.001477400352456369
-0.0091,-0.001477400352456369
-0.0090975,-0.001143456530597758
-0.009095000000000001,-0.001477400352456217
-0.0090925,-0.0008095127087391468
-0.009090000000000001,-0.001143456530597606
-0.0090875,-0.001477400352456369
-0.009084999999999999,-0.00114345653059791
-0.0090825,-0.001477400352456369
-0.00908,-0.001477400352456369
-0.0090775,-0.001477400352456369
-0.009075,-0.001477400352456369
-0.009072500000000001,-0.001477400352456369
-0.00907,-0.001143456530597758
-0.009067499999999999,-0.001477400352456369
-0.009065,-0.001477400352456369
-0.009062499999999999,-0.001477400352456521
-0.00906,-0.00181134417431498
-0.0090575,-0.001143456530597758
-0.009055000000000001,-0.001477400352456369
-0.0090525,-0.001477400352456369
-0.009050000000000001,-0.0008095127087394505
-0.0090475,-0.001143456530597758
-0.009044999999999999,-0.001477400352456369
-0.0090425,-0.001477400352456369
-0.009039999999999999,-0.001477400352456369
-0.0090375,-0.001477400352456369
-0.009035,-0.001477400352456369
-0.009032500000000001,-0.00114345653059791
-0.00903,-0.001477400352456369
-0.009027500000000001,-0.00114345653059791
-0.009025,-0.001477400352456369
-0.009022499999999999,-0.001477400352456369
-0.00902,-0.001477400352456369
-0.009017499999999999,-0.001143456530597758
-0.009015,-0.001477400352456369
-0.0090125,-0.00181134417431498
-0.009010000000000001,-0.001143456530598061
-0.0090075,-0.001477400352456369
-0.009005000000000001,-0.001477400352456369
-0.0090025,-0.001477400352456369
-0.008999999999999999,-0.001477400352456369
-0.0089975,-0.001477400352456369
-0.008995,-0.001477400352456369
-0.0089925,-0.001143456530597758
-0.00899,-0.001143456530597758
-0.008987500000000001,-0.001477400352456217
-0.008985,-0.001477400352456369
-0.008982499999999999,-0.001477400352456369
-0.00898,-0.001477400352456369
-0.008977499999999999,-0.001477400352456369
-0.008975,-0.001477400352456369
-0.0089725,-0.001477400352456369
-0.008970000000000001,-0.001477400352456369
-0.0089675,-0.001143456530597758
-0.008965000000000001,-0.0008095127087392987
-0.0089625,-0.001477400352456369
-0.008959999999999999,-0.001477400352456369
-0.0089575,-0.001477400352456369
-0.008954999999999999,-0.001477400352456369
-0.0089525,-0.001477400352456369
-0.00895,-0.001477400352456369
-0.008947500000000001,-0.001477400352456369
-0.008945,-0.001477400352456369
-0.008942500000000001,-0.001477400352456369
-0.00894,-0.001143456530597758
-0.008937499999999999,-0.00114345653059791
-0.008935,-0.001477400352456369
-0.008932499999999999,-0.001477400352456369
-0.00893,-0.00181134417431498
-0.0089275,-0.001143456530597758
-0.008925000000000001,-0.001143456530597758
-0.0089225,-0.001477400352456369
-0.008920000000000001,-0.001477400352456369
-0.0089175,-0.001477400352456369
-0.008914999999999999,-0.00114345653059791
-0.0089125,-0.001477400352456369
-0.00891,-0.001477400352456369
-0.0089075,-0.001477400352456369
-0.008905,-0.001143456530597758
-0.008902500000000001,-0.001477400352456217
-0.0089,-0.001477400352456369
-0.008897499999999999,-0.001477400352456521
-0.008895,-0.00181134417431498
-0.008892499999999999,-0.001477400352456217
-0.00889,-0.001143456530597758
-0.0088875,-0.001477400352456369
-0.008885000000000001,-0.0008095127087391468
-0.0088825,-0.001477400352456369
-0.008880000000000001,-0.001811344174314828
-0.0088775,-0.001477400352456369
-0.008874999999999999,-0.001477400352456217
-0.0088725,-0.001143456530597758
-0.008869999999999999,-0.001477400352456217
-0.0088675,-0.001143456530597758
-0.008865,-0.001143456530597758
-0.008862500000000001,-0.001477400352456217
-0.00886,-0.001477400352456369
-0.008857500000000001,-0.001811344174314828
-0.008855,-0.001477400352456369
-0.008852499999999999,-0.001143456530597758
-0.00885,-0.001143456530597758
-0.008847499999999999,-0.0008095127087391468
-0.008845,-0.001143456530597758
-0.0088425,-0.001143456530597758
-0.008840000000000001,-0.001143456530597758
-0.0088375,-0.001477400352456369
-0.008835000000000001,-0.0008095127087394505
-0.0088325,-0.001143456530597758
-0.008829999999999999,-0.001143456530597758
-0.0088275,-0.001143456530597758
-0.008825,-0.001477400352456369
-0.0088225,-0.001143456530597758
-0.00882,-0.001143456530597758
-0.008817500000000001,-0.001477400352456217
-0.008815,-0.001477400352456369
-0.008812499999999999,-0.001143456530597758
-0.00881,-0.001143456530597758
-0.008807499999999999,-0.001143456530597758
-0.008805,-0.001143456530597758
-0.0088025,-0.001143456530597758
-0.008800000000000001,-0.001477400352456369
-0.0087975,-0.001143456530597758
-0.008795000000000001,-0.001143456530597758
-0.0087925,-0.001477400352456369
-0.008789999999999999,-0.00114345653059791
-0.0087875,-0.001477400352456369
-0.008784999999999999,-0.001477400352456217
-0.0087825,-0.001143456530597758
-0.00878,-0.001477400352456369
-0.008777500000000001,-0.001477400352456369
-0.008775,-0.0008095127087391468
-0.008772500000000001,-0.001143456530597606
-0.00877,-0.001143456530597758
-0.008767499999999999,-0.001143456530597758
-0.008765,-0.001143456530597758
-0.008762499999999999,-0.001477400352456369
-0.00876,-0.001477400352456369
-0.0087575,-0.001477400352456369
-0.008755000000000001,-0.00114345653059791
-0.0087525,-0.001477400352456369
-0.008750000000000001,-0.001477400352456369
-0.0087475,-0.001477400352456369
-0.008744999999999999,-0.001143456530597758
-0.0087425,-0.001143456530597758
-0.00874,-0.001477400352456369
-0.0087375,-0.001143456530597758
-0.008735,-0.001143456530597758
-0.008732500000000001,-0.001143456530597758
-0.00873,-0.001143456530597758
-0.008727499999999999,-0.001477400352456369
-0.008725,-0.001477400352456369
-0.008722499999999999,-0.001811344174314828
-0.00872,-0.001477400352456369
-0.0087175,-0.001143456530597758
-0.008715000000000001,-0.0008095127087391468
-0.0087125,-0.001143456530597758
-0.008710000000000001,-0.001143456530597758
-0.0087075,-0.001477400352456369
-0.008704999999999999,-0.001477400352456217
-0.0087025,-0.001143456530597758
-0.008699999999999999,-0.001477400352456369
-0.0086975,-0.001477400352456369
-0.008695,-0.001143456530597758
-0.008692500000000001,-0.001143456530597758
-0.00869,-0.001143456530597758
-0.008687500000000001,-0.001477400352456217
-0.008685,-0.001143456530597758
-0.008682499999999999,-0.001477400352456369
-0.00868,-0.001477400352456369
-0.008677499999999999,-0.001143456530597758
-0.008675,-0.001143456530597758
-0.0086725,-0.001477400352456369
-0.008670000000000001,-0.0008095127087394505
-0.0086675,-0.001143456530597758
-0.008665000000000001,-0.001477400352456217
-0.0086625,-0.00181134417431498
-0.008659999999999999,-0.001143456530598062
-0.0086575,-0.00181134417431498
-0.008654999999999999,-0.001477400352456369
-0.0086525,-0.001143456530597758
-0.00865,-0.001143456530597758
-0.008647500000000001,-0.001477400352456217
-0.008645,-0.001477400352456369
-0.008642499999999999,-0.00114345653059791
-0.00864,-0.001477400352456369
-0.008637499999999999,-0.001143456530597758
-0.008635,-0.001143456530597758
-0.0086325,-0.001143456530597758
-0.008630000000000001,-0.001143456530597758
-0.0086275,-0.001477400352456369
-0.008625000000000001,-0.001477400352456369
-0.0086225,-0.001143456530597758
-0.008619999999999999,-0.00114345653059791
-0.0086175,-0.001477400352456369
-0.008614999999999999,-0.001143456530597758
-0.0086125,-0.001143456530597758
-0.00861,-0.001143456530597758
-0.008607500000000001,-0.001477400352456369
-0.008605,-0.001477400352456369
-0.008602500000000001,-0.00114345653059791
-0.0086,-0.001477400352456369
-0.008597499999999999,-0.001143456530597758
-0.008595,-0.001143456530597758
-0.008592499999999999,-0.001477400352456369
-0.00859,-0.001143456530597758
-0.0085875,-0.001477400352456369
-0.008585000000000001,-0.001477400352456369
-0.0085825,-0.001477400352456369
-0.008580000000000001,-0.00114345653059791
-0.0085775,-0.001143456530597758
-0.008574999999999999,-0.00114345653059791
-0.0085725,-0.001477400352456369
-0.008569999999999999,-0.001477400352456369
-0.0085675,-0.001143456530597758
-0.008565,-0.001143456530597758
-0.008562500000000001,-0.001143456530597758
-0.00856,-0.001143456530597758
-0.008557499999999999,-0.001143456530597758
-0.008555,-0.001143456530597758
-0.008552499999999999,-0.001477400352456369
-0.00855,-0.001477400352456369
-0.0085475,-0.001477400352456369
-0.008545000000000001,-0.001477400352456369
-0.0085425,-0.00181134417431498
-0.008540000000000001,-0.00181134417431498
-0.0085375,-0.0008095127087391468
-0.008534999999999999,-0.001477400352456521
-0.0085325,-0.00181134417431498
-0.008529999999999999,-0.001811344174314828
-0.0085275,-0.001477400352456369
-0.008525,-0.00181134417431498
-0.008522500000000001,-0.00181134417431498
-0.00852,-0.00181134417431498
-0.008517500000000001,-0.001477400352456521
-0.008515,-0.001143456530597758
-0.008512499999999999,-0.001477400352456369
-0.00851,-0.001477400352456369
-0.008507499999999999,-0.001477400352456369
-0.008505,-0.001477400352456369
-0.0085025,-0.001143456530597758
-0.008500000000000001,-0.001477400352456217
-0.0084975,-0.00181134417431498
-0.008495000000000001,-0.001143456530598061
-0.0084925,-0.001477400352456369
-0.008489999999999999,-0.001477400352456369
-0.0084875,-0.001477400352456369
-0.008484999999999999,-0.001477400352456369
-0.0084825,-0.001477400352456369
-0.00848,-0.001143456530597758
-0.008477500000000001,-0.0008095127087392987
-0.008475,-0.001477400352456369
-0.008472500000000001,-0.001477400352456369
-0.00847,-0.001143456530597758
-0.008467499999999999,-0.00114345653059791
-0.008465,-0.001477400352456369
-0.0084625,-0.0008095127087391468
-0.008460000000000001,-0.0008095127087391468
-0.0084575,-0.0008095127087391468
-0.008455000000000001,-0.001143456530597606
-0.0084525,-0.001143456530597758
-0.008449999999999999,-0.0008095127087392987
-0.0084475,-0.001143456530597758
-0.008444999999999999,-0.00114345653059791
-0.0084425,-0.001477400352456369
-0.00844,-0.001477400352456369
-0.008437500000000001,-0.001143456530597758
-0.008435,-0.0008095127087391468
-0.008432500000000001,-0.001477400352456065
-0.00843,-0.001477400352456369
-0.008427499999999999,-0.001477400352456521
-0.008425,-0.00181134417431498
-0.008422499999999999,-0.001143456530597758
-0.00842,-0.001143456530597758
-0.0084175,-0.001143456530597758
-0.008415000000000001,-0.001143456530597758
-0.0084125,-0.001143456530597758
-0.008410000000000001,-0.001477400352456217
-0.0084075,-0.001143456530597758
-0.008404999999999999,-0.001477400352456369
-0.0084025,-0.001477400352456369
-0.008399999999999999,-0.001143456530597758
-0.0083975,-0.001477400352456369
-0.008395,-0.001477400352456369
-0.008392500000000001,-0.00114345653059791
-0.00839,-0.001477400352456369
-0.008387500000000001,-0.00114345653059791
-0.008385,-0.001143456530597758
-0.008382499999999999,-0.001143456530598062
-0.00838,-0.00181134417431498
-0.0083775,-0.001143456530597758
-0.008375,-0.001143456530597758
-0.0083725,-0.001477400352456369
-0.008370000000000001,-0.001477400352456369
-0.0083675,-0.001143456530597758
-0.008364999999999999,-0.0008095127087394505
-0.0083625,-0.001477400352456369
-0.008359999999999999,-0.001477400352456217
-0.0083575,-0.001143456530597758
-0.008355,-0.001477400352456369
-0.008352500000000001,-0.001477400352456369
-0.00835,-0.001143456530597758
-0.008347500000000001,-0.001477400352456217
-0.008345,-0.00181134417431498
-0.008342499999999999,-0.001477400352456065
-0.00834,-0.0008095127087391468
-0.008337499999999999,-0.001143456530597758
-0.008335,-0.001143456530597758
-0.0083325,-0.001477400352456369
-0.008330000000000001,-0.001477400352456369
-0.0083275,-0.001477400352456369
-0.008325000000000001,-0.001477400352456369
-0.0083225,-0.001477400352456369
-0.008319999999999999,-0.001477400352456369
-0.0083175,-0.001477400352456369
-0.008314999999999999,-0.001477400352456369
-0.0083125,-0.001477400352456369
-0.00831,-0.001143456530597758
-0.008307500000000001,-0.001477400352456217
-0.008305,-0.001477400352456369
-0.008302500000000001,-0.0008095127087394505
-0.0083,-0.001143456530597758
-0.008297499999999999,-0.001477400352456217
-0.008295,-0.001143456530597758
-0.0082925,-0.001477400352456369
-0.00829,-0.00181134417431498
-0.0082875,-0.001477400352456369
-0.008285000000000001,-0.00114345653059791
-0.0082825,-0.0008095127087391468
-0.008279999999999999,-0.001143456530597758
-0.0082775,-0.001143456530597758
-0.008274999999999999,-0.001477400352456369
-0.0082725,-0.001477400352456369
-0.00827,-0.00181134417431498
-0.008267500000000001,-0.00181134417431498
-0.008265,-0.001477400352456369
-0.008262500000000001,-0.001477400352456369
-0.00826,-0.00181134417431498
-0.008257499999999999,-0.001143456530598062
-0.008255,-0.00181134417431498
-0.008252499999999999,-0.001477400352456369
-0.00825,-0.001477400352456369
-0.0082475,-0.001477400352456369
-0.008245000000000001,-0.001477400352456369
-0.0082425,-0.001143456530597758
-0.008240000000000001,-0.001477400352456217
-0.0082375,-0.001477400352456369
-0.008234999999999999,-0.001477400352456369
-0.0082325,-0.001477400352456369
-0.008229999999999999,-0.00181134417431498
-0.0082275,-0.001477400352456369
-0.008225,-0.001143456530597758
-0.008222500000000001,-0.0008095127087392987
-0.00822,-0.001143456530597758
-0.008217500000000001,-0.001143456530597758
-0.008215,-0.001477400352456369
-0.008212499999999999,-0.001477400352456369
-0.00821,-0.001477400352456369
-0.0082075,-0.001477400352456369
-0.008205,-0.001477400352456369
-0.0082025,-0.001143456530597758
-0.008200000000000001,-0.001477400352456217
-0.0081975,-0.001477400352456369
-0.008194999999999999,-0.001477400352456217
-0.0081925,-0.001143456530597758
-0.008189999999999999,-0.001477400352456217
-0.0081875,-0.001143456530597758
-0.008185,-0.001477400352456369
-0.008182500000000001,-0.001477400352456369
-0.00818,-0.001143456530597758
-0.008177500000000001,-0.001143456530597758
-0.008175,-0.001143456530597758
-0.008172499999999999,-0.001477400352456369
-0.00817,-0.001477400352456369
-0.008167499999999999,-0.001143456530597758
-0.008165,-0.001143456530597758
-0.0081625,-0.001143456530597758
-0.008160000000000001,-0.0008095127087392987
-0.0081575,-0.001143456530597758
-0.008155000000000001,-0.001477400352456217
-0.0081525,-0.001143456530597758
-0.008149999999999999,-0.00114345653059791
-0.0081475,-0.001477400352456369
-0.008144999999999999,-0.00181134417431498
-0.0081425,-0.001143456530597758
-0.00814,-0.001477400352456369
-0.008137500000000001,-0.001477400352456369
-0.008135,-0.001143456530597758
-0.008132500000000001,-0.001811344174314676
-0.00813,-0.001477400352456369
-0.008127499999999999,-0.001143456530597606
-0.008125,-0.0008095127087391468
-0.0081225,-0.0008095127087391468
-0.00812,-0.001477400352456369
-0.0081175,-0.001477400352456369
-0.008115000000000001,-0.001477400352456369
-0.0081125,-0.001143456530597758
-0.008109999999999999,-0.00114345653059791
-0.0081075,-0.001477400352456369
-0.008104999999999999,-0.001143456530597606
-0.0081025,-0.0008095127087391468
-0.0081,-0.001143456530597758
-0.008097500000000001,-0.001477400352456369
-0.008095,-0.001477400352456369
-0.008092500000000001,-0.001811344174314828
-0.00809,-0.001143456530597758
-0.008087499999999999,-0.001477400352456217
-0.008085,-0.001143456530597758
-0.008082499999999999,-0.00114345653059791
-0.00808,-0.001477400352456369
-0.0080775,-0.001477400352456369
-0.008075000000000001,-0.001477400352456369
-0.0080725,-0.00181134417431498
-0.008070000000000001,-0.001477400352456521
-0.0080675,-0.001143456530597758
-0.008064999999999999,-0.001811344174314676
-0.0080625,-0.001143456530597758
-0.008059999999999999,-0.001143456530597758
-0.0080575,-0.001143456530597758
-0.008055,-0.001477400352456369
-0.008052500000000001,-0.00114345653059791
-0.00805,-0.001143456530597758
-0.008047500000000001,-0.001143456530597758
-0.008045,-0.001477400352456369
-0.008042499999999999,-0.001143456530598062
-0.00804,-0.00181134417431498
-0.0080375,-0.001143456530597758
-0.008035,-0.001477400352456369
-0.0080325,-0.001477400352456369
-0.008030000000000001,-0.00114345653059791
-0.0080275,-0.001477400352456369
-0.008024999999999999,-0.00114345653059791
-0.0080225,-0.001477400352456369
-0.008019999999999999,-0.001477400352456521
-0.0080175,-0.00181134417431498
-0.008015,-0.00181134417431498
-0.008012500000000001,-0.001143456530597758
-0.00801,-0.001477400352456369
-0.008007500000000001,-0.0008095127087394505
-0.008005,-0.001143456530597758
-0.008002499999999999,-0.001143456530597606
-0.008,-0.0008095127087391468
-0.007997499999999999,-0.001143456530597758
-0.007995,-0.001143456530597758
-0.0079925,-0.001477400352456369
-0.007990000000000001,-0.00114345653059791
-0.0079875,-0.0008095127087391468
-0.007985000000000001,-0.001143456530597606
-0.0079825,-0.0008095127087391468
-0.007979999999999999,-0.001477400352456369
-0.0079775,-0.001477400352456369
-0.007974999999999999,-0.001477400352456369
-0.0079725,-0.001477400352456369
-0.00797,-0.001477400352456369
-0.007967500000000001,-0.001477400352456369
-0.007965,-0.001143456530597758
-0.007962500000000001,-0.001143456530597758
-0.00796,-0.001143456530597758
-0.007957499999999999,-0.001143456530597758
-0.007955,-0.001143456530597758
-0.007952499999999999,-0.001477400352456369
-0.00795,-0.001143456530597758
-0.0079475,-0.001477400352456369
-0.007945000000000001,-0.001477400352456369
-0.0079425,-0.001477400352456369
-0.007939999999999999,-0.001143456530598062
-0.0079375,-0.00181134417431498
-0.007934999999999999,-0.001143456530597758
-0.0079325,-0.001143456530597758
-0.00793,-0.001477400352456369
-0.007927500000000001,-0.001477400352456369
-0.007925,-0.001477400352456369
-0.007922500000000001,-0.001477400352456369
-0.00792,-0.00181134417431498
-0.007917499999999999,-0.001477400352456217
-0.007915,-0.001143456530597758
-0.007912499999999999,-0.001477400352456369
-0.00791,-0.001477400352456369
-0.0079075,-0.001143456530597758
-0.007905000000000001,-0.001143456530597758
-0.0079025,-0.001477400352456369
-0.007900000000000001,-0.001477400352456369
-0.0078975,-0.001477400352456369
-0.007894999999999999,-0.001143456530597758
-0.0078925,-0.001143456530597758
-0.007889999999999999,-0.001143456530597758
-0.0078875,-0.001143456530597758
-0.007885,-0.001477400352456369
-0.007882500000000001,-0.00114345653059791
-0.00788,-0.001143456530597758
-0.007877500000000001,-0.001143456530597758
-0.007875,-0.001477400352456369
-0.007872499999999999,-0.00114345653059791
-0.00787,-0.001477400352456369
-0.007867499999999999,-0.001477400352456369
-0.007865,-0.001143456530597758
-0.0078625,-0.001477400352456369
-0.007860000000000001,-0.001477400352456369
-0.0078575,-0.001477400352456369
-0.007854999999999999,-0.001143456530597758
-0.0078525,-0.001143456530597758
-0.007849999999999999,-0.001143456530597758
-0.0078475,-0.001143456530597758
-0.007845,-0.001143456530597758
-0.007842500000000001,-0.001477400352456369
-0.00784,-0.001143456530597758
-0.007837500000000001,-0.001477400352456217
-0.007835,-0.001143456530597758
-0.007832499999999999,-0.001477400352456369
-0.00783,-0.001477400352456369
-0.007827499999999999,-0.00114345653059791
-0.007825,-0.001477400352456369
-0.0078225,-0.001143456530597758
-0.007820000000000001,-0.001143456530597758
-0.0078175,-0.001477400352456369
-0.007815000000000001,-0.00114345653059791
-0.0078125,-0.001143456530597758
-0.00781,-0.001477400352456369
-0.0078075,-0.001143456530597758
-0.007805,-0.001143456530597758
-0.0078025,-0.001143456530597758
-0.0078,-0.001143456530597758
-0.0077975,-0.001477400352456369
-0.007795,-0.001143456530597758
-0.0077925,-0.001143456530597758
-0.00779,-0.001477400352456369
-0.0077875,-0.001477400352456369
-0.007785,-0.001477400352456369
-0.0077825,-0.001477400352456369
-0.00778,-0.001477400352456369
-0.0077775,-0.001477400352456369
-0.007775,-0.001143456530597758
-0.0077725,-0.001143456530597758
-0.00777,-0.001143456530597758
-0.0077675,-0.001477400352456369
-0.007765,-0.001143456530597758
-0.0077625,-0.001477400352456369
-0.00776,-0.001477400352456369
-0.0077575,-0.001143456530597758
-0.007755,-0.001477400352456369
-0.0077525,-0.001143456530597758
-0.00775,-0.001143456530597758
-0.0077475,-0.0008095127087391468
-0.007745,-0.001477400352456369
-0.0077425,-0.001477400352456369
-0.00774,-0.001143456530597758
-0.0077375,-0.001477400352456369
-0.007735,-0.001143456530597758
-0.0077325,-0.00181134417431498
-0.00773,-0.001477400352456369
-0.0077275,-0.001143456530597758
-0.007725,-0.001143456530597758
-0.0077225,-0.001477400352456369
-0.00772,-0.001477400352456369
-0.0077175,-0.001477400352456369
-0.007715,-0.001477400352456369
-0.0077125,-0.001143456530597758
-0.00771,-0.001143456530597758
-0.0077075,-0.001477400352456369
-0.007705,-0.001143456530597758
-0.0077025,-0.001477400352456369
-0.0077,-0.001143456530597758
-0.0076975,-0.001477400352456369
-0.007695,-0.001477400352456369
-0.0076925,-0.001143456530597758
-0.00769,-0.001143456530597758
-0.0076875,-0.001477400352456369
-0.007685,-0.001477400352456369
-0.0076825,-0.001477400352456369
-0.00768,-0.001477400352456369
-0.0076775,-0.0008095127087391468
-0.007675,-0.001143456530597758
-0.0076725,-0.001143456530597758
-0.00767,-0.001143456530597758
-0.0076675,-0.001143456530597758
-0.007665,-0.001477400352456369
-0.0076625,-0.001477400352456369
-0.00766,-0.001477400352456369
-0.0076575,-0.001143456530597758
-0.007655,-0.001477400352456369
-0.0076525,-0.001143456530597758
-0.00765,-0.001143456530597758
-0.0076475,-0.001143456530597758
-0.007645,-0.001143456530597758
-0.0076425,-0.001477400352456369
-0.00764,-0.001477400352456369
-0.0076375,-0.001477400352456369
-0.007635,-0.001143456530597758
-0.0076325,-0.0008095127087391468
-0.00763,-0.001143456530597758
-0.0076275,-0.001143456530597758
-0.007625,-0.001477400352456369
-0.0076225,-0.001143456530597758
-0.00762,-0.001143456530597758
-0.0076175,-0.001477400352456369
-0.007615,-0.001477400352456369
-0.0076125,-0.0008095127087391468
-0.00761,-0.0008095127087391468
-0.0076075,-0.001143456530597758
-0.007605,-0.001477400352456369
-0.0076025,-0.001477400352456369
-0.0076,-0.001143456530597758
-0.0075975,-0.001143456530597758
-0.007595,-0.001477400352456369
-0.0075925,-0.001143456530597758
-0.00759,-0.001477400352456369
-0.0075875,-0.001477400352456369
-0.007585,-0.001477400352456369
-0.0075825,-0.001143456530597758
-0.00758,-0.001477400352456369
-0.0075775,-0.001143456530597758
-0.007575,-0.001477400352456369
-0.0075725,-0.001143456530597758
-0.00757,-0.001143456530597758
-0.0075675,-0.001477400352456369
-0.007565,-0.001477400352456369
-0.0075625,-0.001143456530597758
-0.00756,-0.001143456530597758
-0.0075575,-0.001143456530597758
-0.007555,-0.001477400352456369
-0.0075525,-0.001143456530597758
-0.00755,-0.001477400352456369
-0.0075475,-0.00181134417431498
-0.007545,-0.001477400352456369
-0.0075425,-0.001477400352456369
-0.00754,-0.001477400352456369
-0.0075375,-0.001477400352456369
-0.007535,-0.001143456530597758
-0.0075325,-0.001477400352456369
-0.00753,-0.001477400352456369
-0.0075275,-0.00181134417431498
-0.007525,-0.001143456530597758
-0.0075225,-0.001143456530597758
-0.00752,-0.001477400352456369
-0.0075175,-0.001143456530597758
-0.007515,-0.001143456530597758
-0.0075125,-0.001143456530597758
-0.00751,-0.001477400352456369
-0.0075075,-0.001477400352456369
-0.007505,-0.0008095127087391468
-0.0075025,-0.001143456530597758
-0.0075,-0.001143456530597758
-0.0074975,-0.001143456530597758
-0.007495,-0.0008095127087391468
-0.0074925,-0.001477400352456369
-0.00749,-0.001477400352456369
-0.0074875,-0.001477400352456369
-0.007485,-0.001477400352456369
-0.0074825,-0.001477400352456369
-0.00748,-0.001477400352456369
-0.0074775,-0.001143456530597758
-0.007475,-0.0008095127087391468
-0.0074725,-0.001143456530597758
-0.00747,-0.001477400352456369
-0.0074675,-0.001477400352456369
-0.007465,-0.00181134417431498
-0.0074625,-0.001143456530597758
-0.00746,-0.001477400352456369
-0.0074575,-0.001143456530597758
-0.007455,-0.001143456530597758
-0.0074525,-0.001143456530597758
-0.00745,-0.0008095127087391468
-0.0074475,-0.001143456530597758
-0.007445,-0.001477400352456369
-0.0074425,-0.001143456530597758
-0.00744,-0.001143456530597758
-0.0074375,-0.001477400352456369
-0.007435,-0.001477400352456369
-0.0074325,-0.001477400352456369
-0.00743,-0.001143456530597758
-0.0074275,-0.001477400352456369
-0.007425,-0.001143456530597758
-0.0074225,-0.001477400352456369
-0.00742,-0.001477400352456369
-0.0074175,-0.0008095127087391468
-0.007415,-0.0008095127087391468
-0.0074125,-0.001477400352456369
-0.00741,-0.001477400352456369
-0.0074075,-0.001477400352456369
-0.007405,-0.001477400352456369
-0.0074025,-0.001143456530597758
-0.0074,-0.001477400352456369
-0.0073975,-0.001143456530597758
-0.007395,-0.001477400352456369
-0.0073925,-0.001477400352456369
-0.00739,-0.00181134417431498
-0.0073875,-0.001477400352456369
-0.007385,-0.001477400352456369
-0.0073825,-0.001477400352456369
-0.00738,-0.00181134417431498
-0.0073775,-0.001477400352456369
-0.007375,-0.001477400352456369
-0.0073725,-0.001477400352456369
-0.00737,-0.00181134417431498
-0.0073675,-0.001477400352456369
-0.007365,-0.001477400352456369
-0.0073625,-0.001477400352456369
-0.00736,-0.001477400352456369
-0.0073575,-0.001143456530597758
-0.007355,-0.001477400352456369
-0.0073525,-0.001477400352456369
-0.00735,-0.001477400352456369
-0.0073475,-0.001477400352456369
-0.007345,-0.001477400352456369
-0.0073425,-0.001477400352456369
-0.00734,-0.001143456530597758
-0.0073375,-0.001143456530597758
-0.007335,-0.001477400352456369
-0.0073325,-0.001143456530597758
-0.00733,-0.001477400352456369
-0.0073275,-0.00181134417431498
-0.007325,-0.001477400352456369
-0.0073225,-0.001477400352456369
-0.00732,-0.001477400352456369
-0.0073175,-0.001477400352456369
-0.007315,-0.00181134417431498
-0.0073125,-0.001143456530597758
-0.00731,-0.001477400352456369
-0.0073075,-0.00181134417431498
-0.007305,-0.001477400352456369
-0.0073025,-0.001477400352456369
-0.0073,-0.001143456530597758
-0.0072975,-0.001143456530597758
-0.007295,-0.001477400352456369
-0.0072925,-0.001477400352456369
-0.00729,-0.00181134417431498
-0.0072875,-0.00181134417431498
-0.007285,-0.0008095127087391468
-0.0072825,-0.001477400352456369
-0.00728,-0.001143456530597758
-0.0072775,-0.001143456530597758
-0.007275,-0.001477400352456369
-0.0072725,-0.001477400352456369
-0.00727,-0.001477400352456369
-0.0072675,-0.001143456530597758
-0.007265,-0.001143456530597758
-0.0072625,-0.001143456530597758
-0.00726,-0.0008095127087391468
-0.0072575,-0.001143456530597758
-0.007255,-0.001477400352456369
-0.0072525,-0.001477400352456369
-0.00725,-0.001477400352456369
-0.0072475,-0.001477400352456369
-0.007245,-0.001477400352456369
-0.0072425,-0.001477400352456369
-0.00724,-0.0008095127087391468
-0.0072375,-0.0008095127087391468
-0.007235,-0.001477400352456369
-0.0072325,-0.001477400352456369
-0.00723,-0.001477400352456369
-0.0072275,-0.001143456530597758
-0.007225,-0.001477400352456369
-0.0072225,-0.0008095127087391468
-0.00722,-0.001143456530597758
-0.0072175,-0.001477400352456369
-0.007215,-0.001477400352456369
-0.0072125,-0.001477400352456369
-0.00721,-0.001143456530597758
-0.0072075,-0.001477400352456369
-0.007205,-0.00181134417431498
-0.0072025,-0.001477400352456369
-0.0072,-0.001477400352456369
-0.0071975,-0.001477400352456369
-0.007195,-0.001477400352456369
-0.0071925,-0.001477400352456369
-0.00719,-0.00181134417431498
-0.0071875,-0.001477400352456369
-0.007185,-0.001143456530597758
-0.0071825,-0.001143456530597758
-0.00718,-0.001477400352456369
-0.0071775,-0.00181134417431498
-0.007175,-0.00181134417431498
-0.0071725,-0.001477400352456369
-0.00717,-0.001143456530597758
-0.0071675,-0.001143456530597758
-0.007165,-0.001143456530597758
-0.0071625,-0.001477400352456369
-0.00716,-0.001477400352456369
-0.0071575,-0.001143456530597758
-0.007155,-0.001143456530597758
-0.0071525,-0.001143456530597758
-0.00715,-0.00181134417431498
-0.0071475,-0.00181134417431498
-0.007145,-0.001143456530597758
-0.0071425,-0.001477400352456369
-0.00714,-0.00181134417431498
-0.0071375,-0.001477400352456369
-0.007135,-0.001143456530597758
-0.0071325,-0.001477400352456369
-0.00713,-0.001143456530597758
-0.0071275,-0.001477400352456369
-0.007125,-0.00181134417431498
-0.0071225,-0.001143456530597758
-0.00712,-0.00181134417431498
-0.0071175,-0.00181134417431498
-0.007115,-0.00181134417431498
-0.0071125,-0.00181134417431498
-0.00711,-0.001477400352456369
-0.0071075,-0.00181134417431498
-0.007105,-0.001143456530597758
-0.0071025,-0.001143456530597758
-0.0071,-0.001477400352456369
-0.0070975,-0.001477400352456369
-0.007095,-0.001477400352456369
-0.0070925,-0.001477400352456369
-0.00709,-0.00181134417431498
-0.0070875,-0.001477400352456369
-0.007085,-0.001477400352456369
-0.0070825,-0.001143456530597758
-0.00708,-0.001477400352456369
-0.0070775,-0.001477400352456369
-0.007075,-0.001477400352456369
-0.0070725,-0.00181134417431498
-0.00707,-0.001477400352456369
-0.0070675,-0.001477400352456369
-0.007065,-0.001143456530597758
-0.0070625,-0.001143456530597758
-0.00706,-0.001477400352456369
-0.0070575,-0.00181134417431498
-0.007055,-0.001477400352456369
-0.0070525,-0.001477400352456369
-0.00705,-0.001477400352456369
-0.0070475,-0.001143456530597758
-0.007045,-0.001477400352456369
-0.0070425,-0.001477400352456369
-0.00704,-0.001477400352456369
-0.0070375,-0.001477400352456369
-0.007035,-0.001143456530597758
-0.0070325,-0.00181134417431498
-0.00703,-0.001477400352456369
-0.0070275,-0.001477400352456369
-0.007025,-0.001477400352456369
-0.0070225,-0.001477400352456369
-0.00702,-0.001143456530597758
-0.0070175,-0.001477400352456369
-0.007015,-0.001143456530597758
-0.0070125,-0.001143456530597758
-0.00701,-0.001477400352456369
-0.0070075,-0.001477400352456369
-0.007005,-0.001477400352456369
-0.0070025,-0.001143456530597758
-0.007,-0.00181134417431498
-0.0069975,-0.001477400352456369
-0.006995,-0.001477400352456369
-0.0069925,-0.001477400352456369
-0.00699,-0.001477400352456369
-0.0069875,-0.001477400352456369
-0.006985,-0.001143456530597758
-0.0069825,-0.001477400352456369
-0.00698,-0.001477400352456369
-0.0069775,-0.001477400352456369
-0.006975,-0.001477400352456369
-0.0069725,-0.001143456530597758
-0.00697,-0.001477400352456369
-0.0069675,-0.001143456530597758
-0.006965,-0.0008095127087391468
-0.0069625,-0.001477400352456369
-0.00696,-0.001477400352456369
-0.0069575,-0.001477400352456369
-0.006955,-0.001477400352456369
-0.0069525,-0.001143456530597758
-0.00695,-0.001143456530597758
-0.0069475,-0.001477400352456369
-0.006945,-0.001477400352456369
-0.0069425,-0.001477400352456369
-0.00694,-0.00181134417431498
-0.0069375,-0.001477400352456369
-0.006935,-0.001143456530597758
-0.0069325,-0.001143456530597758
-0.00693,-0.001143456530597758
-0.0069275,-0.001143456530597758
-0.006925,-0.001477400352456369
-0.0069225,-0.00181134417431498
-0.00692,-0.001477400352456369
-0.0069175,-0.001477400352456369
-0.006915,-0.001143456530597758
-0.0069125,-0.001477400352456369
-0.00691,-0.001143456530597758
-0.0069075,-0.001477400352456369
-0.006905,-0.00181134417431498
-0.0069025,-0.001477400352456369
-0.0069,-0.001477400352456369
-0.0068975,-0.001477400352456369
-0.006895,-0.001477400352456369
-0.0068925,-0.001143456530597758
-0.00689,-0.001477400352456369
-0.0068875,-0.001143456530597758
-0.006885,-0.001477400352456369
-0.0068825,-0.00181134417431498
-0.00688,-0.001477400352456369
-0.0068775,-0.001477400352456369
-0.006875,-0.00181134417431498
-0.0068725,-0.001477400352456369
-0.00687,-0.001477400352456369
-0.0068675,-0.001143456530597758
-0.006865,-0.001477400352456369
-0.0068625,-0.001143456530597758
-0.00686,-0.001477400352456369
-0.0068575,-0.001477400352456369
-0.006855,-0.001477400352456369
-0.0068525,-0.001477400352456369
-0.00685,-0.001143456530597758
-0.0068475,-0.001143456530597758
-0.006845,-0.001477400352456369
-0.0068425,-0.00181134417431498
-0.00684,-0.001477400352456369
-0.0068375,-0.00181134417431498
-0.006835,-0.001477400352456369
-0.0068325,-0.001143456530597758
-0.00683,-0.001477400352456369
-0.0068275,-0.001477400352456369
-0.006825,-0.001477400352456369
-0.0068225,-0.00181134417431498
-0.00682,-0.001477400352456369
-0.0068175,-0.001477400352456369
-0.006815,-0.001477400352456369
-0.0068125,-0.001477400352456369
-0.00681,-0.001477400352456369
-0.0068075,-0.001477400352456369
-0.006805,-0.00181134417431498
-0.0068025,-0.00181134417431498
-0.0068,-0.001143456530597758
-0.0067975,-0.001143456530597758
-0.006795,-0.001477400352456369
-0.0067925,-0.00181134417431498
-0.00679,-0.001477400352456369
-0.0067875,-0.001477400352456369
-0.006785,-0.001477400352456369
-0.0067825,-0.001477400352456369
-0.00678,-0.00181134417431498
-0.0067775,-0.00181134417431498
-0.006775,-0.001477400352456369
-0.0067725,-0.001143456530597758
-0.00677,-0.001143456530597758
-0.0067675,-0.001477400352456369
-0.006765,-0.001477400352456369
-0.0067625,-0.001477400352456369
-0.00676,-0.00181134417431498
-0.0067575,-0.001143456530597758
-0.006755,-0.001477400352456369
-0.0067525,-0.0008095127087391468
-0.00675,-0.001477400352456369
-0.0067475,-0.00181134417431498
-0.006745,-0.001477400352456369
-0.0067425,-0.00181134417431498
-0.00674,-0.001477400352456369
-0.0067375,-0.001477400352456369
-0.006735,-0.001477400352456369
-0.0067325,-0.001143456530597758
-0.00673,-0.001143456530597758
-0.0067275,-0.001143456530597758
-0.006725,-0.001477400352456369
-0.0067225,-0.001477400352456369
-0.00672,-0.001477400352456369
-0.0067175,-0.001477400352456369
-0.006715,-0.001143456530597758
-0.0067125,-0.0008095127087391468
-0.00671,-0.0008095127087391468
-0.0067075,-0.00181134417431498
-0.006705,-0.00181134417431498
-0.0067025,-0.00181134417431498
-0.0067,-0.001477400352456369
-0.0066975,-0.001477400352456369
-0.006695,-0.001477400352456369
-0.0066925,-0.001143456530597758
-0.00669,-0.001477400352456369
-0.0066875,-0.001477400352456369
-0.006685,-0.001477400352456369
-0.0066825,-0.001477400352456369
-0.00668,-0.001477400352456369
-0.0066775,-0.001143456530597758
-0.006675,-0.001477400352456369
-0.0066725,-0.001477400352456369
-0.00667,-0.001477400352456369
-0.0066675,-0.001477400352456369
-0.006665,-0.001143456530597758
-0.0066625,-0.001477400352456369
-0.00666,-0.001477400352456369
-0.0066575,-0.001477400352456369
-0.006655,-0.0008095127087391468
-0.0066525,-0.001477400352456369
-0.00665,-0.001477400352456369
-0.0066475,-0.0008095127087391468
-0.006645,-0.001477400352456369
-0.0066425,-0.001477400352456369
-0.00664,-0.001143456530597758
-0.0066375,-0.001143456530597758
-0.006635,-0.0008095127087391468
-0.0066325,-0.001477400352456369
-0.00663,-0.001477400352456369
-0.0066275,-0.001143456530597758
-0.006625,-0.001477400352456369
-0.0066225,-0.001477400352456369
-0.00662,-0.001143456530597758
-0.0066175,-0.001143456530597758
-0.006615,-0.001477400352456369
-0.0066125,-0.001143456530597758
-0.00661,-0.001477400352456369
-0.0066075,-0.001477400352456369
-0.006605,-0.001477400352456369
-0.0066025,-0.00181134417431498
-0.0066,-0.001477400352456369
-0.0065975,-0.00181134417431498
-0.006595,-0.001143456530597758
-0.0065925,-0.001477400352456369
-0.00659,-0.001477400352456369
-0.0065875,-0.0008095127087391468
-0.006585,-0.001477400352456369
-0.0065825,-0.001143456530597758
-0.00658,-0.001477400352456369
-0.0065775,-0.001143456530597758
-0.006575,-0.001143456530597758
-0.0065725,-0.001477400352456369
-0.00657,-0.001477400352456369
-0.0065675,-0.001477400352456369
-0.006565,-0.0008095127087391468
-0.0065625,-0.001143456530597758
-0.00656,-0.001477400352456369
-0.0065575,-0.001143456530597758
-0.006555,-0.001143456530597758
-0.0065525,-0.001143456530597758
-0.00655,-0.001143456530597758
-0.0065475,-0.001477400352456369
-0.006545,-0.00181134417431498
-0.0065425,-0.001477400352456369
-0.00654,-0.001143456530597758
-0.0065375,-0.001143456530597758
-0.006535,-0.001143456530597758
-0.0065325,-0.001143456530597758
-0.00653,-0.001143456530597758
-0.0065275,-0.001143456530597758
-0.006525,-0.001143456530597758
-0.0065225,-0.001143456530597758
-0.00652,-0.001143456530597758
-0.0065175,-0.001477400352456369
-0.006515,-0.001143456530597758
-0.0065125,-0.001143456530597758
-0.00651,-0.0008095127087391468
-0.0065075,-0.001143456530597758
-0.006505,-0.001477400352456369
-0.0065025,-0.001477400352456369
-0.0065,-0.001143456530597758
-0.0064975,-0.001143456530597758
-0.006495,-0.001477400352456369
-0.0064925,-0.001477400352456369
-0.00649,-0.001143456530597758
-0.0064875,-0.001477400352456369
-0.006485,-0.001143456530597758
-0.0064825,-0.001477400352456369
-0.00648,-0.001477400352456369
-0.0064775,-0.001143456530597758
-0.006475,-0.001143456530597758
-0.0064725,-0.001477400352456369
-0.00647,-0.001477400352456369
-0.0064675,-0.001143456530597758
-0.006465,-0.001477400352456369
-0.0064625,-0.001143456530597758
-0.00646,-0.001477400352456369
-0.0064575,-0.001143456530597758
-0.006455,-0.001477400352456369
-0.0064525,-0.001477400352456369
-0.00645,-0.001143456530597758
-0.0064475,-0.001143456530597758
-0.006445,-0.001477400352456369
-0.0064425,-0.001477400352456369
-0.00644,-0.001143456530597758
-0.0064375,-0.001143456530597758
-0.006435,-0.001143456530597758
-0.0064325,-0.001477400352456369
-0.00643,-0.00181134417431498
-0.0064275,-0.001143456530597758
-0.006425,-0.001477400352456369
-0.0064225,-0.001477400352456369
-0.00642,-0.001143456530597758
-0.0064175,-0.001477400352456369
-0.006415,-0.001477400352456369
-0.0064125,-0.001477400352456369
-0.00641,-0.001477400352456369
-0.0064075,-0.001477400352456369
-0.006405,-0.00181134417431498
-0.0064025,-0.001477400352456369
-0.0064,-0.001143456530597758
-0.0063975,-0.001477400352456369
-0.006395,-0.001143456530597758
-0.0063925,-0.001143456530597758
-0.00639,-0.001477400352456369
-0.0063875,-0.001477400352456369
-0.006385,-0.001477400352456369
-0.0063825,-0.001143456530597758
-0.00638,-0.001477400352456369
-0.0063775,-0.001477400352456369
-0.006375,-0.001477400352456369
-0.0063725,-0.001143456530597758
-0.00637,-0.001477400352456369
-0.0063675,-0.001143456530597758
-0.006365,-0.001143456530597758
-0.0063625,-0.001143456530597758
-0.00636,-0.001143456530597758
-0.0063575,-0.001143456530597758
-0.006355,-0.001477400352456369
-0.0063525,-0.001477400352456369
-0.00635,-0.00181134417431498
-0.0063475,-0.001143456530597758
-0.006345,-0.001143456530597758
-0.0063425,-0.001477400352456369
-0.00634,-0.001477400352456369
-0.0063375,-0.001143456530597758
-0.006335,-0.001477400352456369
-0.0063325,-0.001477400352456369
-0.00633,-0.001477400352456369
-0.0063275,-0.001477400352456369
-0.006325,-0.00181134417431498
-0.0063225,-0.001477400352456369
-0.00632,-0.001477400352456369
-0.0063175,-0.001477400352456369
-0.006315,-0.001477400352456369
-0.0063125,-0.001477400352456369
-0.00631,-0.001477400352456369
-0.0063075,-0.001143456530597758
-0.006305,-0.001477400352456369
-0.0063025,-0.001143456530597758
-0.0063,-0.001477400352456369
-0.0062975,-0.001477400352456369
-0.006295,-0.001477400352456369
-0.0062925,-0.001477400352456369
-0.00629,-0.001477400352456369
-0.0062875,-0.001477400352456369
-0.006285,-0.001477400352456369
-0.0062825,-0.001477400352456369
-0.00628,-0.001477400352456369
-0.0062775,-0.001477400352456369
-0.006275,-0.001477400352456369
-0.0062725,-0.001477400352456369
-0.00627,-0.001143456530597758
-0.0062675,-0.001143456530597758
-0.006265,-0.001477400352456369
-0.0062625,-0.001143456530597758
-0.00626,-0.0008095127087391468
-0.0062575,-0.001143456530597758
-0.006255,-0.001143456530597758
-0.0062525,-0.00181134417431498
-0.00625,-0.001477400352456369
-0.0062475,-0.001477400352456369
-0.006245,-0.001477400352456369
-0.0062425,-0.001477400352456369
-0.00624,-0.001477400352456369
-0.0062375,-0.001477400352456369
-0.006235,-0.00181134417431498
-0.0062325,-0.001477400352456369
-0.00623,-0.001143456530597758
-0.0062275,-0.001143456530597758
-0.006225,-0.001477400352456369
-0.0062225,-0.00181134417431498
-0.00622,-0.001477400352456369
-0.0062175,-0.00181134417431498
-0.006215,-0.001477400352456369
-0.0062125,-0.001477400352456369
-0.00621,-0.001143456530597758
-0.0062075,-0.001477400352456369
-0.006205,-0.001477400352456369
-0.0062025,-0.0008095127087391468
-0.0062,-0.001143456530597758
-0.0061975,-0.001477400352456369
-0.006195,-0.001477400352456369
-0.0061925,-0.001477400352456369
-0.00619,-0.001143456530597758
-0.0061875,-0.001477400352456369
-0.006185,-0.001143456530597758
-0.0061825,-0.001477400352456369
-0.00618,-0.001477400352456369
-0.0061775,-0.00181134417431498
-0.006175,-0.001143456530597758
-0.0061725,-0.001143456530597758
-0.00617,-0.001143456530597758
-0.0061675,-0.001477400352456369
-0.006165,-0.001477400352456369
-0.0061625,-0.001477400352456369
-0.00616,-0.001477400352456369
-0.0061575,-0.001143456530597758
-0.006155,-0.001143456530597758
-0.0061525,-0.001143456530597758
-0.00615,-0.001477400352456369
-0.0061475,-0.001143456530597758
-0.006145,-0.001143456530597758
-0.0061425,-0.001477400352456369
-0.00614,-0.001477400352456369
-0.0061375,-0.001477400352456369
-0.006135,-0.001477400352456369
-0.0061325,-0.001143456530597758
-0.00613,-0.001477400352456369
-0.0061275,-0.001143456530597758
-0.006125,-0.0008095127087391468
-0.0061225,-0.0008095127087391468
-0.00612,-0.001477400352456369
-0.0061175,-0.001477400352456369
-0.006115,-0.001143456530597758
-0.0061125,-0.001477400352456369
-0.00611,-0.001477400352456369
-0.0061075,-0.001477400352456369
-0.006105,-0.001143456530597758
-0.0061025,-0.001143456530597758
-0.0061,-0.001477400352456369
-0.0060975,-0.001143456530597758
-0.006095,-0.001143456530597758
-0.0060925,-0.001477400352456369
-0.00609,-0.001477400352456369
-0.0060875,-0.001477400352456369
-0.006085,-0.001477400352456369
-0.0060825,-0.001477400352456369
-0.00608,-0.001477400352456369
-0.0060775,-0.001477400352456369
-0.006075,-0.001477400352456369
-0.0060725,-0.0008095127087391468
-0.00607,-0.001143456530597758
-0.0060675,-0.001143456530597758
-0.006065,-0.0008095127087391468
-0.0060625,-0.001477400352456369
-0.00606,-0.001477400352456369
-0.0060575,-0.00181134417431498
-0.006055,-0.001477400352456369
-0.0060525,-0.001477400352456369
-0.00605,-0.001477400352456369
-0.0060475,-0.001143456530597758
-0.006045,-0.0008095127087391468
-0.0060425,-0.001143456530597758
-0.00604,-0.001143456530597758
-0.0060375,-0.001477400352456369
-0.006035,-0.001477400352456369
-0.0060325,-0.001477400352456369
-0.00603,-0.001143456530597758
-0.0060275,-0.001477400352456369
-0.006025,-0.001143456530597758
-0.0060225,-0.001143456530597758
-0.00602,-0.002145287996173591
-0.0060175,-0.00181134417431498
-0.006015,-0.001477400352456369
-0.0060125,-0.001477400352456369
-0.00601,-0.001143456530597758
-0.0060075,-0.001477400352456369
-0.006005,-0.001477400352456369
-0.0060025,-0.001477400352456369
-0.006,-0.001477400352456369
-0.0059975,-0.001477400352456369
-0.005995,-0.001477400352456369
-0.0059925,-0.001143456530597758
-0.00599,-0.0008095127087391468
-0.0059875,-0.001143456530597758
-0.005985,-0.001477400352456369
-0.0059825,-0.00181134417431498
-0.00598,-0.00181134417431498
-0.0059775,-0.00181134417431498
-0.005975,-0.001477400352456369
-0.0059725,-0.001143456530597758
-0.00597,-0.001477400352456369
-0.0059675,-0.001477400352456369
-0.005965,-0.001477400352456369
-0.0059625,-0.001477400352456369
-0.00596,-0.00181134417431498
-0.0059575,-0.001143456530597758
-0.005955,-0.001477400352456369
-0.0059525,-0.001143456530597758
-0.00595,-0.001477400352456369
-0.0059475,-0.001477400352456369
-0.005945,-0.001477400352456369
-0.0059425,-0.001143456530597758
-0.00594,-0.001477400352456369
-0.0059375,-0.00181134417431498
-0.005935,-0.00181134417431498
-0.0059325,-0.001143456530597758
-0.00593,-0.001143456530597758
-0.0059275,-0.001477400352456369
-0.005925,-0.001477400352456369
-0.0059225,-0.00181134417431498
-0.00592,-0.001477400352456369
-0.0059175,-0.001477400352456369
-0.005915,-0.001477400352456369
-0.0059125,-0.001143456530597758
-0.00591,-0.001477400352456369
-0.0059075,-0.001143456530597758
-0.005905,-0.001477400352456369
-0.0059025,-0.001143456530597758
-0.0059,-0.001477400352456369
-0.0058975,-0.001143456530597758
-0.005895,-0.001143456530597758
-0.0058925,-0.0008095127087391468
-0.00589,-0.001143456530597758
-0.0058875,-0.001143456530597758
-0.005885,-0.001477400352456369
-0.0058825,-0.001477400352456369
-0.00588,-0.001143456530597758
-0.0058775,-0.001143456530597758
-0.005875,-0.001143456530597758
-0.0058725,-0.001477400352456369
-0.00587,-0.0008095127087391468
-0.0058675,-0.001143456530597758
-0.005865,-0.001477400352456369
-0.0058625,-0.001477400352456369
-0.00586,-0.00181134417431498
-0.0058575,-0.001477400352456369
-0.005855,-0.001477400352456369
-0.0058525,-0.001477400352456369
-0.00585,-0.00181134417431498
-0.0058475,-0.001477400352456369
-0.005845,-0.001143456530597758
-0.0058425,-0.001143456530597758
-0.00584,-0.0008095127087391468
-0.0058375,-0.001143456530597758
-0.005835,-0.001143456530597758
-0.0058325,-0.001143456530597758
-0.00583,-0.001143456530597758
-0.0058275,-0.001477400352456369
-0.005825,-0.001143456530597758
-0.0058225,-0.001477400352456369
-0.00582,-0.001143456530597758
-0.0058175,-0.001143456530597758
-0.005815,-0.001143456530597758
-0.0058125,-0.001143456530597758
-0.00581,-0.001143456530597758
-0.0058075,-0.001143456530597758
-0.005805,-0.00181134417431498
-0.0058025,-0.001143456530597758
-0.0058,-0.001143456530597758
-0.0057975,-0.001143456530597758
-0.005795,-0.001477400352456369
-0.0057925,-0.001143456530597758
-0.00579,-0.0008095127087391468
-0.0057875,-0.001477400352456369
-0.005785,-0.001143456530597758
-0.0057825,-0.001143456530597758
-0.00578,-0.001143456530597758
-0.0057775,-0.001477400352456369
-0.005775,-0.001477400352456369
-0.0057725,-0.001477400352456369
-0.00577,-0.001477400352456369
-0.0057675,-0.001143456530597758
-0.005765,-0.001477400352456369
-0.0057625,-0.001143456530597758
-0.00576,-0.001143456530597758
-0.0057575,-0.001143456530597758
-0.005755,-0.001143456530597758
-0.0057525,-0.001143456530597758
-0.00575,-0.001477400352456369
-0.0057475,-0.001477400352456369
-0.005745,-0.001477400352456369
-0.0057425,-0.001477400352456369
-0.00574,-0.001143456530597758
-0.0057375,-0.001477400352456369
-0.005735,-0.001143456530597758
-0.0057325,-0.001477400352456369
-0.00573,-0.001477400352456369
-0.0057275,-0.001477400352456369
-0.005725,-0.001143456530597758
-0.0057225,-0.00181134417431498
-0.00572,-0.001477400352456369
-0.0057175,-0.001477400352456369
-0.005715,-0.001143456530597758
-0.0057125,-0.001143456530597758
-0.00571,-0.001477400352456369
-0.0057075,-0.001477400352456369
-0.005705,-0.001477400352456369
-0.0057025,-0.001477400352456369
-0.0057,-0.001477400352456369
-0.0056975,-0.001143456530597758
-0.005695,-0.001143456530597758
-0.0056925,-0.001477400352456369
-0.00569,-0.001143456530597758
-0.0056875,-0.001477400352456369
-0.005685,-0.001477400352456369
-0.0056825,-0.001143456530597758
-0.00568,-0.001477400352456369
-0.0056775,-0.001143456530597758
-0.005675,-0.001143456530597758
-0.0056725,-0.001477400352456369
-0.00567,-0.001477400352456369
-0.0056675,-0.001477400352456369
-0.005665,-0.00181134417431498
-0.0056625,-0.001143456530597758
-0.00566,-0.001143456530597758
-0.0056575,-0.001143456530597758
-0.005655,-0.001477400352456369
-0.0056525,-0.001477400352456369
-0.00565,-0.001477400352456369
-0.0056475,-0.001477400352456369
-0.005645,-0.00181134417431498
-0.0056425,-0.001477400352456369
-0.00564,-0.001477400352456369
-0.0056375,-0.001477400352456369
-0.005635,-0.001143456530597758
-0.0056325,-0.001477400352456369
-0.00563,-0.001477400352456369
-0.0056275,-0.001477400352456369
-0.005625,-0.00181134417431498
-0.0056225,-0.001477400352456369
-0.00562,-0.001477400352456369
-0.0056175,-0.0008095127087391468
-0.005615,-0.001143456530597758
-0.0056125,-0.001143456530597758
-0.00561,-0.001143456530597758
-0.0056075,-0.001477400352456369
-0.005605,-0.001143456530597758
-0.0056025,-0.001143456530597758
-0.0056,-0.001143456530597758
-0.0055975,-0.001143456530597758
-0.005595,-0.001477400352456369
-0.0055925,-0.001477400352456369
-0.00559,-0.00181134417431498
-0.0055875,-0.001477400352456369
-0.005585,-0.001143456530597758
-0.0055825,-0.001143456530597758
-0.00558,-0.001477400352456369
-0.0055775,-0.001477400352456369
-0.005575,-0.001143456530597758
-0.0055725,-0.00181134417431498
-0.00557,-0.001477400352456369
-0.0055675,-0.00181134417431498
-0.005565,-0.00181134417431498
-0.0055625,-0.001143456530597758
-0.00556,-0.001477400352456369
-0.0055575,-0.001143456530597758
-0.005555,-0.001143456530597758
-0.0055525,-0.00181134417431498
-0.00555,-0.00181134417431498
-0.0055475,-0.001143456530597758
-0.005545,-0.001143456530597758
-0.0055425,-0.001143456530597758
-0.00554,-0.001477400352456369
-0.0055375,-0.001143456530597758
-0.005535,-0.001143456530597758
-0.0055325,-0.001143456530597758
-0.00553,-0.001477400352456369
-0.0055275,-0.00181134417431498
-0.005525,-0.00181134417431498
-0.0055225,-0.001477400352456369
-0.00552,-0.001143456530597758
-0.0055175,-0.001143456530597758
-0.005515,-0.001477400352456369
-0.0055125,-0.001477400352456369
-0.00551,-0.001477400352456369
-0.0055075,-0.001477400352456369
-0.005505,-0.001477400352456369
-0.0055025,-0.001143456530597758
-0.0055,-0.001143456530597758
-0.0054975,-0.001477400352456369
-0.005495,-0.001477400352456369
-0.0054925,-0.001143456530597758
-0.00549,-0.001477400352456369
-0.0054875,-0.001477400352456369
-0.005485,-0.001477400352456369
-0.0054825,-0.001477400352456369
-0.00548,-0.001143456530597758
-0.0054775,-0.001143456530597758
-0.005475,-0.001143456530597758
-0.0054725,-0.001477400352456369
-0.00547,-0.001477400352456369
-0.0054675,-0.001143456530597758
-0.005465,-0.001143456530597758
-0.0054625,-0.001143456530597758
-0.00546,-0.0008095127087391468
-0.0054575,-0.0008095127087391468
-0.005455,-0.001477400352456369
-0.0054525,-0.001477400352456369
-0.00545,-0.001143456530597758
-0.0054475,-0.001143456530597758
-0.005445,-0.001477400352456369
-0.0054425,-0.001143456530597758
-0.00544,-0.001143456530597758
-0.0054375,-0.001143456530597758
-0.005435,-0.001143456530597758
-0.0054325,-0.001477400352456369
-0.00543,-0.001143456530597758
-0.0054275,-0.001143456530597758
-0.005425,-0.001477400352456369
-0.0054225,-0.00181134417431498
-0.00542,-0.001143456530597758
-0.0054175,-0.001143456530597758
-0.005415,-0.001143456530597758
-0.0054125,-0.001477400352456369
-0.00541,-0.001477400352456369
-0.0054075,-0.001143456530597758
-0.005405,-0.001143456530597758
-0.0054025,-0.001143456530597758
-0.0054,-0.001477400352456369
-0.0053975,-0.001477400352456369
-0.005395,-0.00181134417431498
-0.0053925,-0.001477400352456369
-0.00539,-0.001477400352456369
-0.0053875,-0.001477400352456369
-0.005385,-0.001477400352456369
-0.0053825,-0.001143456530597758
-0.00538,-0.001143456530597758
-0.0053775,-0.001143456530597758
-0.005375,-0.001477400352456369
-0.0053725,-0.001477400352456369
-0.00537,-0.00181134417431498
-0.0053675,-0.001477400352456369
-0.005365,-0.001143456530597758
-0.0053625,-0.001477400352456369
-0.00536,-0.0008095127087391468
-0.0053575,-0.001477400352456369
-0.005355,-0.001143456530597758
-0.0053525,-0.001477400352456369
-0.00535,-0.001477400352456369
-0.0053475,-0.001143456530597758
-0.005345,-0.00181134417431498
-0.0053425,-0.001477400352456369
-0.00534,-0.001477400352456369
-0.0053375,-0.0008095127087391468
-0.005335,-0.001477400352456369
-0.0053325,-0.00181134417431498
-0.00533,-0.001477400352456369
-0.0053275,-0.001477400352456369
-0.005325,-0.001477400352456369
-0.0053225,-0.001143456530597758
-0.00532,-0.001143456530597758
-0.0053175,-0.0008095127087391468
-0.005315,-0.00181134417431498
-0.0053125,-0.001143456530597758
-0.00531,-0.001477400352456369
-0.0053075,-0.001477400352456369
-0.005305,-0.001143456530597758
-0.0053025,-0.001477400352456369
-0.0053,-0.001143456530597758
-0.0052975,-0.001477400352456369
-0.005295,-0.001143456530597758
-0.0052925,-0.001477400352456369
-0.00529,-0.00181134417431498
-0.0052875,-0.00181134417431498
-0.005285,-0.001143456530597758
-0.0052825,-0.001143456530597758
-0.00528,-0.0008095127087391468
-0.0052775,-0.001143456530597758
-0.005275,-0.001477400352456369
-0.0052725,-0.001477400352456369
-0.00527,-0.001477400352456369
-0.0052675,-0.001477400352456369
-0.005265,-0.001143456530597758
-0.0052625,-0.001143456530597758
-0.00526,-0.001143456530597758
-0.0052575,-0.001477400352456369
-0.005255,-0.001477400352456369
-0.0052525,-0.001143456530597758
-0.00525,-0.001477400352456369
-0.0052475,-0.001477400352456369
-0.005245,-0.001143456530597758
-0.0052425,-0.001477400352456369
-0.00524,-0.001143456530597758
-0.0052375,-0.001477400352456369
-0.005235,-0.001477400352456369
-0.0052325,-0.001477400352456369
-0.00523,-0.001143456530597758
-0.0052275,-0.001143456530597758
-0.005225,-0.001143456530597758
-0.0052225,-0.001143456530597758
-0.00522,-0.001143456530597758
-0.0052175,-0.001143456530597758
-0.005215,-0.001143456530597758
-0.0052125,-0.001477400352456369
-0.00521,-0.001143456530597758
-0.0052075,-0.001143456530597758
-0.005205,-0.001143456530597758
-0.0052025,-0.001477400352456369
-0.0052,-0.001477400352456369
-0.0051975,-0.001477400352456369
-0.005195,-0.001143456530597758
-0.0051925,-0.001477400352456369
-0.00519,-0.001477400352456369
-0.0051875,-0.001477400352456369
-0.005185,-0.001477400352456369
-0.0051825,-0.001477400352456369
-0.00518,-0.001477400352456369
-0.0051775,-0.001477400352456369
-0.005175,-0.001477400352456369
-0.0051725,-0.001477400352456369
-0.00517,-0.001143456530597758
-0.0051675,-0.001143456530597758
-0.005165,-0.001143456530597758
-0.0051625,-0.001143456530597758
-0.00516,-0.001477400352456369
-0.0051575,-0.001477400352456369
-0.005155,-0.001143456530597758
-0.0051525,-0.001143456530597758
-0.00515,-0.001143456530597758
-0.0051475,-0.001143456530597758
-0.005145,-0.001477400352456369
-0.0051425,-0.001477400352456369
-0.00514,-0.001143456530597758
-0.0051375,-0.001143456530597758
-0.005135,-0.001477400352456369
-0.0051325,-0.001477400352456369
-0.00513,-0.001477400352456369
-0.0051275,-0.001477400352456369
-0.005125,-0.001143456530597758
-0.0051225,-0.001477400352456369
-0.00512,-0.001477400352456369
-0.0051175,-0.001477400352456369
-0.005115,-0.00181134417431498
-0.0051125,-0.001477400352456369
-0.00511,-0.001143456530597758
-0.0051075,-0.001143456530597758
-0.005105,-0.001143456530597758
-0.0051025,-0.001477400352456369
-0.0051,-0.001143456530597758
-0.0050975,-0.001477400352456369
-0.005095,-0.001477400352456369
-0.0050925,-0.001143456530597758
-0.00509,-0.001477400352456369
-0.0050875,-0.001143456530597758
-0.005085,-0.001477400352456369
-0.0050825,-0.001477400352456369
-0.00508,-0.001477400352456369
-0.0050775,-0.001143456530597758
-0.005075,-0.001143456530597758
-0.0050725,-0.001143456530597758
-0.00507,-0.001143456530597758
-0.0050675,-0.001143456530597758
-0.005065,-0.001143456530597758
-0.0050625,-0.001477400352456369
-0.00506,-0.001477400352456369
-0.0050575,-0.001477400352456369
-0.005055,-0.001143456530597758
-0.0050525,-0.001143456530597758
-0.00505,-0.001143456530597758
-0.0050475,-0.0008095127087391468
-0.005045,-0.001477400352456369
-0.0050425,-0.001143456530597758
-0.00504,-0.00181134417431498
-0.0050375,-0.001477400352456369
-0.005035,-0.001477400352456369
-0.0050325,-0.001477400352456369
-0.00503,-0.001143456530597758
-0.0050275,-0.001143456530597758
-0.005025,-0.001143456530597758
-0.0050225,-0.001477400352456369
-0.00502,-0.00181134417431498
-0.0050175,-0.001477400352456369
-0.005015,-0.001143456530597758
-0.0050125,-0.001143456530597758
-0.00501,-0.001143456530597758
-0.0050075,-0.0008095127087391468
-0.005005,-0.001143456530597758
-0.0050025,-0.001477400352456369
-0.005,-0.001477400352456369
-0.0049975,-0.001477400352456369
-0.004995,-0.001143456530597758
-0.0049925,-0.001143456530597758
-0.00499,-0.001477400352456369
-0.0049875,-0.001143456530597758
-0.004985,-0.001477400352456369
-0.0049825,-0.001477400352456369
-0.00498,-0.00181134417431498
-0.0049775,-0.00181134417431498
-0.004975,-0.001143456530597758
-0.0049725,-0.001143456530597758
-0.00497,-0.0008095127087391468
-0.0049675,-0.001477400352456369
-0.004965,-0.001477400352456369
-0.0049625,-0.001143456530597758
-0.00496,-0.001143456530597758
-0.0049575,-0.001477400352456369
-0.004955,-0.001477400352456369
-0.0049525,-0.001143456530597758
-0.00495,-0.001477400352456369
-0.0049475,-0.001143456530597758
-0.004945,-0.001143456530597758
-0.0049425,-0.001143456530597758
-0.00494,-0.001477400352456369
-0.0049375,-0.001477400352456369
-0.004935,-0.001143456530597758
-0.0049325,-0.001143456530597758
-0.00493,-0.001143456530597758
-0.0049275,-0.001477400352456369
-0.004925,-0.001143456530597758
-0.0049225,-0.001477400352456369
-0.00492,-0.001143456530597758
-0.0049175,-0.001477400352456369
-0.004915,-0.0008095127087391468
-0.0049125,-0.0008095127087391468
-0.00491,-0.0008095127087391468
-0.0049075,-0.0008095127087391468
-0.004905,-0.001143456530597758
-0.0049025,-0.001143456530597758
-0.0049,-0.001477400352456369
-0.0048975,-0.001477400352456369
-0.004895,-0.001143456530597758
-0.0048925,-0.001143456530597758
-0.00489,-0.001143456530597758
-0.0048875,-0.0008095127087391468
-0.004885,-0.001143456530597758
-0.0048825,-0.001143456530597758
-0.00488,-0.001477400352456369
-0.0048775,-0.001143456530597758
-0.004875,-0.001143456530597758
-0.0048725,-0.001143456530597758
-0.00487,-0.0008095127087391468
-0.0048675,-0.001143456530597758
-0.004865,-0.001477400352456369
-0.0048625,-0.001143456530597758
-0.00486,-0.00181134417431498
-0.0048575,-0.001143456530597758
-0.004855,-0.0008095127087391468
-0.0048525,-0.001477400352456369
-0.00485,-0.0008095127087391468
-0.0048475,-0.001143456530597758
-0.004845,-0.001143456530597758
-0.0048425,-0.001143456530597758
-0.00484,-0.001477400352456369
-0.0048375,-0.001477400352456369
-0.004835,-0.001143456530597758
-0.0048325,-0.001143456530597758
-0.00483,-0.001143456530597758
-0.0048275,-0.001477400352456369
-0.004825,-0.001477400352456369
-0.0048225,-0.001143456530597758
-0.00482,-0.001143456530597758
-0.0048175,-0.001143456530597758
-0.004815,-0.0008095127087391468
-0.0048125,-0.001143456530597758
-0.00481,-0.001477400352456369
-0.0048075,-0.001477400352456369
-0.004805,-0.001143456530597758
-0.0048025,-0.001477400352456369
-0.0048,-0.001143456530597758
-0.0047975,-0.001477400352456369
-0.004795,-0.001143456530597758
-0.0047925,-0.001477400352456369
-0.00479,-0.001143456530597758
-0.0047875,-0.001477400352456369
-0.004785,-0.001477400352456369
-0.0047825,-0.00181134417431498
-0.00478,-0.001143456530597758
-0.0047775,-0.001477400352456369
-0.004775,-0.001143456530597758
-0.0047725,-0.001477400352456369
-0.00477,-0.001143456530597758
-0.0047675,-0.001477400352456369
-0.004765,-0.001143456530597758
-0.0047625,-0.001477400352456369
-0.00476,-0.001477400352456369
-0.0047575,-0.001143456530597758
-0.004755,-0.001143456530597758
-0.0047525,-0.001143456530597758
-0.00475,-0.001477400352456369
-0.0047475,-0.001477400352456369
-0.004745,-0.00181134417431498
-0.0047425,-0.001477400352456369
-0.00474,-0.001143456530597758
-0.0047375,-0.001143456530597758
-0.004735,-0.001143456530597758
-0.0047325,-0.001143456530597758
-0.00473,-0.0008095127087391468
-0.0047275,-0.001143456530597758
-0.004725,-0.001477400352456369
-0.0047225,-0.001477400352456369
-0.00472,-0.001477400352456369
-0.0047175,-0.001143456530597758
-0.004715,-0.001477400352456369
-0.0047125,-0.001477400352456369
-0.00471,-0.001477400352456369
-0.0047075,-0.001477400352456369
-0.004705,-0.001143456530597758
-0.0047025,-0.001143456530597758
-0.0047,-0.001477400352456369
-0.0046975,-0.001477400352456369
-0.004695,-0.001477400352456369
-0.0046925,-0.001477400352456369
-0.00469,-0.001477400352456369
-0.0046875,-0.001477400352456369
-0.004685,-0.001477400352456369
-0.0046825,-0.0008095127087391468
-0.00468,-0.001143456530597758
-0.0046775,-0.0008095127087391468
-0.004675,-0.001143456530597758
-0.0046725,-0.001143456530597758
-0.00467,-0.001143456530597758
-0.0046675,-0.001477400352456369
-0.004665,-0.001477400352456369
-0.0046625,-0.001143456530597758
-0.00466,-0.001477400352456369
-0.0046575,-0.001143456530597758
-0.004655,-0.0004755688868805358
-0.0046525,-0.001143456530597758
-0.00465,-0.001143456530597758
-0.0046475,-0.001143456530597758
-0.004645,-0.0008095127087391468
-0.0046425,-0.001477400352456369
-0.00464,-0.001143456530597758
-0.0046375,-0.001143456530597758
-0.004635,-0.001477400352456369
-0.0046325,-0.0008095127087391468
-0.00463,-0.001477400352456369
-0.0046275,-0.00181134417431498
-0.004625,-0.00181134417431498
-0.0046225,-0.001143456530597758
-0.00462,-0.001143456530597758
-0.0046175,-0.001143456530597758
-0.004615,-0.001143456530597758
-0.0046125,-0.001477400352456369
-0.00461,-0.001143456530597758
-0.0046075,-0.001477400352456369
-0.004605,-0.001477400352456369
-0.0046025,-0.001477400352456369
-0.0046,-0.001143456530597758
-0.0045975,-0.001143456530597758
-0.004595,-0.001143456530597758
-0.0045925,-0.001477400352456369
-0.00459,-0.001477400352456369
-0.0045875,-0.001143456530597758
-0.004585,-0.001143456530597758
-0.0045825,-0.001143456530597758
-0.00458,-0.001143456530597758
-0.0045775,-0.001143456530597758
-0.004575,-0.0008095127087391468
-0.0045725,-0.001143456530597758
-0.00457,-0.001477400352456369
-0.0045675,-0.001477400352456369
-0.004565,-0.001143456530597758
-0.0045625,-0.001143456530597758
-0.00456,-0.0008095127087391468
-0.0045575,-0.0008095127087391468
-0.004555,-0.001477400352456369
-0.0045525,-0.001477400352456369
-0.00455,-0.001143456530597758
-0.0045475,-0.001477400352456369
-0.004545,-0.001477400352456369
-0.0045425,-0.001143456530597758
-0.00454,-0.0008095127087391468
-0.0045375,-0.001143456530597758
-0.004535,-0.001143456530597758
-0.0045325,-0.00181134417431498
-0.00453,-0.001477400352456369
-0.0045275,-0.001477400352456369
-0.004525,-0.001143456530597758
-0.0045225,-0.0008095127087391468
-0.00452,-0.001477400352456369
-0.0045175,-0.001143456530597758
-0.004515,-0.0008095127087391468
-0.0045125,-0.001143456530597758
-0.00451,-0.001477400352456369
-0.0045075,-0.001477400352456369
-0.004505,-0.001477400352456369
-0.0045025,-0.001477400352456369
-0.0045,-0.001477400352456369
-0.0044975,-0.001143456530597758
-0.004495,-0.001477400352456369
-0.0044925,-0.00181134417431498
-0.00449,-0.001477400352456369
-0.0044875,-0.001143456530597758
-0.004485,-0.001143456530597758
-0.0044825,-0.001143456530597758
-0.00448,-0.001143456530597758
-0.0044775,-0.001143456530597758
-0.004475,-0.001143456530597758
-0.0044725,-0.001477400352456369
-0.00447,-0.001143456530597758
-0.0044675,-0.001477400352456369
-0.004465,-0.001143456530597758
-0.0044625,-0.001143456530597758
-0.00446,-0.001143456530597758
-0.0044575,-0.001143456530597758
-0.004455,-0.001143456530597758
-0.0044525,-0.001477400352456369
-0.00445,-0.001477400352456369
-0.0044475,-0.001143456530597758
-0.004445,-0.001477400352456369
-0.0044425,-0.001143456530597758
-0.00444,-0.001477400352456369
-0.0044375,-0.001143456530597758
-0.004435,-0.001477400352456369
-0.0044325,-0.001477400352456369
-0.00443,-0.001477400352456369
-0.0044275,-0.001143456530597758
-0.004425,-0.001143456530597758
-0.0044225,-0.001143456530597758
-0.00442,-0.001477400352456369
-0.0044175,-0.0008095127087391468
-0.004415,-0.001143456530597758
-0.0044125,-0.001477400352456369
-0.00441,-0.001143456530597758
-0.0044075,-0.001143456530597758
-0.004405,-0.001477400352456369
-0.0044025,-0.001477400352456369
-0.0044,-0.001143456530597758
-0.0043975,-0.001477400352456369
-0.004395,-0.001143456530597758
-0.0043925,-0.001477400352456369
-0.00439,-0.001477400352456369
-0.0043875,-0.001477400352456369
-0.004385,-0.001477400352456369
-0.0043825,-0.001143456530597758
-0.00438,-0.001477400352456369
-0.0043775,-0.001143456530597758
-0.004375,-0.001143456530597758
-0.0043725,-0.001143456530597758
-0.00437,-0.001477400352456369
-0.0043675,-0.001143456530597758
-0.004365,-0.001477400352456369
-0.0043625,-0.001477400352456369
-0.00436,-0.001477400352456369
-0.0043575,-0.001477400352456369
-0.004355,-0.001477400352456369
-0.0043525,-0.001477400352456369
-0.00435,-0.001143456530597758
-0.0043475,-0.001477400352456369
-0.004345,-0.001477400352456369
-0.0043425,-0.0008095127087391468
-0.00434,-0.001477400352456369
-0.0043375,-0.001477400352456369
-0.004335,-0.001477400352456369
-0.0043325,-0.001477400352456369
-0.00433,-0.001477400352456369
-0.0043275,-0.001143456530597758
-0.004325,-0.001143456530597758
-0.0043225,-0.001143456530597758
-0.00432,-0.001477400352456369
-0.0043175,-0.001143456530597758
-0.004315,-0.001477400352456369
-0.0043125,-0.001477400352456369
-0.00431,-0.00181134417431498
-0.0043075,-0.0008095127087391468
-0.004305,-0.0008095127087391468
-0.0043025,-0.001143456530597758
-0.0043,-0.001477400352456369
-0.0042975,-0.001143456530597758
-0.004295,-0.001477400352456369
-0.0042925,-0.001477400352456369
-0.00429,-0.001477400352456369
-0.0042875,-0.001477400352456369
-0.004285,-0.001143456530597758
-0.0042825,-0.001477400352456369
-0.00428,-0.001143456530597758
-0.0042775,-0.001477400352456369
-0.004275,-0.001477400352456369
-0.0042725,-0.001477400352456369
-0.00427,-0.001143456530597758
-0.0042675,-0.001477400352456369
-0.004265,-0.001477400352456369
-0.0042625,-0.001143456530597758
-0.00426,-0.001143456530597758
-0.0042575,-0.001477400352456369
-0.004255,-0.001477400352456369
-0.0042525,-0.001477400352456369
-0.00425,-0.001143456530597758
-0.0042475,-0.001143456530597758
-0.004245,-0.0008095127087391468
-0.0042425,-0.0008095127087391468
-0.00424,-0.001477400352456369
-0.0042375,-0.001477400352456369
-0.004235,-0.001477400352456369
-0.0042325,-0.00181134417431498
-0.00423,-0.001477400352456369
-0.0042275,-0.001477400352456369
-0.004225,-0.001143456530597758
-0.0042225,-0.001143456530597758
-0.00422,-0.001143456530597758
-0.0042175,-0.001477400352456369
-0.004215,-0.001143456530597758
-0.0042125,-0.001143456530597758
-0.00421,-0.001477400352456369
-0.0042075,-0.001143456530597758
-0.004205,-0.001143456530597758
-0.0042025,-0.0008095127087391468
-0.0042,-0.001477400352456369
-0.0041975,-0.001477400352456369
-0.004195,-0.001477400352456369
-0.0041925,-0.001143456530597758
-0.00419,-0.0008095127087391468
-0.0041875,-0.001143456530597758
-0.004185,-0.001143456530597758
-0.0041825,-0.001143456530597758
-0.00418,-0.001477400352456369
-0.0041775,-0.001477400352456369
-0.004175,-0.001477400352456369
-0.0041725,-0.001477400352456369
-0.00417,-0.001143456530597758
-0.0041675,-0.0008095127087391468
-0.004165,-0.001477400352456369
-0.0041625,-0.001143456530597758
-0.00416,-0.001143456530597758
-0.0041575,-0.001143456530597758
-0.004155,-0.001143456530597758
-0.0041525,-0.001143456530597758
-0.00415,-0.001143456530597758
-0.0041475,-0.001477400352456369
-0.004145,-0.001143456530597758
-0.0041425,-0.0008095127087391468
-0.00414,-0.001477400352456369
-0.0041375,-0.00181134417431498
-0.004135,-0.001143456530597758
-0.0041325,-0.001143456530597758
-0.00413,-0.001477400352456369
-0.0041275,-0.0008095127087391468
-0.004125,-0.0008095127087391468
-0.0041225,-0.001143456530597758
-0.00412,-0.0008095127087391468
-0.0041175,-0.001477400352456369
-0.004115,-0.001477400352456369
-0.0041125,-0.001143456530597758
-0.00411,-0.001143456530597758
-0.0041075,-0.001143456530597758
-0.004105,-0.001477400352456369
-0.0041025,-0.001143456530597758
-0.0041,-0.001143456530597758
-0.0040975,-0.001477400352456369
-0.004095,-0.001143456530597758
-0.0040925,-0.001143456530597758
-0.00409,-0.001143456530597758
-0.0040875,-0.0008095127087391468
-0.004085,-0.001477400352456369
-0.0040825,-0.001477400352456369
-0.00408,-0.001143456530597758
-0.0040775,-0.001143456530597758
-0.004075,-0.001477400352456369
-0.0040725,-0.001143456530597758
-0.00407,-0.001477400352456369
-0.0040675,-0.001477400352456369
-0.004065,-0.001477400352456369
-0.0040625,-0.001477400352456369
-0.00406,-0.001143456530597758
-0.0040575,-0.001477400352456369
-0.004055,-0.001143456530597758
-0.0040525,-0.001143456530597758
-0.00405,-0.001143456530597758
-0.0040475,-0.001477400352456369
-0.004045,-0.001143456530597758
-0.0040425,-0.001143456530597758
-0.00404,-0.001477400352456369
-0.0040375,-0.001143456530597758
-0.004035,-0.001143456530597758
-0.0040325,-0.001143456530597758
-0.00403,-0.001477400352456369
-0.0040275,-0.001477400352456369
-0.004025,-0.001143456530597758
-0.0040225,-0.001477400352456369
-0.00402,-0.001143456530597758
-0.0040175,-0.001477400352456369
-0.004015,-0.001477400352456369
-0.0040125,-0.001477400352456369
-0.00401,-0.001143456530597758
-0.0040075,-0.001143456530597758
-0.004005,-0.001143456530597758
-0.0040025,-0.001143456530597758
-0.004,-0.001477400352456369
-0.0039975,-0.001477400352456369
-0.003995,-0.001143456530597758
-0.0039925,-0.001143456530597758
-0.00399,-0.001143456530597758
-0.0039875,-0.001477400352456369
-0.003985,-0.001143456530597758
-0.0039825,-0.001143456530597758
-0.00398,-0.001477400352456369
-0.0039775,-0.00181134417431498
-0.003975,-0.001477400352456369
-0.0039725,-0.001477400352456369
-0.00397,-0.001143456530597758
-0.0039675,-0.001143456530597758
-0.003965,-0.001143456530597758
-0.0039625,-0.001477400352456369
-0.00396,-0.001143456530597758
-0.0039575,-0.001477400352456369
-0.003955,-0.001477400352456369
-0.0039525,-0.001143456530597758
-0.00395,-0.001143456530597758
-0.0039475,-0.001477400352456369
-0.003945,-0.001477400352456369
-0.0039425,-0.001477400352456369
-0.00394,-0.001477400352456369
-0.0039375,-0.001477400352456369
-0.003935,-0.001143456530597758
-0.0039325,-0.001477400352456369
-0.00393,-0.001477400352456369
-0.0039275,-0.001477400352456369
-0.003925,-0.00181134417431498
-0.0039225,-0.001477400352456369
-0.00392,-0.001477400352456369
-0.0039175,-0.001143456530597758
-0.003915,-0.001477400352456369
-0.0039125,-0.001143456530597758
-0.00391,-0.001143456530597758
-0.0039075,-0.001477400352456369
-0.003905,-0.001477400352456369
-0.0039025,-0.001143456530597758
-0.0039,-0.001477400352456369
-0.0038975,-0.001477400352456369
-0.003895,-0.001477400352456369
-0.0038925,-0.001477400352456369
-0.00389,-0.001477400352456369
-0.0038875,-0.001143456530597758
-0.003885,-0.001477400352456369
-0.0038825,-0.001477400352456369
-0.00388,-0.001477400352456369
-0.0038775,-0.001143456530597758
-0.003875,-0.001477400352456369
-0.0038725,-0.001477400352456369
-0.00387,-0.001143456530597758
-0.0038675,-0.001477400352456369
-0.003865,-0.001477400352456369
-0.0038625,-0.001477400352456369
-0.00386,-0.001477400352456369
-0.0038575,-0.001477400352456369
-0.003855,-0.001143456530597758
-0.0038525,-0.001143456530597758
-0.00385,-0.001143456530597758
-0.0038475,-0.001477400352456369
-0.003845,-0.001477400352456369
-0.0038425,-0.001477400352456369
-0.00384,-0.001477400352456369
-0.0038375,-0.00181134417431498
-0.003835,-0.001477400352456369
-0.0038325,-0.001477400352456369
-0.00383,-0.001143456530597758
-0.0038275,-0.001143456530597758
-0.003825,-0.001477400352456369
-0.0038225,-0.00181134417431498
-0.00382,-0.00181134417431498
-0.0038175,-0.001477400352456369
-0.003815,-0.001477400352456369
-0.0038125,-0.001143456530597758
-0.00381,-0.001143456530597758
-0.0038075,-0.001143456530597758
-0.003805,-0.00181134417431498
-0.0038025,-0.001477400352456369
-0.0038,-0.001477400352456369
-0.0037975,-0.001143456530597758
-0.003795,-0.001143456530597758
-0.0037925,-0.001143456530597758
-0.00379,-0.001477400352456369
-0.0037875,-0.0008095127087391468
-0.003785,-0.0008095127087391468
-0.0037825,-0.001143456530597758
-0.00378,-0.001477400352456369
-0.0037775,-0.001477400352456369
-0.003775,-0.001477400352456369
-0.0037725,-0.001477400352456369
-0.00377,-0.001143456530597758
-0.0037675,-0.001477400352456369
-0.003765,-0.001477400352456369
-0.0037625,-0.001477400352456369
-0.00376,-0.001143456530597758
-0.0037575,-0.00181134417431498
-0.003755,-0.001477400352456369
-0.0037525,-0.001477400352456369
-0.00375,-0.001477400352456369
-0.0037475,-0.00181134417431498
-0.003745,-0.001477400352456369
-0.0037425,-0.001477400352456369
-0.00374,-0.001477400352456369
-0.0037375,-0.001477400352456369
-0.003735,-0.001143456530597758
-0.0037325,-0.001477400352456369
-0.00373,-0.001477400352456369
-0.0037275,-0.001143456530597758
-0.003725,-0.00181134417431498
-0.0037225,-0.001477400352456369
-0.00372,-0.001143456530597758
-0.0037175,-0.001477400352456369
-0.003715,-0.001143456530597758
-0.0037125,-0.001143456530597758
-0.00371,-0.0008095127087391468
-0.0037075,-0.001143456530597758
-0.003705,-0.001477400352456369
-0.0037025,-0.001143456530597758
-0.0037,-0.0008095127087391468
-0.0036975,-0.001143456530597758
-0.003695,-0.001143456530597758
-0.0036925,-0.0008095127087391468
-0.00369,-0.001477400352456369
-0.0036875,-0.001477400352456369
-0.003685,-0.001477400352456369
-0.0036825,-0.001477400352456369
-0.00368,-0.001477400352456369
-0.0036775,-0.0008095127087391468
-0.003675,-0.001143456530597758
-0.0036725,-0.001477400352456369
-0.00367,-0.001143456530597758
-0.0036675,-0.001477400352456369
-0.003665,-0.001477400352456369
-0.0036625,-0.001477400352456369
-0.00366,-0.001143456530597758
-0.0036575,-0.001143456530597758
-0.003655,-0.001477400352456369
-0.0036525,-0.001143456530597758
-0.00365,-0.001477400352456369
-0.0036475,-0.001143456530597758
-0.003645,-0.00181134417431498
-0.0036425,-0.001143456530597758
-0.00364,-0.001143456530597758
-0.0036375,-0.001143456530597758
-0.003635,-0.001143456530597758
-0.0036325,-0.001143456530597758
-0.00363,-0.001477400352456369
-0.0036275,-0.001477400352456369
-0.003625,-0.001477400352456369
-0.0036225,-0.001477400352456369
-0.00362,-0.001477400352456369
-0.0036175,-0.001477400352456369
-0.003615,-0.001143456530597758
-0.0036125,-0.001477400352456369
-0.00361,-0.001477400352456369
-0.0036075,-0.001477400352456369
-0.003605,-0.001143456530597758
-0.0036025,-0.001477400352456369
-0.0036,-0.001477400352456369
-0.0035975,-0.001477400352456369
-0.003595,-0.00181134417431498
-0.0035925,-0.00181134417431498
-0.00359,-0.00181134417431498
-0.0035875,-0.001477400352456369
-0.003585,-0.001143456530597758
-0.0035825,-0.001477400352456369
-0.00358,-0.001143456530597758
-0.0035775,-0.001477400352456369
-0.003575,-0.001143456530597758
-0.0035725,-0.001477400352456369
-0.00357,-0.001477400352456369
-0.0035675,-0.001477400352456369
-0.003565,-0.001477400352456369
-0.0035625,-0.001477400352456369
-0.00356,-0.001477400352456369
-0.0035575,-0.001143456530597758
-0.003555,-0.001477400352456369
-0.0035525,-0.001143456530597758
-0.00355,-0.001477400352456369
-0.0035475,-0.001477400352456369
-0.003545,-0.001477400352456369
-0.0035425,-0.001143456530597758
-0.00354,-0.001143456530597758
-0.0035375,-0.001143456530597758
-0.003535,-0.001143456530597758
-0.0035325,-0.001477400352456369
-0.00353,-0.001477400352456369
-0.0035275,-0.001143456530597758
-0.003525,-0.001477400352456369
-0.0035225,-0.001477400352456369
-0.00352,-0.001477400352456369
-0.0035175,-0.001143456530597758
-0.003515,-0.001477400352456369
-0.0035125,-0.001143456530597758
-0.00351,-0.00181134417431498
-0.0035075,-0.001477400352456369
-0.003505,-0.001477400352456369
-0.0035025,-0.001477400352456369
-0.0035,-0.001477400352456369
-0.0034975,-0.00181134417431498
-0.003495,-0.001477400352456369
-0.0034925,-0.00181134417431498
-0.00349,-0.00181134417431498
-0.0034875,-0.001477400352456369
-0.003485,-0.001477400352456369
-0.0034825,-0.001477400352456369
-0.00348,-0.001477400352456369
-0.0034775,-0.001143456530597758
-0.003475,-0.001143456530597758
-0.0034725,-0.001477400352456369
-0.00347,-0.00181134417431498
-0.0034675,-0.001143456530597758
-0.003465,-0.001477400352456369
-0.0034625,-0.001477400352456369
-0.00346,-0.001143456530597758
-0.0034575,-0.001143456530597758
-0.003455,-0.001477400352456369
-0.0034525,-0.001477400352456369
-0.00345,-0.001477400352456369
-0.0034475,-0.001477400352456369
-0.003445,-0.001477400352456369
-0.0034425,-0.001477400352456369
-0.00344,-0.00181134417431498
-0.0034375,-0.00181134417431498
-0.003435,-0.001477400352456369
-0.0034325,-0.001477400352456369
-0.00343,-0.001477400352456369
-0.0034275,-0.001477400352456369
-0.003425,-0.001477400352456369
-0.0034225,-0.00181134417431498
-0.00342,-0.001477400352456369
-0.0034175,-0.001477400352456369
-0.003415,-0.001477400352456369
-0.0034125,-0.00181134417431498
-0.00341,-0.001477400352456369
-0.0034075,-0.001143456530597758
-0.003405,-0.001477400352456369
-0.0034025,-0.001477400352456369
-0.0034,-0.001143456530597758
-0.0033975,-0.001143456530597758
-0.003395,-0.001477400352456369
-0.0033925,-0.00181134417431498
-0.00339,-0.00181134417431498
-0.0033875,-0.001477400352456369
-0.003385,-0.001143456530597758
-0.0033825,-0.001143456530597758
-0.00338,-0.0008095127087391468
-0.0033775,-0.001143456530597758
-0.003375,-0.001477400352456369
-0.0033725,-0.001477400352456369
-0.00337,-0.001477400352456369
-0.0033675,-0.001477400352456369
-0.003365,-0.001477400352456369
-0.0033625,-0.001143456530597758
-0.00336,-0.001143456530597758
-0.0033575,-0.001477400352456369
-0.003355,-0.001477400352456369
-0.0033525,-0.00181134417431498
-0.00335,-0.001477400352456369
-0.0033475,-0.001477400352456369
-0.003345,-0.0008095127087391468
-0.0033425,-0.001477400352456369
-0.00334,-0.001477400352456369
-0.0033375,-0.001143456530597758
-0.003335,-0.001477400352456369
-0.0033325,-0.001143456530597758
-0.00333,-0.001143456530597758
-0.0033275,-0.001143456530597758
-0.003325,-0.001143456530597758
-0.0033225,-0.001143456530597758
-0.00332,-0.001477400352456369
-0.0033175,-0.001477400352456369
-0.003315,-0.001143456530597758
-0.0033125,-0.001477400352456369
-0.00331,-0.001143456530597758
-0.0033075,-0.001477400352456369
-0.003305,-0.001143456530597758
-0.0033025,-0.001143456530597758
-0.0033,-0.001477400352456369
-0.0032975,-0.001477400352456369
-0.003295,-0.001477400352456369
-0.0032925,-0.001477400352456369
-0.00329,-0.001143456530597758
-0.0032875,-0.001477400352456369
-0.003285,-0.001143456530597758
-0.0032825,-0.001477400352456369
-0.00328,-0.001477400352456369
-0.0032775,-0.001477400352456369
-0.003275,-0.001477400352456369
-0.0032725,-0.001477400352456369
-0.00327,-0.001477400352456369
-0.0032675,-0.0008095127087391468
-0.003265,-0.0008095127087391468
-0.0032625,-0.001143456530597758
-0.00326,-0.001143456530597758
-0.0032575,-0.001477400352456369
-0.003255,-0.001477400352456369
-0.0032525,-0.001143456530597758
-0.00325,-0.001477400352456369
-0.0032475,-0.001477400352456369
-0.003245,-0.0008095127087391468
-0.0032425,-0.0008095127087391468
-0.00324,-0.001477400352456369
-0.0032375,-0.00181134417431498
-0.003235,-0.00181134417431498
-0.0032325,-0.001477400352456369
-0.00323,-0.001477400352456369
-0.0032275,-0.001143456530597758
-0.003225,-0.0008095127087391468
-0.0032225,-0.0008095127087391468
-0.00322,-0.001143456530597758
-0.0032175,-0.001477400352456369
-0.003215,-0.001477400352456369
-0.0032125,-0.001143456530597758
-0.00321,-0.001143456530597758
-0.0032075,-0.001477400352456369
-0.003205,-0.001143456530597758
-0.0032025,-0.001143456530597758
-0.0032,-0.00181134417431498
-0.0031975,-0.001477400352456369
-0.003195,-0.001477400352456369
-0.0031925,-0.001477400352456369
-0.00319,-0.001477400352456369
-0.0031875,-0.001143456530597758
-0.003185,-0.001143456530597758
-0.0031825,-0.001477400352456369
-0.00318,-0.001477400352456369
-0.0031775,-0.001477400352456369
-0.003175,-0.001477400352456369
-0.0031725,-0.001143456530597758
-0.00317,-0.001143456530597758
-0.0031675,-0.001143456530597758
-0.003165,-0.001143456530597758
-0.0031625,-0.001143456530597758
-0.00316,-0.00181134417431498
-0.0031575,-0.001477400352456369
-0.003155,-0.001477400352456369
-0.0031525,-0.001477400352456369
-0.00315,-0.001143456530597758
-0.0031475,-0.001143456530597758
-0.003145,-0.001143456530597758
-0.0031425,-0.001477400352456369
-0.00314,-0.001477400352456369
-0.0031375,-0.001477400352456369
-0.003135,-0.001477400352456369
-0.0031325,-0.001477400352456369
-0.00313,-0.001477400352456369
-0.0031275,-0.0008095127087391468
-0.003125,-0.001143456530597758
-0.0031225,-0.001477400352456369
-0.00312,-0.001477400352456369
-0.0031175,-0.001477400352456369
-0.003115,-0.001477400352456369
-0.0031125,-0.0008095127087391468
-0.00311,-0.001143456530597758
-0.0031075,-0.001143456530597758
-0.003105,-0.001143456530597758
-0.0031025,-0.001477400352456369
-0.0031,-0.001477400352456369
-0.0030975,-0.001477400352456369
-0.003095,-0.001143456530597758
-0.0030925,-0.001143456530597758
-0.00309,-0.001143456530597758
-0.0030875,-0.0008095127087391468
-0.003085,-0.001143456530597758
-0.0030825,-0.001477400352456369
-0.00308,-0.001477400352456369
-0.0030775,-0.001477400352456369
-0.003075,-0.001477400352456369
-0.0030725,-0.001477400352456369
-0.00307,-0.001143456530597758
-0.0030675,-0.001143456530597758
-0.003065,-0.001143456530597758
-0.0030625,-0.001143456530597758
-0.00306,-0.001143456530597758
-0.0030575,-0.001477400352456369
-0.003055,-0.001477400352456369
-0.0030525,-0.001477400352456369
-0.00305,-0.001143456530597758
-0.0030475,-0.001477400352456369
-0.003045,-0.001143456530597758
-0.0030425,-0.001477400352456369
-0.00304,-0.001477400352456369
-0.0030375,-0.001143456530597758
-0.003035,-0.001477400352456369
-0.0030325,-0.001143456530597758
-0.00303,-0.001477400352456369
-0.0030275,-0.001143456530597758
-0.003025,-0.001143456530597758
-0.0030225,-0.001143456530597758
-0.00302,-0.001143456530597758
-0.0030175,-0.001143456530597758
-0.003015,-0.001143456530597758
-0.0030125,-0.001143456530597758
-0.00301,-0.0008095127087391468
-0.0030075,-0.001477400352456369
-0.003005,-0.001477400352456369
-0.0030025,-0.001143456530597758
-0.003,-0.001477400352456369
-0.0029975,-0.001477400352456369
-0.002995,-0.001143456530597758
-0.0029925,-0.001143456530597758
-0.00299,-0.001143456530597758
-0.0029875,-0.001477400352456369
-0.002985,-0.001477400352456369
-0.0029825,-0.001477400352456369
-0.00298,-0.001477400352456369
-0.0029775,-0.001477400352456369
-0.002975,-0.001143456530597758
-0.0029725,-0.001143456530597758
-0.00297,-0.001143456530597758
-0.0029675,-0.001143456530597758
-0.002965,-0.001477400352456369
-0.0029625,-0.0008095127087391468
-0.00296,-0.001143456530597758
-0.0029575,-0.001143456530597758
-0.002955,-0.001477400352456369
-0.0029525,-0.001143456530597758
-0.00295,-0.001143456530597758
-0.0029475,-0.001477400352456369
-0.002945,-0.001477400352456369
-0.0029425,-0.00181134417431498
-0.00294,-0.001477400352456369
-0.0029375,-0.001143456530597758
-0.002935,-0.001143456530597758
-0.0029325,-0.001143456530597758
-0.00293,-0.001143456530597758
-0.0029275,-0.001143456530597758
-0.002925,-0.001477400352456369
-0.0029225,-0.00181134417431498
-0.00292,-0.001477400352456369
-0.0029175,-0.001143456530597758
-0.002915,-0.001143456530597758
-0.0029125,-0.001143456530597758
-0.00291,-0.001143456530597758
-0.0029075,-0.001143456530597758
-0.002905,-0.001477400352456369
-0.0029025,-0.001477400352456369
-0.0029,-0.001477400352456369
-0.0028975,-0.001143456530597758
-0.002895,-0.001143456530597758
-0.0028925,-0.001477400352456369
-0.00289,-0.001143456530597758
-0.0028875,-0.001143456530597758
-0.002885,-0.001477400352456369
-0.0028825,-0.00181134417431498
-0.00288,-0.001477400352456369
-0.0028775,-0.001477400352456369
-0.002875,-0.001477400352456369
-0.0028725,-0.001143456530597758
-0.00287,-0.001477400352456369
-0.0028675,-0.001477400352456369
-0.002865,-0.001477400352456369
-0.0028625,-0.001477400352456369
-0.00286,-0.001477400352456369
-0.0028575,-0.001477400352456369
-0.002855,-0.001477400352456369
-0.0028525,-0.001143456530597758
-0.00285,-0.001143456530597758
-0.0028475,-0.001477400352456369
-0.002845,-0.001477400352456369
-0.0028425,-0.001477400352456369
-0.00284,-0.001477400352456369
-0.0028375,-0.001477400352456369
-0.002835,-0.001477400352456369
-0.0028325,-0.001143456530597758
-0.00283,-0.001477400352456369
-0.0028275,-0.001477400352456369
-0.002825,-0.0008095127087391468
-0.0028225,-0.00181134417431498
-0.00282,-0.001143456530597758
-0.0028175,-0.001143456530597758
-0.002815,-0.001143456530597758
-0.0028125,-0.001143456530597758
-0.00281,-0.001477400352456369
-0.0028075,-0.001477400352456369
-0.002805,-0.001477400352456369
-0.0028025,-0.001477400352456369
-0.0028,-0.001477400352456369
-0.0027975,-0.001477400352456369
-0.002795,-0.001143456530597758
-0.0027925,-0.001477400352456369
-0.00279,-0.001143456530597758
-0.0027875,-0.001143456530597758
-0.002785,-0.001143456530597758
-0.0027825,-0.001143456530597758
-0.00278,-0.00181134417431498
-0.0027775,-0.001143456530597758
-0.002775,-0.001143456530597758
-0.0027725,-0.001477400352456369
-0.00277,-0.00181134417431498
-0.0027675,-0.001477400352456369
-0.002765,-0.00181134417431498
-0.0027625,-0.001143456530597758
-0.00276,-0.001477400352456369
-0.0027575,-0.001477400352456369
-0.002755,-0.001477400352456369
-0.0027525,-0.001143456530597758
-0.00275,-0.001143456530597758
-0.0027475,-0.001477400352456369
-0.002745,-0.002145287996173591
-0.0027425,-0.001477400352456369
-0.00274,-0.00181134417431498
-0.0027375,-0.00181134417431498
-0.002735,-0.001143456530597758
-0.0027325,-0.001477400352456369
-0.00273,-0.001477400352456369
-0.0027275,-0.001477400352456369
-0.002725,-0.001477400352456369
-0.0027225,-0.001477400352456369
-0.00272,-0.001477400352456369
-0.0027175,-0.001477400352456369
-0.002715,-0.001143456530597758
-0.0027125,-0.001143456530597758
-0.00271,-0.001477400352456369
-0.0027075,-0.001143456530597758
-0.002705,-0.001143456530597758
-0.0027025,-0.001477400352456369
-0.0027,-0.001143456530597758
-0.0026975,-0.001143456530597758
-0.002695,-0.001143456530597758
-0.0026925,-0.001143456530597758
-0.00269,-0.001143456530597758
-0.0026875,-0.001477400352456369
-0.002685,-0.001143456530597758
-0.0026825,-0.001143456530597758
-0.00268,-0.001477400352456369
-0.0026775,-0.001477400352456369
-0.002675,-0.001143456530597758
-0.0026725,-0.001477400352456369
-0.00267,-0.001477400352456369
-0.0026675,-0.001143456530597758
-0.002665,-0.001477400352456369
-0.0026625,-0.0008095127087391468
-0.00266,-0.001477400352456369
-0.0026575,-0.001143456530597758
-0.002655,-0.001143456530597758
-0.0026525,-0.00181134417431498
-0.00265,-0.001143456530597758
-0.0026475,-0.001143456530597758
-0.002645,-0.001477400352456369
-0.0026425,-0.001143456530597758
-0.00264,-0.0008095127087391468
-0.0026375,-0.001143456530597758
-0.002635,-0.001143456530597758
-0.0026325,-0.001143456530597758
-0.00263,-0.0008095127087391468
-0.0026275,-0.001477400352456369
-0.002625,-0.001477400352456369
-0.0026225,-0.0008095127087391468
-0.00262,-0.001143456530597758
-0.0026175,-0.001143456530597758
-0.002615,-0.001143456530597758
-0.0026125,-0.001143456530597758
-0.00261,-0.00181134417431498
-0.0026075,-0.001477400352456369
-0.002605,-0.001143456530597758
-0.0026025,-0.0008095127087391468
-0.0026,-0.001143456530597758
-0.0025975,-0.001143456530597758
-0.002595,-0.001477400352456369
-0.0025925,-0.001143456530597758
-0.00259,-0.001477400352456369
-0.0025875,-0.00181134417431498
-0.002585,-0.001143456530597758
-0.0025825,-0.001143456530597758
-0.00258,-0.001143456530597758
-0.0025775,-0.0008095127087391468
-0.002575,-0.001143456530597758
-0.0025725,-0.001143456530597758
-0.00257,-0.001477400352456369
-0.0025675,-0.001477400352456369
-0.002565,-0.001143456530597758
-0.0025625,-0.001477400352456369
-0.00256,-0.00181134417431498
-0.0025575,-0.001477400352456369
-0.002555,-0.001143456530597758
-0.0025525,-0.001143456530597758
-0.00255,-0.001477400352456369
-0.0025475,-0.0008095127087391468
-0.002545,-0.001143456530597758
-0.0025425,-0.001143456530597758
-0.00254,-0.001143456530597758
-0.0025375,-0.001143456530597758
-0.002535,-0.001477400352456369
-0.0025325,-0.001477400352456369
-0.00253,-0.001477400352456369
-0.0025275,-0.001143456530597758
-0.002525,-0.001477400352456369
-0.0025225,-0.001143456530597758
-0.00252,-0.001143456530597758
-0.0025175,-0.001477400352456369
-0.002515,-0.001143456530597758
-0.0025125,-0.001143456530597758
-0.00251,-0.001477400352456369
-0.0025075,-0.00181134417431498
-0.002505,-0.001477400352456369
-0.0025025,-0.001143456530597758
-0.0025,-0.001143456530597758
-0.0024975,-0.001143456530597758
-0.002495,-0.001143456530597758
-0.0024925,-0.0008095127087391468
-0.00249,-0.001143456530597758
-0.0024875,-0.001477400352456369
-0.002485,-0.001143456530597758
-0.0024825,-0.001477400352456369
-0.00248,-0.0008095127087391468
-0.0024775,-0.001143456530597758
-0.002475,-0.001477400352456369
-0.0024725,-0.001143456530597758
-0.00247,-0.00181134417431498
-0.0024675,-0.001477400352456369
-0.002465,-0.001477400352456369
-0.0024625,-0.001477400352456369
-0.00246,-0.001143456530597758
-0.0024575,-0.001143456530597758
-0.002455,-0.001143456530597758
-0.0024525,-0.001143456530597758
-0.00245,-0.001477400352456369
-0.0024475,-0.001477400352456369
-0.002445,-0.001143456530597758
-0.0024425,-0.001143456530597758
-0.00244,-0.001143456530597758
-0.0024375,-0.001477400352456369
-0.002435,-0.001477400352456369
-0.0024325,-0.0008095127087391468
-0.00243,-0.001477400352456369
-0.0024275,-0.0008095127087391468
-0.002425,-0.001477400352456369
-0.0024225,-0.001143456530597758
-0.00242,-0.001143456530597758
-0.0024175,-0.001477400352456369
-0.002415,-0.001477400352456369
-0.0024125,-0.001477400352456369
-0.00241,-0.001477400352456369
-0.0024075,-0.001477400352456369
-0.002405,-0.001477400352456369
-0.0024025,-0.001143456530597758
-0.0024,-0.001143456530597758
-0.0023975,-0.001143456530597758
-0.002395,-0.001477400352456369
-0.0023925,-0.001477400352456369
-0.00239,-0.001477400352456369
-0.0023875,-0.001143456530597758
-0.002385,-0.001477400352456369
-0.0023825,-0.001143456530597758
-0.00238,-0.001143456530597758
-0.0023775,-0.001477400352456369
-0.002375,-0.002145287996173591
-0.0023725,-0.001477400352456369
-0.00237,-0.001143456530597758
-0.0023675,-0.001477400352456369
-0.002365,-0.001143456530597758
-0.0023625,-0.001143456530597758
-0.00236,-0.001477400352456369
-0.0023575,-0.001477400352456369
-0.002355,-0.001477400352456369
-0.0023525,-0.00181134417431498
-0.00235,-0.001477400352456369
-0.0023475,-0.001143456530597758
-0.002345,-0.001477400352456369
-0.0023425,-0.001477400352456369
-0.00234,-0.001477400352456369
-0.0023375,-0.001477400352456369
-0.002335,-0.00181134417431498
-0.0023325,-0.001143456530597758
-0.00233,-0.001477400352456369
-0.0023275,-0.001477400352456369
-0.002325,-0.001143456530597758
-0.0023225,-0.001143456530597758
-0.00232,-0.00181134417431498
-0.0023175,-0.001477400352456369
-0.002315,-0.001477400352456369
-0.0023125,-0.00181134417431498
-0.00231,-0.001143456530597758
-0.0023075,-0.0008095127087391468
-0.002305,-0.0008095127087391468
-0.0023025,-0.00181134417431498
-0.0023,-0.001477400352456369
-0.0022975,-0.001477400352456369
-0.002295,-0.001477400352456369
-0.0022925,-0.00181134417431498
-0.00229,-0.001477400352456369
-0.0022875,-0.001143456530597758
-0.002285,-0.001143456530597758
-0.0022825,-0.0008095127087391468
-0.00228,-0.001143456530597758
-0.0022775,-0.00181134417431498
-0.002275,-0.001143456530597758
-0.0022725,-0.001477400352456369
-0.00227,-0.001143456530597758
-0.0022675,-0.001477400352456369
-0.002265,-0.001143456530597758
-0.0022625,-0.001143456530597758
-0.00226,-0.001477400352456369
-0.0022575,-0.001477400352456369
-0.002255,-0.001143456530597758
-0.0022525,-0.001477400352456369
-0.00225,-0.001143456530597758
-0.0022475,-0.001477400352456369
-0.002245,-0.001477400352456369
-0.0022425,-0.001477400352456369
-0.00224,-0.001477400352456369
-0.0022375,-0.001477400352456369
-0.002235,-0.001477400352456369
-0.0022325,-0.001477400352456369
-0.00223,-0.001477400352456369
-0.0022275,-0.001143456530597758
-0.002225,-0.001477400352456369
-0.0022225,-0.001143456530597758
-0.00222,-0.001143456530597758
-0.0022175,-0.001477400352456369
-0.002215,-0.00181134417431498
-0.0022125,-0.001477400352456369
-0.00221,-0.001143456530597758
-0.0022075,-0.001143456530597758
-0.002205,-0.001143456530597758
-0.0022025,-0.001143456530597758
-0.0022,-0.00181134417431498
-0.0021975,-0.001477400352456369
-0.002195,-0.001477400352456369
-0.0021925,-0.001143456530597758
-0.00219,-0.001477400352456369
-0.0021875,-0.001143456530597758
-0.002185,-0.001477400352456369
-0.0021825,-0.001477400352456369
-0.00218,-0.001477400352456369
-0.0021775,-0.00181134417431498
-0.002175,-0.001477400352456369
-0.0021725,-0.001143456530597758
-0.00217,-0.001143456530597758
-0.0021675,-0.001477400352456369
-0.002165,-0.001143456530597758
-0.0021625,-0.001477400352456369
-0.00216,-0.001477400352456369
-0.0021575,-0.001477400352456369
-0.002155,-0.001143456530597758
-0.0021525,-0.001143456530597758
-0.00215,-0.001477400352456369
-0.0021475,-0.0008095127087391468
-0.002145,-0.0008095127087391468
-0.0021425,-0.001143456530597758
-0.00214,-0.001477400352456369
-0.0021375,-0.001143456530597758
-0.002135,-0.001143456530597758
-0.0021325,-0.001143456530597758
-0.00213,-0.001477400352456369
-0.0021275,-0.0008095127087391468
-0.002125,-0.001143456530597758
-0.0021225,-0.00181134417431498
-0.00212,-0.001477400352456369
-0.0021175,-0.001477400352456369
-0.002115,-0.001477400352456369
-0.0021125,-0.0008095127087391468
-0.00211,-0.001143456530597758
-0.0021075,-0.001477400352456369
-0.002105,-0.0008095127087391468
-0.0021025,-0.001477400352456369
-0.0021,-0.00181134417431498
-0.0020975,-0.00181134417431498
-0.002095,-0.00181134417431498
-0.0020925,-0.001477400352456369
-0.00209,-0.001143456530597758
-0.0020875,-0.001143456530597758
-0.002085,-0.001477400352456369
-0.0020825,-0.001477400352456369
-0.00208,-0.001143456530597758
-0.0020775,-0.001143456530597758
-0.002075,-0.001143456530597758
-0.0020725,-0.001143456530597758
-0.00207,-0.001143456530597758
-0.0020675,-0.001477400352456369
-0.002065,-0.001477400352456369
-0.0020625,-0.001477400352456369
-0.00206,-0.001477400352456369
-0.0020575,-0.001477400352456369
-0.002055,-0.001477400352456369
-0.0020525,-0.001143456530597758
-0.00205,-0.001143456530597758
-0.0020475,-0.001477400352456369
-0.002045,-0.001477400352456369
-0.0020425,-0.00181134417431498
-0.00204,-0.001477400352456369
-0.0020375,-0.001143456530597758
-0.002035,-0.001143456530597758
-0.0020325,-0.001477400352456369
-0.00203,-0.001143456530597758
-0.0020275,-0.001477400352456369
-0.002025,-0.001477400352456369
-0.0020225,-0.001143456530597758
-0.00202,-0.001477400352456369
-0.0020175,-0.001477400352456369
-0.002015,-0.00181134417431498
-0.0020125,-0.001143456530597758
-0.00201,-0.001477400352456369
-0.0020075,-0.001143456530597758
-0.002005,-0.001143456530597758
-0.0020025,-0.00181134417431498
-0.002,-0.001477400352456369
-0.0019975,-0.001477400352456369
-0.001995,-0.001143456530597758
-0.0019925,-0.001477400352456369
-0.00199,-0.0008095127087391468
-0.0019875,-0.001143456530597758
-0.001985,-0.001143456530597758
-0.0019825,-0.001143456530597758
-0.00198,-0.001477400352456369
-0.0019775,-0.001477400352456369
-0.001975,-0.001143456530597758
-0.0019725,-0.001477400352456369
-0.00197,-0.001143456530597758
-0.0019675,-0.001477400352456369
-0.001965,-0.001143456530597758
-0.0019625,-0.001143456530597758
-0.00196,-0.001143456530597758
-0.0019575,-0.001143456530597758
-0.001955,-0.00181134417431498
-0.0019525,-0.001143456530597758
-0.00195,-0.001143456530597758
-0.0019475,-0.001477400352456369
-0.001945,-0.001477400352456369
-0.0019425,-0.001143456530597758
-0.00194,-0.001143456530597758
-0.0019375,-0.001143456530597758
-0.001935,-0.001477400352456369
-0.0019325,-0.001477400352456369
-0.00193,-0.001143456530597758
-0.0019275,-0.001143456530597758
-0.001925,-0.001143456530597758
-0.0019225,-0.001143456530597758
-0.00192,-0.001143456530597758
-0.0019175,-0.001477400352456369
-0.001915,-0.001143456530597758
-0.0019125,-0.0008095127087391468
-0.00191,-0.001143456530597758
-0.0019075,-0.001477400352456369
-0.001905,-0.001143456530597758
-0.0019025,-0.001477400352456369
-0.0019,-0.001477400352456369
-0.0018975,-0.001143456530597758
-0.001895,-0.001143456530597758
-0.0018925,-0.0008095127087391468
-0.00189,-0.001143456530597758
-0.0018875,-0.001477400352456369
-0.001885,-0.001477400352456369
-0.0018825,-0.001477400352456369
-0.00188,-0.001143456530597758
-0.0018775,-0.001143456530597758
-0.001875,-0.001143456530597758
-0.0018725,-0.00181134417431498
-0.00187,-0.001477400352456369
-0.0018675,-0.001477400352456369
-0.001865,-0.001477400352456369
-0.0018625,-0.001477400352456369
-0.00186,-0.001477400352456369
-0.0018575,-0.001477400352456369
-0.001855,-0.001477400352456369
-0.0018525,-0.001477400352456369
-0.00185,-0.001477400352456369
-0.0018475,-0.001477400352456369
-0.001845,-0.001477400352456369
-0.0018425,-0.001477400352456369
-0.00184,-0.001143456530597758
-0.0018375,-0.001477400352456369
-0.001835,-0.001477400352456369
-0.0018325,-0.001143456530597758
-0.00183,-0.001477400352456369
-0.0018275,-0.001143456530597758
-0.001825,-0.001477400352456369
-0.0018225,-0.001477400352456369
-0.00182,-0.001143456530597758
-0.0018175,-0.001143456530597758
-0.001815,-0.001143456530597758
-0.0018125,-0.001143456530597758
-0.00181,-0.001143456530597758
-0.0018075,-0.001477400352456369
-0.001805,-0.001143456530597758
-0.0018025,-0.001477400352456369
-0.0018,-0.001143456530597758
-0.0017975,-0.001143456530597758
-0.001795,-0.001143456530597758
-0.0017925,-0.001477400352456369
-0.00179,-0.0008095127087391468
-0.0017875,-0.001143456530597758
-0.001785,-0.001477400352456369
-0.0017825,-0.001143456530597758
-0.00178,-0.001143456530597758
-0.0017775,-0.001143456530597758
-0.001775,-0.001143456530597758
-0.0017725,-0.001143456530597758
-0.00177,-0.0008095127087391468
-0.0017675,-0.001477400352456369
-0.001765,-0.00181134417431498
-0.0017625,-0.001477400352456369
-0.00176,-0.001477400352456369
-0.0017575,-0.0004755688868805358
-0.001755,-0.0004755688868805358
-0.0017525,-0.001143456530597758
-0.00175,-0.001143456530597758
-0.0017475,-0.001477400352456369
-0.001745,-0.001143456530597758
-0.0017425,-0.001477400352456369
-0.00174,-0.001143456530597758
-0.0017375,-0.0008095127087391468
-0.001735,-0.001143456530597758
-0.0017325,-0.0008095127087391468
-0.00173,-0.001143456530597758
-0.0017275,-0.001143456530597758
-0.001725,-0.001143456530597758
-0.0017225,-0.001477400352456369
-0.00172,-0.001143456530597758
-0.0017175,-0.001143456530597758
-0.001715,-0.0008095127087391468
-0.0017125,-0.001477400352456369
-0.00171,-0.001143456530597758
-0.0017075,-0.00181134417431498
-0.001705,-0.001477400352456369
-0.0017025,-0.001477400352456369
-0.0017,-0.001143456530597758
-0.0016975,-0.001477400352456369
-0.001695,-0.001477400352456369
-0.0016925,-0.001477400352456369
-0.00169,-0.001143456530597758
-0.0016875,-0.001477400352456369
-0.001685,-0.001143456530597758
-0.0016825,-0.001143456530597758
-0.00168,-0.001477400352456369
-0.0016775,-0.001143456530597758
-0.001675,-0.001477400352456369
-0.0016725,-0.001477400352456369
-0.00167,-0.001143456530597758
-0.0016675,-0.001477400352456369
-0.001665,-0.001477400352456369
-0.0016625,-0.001477400352456369
-0.00166,-0.001477400352456369
-0.0016575,-0.001143456530597758
-0.001655,-0.001143456530597758
-0.0016525,-0.001477400352456369
-0.00165,-0.001477400352456369
-0.0016475,-0.00181134417431498
-0.001645,-0.001477400352456369
-0.0016425,-0.001143456530597758
-0.00164,-0.001477400352456369
-0.0016375,-0.001477400352456369
-0.001635,-0.001143456530597758
-0.0016325,-0.001143456530597758
-0.00163,-0.001477400352456369
-0.0016275,-0.001477400352456369
-0.001625,-0.001477400352456369
-0.0016225,-0.001143456530597758
-0.00162,-0.001143456530597758
-0.0016175,-0.0008095127087391468
-0.001615,-0.001477400352456369
-0.0016125,-0.001477400352456369
-0.00161,-0.00181134417431498
-0.0016075,-0.001477400352456369
-0.001605,-0.001477400352456369
-0.0016025,-0.001477400352456369
-0.0016,-0.001143456530597758
-0.0015975,-0.0008095127087391468
-0.001595,-0.001143456530597758
-0.0015925,-0.0008095127087391468
-0.00159,-0.001143456530597758
-0.0015875,-0.001143456530597758
-0.001585,-0.001143456530597758
-0.0015825,-0.001143456530597758
-0.00158,-0.001477400352456369
-0.0015775,-0.001477400352456369
-0.001575,-0.00181134417431498
-0.0015725,-0.001477400352456369
-0.00157,-0.001477400352456369
-0.0015675,-0.00181134417431498
-0.001565,-0.001477400352456369
-0.0015625,-0.0008095127087391468
-0.00156,-0.0008095127087391468
-0.0015575,-0.0008095127087391468
-0.001555,-0.001477400352456369
-0.0015525,-0.00181134417431498
-0.00155,-0.00181134417431498
-0.0015475,-0.00181134417431498
-0.001545,-0.001143456530597758
-0.0015425,-0.001143456530597758
-0.00154,-0.001143456530597758
-0.0015375,-0.001143456530597758
-0.001535,-0.001477400352456369
-0.0015325,-0.001477400352456369
-0.00153,-0.001143456530597758
-0.0015275,-0.001143456530597758
-0.001525,-0.001477400352456369
-0.0015225,-0.001477400352456369
-0.00152,-0.001477400352456369
-0.0015175,-0.001477400352456369
-0.001515,-0.001477400352456369
-0.0015125,-0.001477400352456369
-0.00151,-0.001477400352456369
-0.0015075,-0.001477400352456369
-0.001505,-0.001143456530597758
-0.0015025,-0.001143456530597758
-0.0015,-0.001143456530597758
-0.0014975,-0.001143456530597758
-0.001495,-0.001477400352456369
-0.0014925,-0.001477400352456369
-0.00149,-0.0008095127087391468
-0.0014875,-0.001143456530597758
-0.001485,-0.001143456530597758
-0.0014825,-0.001143456530597758
-0.00148,-0.001143456530597758
-0.0014775,-0.001477400352456369
-0.001475,-0.001143456530597758
-0.0014725,-0.001477400352456369
-0.00147,-0.001477400352456369
-0.0014675,-0.001477400352456369
-0.001465,-0.00181134417431498
-0.0014625,-0.001143456530597758
-0.00146,-0.001143456530597758
-0.0014575,-0.001143456530597758
-0.001455,-0.001477400352456369
-0.0014525,-0.00181134417431498
-0.00145,-0.00181134417431498
-0.0014475,-0.001477400352456369
-0.001445,-0.001143456530597758
-0.0014425,-0.001143456530597758
-0.00144,-0.001143456530597758
-0.0014375,-0.001477400352456369
-0.001435,-0.001477400352456369
-0.0014325,-0.001143456530597758
-0.00143,-0.001143456530597758
-0.0014275,-0.001143456530597758
-0.001425,-0.001143456530597758
-0.0014225,-0.001143456530597758
-0.00142,-0.001143456530597758
-0.0014175,-0.001477400352456369
-0.001415,-0.001477400352456369
-0.0014125,-0.0008095127087391468
-0.00141,-0.001477400352456369
-0.0014075,-0.001143456530597758
-0.001405,-0.001143456530597758
-0.0014025,-0.001477400352456369
-0.0014,-0.001477400352456369
-0.0013975,-0.001477400352456369
-0.001395,-0.00181134417431498
-0.0013925,-0.001143456530597758
-0.00139,-0.0008095127087391468
-0.0013875,-0.001143456530597758
-0.001385,-0.001143456530597758
-0.0013825,-0.0008095127087391468
-0.00138,-0.001143456530597758
-0.0013775,-0.001143456530597758
-0.001375,-0.001143456530597758
-0.0013725,-0.001143456530597758
-0.00137,-0.001477400352456369
-0.0013675,-0.001143456530597758
-0.001365,-0.001477400352456369
-0.0013625,-0.001143456530597758
-0.00136,-0.001477400352456369
-0.0013575,-0.001143456530597758
-0.001355,-0.001143456530597758
-0.0013525,-0.001477400352456369
-0.00135,-0.001477400352456369
-0.0013475,-0.001143456530597758
-0.001345,-0.0004755688868805358
-0.0013425,-0.001477400352456369
-0.00134,-0.001143456530597758
-0.0013375,-0.001477400352456369
-0.001335,-0.001143456530597758
-0.0013325,-0.001143456530597758
-0.00133,-0.001143456530597758
-0.0013275,-0.001477400352456369
-0.001325,-0.001143456530597758
-0.0013225,-0.001143456530597758
-0.00132,-0.001477400352456369
-0.0013175,-0.001477400352456369
-0.001315,-0.001477400352456369
-0.0013125,-0.001477400352456369
-0.00131,-0.001143456530597758
-0.0013075,-0.001143456530597758
-0.001305,-0.001143456530597758
-0.0013025,-0.001477400352456369
-0.0013,-0.001143456530597758
-0.0012975,-0.001143456530597758
-0.001295,-0.001143456530597758
-0.0012925,-0.001143456530597758
-0.00129,-0.001477400352456369
-0.0012875,-0.001477400352456369
-0.001285,-0.001143456530597758
-0.0012825,-0.001143456530597758
-0.00128,-0.001477400352456369
-0.0012775,-0.001477400352456369
-0.001275,-0.001477400352456369
-0.0012725,-0.001143456530597758
-0.00127,-0.0008095127087391468
-0.0012675,-0.0008095127087391468
-0.001265,-0.0008095127087391468
-0.0012625,-0.001143456530597758
-0.00126,-0.001477400352456369
-0.0012575,-0.00181134417431498
-0.001255,-0.001477400352456369
-0.0012525,-0.001477400352456369
-0.00125,-0.001143456530597758
-0.0012475,-0.0008095127087391468
-0.001245,-0.001143456530597758
-0.0012425,-0.001143456530597758
-0.00124,-0.001477400352456369
-0.0012375,-0.001143456530597758
-0.001235,-0.001143456530597758
-0.0012325,-0.001477400352456369
-0.00123,-0.0008095127087391468
-0.0012275,-0.0008095127087391468
-0.001225,-0.001143456530597758
-0.0012225,-0.001143456530597758
-0.00122,-0.001143456530597758
-0.0012175,-0.001143456530597758
-0.001215,-0.001477400352456369
-0.0012125,-0.00181134417431498
-0.00121,-0.001143456530597758
-0.0012075,-0.001143456530597758
-0.001205,-0.001143456530597758
-0.0012025,-0.001477400352456369
-0.0012,-0.001143456530597758
-0.0011975,-0.001477400352456369
-0.001195,-0.001477400352456369
-0.0011925,-0.0008095127087391468
-0.00119,-0.001143456530597758
-0.0011875,-0.0008095127087391468
-0.001185,-0.001143456530597758
-0.0011825,-0.0008095127087391468
-0.00118,-0.0008095127087391468
-0.0011775,-0.001143456530597758
-0.001175,-0.0008095127087391468
-0.0011725,-0.001143456530597758
-0.00117,-0.001143456530597758
-0.0011675,-0.001143456530597758
-0.001165,-0.001143456530597758
-0.0011625,-0.001143456530597758
-0.00116,-0.001143456530597758
-0.0011575,-0.001477400352456369
-0.001155,-0.001143456530597758
-0.0011525,-0.001477400352456369
-0.00115,-0.0008095127087391468
-0.0011475,-0.001477400352456369
-0.001145,-0.001477400352456369
-0.0011425,-0.001143456530597758
-0.00114,-0.001143456530597758
-0.0011375,-0.001477400352456369
-0.001135,-0.001477400352456369
-0.0011325,-0.0004755688868805358
-0.00113,-0.001143456530597758
-0.0011275,-0.0008095127087391468
-0.001125,-0.001143456530597758
-0.0011225,-0.001477400352456369
-0.00112,-0.001143456530597758
-0.0011175,-0.001143456530597758
-0.001115,-0.001143456530597758
-0.0011125,-0.001477400352456369
-0.00111,-0.0008095127087391468
-0.0011075,-0.001143456530597758
-0.001105,-0.001143456530597758
-0.0011025,-0.001143456530597758
-0.0011,-0.001477400352456369
-0.0010975,-0.001143456530597758
-0.001095,-0.001477400352456369
-0.0010925,-0.001143456530597758
-0.00109,-0.001143456530597758
-0.0010875,-0.001477400352456369
-0.001085,-0.001477400352456369
-0.0010825,-0.001477400352456369
-0.00108,-0.001143456530597758
-0.0010775,-0.001477400352456369
-0.001075,-0.001143456530597758
-0.0010725,-0.001477400352456369
-0.00107,-0.0008095127087391468
-0.0010675,-0.001143456530597758
-0.001065,-0.001143456530597758
-0.0010625,-0.0008095127087391468
-0.00106,-0.001477400352456369
-0.0010575,-0.001477400352456369
-0.001055,-0.001477400352456369
-0.0010525,-0.001143456530597758
-0.00105,-0.0008095127087391468
-0.0010475,-0.001143456530597758
-0.001045,-0.001143456530597758
-0.0010425,-0.0008095127087391468
-0.00104,-0.001143456530597758
-0.0010375,-0.001143456530597758
-0.001035,-0.001143456530597758
-0.0010325,-0.001477400352456369
-0.00103,-0.001477400352456369
-0.0010275,-0.001477400352456369
-0.001025,-0.001143456530597758
-0.0010225,-0.0008095127087391468
-0.00102,-0.001477400352456369
-0.0010175,-0.001477400352456369
-0.001015,-0.001477400352456369
-0.0010125,-0.001143456530597758
-0.00101,-0.0008095127087391468
-0.0010075,-0.001143456530597758
-0.001005,-0.001477400352456369
-0.0010025,-0.001477400352456369
-0.001,-0.001143456530597758
-0.0009974999999999999,-0.001143456530597758
-0.000995,-0.001143456530597758
-0.0009924999999999999,-0.001143456530597758
-0.00099,-0.001143456530597758
-0.0009875000000000001,-0.001143456530597758
-0.000985,-0.001143456530597758
-0.0009825000000000001,-0.00181134417431498
-0.00098,-0.001143456530597758
-0.0009775000000000001,-0.001477400352456369
-0.000975,-0.0008095127087391468
-0.0009724999999999999,-0.001143456530597758
-0.0009700000000000001,-0.0008095127087391468
-0.0009675,-0.001143456530597758
-0.000965,-0.001143456530597758
-0.0009625,-0.001143456530597758
-0.00096,-0.001477400352456369
-0.0009575,-0.001477400352456369
-0.000955,-0.0008095127087391468
-0.0009525,-0.001477400352456369
-0.00095,-0.0008095127087391468
-0.0009475,-0.001143456530597758
-0.000945,-0.001477400352456369
-0.0009425,-0.001477400352456369
-0.00094,-0.001143456530597758
-0.0009375,-0.001143456530597758
-0.000935,-0.001477400352456369
-0.0009325,-0.001143456530597758
-0.0009300000000000001,-0.001143456530597758
-0.0009275,-0.001143456530597758
-0.000925,-0.001143456530597758
-0.0009225,-0.001143456530597758
-0.00092,-0.001477400352456369
-0.0009175,-0.001477400352456369
-0.000915,-0.001143456530597758
-0.0009125,-0.0008095127087391468
-0.00091,-0.001143456530597758
-0.0009075,-0.001477400352456369
-0.000905,-0.001477400352456369
-0.0009025,-0.001143456530597758
-0.0009,-0.001143456530597758
-0.0008975,-0.001143456530597758
-0.000895,-0.001143456530597758
-0.0008925,-0.00181134417431498
-0.0008899999999999999,-0.001143456530597758
-0.0008875000000000001,-0.0008095127087391468
-0.000885,-0.001143456530597758
-0.0008825,-0.001477400352456369
-0.00088,-0.001143456530597758
-0.0008775,-0.001477400352456369
-0.000875,-0.001143456530597758
-0.0008725,-0.0008095127087391468
-0.00087,-0.0008095127087391468
-0.0008675,-0.001143456530597758
-0.000865,-0.00181134417431498
-0.0008625,-0.001477400352456369
-0.00086,-0.001477400352456369
-0.0008575,-0.001477400352456369
-0.000855,-0.001143456530597758
-0.0008525,-0.0008095127087391468
-0.00085,-0.001477400352456369
-0.0008474999999999999,-0.0008095127087391468
-0.000845,-0.001477400352456369
-0.0008425,-0.001477400352456369
-0.00084,-0.001477400352456369
-0.0008375,-0.001143456530597758
-0.000835,-0.001143456530597758
-0.0008325,-0.001143456530597758
-0.00083,-0.001477400352456369
-0.0008275,-0.001477400352456369
-0.000825,-0.001143456530597758
-0.0008225,-0.001143456530597758
-0.00082,-0.001477400352456369
-0.0008175,-0.001143456530597758
-0.000815,-0.001143456530597758
-0.0008125,-0.001477400352456369
-0.00081,-0.001477400352456369
-0.0008074999999999999,-0.001477400352456369
-0.0008050000000000001,-0.001143456530597758
-0.0008025,-0.001143456530597758
-0.0008,-0.001477400352456369
-0.0007975,-0.001143456530597758
-0.000795,-0.001143456530597758
-0.0007925,-0.001143456530597758
-0.00079,-0.001477400352456369
-0.0007875,-0.001477400352456369
-0.000785,-0.001477400352456369
-0.0007825,-0.001477400352456369
-0.00078,-0.001477400352456369
-0.0007775,-0.001477400352456369
-0.000775,-0.001143456530597758
-0.0007725,-0.0008095127087391468
-0.00077,-0.001143456530597758
-0.0007675,-0.001477400352456369
-0.0007649999999999999,-0.001143456530597758
-0.0007625,-0.001143456530597758
-0.00076,-0.001143456530597758
-0.0007575,-0.001477400352456369
-0.000755,-0.0008095127087391468
-0.0007525,-0.001143456530597758
-0.00075,-0.001143456530597758
-0.0007475,-0.0008095127087391468
-0.000745,-0.0008095127087391468
-0.0007425,-0.001477400352456369
-0.00074,-0.001477400352456369
-0.0007375,-0.001477400352456369
-0.000735,-0.001477400352456369
-0.0007325,-0.001143456530597758
-0.00073,-0.001143456530597758
-0.0007275,-0.00181134417431498
-0.000725,-0.001143456530597758
-0.0007225000000000001,-0.0008095127087391468
-0.00072,-0.001143456530597758
-0.0007175,-0.001143456530597758
-0.000715,-0.001477400352456369
-0.0007125,-0.001477400352456369
-0.00071,-0.001477400352456369
-0.0007075,-0.001477400352456369
-0.000705,-0.00181134417431498
-0.0007025,-0.001477400352456369
-0.0007,-0.001143456530597758
-0.0006975,-0.001143456530597758
-0.000695,-0.0008095127087391468
-0.0006925,-0.001143456530597758
-0.00069,-0.001477400352456369
-0.0006875,-0.001477400352456369
-0.000685,-0.001143456530597758
-0.0006824999999999999,-0.001143456530597758
-0.00068,-0.001143456530597758
-0.0006775,-0.001143456530597758
-0.000675,-0.0008095127087391468
-0.0006725,-0.001477400352456369
-0.00067,-0.001143456530597758
-0.0006675,-0.001143456530597758
-0.000665,-0.001477400352456369
-0.0006625,-0.001477400352456369
-0.00066,-0.001143456530597758
-0.0006575,-0.001477400352456369
-0.000655,-0.001477400352456369
-0.0006525,-0.001477400352456369
-0.00065,-0.001477400352456369
-0.0006475,-0.001477400352456369
-0.000645,-0.001477400352456369
-0.0006425,-0.001143456530597758
-0.0006400000000000001,-0.001477400352456369
-0.0006375,-0.001143456530597758
-0.000635,-0.00181134417431498
-0.0006325,-0.00181134417431498
-0.00063,-0.001477400352456369
-0.0006275,-0.001143456530597758
-0.000625,-0.001143456530597758
-0.0006225,-0.001477400352456369
-0.00062,-0.001143456530597758
-0.0006175,-0.001143456530597758
-0.000615,-0.001477400352456369
-0.0006125,-0.001143456530597758
-0.00061,-0.001477400352456369
-0.0006075,-0.001143456530597758
-0.000605,-0.001477400352456369
-0.0006025,-0.0008095127087391468
-0.0005999999999999999,-0.001143456530597758
-0.0005975,-0.001143456530597758
-0.000595,-0.0008095127087391468
-0.0005925,-0.001477400352456369
-0.00059,-0.00181134417431498
-0.0005875,-0.0008095127087391468
-0.000585,-0.001477400352456369
-0.0005825,-0.001143456530597758
-0.00058,-0.001143456530597758
-0.0005775,-0.001143456530597758
-0.000575,-0.001477400352456369
-0.0005725,-0.001477400352456369
-0.00057,-0.001477400352456369
-0.0005675,-0.001143456530597758
-0.000565,-0.001477400352456369
-0.0005625,-0.001143456530597758
-0.00056,-0.001143456530597758
-0.0005575000000000001,-0.001143456530597758
-0.000555,-0.001477400352456369
-0.0005525,-0.001477400352456369
-0.00055,-0.001477400352456369
-0.0005475,-0.001477400352456369
-0.000545,-0.001477400352456369
-0.0005425,-0.001477400352456369
-0.00054,-0.001143456530597758
-0.0005375,-0.001143456530597758
-0.000535,-0.001143456530597758
-0.0005325,-0.00181134417431498
-0.00053,-0.001477400352456369
-0.0005275,-0.001143456530597758
-0.000525,-0.00181134417431498
-0.0005225,-0.001143456530597758
-0.00052,-0.001477400352456369
-0.0005174999999999999,-0.001477400352456369
-0.000515,-0.001143456530597758
-0.0005125,-0.00181134417431498
-0.00051,-0.001477400352456369
-0.0005075,-0.001477400352456369
-0.000505,-0.001143456530597758
-0.0005025,-0.001143456530597758
-0.0005,-0.001477400352456369
-0.0004975,-0.001477400352456369
-0.000495,-0.001477400352456369
-0.0004925,-0.001477400352456369
-0.00049,-0.001143456530597758
-0.0004875,-0.001143456530597758
-0.000485,-0.0008095127087391468
-0.0004825,-0.001143456530597758
-0.00048,-0.001143456530597758
-0.0004775,-0.001143456530597758
-0.000475,-0.0008095127087391468
-0.0004725,-0.001477400352456369
-0.00047,-0.001477400352456369
-0.0004675,-0.001477400352456369
-0.000465,-0.001477400352456369
-0.0004625,-0.001143456530597758
-0.00046,-0.001143456530597758
-0.0004575,-0.001143456530597758
-0.000455,-0.001143456530597758
-0.0004525,-0.001477400352456369
-0.00045,-0.001143456530597758
-0.0004475,-0.001143456530597758
-0.000445,-0.001477400352456369
-0.0004425,-0.001477400352456369
-0.00044,-0.001143456530597758
-0.0004375,-0.001143456530597758
-0.000435,-0.001143456530597758
-0.0004325,-0.001143456530597758
-0.00043,-0.001143456530597758
-0.0004275,-0.001143456530597758
-0.000425,-0.001143456530597758
-0.0004225,-0.0008095127087391468
-0.00042,-0.001143456530597758
-0.0004175,-0.0008095127087391468
-0.000415,-0.001143456530597758
-0.0004125,-0.001477400352456369
-0.00041,-0.001477400352456369
-0.0004075,-0.0008095127087391468
-0.000405,-0.0008095127087391468
-0.0004025,-0.001143456530597758
-0.0004,-0.001143456530597758
-0.0003975,-0.001143456530597758
-0.000395,-0.001477400352456369
-0.0003925,-0.001477400352456369
-0.00039,-0.00181134417431498
-0.0003875,-0.001143456530597758
-0.000385,-0.001143456530597758
-0.0003825,-0.001477400352456369
-0.00038,-0.001143456530597758
-0.0003775,-0.001477400352456369
-0.000375,-0.001477400352456369
-0.0003725,-0.00181134417431498
-0.00037,-0.001477400352456369
-0.0003675,-0.001143456530597758
-0.000365,-0.001143456530597758
-0.0003625,-0.001143456530597758
-0.00036,-0.001143456530597758
-0.0003575,-0.001477400352456369
-0.000355,-0.00181134417431498
-0.0003525,-0.001143456530597758
-0.00035,-0.001143456530597758
-0.0003475,-0.001143456530597758
-0.000345,-0.001477400352456369
-0.0003425,-0.001143456530597758
-0.00034,-0.001143456530597758
-0.0003375,-0.001143456530597758
-0.000335,-0.001477400352456369
-0.0003325,-0.00181134417431498
-0.00033,-0.00181134417431498
-0.0003275,-0.001477400352456369
-0.000325,-0.001143456530597758
-0.0003225,-0.001143456530597758
-0.00032,-0.001477400352456369
-0.0003175,-0.001477400352456369
-0.000315,-0.001477400352456369
-0.0003125,-0.001143456530597758
-0.00031,-0.001143456530597758
-0.0003075,-0.001477400352456369
-0.000305,-0.001477400352456369
-0.0003025,-0.001143456530597758
-0.0003,-0.001477400352456369
-0.0002975,-0.001477400352456369
-0.000295,-0.001143456530597758
-0.0002925,-0.001143456530597758
-0.00029,-0.001143456530597758
-0.0002875,-0.001143456530597758
-0.000285,-0.001143456530597758
-0.0002825,-0.001143456530597758
-0.00028,-0.00181134417431498
-0.0002775,-0.001477400352456369
-0.000275,-0.001477400352456369
-0.0002725,-0.001477400352456369
-0.00027,-0.001477400352456369
-0.0002675,-0.001477400352456369
-0.000265,-0.001143456530597758
-0.0002625,-0.001143456530597758
-0.00026,-0.001477400352456369
-0.0002575,-0.001477400352456369
-0.000255,-0.001477400352456369
-0.0002525,-0.001143456530597758
-0.00025,-0.001143456530597758
-0.0002475,-0.001143456530597758
-0.000245,-0.001143456530597758
-0.0002425,-0.001477400352456369
-0.00024,-0.001477400352456369
-0.0002375,-0.001143456530597758
-0.000235,-0.001477400352456369
-0.0002325,-0.001477400352456369
-0.00023,-0.001143456530597758
-0.0002275,-0.001143456530597758
-0.000225,-0.001477400352456369
-0.0002225,-0.001477400352456369
-0.00022,-0.001477400352456369
-0.0002175,-0.0008095127087391468
-0.000215,-0.001143456530597758
-0.0002125,-0.001477400352456369
-0.00021,-0.00181134417431498
-0.0002075,-0.001143456530597758
-0.000205,-0.001143456530597758
-0.0002025,-0.001477400352456369
-0.0002,-0.001477400352456369
-0.0001975,-0.001477400352456369
-0.000195,-0.001477400352456369
-0.0001925,-0.001477400352456369
-0.00019,-0.001143456530597758
-0.0001875,-0.0008095127087391468
-0.000185,-0.001477400352456369
-0.0001825,-0.001477400352456369
-0.00018,-0.001143456530597758
-0.0001775,-0.001477400352456369
-0.000175,-0.001477400352456369
-0.0001725,-0.001143456530597758
-0.00017,-0.001143456530597758
-0.0001675,-0.001143456530597758
-0.000165,-0.001143456530597758
-0.0001625,-0.001477400352456369
-0.00016,-0.001477400352456369
-0.0001575,-0.001477400352456369
-0.000155,-0.001143456530597758
-0.0001525,-0.001477400352456369
-0.00015,-0.001143456530597758
-0.0001475,-0.0008095127087391468
-0.000145,-0.001143456530597758
-0.0001425,-0.001477400352456369
-0.00014,-0.001477400352456369
-0.0001375,-0.00181134417431498
-0.000135,-0.001477400352456369
-0.0001325,-0.001143456530597758
-0.00013,-0.001477400352456369
-0.0001275,-0.001143456530597758
-0.000125,-0.001143456530597758
-0.0001225,-0.001477400352456369
-0.00012,-0.001143456530597758
-0.0001175,-0.001477400352456369
-0.000115,-0.001477400352456369
-0.0001125,-0.001143456530597758
-0.00011,-0.001143456530597758
-0.0001075,-0.001477400352456369
-0.000105,-0.001477400352456369
-0.0001025,-0.001477400352456369
-0.0001,-0.001477400352456369
-9.75e-05,-0.001143456530597758
-9.500000000000001e-05,-0.001477400352456369
-9.25e-05,-0.001143456530597758
-9.000000000000001e-05,-0.001477400352456369
-8.75e-05,-0.001477400352456369
-8.500000000000001e-05,-0.001477400352456369
-8.25e-05,-0.001143456530597758
-8.000000000000001e-05,-0.00181134417431498
-7.75e-05,-0.001477400352456369
-7.499999999999999e-05,-0.001477400352456369
-7.25e-05,-0.001143456530597758
-6.999999999999999e-05,-0.001143456530597758
-6.75e-05,-0.001477400352456369
-6.499999999999999e-05,-0.001477400352456369
-6.25e-05,-0.001477400352456369
-6e-05,-0.00181134417431498
-5.75e-05,-0.001143456530597758
-5.5e-05,-0.001477400352456369
-5.25e-05,-0.001143456530597758
-5e-05,-0.001143456530597758
-4.75e-05,-0.001477400352456369
-4.5e-05,-0.001143456530597758
-4.25e-05,-0.001477400352456369
-4e-05,-0.00181134417431498
-3.75e-05,-0.001143456530597758
-3.5e-05,-0.001477400352456369
-3.25e-05,-0.001477400352456369
-3e-05,-0.001143456530597758
-2.75e-05,-0.001477400352456369
-2.5e-05,-0.001143456530597758
-2.25e-05,-0.001477400352456369
-2e-05,-0.001143456530597758
-1.75e-05,-0.001477400352456369
-1.5e-05,-0.001477400352456369
-1.25e-05,-0.001477400352456369
-1e-05,-0.001477400352456369
-7.5e-06,-0.001477400352456369
-5e-06,-0.001477400352456369
-2.5e-06,-0.001143456530597758
0,-0.00181134417431498
2.5e-06,-0.001477400352456369
5e-06,-0.001477400352456369
7.5e-06,-0.0008095127087391468
1e-05,-0.001143456530597758
1.25e-05,-0.00181134417431498
1.5e-05,-0.001143456530597758
1.75e-05,-0.001477400352456369
2e-05,-0.001143456530597758
2.25e-05,-0.001477400352456369
2.5e-05,-0.001143456530597758
2.75e-05,-0.0008095127087391468
3e-05,-0.001143456530597758
3.25e-05,-0.001477400352456369
3.5e-05,-0.001477400352456369
3.75e-05,-0.001477400352456369
4e-05,-0.001477400352456369
4.25e-05,-0.001477400352456369
4.5e-05,-0.001477400352456369
4.75e-05,-0.001477400352456369
5e-05,-0.001477400352456369
5.25e-05,-0.001143456530597758
5.5e-05,-0.001477400352456369
5.75e-05,-0.001477400352456369
6e-05,-0.001143456530597758
6.25e-05,-0.001477400352456369
6.499999999999999e-05,-0.001477400352456369
6.75e-05,-0.0008095127087391468
6.999999999999999e-05,-0.0008095127087391468
7.25e-05,-0.001477400352456369
7.499999999999999e-05,-0.001477400352456369
7.75e-05,-0.00181134417431498
8.000000000000001e-05,-0.001477400352456369
8.25e-05,-0.00181134417431498
8.500000000000001e-05,-0.001477400352456369
8.75e-05,-0.001143456530597758
9.000000000000001e-05,-0.001477400352456369
9.25e-05,-0.00181134417431498
9.500000000000001e-05,-0.001477400352456369
9.75e-05,-0.001143456530597758
0.0001,-0.001477400352456369
0.0001025,-0.001143456530597758
0.000105,-0.001477400352456369
0.0001075,-0.001143456530597758
0.00011,-0.001477400352456369
0.0001125,-0.001143456530597758
0.000115,-0.001143456530597758
0.0001175,-0.001477400352456369
0.00012,-0.001477400352456369
0.0001225,-0.00181134417431498
0.000125,-0.00181134417431498
0.0001275,-0.002145287996173591
0.00013,-0.00181134417431498
0.0001325,-0.001477400352456369
0.000135,-0.001477400352456369
0.0001375,-0.001143456530597758
0.00014,-0.001477400352456369
0.0001425,-0.001477400352456369
0.000145,-0.001477400352456369
0.0001475,-0.001477400352456369
0.00015,-0.001477400352456369
0.0001525,-0.001477400352456369
0.000155,-0.00181134417431498
0.0001575,-0.001477400352456369
0.00016,-0.001143456530597758
0.0001625,-0.001477400352456369
0.000165,-0.001477400352456369
0.0001675,-0.001477400352456369
0.00017,-0.001477400352456369
0.0001725,-0.001477400352456369
0.000175,-0.001477400352456369
0.0001775,-0.001143456530597758
0.00018,-0.001477400352456369
0.0001825,-0.001143456530597758
0.000185,-0.0008095127087391468
0.0001875,-0.001477400352456369
0.00019,-0.001477400352456369
0.0001925,-0.001477400352456369
0.000195,-0.001477400352456369
0.0001975,-0.001143456530597758
0.0002,-0.0008095127087391468
0.0002025,-0.001477400352456369
0.000205,-0.001143456530597758
0.0002075,-0.001477400352456369
0.00021,-0.001477400352456369
0.0002125,-0.001477400352456369
0.000215,-0.001477400352456369
0.0002175,-0.001477400352456369
0.00022,-0.001143456530597758
0.0002225,-0.001143456530597758
0.000225,-0.0008095127087391468
0.0002275,-0.001143456530597758
0.00023,-0.001143456530597758
0.0002325,-0.00181134417431498
0.000235,-0.00181134417431498
0.0002375,-0.001143456530597758
0.00024,-0.001477400352456369
0.0002425,-0.001143456530597758
0.000245,-0.001143456530597758
0.0002475,-0.001143456530597758
0.00025,-0.001477400352456369
0.0002525,-0.00181134417431498
0.000255,-0.001477400352456369
0.0002575,-0.001143456530597758
0.00026,-0.001143456530597758
0.0002625,-0.0004755688868805358
0.000265,-0.001143456530597758
0.0002675,-0.001477400352456369
0.00027,-0.00181134417431498
0.0002725,-0.001477400352456369
0.000275,-0.0008095127087391468
0.0002775,-0.001143456530597758
0.00028,-0.0008095127087391468
0.0002825,-0.001477400352456369
0.000285,-0.001143456530597758
0.0002875,-0.001143456530597758
0.00029,-0.001477400352456369
0.0002925,-0.001477400352456369
0.000295,-0.001477400352456369
0.0002975,-0.001143456530597758
0.0003,-0.0008095127087391468
0.0003025,-0.001143456530597758
0.000305,-0.0008095127087391468
0.0003075,-0.001477400352456369
0.00031,-0.001477400352456369
0.0003125,-0.001477400352456369
0.000315,-0.001477400352456369
0.0003175,-0.001477400352456369
0.00032,-0.0008095127087391468
0.0003225,-0.0008095127087391468
0.000325,-0.001477400352456369
0.0003275,-0.001477400352456369
0.00033,-0.001477400352456369
0.0003325,-0.00181134417431498
0.000335,-0.001143456530597758
0.0003375,-0.001143456530597758
0.00034,-0.001477400352456369
0.0003425,-0.001477400352456369
0.000345,-0.001143456530597758
0.0003475,-0.001143456530597758
0.00035,-0.001143456530597758
0.0003525,-0.001477400352456369
0.000355,-0.001143456530597758
0.0003575,-0.001477400352456369
0.00036,-0.001477400352456369
0.0003625,-0.001477400352456369
0.000365,-0.001143456530597758
0.0003675,-0.001143456530597758
0.00037,-0.001143456530597758
0.0003725,-0.001143456530597758
0.000375,-0.001477400352456369
0.0003775,-0.001477400352456369
0.00038,-0.001477400352456369
0.0003825,-0.001477400352456369
0.000385,-0.001143456530597758
0.0003875,-0.001143456530597758
0.00039,-0.001477400352456369
0.0003925,-0.001477400352456369
0.000395,-0.001143456530597758
0.0003975,-0.00181134417431498
0.0004,-0.001143456530597758
0.0004025,-0.001143456530597758
0.000405,-0.001143456530597758
0.0004075,-0.001477400352456369
0.00041,-0.001477400352456369
0.0004125,-0.001143456530597758
0.000415,-0.001143456530597758
0.0004175,-0.001143456530597758
0.00042,-0.0008095127087391468
0.0004225,-0.001477400352456369
0.000425,-0.00181134417431498
0.0004275,-0.001143456530597758
0.00043,-0.001143456530597758
0.0004325,-0.0008095127087391468
0.000435,-0.001477400352456369
0.0004375,-0.001477400352456369
0.00044,-0.001477400352456369
0.0004425,-0.001477400352456369
0.000445,-0.001477400352456369
0.0004475,-0.001477400352456369
0.00045,-0.0008095127087391468
0.0004525,-0.0008095127087391468
0.000455,-0.001477400352456369
0.0004575,-0.001477400352456369
0.00046,-0.001477400352456369
0.0004625,-0.001477400352456369
0.000465,-0.001477400352456369
0.0004675,-0.001143456530597758
0.00047,-0.001143456530597758
0.0004725,-0.001143456530597758
0.000475,-0.0008095127087391468
0.0004775,-0.0008095127087391468
0.00048,-0.001143456530597758
0.0004825,-0.001143456530597758
0.000485,-0.001477400352456369
0.0004875,-0.001477400352456369
0.00049,-0.001477400352456369
0.0004925,-0.0008095127087391468
0.000495,-0.0008095127087391468
0.0004975,-0.001143456530597758
0.0005,-0.001143456530597758
0.0005025,-0.00181134417431498
0.000505,-0.001477400352456369
0.0005075,-0.001477400352456369
0.00051,-0.001477400352456369
0.0005125,-0.001477400352456369
0.000515,-0.0008095127087391468
0.0005174999999999999,-0.001143456530597758
0.00052,-0.001143456530597758
0.0005225,-0.001143456530597758
0.000525,-0.001477400352456369
0.0005275,-0.00181134417431498
0.00053,-0.00181134417431498
0.0005325,-0.001143456530597758
0.000535,-0.001477400352456369
0.0005375,-0.001477400352456369
0.00054,-0.001477400352456369
0.0005425,-0.001477400352456369
0.000545,-0.001143456530597758
0.0005475,-0.001477400352456369
0.00055,-0.001143456530597758
0.0005525,-0.001143456530597758
0.000555,-0.001143456530597758
0.0005575000000000001,-0.001143456530597758
0.00056,-0.001143456530597758
0.0005625,-0.001143456530597758
0.000565,-0.001477400352456369
0.0005675,-0.001143456530597758
0.00057,-0.001477400352456369
0.0005725,-0.00181134417431498
0.000575,-0.001477400352456369
0.0005775,-0.0008095127087391468
0.00058,-0.001477400352456369
0.0005825,-0.001477400352456369
0.000585,-0.00181134417431498
0.0005875,-0.00181134417431498
0.00059,-0.001477400352456369
0.0005925,-0.001477400352456369
0.000595,-0.001477400352456369
0.0005975,-0.001477400352456369
0.0005999999999999999,-0.001477400352456369
0.0006025,-0.001143456530597758
0.000605,-0.0008095127087391468
0.0006075,-0.001143456530597758
0.00061,-0.001477400352456369
0.0006125,-0.001477400352456369
0.000615,-0.001143456530597758
0.0006175,-0.001143456530597758
0.00062,-0.001477400352456369
0.0006225,-0.001143456530597758
0.000625,-0.001477400352456369
0.0006275,-0.001477400352456369
0.00063,-0.001143456530597758
0.0006325,-0.001143456530597758
0.000635,-0.001143456530597758
0.0006375,-0.001477400352456369
0.0006400000000000001,-0.001143456530597758
0.0006425,-0.001477400352456369
0.000645,-0.001477400352456369
0.0006475,-0.001477400352456369
0.00065,-0.001477400352456369
0.0006525,-0.001477400352456369
0.000655,-0.001143456530597758
0.0006575,-0.001143456530597758
0.00066,-0.00181134417431498
0.0006625,-0.001477400352456369
0.000665,-0.001477400352456369
0.0006675,-0.001143456530597758
0.00067,-0.001477400352456369
0.0006725,-0.001477400352456369
0.000675,-0.00181134417431498
0.0006775,-0.001477400352456369
0.00068,-0.001477400352456369
0.0006824999999999999,-0.001477400352456369
0.000685,-0.001477400352456369
0.0006875,-0.001477400352456369
0.00069,-0.0008095127087391468
0.0006925,-0.001477400352456369
0.000695,-0.001477400352456369
0.0006975,-0.001477400352456369
0.0007,-0.001477400352456369
0.0007025,-0.001143456530597758
0.000705,-0.001477400352456369
0.0007075,-0.001477400352456369
0.00071,-0.001143456530597758
0.0007125,-0.001477400352456369
0.000715,-0.001477400352456369
0.0007175,-0.001477400352456369
0.00072,-0.001477400352456369
0.0007225000000000001,-0.001143456530597758
0.000725,-0.001477400352456369
0.0007275,-0.001477400352456369
0.00073,-0.001143456530597758
0.0007325,-0.001477400352456369
0.000735,-0.00181134417431498
0.0007375,-0.001477400352456369
0.00074,-0.001477400352456369
0.0007425,-0.001477400352456369
0.000745,-0.001143456530597758
0.0007475,-0.0008095127087391468
0.00075,-0.001477400352456369
0.0007525,-0.001477400352456369
0.000755,-0.001477400352456369
0.0007575,-0.001477400352456369
0.00076,-0.001477400352456369
0.0007625,-0.001143456530597758
0.0007649999999999999,-0.001477400352456369
0.0007675,-0.001143456530597758
0.00077,-0.001143456530597758
0.0007725,-0.001143456530597758
0.000775,-0.00181134417431498
0.0007775,-0.001477400352456369
0.00078,-0.001143456530597758
0.0007825,-0.001143456530597758
0.000785,-0.001143456530597758
0.0007875,-0.001477400352456369
0.00079,-0.001143456530597758
0.0007925,-0.001143456530597758
0.000795,-0.001477400352456369
0.0007975,-0.001477400352456369
0.0008,-0.00181134417431498
0.0008025,-0.00181134417431498
0.0008050000000000001,-0.001477400352456369
0.0008074999999999999,-0.001143456530597758
0.00081,-0.001143456530597758
0.0008125,-0.001143456530597758
0.000815,-0.001143456530597758
0.0008175,-0.001143456530597758
0.00082,-0.001477400352456369
0.0008225,-0.001143456530597758
0.000825,-0.001477400352456369
0.0008275,-0.001477400352456369
0.00083,-0.001143456530597758
0.0008325,-0.001477400352456369
0.000835,-0.001477400352456369
0.0008375,-0.001143456530597758
0.00084,-0.001477400352456369
0.0008425,-0.001143456530597758
0.000845,-0.001143456530597758
0.0008474999999999999,-0.001143456530597758
0.00085,-0.001477400352456369
0.0008525,-0.001143456530597758
0.000855,-0.001477400352456369
0.0008575,-0.001477400352456369
0.00086,-0.00181134417431498
0.0008625,-0.00181134417431498
0.000865,-0.001477400352456369
0.0008675,-0.001143456530597758
0.00087,-0.001477400352456369
0.0008725,-0.001477400352456369
0.000875,-0.00181134417431498
0.0008775,-0.001477400352456369
0.00088,-0.00181134417431498
0.0008825,-0.001477400352456369
0.000885,-0.001477400352456369
0.0008875000000000001,-0.001143456530597758
0.0008899999999999999,-0.001477400352456369
0.0008925,-0.001477400352456369
0.000895,-0.001477400352456369
0.0008975,-0.001143456530597758
0.0009,-0.001477400352456369
0.0009025,-0.001143456530597758
0.000905,-0.001477400352456369
0.0009075,-0.001477400352456369
0.00091,-0.001477400352456369
0.0009125,-0.001477400352456369
0.000915,-0.001143456530597758
0.0009175,-0.00181134417431498
0.00092,-0.001143456530597758
0.0009225,-0.0008095127087391468
0.000925,-0.001477400352456369
0.0009275,-0.001477400352456369
0.0009300000000000001,-0.001477400352456369
0.0009325,-0.001143456530597758
0.000935,-0.001143456530597758
0.0009375,-0.001477400352456369
0.00094,-0.0008095127087391468
0.0009425,-0.001143456530597758
0.000945,-0.00181134417431498
0.0009475,-0.001143456530597758
0.00095,-0.001477400352456369
0.0009525,-0.001477400352456369
0.000955,-0.001477400352456369
0.0009575,-0.001477400352456369
0.00096,-0.00181134417431498
0.0009625,-0.001143456530597758
0.000965,-0.001143456530597758
0.0009675,-0.001143456530597758
0.0009700000000000001,-0.001477400352456369
0.0009724999999999999,-0.001477400352456369
0.000975,-0.001143456530597758
0.0009775000000000001,-0.001143456530597758
0.00098,-0.001477400352456369
0.0009825000000000001,-0.001477400352456369
0.000985,-0.001143456530597758
0.0009875000000000001,-0.001143456530597758
0.00099,-0.001143456530597758
0.0009924999999999999,-0.00181134417431498
0.000995,-0.00181134417431498
0.0009974999999999999,-0.001143456530597758
0.001,-0.0008095127087391468
0.0010025,-0.001477400352456369
0.001005,-0.001143456530597758
0.0010075,-0.001143456530597758
0.00101,-0.001477400352456369
0.0010125,-0.001477400352456369
0.001015,-0.00181134417431498
0.0010175,-0.001477400352456369
0.00102,-0.001143456530597758
0.0010225,-0.0008095127087391468
0.001025,-0.0008095127087391468
0.0010275,-0.001143456530597758
0.00103,-0.001477400352456369
0.0010325,-0.001477400352456369
0.001035,-0.001477400352456369
0.0010375,-0.001477400352456369
0.00104,-0.001143456530597758
0.0010425,-0.001477400352456369
0.001045,-0.001143456530597758
0.0010475,-0.0008095127087391468
0.00105,-0.001477400352456369
0.0010525,-0.001477400352456369
0.001055,-0.001477400352456369
0.0010575,-0.001477400352456369
0.00106,-0.001477400352456369
0.0010625,-0.0008095127087391468
0.001065,-0.001143456530597758
0.0010675,-0.00181134417431498
0.00107,-0.001477400352456369
0.0010725,-0.001143456530597758
0.001075,-0.001477400352456369
0.0010775,-0.001477400352456369
0.00108,-0.001143456530597758
0.0010825,-0.001477400352456369
0.001085,-0.001477400352456369
0.0010875,-0.001477400352456369
0.00109,-0.001477400352456369
0.0010925,-0.001477400352456369
0.001095,-0.001143456530597758
0.0010975,-0.00181134417431498
0.0011,-0.001143456530597758
0.0011025,-0.001477400352456369
0.001105,-0.001143456530597758
0.0011075,-0.001143456530597758
0.00111,-0.001143456530597758
0.0011125,-0.00181134417431498
0.001115,-0.001477400352456369
0.0011175,-0.00181134417431498
0.00112,-0.001477400352456369
0.0011225,-0.001477400352456369
0.001125,-0.001477400352456369
0.0011275,-0.001143456530597758
0.00113,-0.001477400352456369
0.0011325,-0.001477400352456369
0.001135,-0.001477400352456369
0.0011375,-0.001143456530597758
0.00114,-0.001143456530597758
0.0011425,-0.001477400352456369
0.001145,-0.001477400352456369
0.0011475,-0.001477400352456369
0.00115,-0.001477400352456369
0.0011525,-0.001477400352456369
0.001155,-0.001143456530597758
0.0011575,-0.001477400352456369
0.00116,-0.001477400352456369
0.0011625,-0.001143456530597758
0.001165,-0.001477400352456369
0.0011675,-0.001143456530597758
0.00117,-0.001143456530597758
0.0011725,-0.001143456530597758
0.001175,-0.00181134417431498
0.0011775,-0.001477400352456369
0.00118,-0.0008095127087391468
0.0011825,-0.001477400352456369
0.001185,-0.001477400352456369
0.0011875,-0.001477400352456369
0.00119,-0.001143456530597758
0.0011925,-0.001143456530597758
0.001195,-0.001143456530597758
0.0011975,-0.001477400352456369
0.0012,-0.00181134417431498
0.0012025,-0.0008095127087391468
0.001205,-0.0008095127087391468
0.0012075,-0.001143456530597758
0.00121,-0.001477400352456369
0.0012125,-0.001143456530597758
0.001215,-0.001477400352456369
0.0012175,-0.001477400352456369
0.00122,-0.001143456530597758
0.0012225,-0.0008095127087391468
0.001225,-0.001143456530597758
0.0012275,-0.001477400352456369
0.00123,-0.001477400352456369
0.0012325,-0.001477400352456369
0.001235,-0.001477400352456369
0.0012375,-0.001143456530597758
0.00124,-0.0008095127087391468
0.0012425,-0.001143456530597758
0.001245,-0.001143456530597758
0.0012475,-0.001143456530597758
0.00125,-0.001143456530597758
0.0012525,-0.00181134417431498
0.001255,-0.001477400352456369
0.0012575,-0.001143456530597758
0.00126,-0.001143456530597758
0.0012625,-0.001143456530597758
0.001265,-0.001143456530597758
0.0012675,-0.001477400352456369
0.00127,-0.001477400352456369
0.0012725,-0.001477400352456369
0.001275,-0.001143456530597758
0.0012775,-0.001143456530597758
0.00128,-0.001477400352456369
0.0012825,-0.001477400352456369
0.001285,-0.001477400352456369
0.0012875,-0.001477400352456369
0.00129,-0.001477400352456369
0.0012925,-0.001143456530597758
0.001295,-0.001477400352456369
0.0012975,-0.001143456530597758
0.0013,-0.001477400352456369
0.0013025,-0.001477400352456369
0.001305,-0.001477400352456369
0.0013075,-0.001477400352456369
0.00131,-0.001477400352456369
0.0013125,-0.00181134417431498
0.001315,-0.001143456530597758
0.0013175,-0.001477400352456369
0.00132,-0.0008095127087391468
0.0013225,-0.001143456530597758
0.001325,-0.001477400352456369
0.0013275,-0.001143456530597758
0.00133,-0.001477400352456369
0.0013325,-0.001477400352456369
0.001335,-0.0008095127087391468
0.0013375,-0.0008095127087391468
0.00134,-0.001143456530597758
0.0013425,-0.00181134417431498
0.001345,-0.0008095127087391468
0.0013475,-0.001143456530597758
0.00135,-0.001143456530597758
0.0013525,-0.001143456530597758
0.001355,-0.001143456530597758
0.0013575,-0.001477400352456369
0.00136,-0.001143456530597758
0.0013625,-0.001143456530597758
0.001365,-0.001477400352456369
0.0013675,-0.001477400352456369
0.00137,-0.001477400352456369
0.0013725,-0.0008095127087391468
0.001375,-0.001477400352456369
0.0013775,-0.001143456530597758
0.00138,-0.001143456530597758
0.0013825,-0.0008095127087391468
0.001385,-0.001143456530597758
0.0013875,-0.001143456530597758
0.00139,-0.001477400352456369
0.0013925,-0.001143456530597758
0.001395,-0.0008095127087391468
0.0013975,-0.001143456530597758
0.0014,-0.001143456530597758
0.0014025,-0.001143456530597758
0.001405,-0.001477400352456369
0.0014075,-0.001143456530597758
0.00141,-0.00181134417431498
0.0014125,-0.001143456530597758
0.001415,-0.001143456530597758
0.0014175,-0.001477400352456369
0.00142,-0.001143456530597758
0.0014225,-0.001477400352456369
0.001425,-0.001477400352456369
0.0014275,-0.001477400352456369
0.00143,-0.001143456530597758
0.0014325,-0.001143456530597758
0.001435,-0.001143456530597758
0.0014375,-0.001477400352456369
0.00144,-0.001477400352456369
0.0014425,-0.001477400352456369
0.001445,-0.001477400352456369
0.0014475,-0.001477400352456369
0.00145,-0.001477400352456369
0.0014525,-0.001477400352456369
0.001455,-0.001143456530597758
0.0014575,-0.001143456530597758
0.00146,-0.0008095127087391468
0.0014625,-0.001143456530597758
0.001465,-0.001477400352456369
0.0014675,-0.001477400352456369
0.00147,-0.001143456530597758
0.0014725,-0.001143456530597758
0.001475,-0.001143456530597758
0.0014775,-0.0008095127087391468
0.00148,-0.001143456530597758
0.0014825,-0.001477400352456369
0.001485,-0.001477400352456369
0.0014875,-0.001477400352456369
0.00149,-0.001477400352456369
0.0014925,-0.001477400352456369
0.001495,-0.001143456530597758
0.0014975,-0.0008095127087391468
0.0015,-0.001477400352456369
0.0015025,-0.001477400352456369
0.001505,-0.00181134417431498
0.0015075,-0.001477400352456369
0.00151,-0.001477400352456369
0.0015125,-0.00181134417431498
0.001515,-0.00181134417431498
0.0015175,-0.001143456530597758
0.00152,-0.001477400352456369
0.0015225,-0.00181134417431498
0.001525,-0.001143456530597758
0.0015275,-0.001477400352456369
0.00153,-0.001477400352456369
0.0015325,-0.001477400352456369
0.001535,-0.001143456530597758
0.0015375,-0.001143456530597758
0.00154,-0.001477400352456369
0.0015425,-0.001477400352456369
0.001545,-0.001143456530597758
0.0015475,-0.00181134417431498
0.00155,-0.001477400352456369
0.0015525,-0.001477400352456369
0.001555,-0.001143456530597758
0.0015575,-0.001477400352456369
0.00156,-0.00181134417431498
0.0015625,-0.001477400352456369
0.001565,-0.001477400352456369
0.0015675,-0.001143456530597758
0.00157,-0.001477400352456369
0.0015725,-0.001143456530597758
0.001575,-0.001477400352456369
0.0015775,-0.001477400352456369
0.00158,-0.00181134417431498
0.0015825,-0.00181134417431498
0.001585,-0.001477400352456369
0.0015875,-0.001477400352456369
0.00159,-0.001477400352456369
0.0015925,-0.001477400352456369
0.001595,-0.001477400352456369
0.0015975,-0.001477400352456369
0.0016,-0.00181134417431498
0.0016025,-0.001477400352456369
0.001605,-0.001143456530597758
0.0016075,-0.001477400352456369
0.00161,-0.001143456530597758
0.0016125,-0.001143456530597758
0.001615,-0.001143456530597758
0.0016175,-0.001477400352456369
0.00162,-0.001477400352456369
0.0016225,-0.001477400352456369
0.001625,-0.00181134417431498
0.0016275,-0.001477400352456369
0.00163,-0.001477400352456369
0.0016325,-0.001477400352456369
0.001635,-0.001477400352456369
0.0016375,-0.001143456530597758
0.00164,-0.001477400352456369
0.0016425,-0.001477400352456369
0.001645,-0.001477400352456369
0.0016475,-0.001143456530597758
0.00165,-0.001143456530597758
0.0016525,-0.001477400352456369
0.001655,-0.001143456530597758
0.0016575,-0.001477400352456369
0.00166,-0.00181134417431498
0.0016625,-0.00181134417431498
0.001665,-0.00181134417431498
0.0016675,-0.001477400352456369
0.00167,-0.001477400352456369
0.0016725,-0.001477400352456369
0.001675,-0.00181134417431498
0.0016775,-0.00181134417431498
0.00168,-0.001477400352456369
0.0016825,-0.001477400352456369
0.001685,-0.001477400352456369
0.0016875,-0.001477400352456369
0.00169,-0.001477400352456369
0.0016925,-0.001477400352456369
0.001695,-0.001477400352456369
0.0016975,-0.00181134417431498
0.0017,-0.001477400352456369
0.0017025,-0.001477400352456369
0.001705,-0.001477400352456369
0.0017075,-0.001477400352456369
0.00171,-0.00181134417431498
0.0017125,-0.001477400352456369
0.001715,-0.001477400352456369
0.0017175,-0.001143456530597758
0.00172,-0.001477400352456369
0.0017225,-0.001477400352456369
0.001725,-0.001477400352456369
0.0017275,-0.001477400352456369
0.00173,-0.001477400352456369
0.0017325,-0.001143456530597758
0.001735,-0.00181134417431498
0.0017375,-0.001477400352456369
0.00174,-0.001143456530597758
0.0017425,-0.001143456530597758
0.001745,-0.001143456530597758
0.0017475,-0.001143456530597758
0.00175,-0.001143456530597758
0.0017525,-0.001143456530597758
0.001755,-0.001143456530597758
0.0017575,-0.00181134417431498
0.00176,-0.001477400352456369
0.0017625,-0.001143456530597758
0.001765,-0.001143456530597758
0.0017675,-0.001477400352456369
0.00177,-0.001143456530597758
0.0017725,-0.001143456530597758
0.001775,-0.001477400352456369
0.0017775,-0.001143456530597758
0.00178,-0.001477400352456369
0.0017825,-0.00181134417431498
0.001785,-0.001477400352456369
0.0017875,-0.001143456530597758
0.00179,-0.001143456530597758
0.0017925,-0.001143456530597758
0.001795,-0.001477400352456369
0.0017975,-0.00181134417431498
0.0018,-0.001143456530597758
0.0018025,-0.001143456530597758
0.001805,-0.001477400352456369
0.0018075,-0.001477400352456369
0.00181,-0.001477400352456369
0.0018125,-0.001143456530597758
0.001815,-0.001477400352456369
0.0018175,-0.001477400352456369
0.00182,-0.001477400352456369
0.0018225,-0.001477400352456369
0.001825,-0.0008095127087391468
0.0018275,-0.001143456530597758
0.00183,-0.001477400352456369
0.0018325,-0.001143456530597758
0.001835,-0.001143456530597758
0.0018375,-0.001143456530597758
0.00184,-0.001143456530597758
0.0018425,-0.001143456530597758
0.001845,-0.0008095127087391468
0.0018475,-0.001477400352456369
0.00185,-0.001143456530597758
0.0018525,-0.001143456530597758
0.001855,-0.001143456530597758
0.0018575,-0.001477400352456369
0.00186,-0.001477400352456369
0.0018625,-0.001143456530597758
0.001865,-0.001143456530597758
0.0018675,-0.001477400352456369
0.00187,-0.0008095127087391468
0.0018725,-0.001477400352456369
0.001875,-0.001477400352456369
0.0018775,-0.001477400352456369
0.00188,-0.001143456530597758
0.0018825,-0.001477400352456369
0.001885,-0.0008095127087391468
0.0018875,-0.001143456530597758
0.00189,-0.001477400352456369
0.0018925,-0.001143456530597758
0.001895,-0.001477400352456369
0.0018975,-0.00181134417431498
0.0019,-0.002145287996173591
0.0019025,-0.001477400352456369
0.001905,-0.001143456530597758
0.0019075,-0.001143456530597758
0.00191,-0.001477400352456369
0.0019125,-0.001477400352456369
0.001915,-0.001477400352456369
0.0019175,-0.001477400352456369
0.00192,-0.001477400352456369
0.0019225,-0.001477400352456369
0.001925,-0.001477400352456369
0.0019275,-0.001477400352456369
0.00193,-0.001477400352456369
0.0019325,-0.001143456530597758
0.001935,-0.001477400352456369
0.0019375,-0.001477400352456369
0.00194,-0.001477400352456369
0.0019425,-0.001477400352456369
0.001945,-0.001143456530597758
0.0019475,-0.001477400352456369
0.00195,-0.001477400352456369
0.0019525,-0.001477400352456369
0.001955,-0.001477400352456369
0.0019575,-0.00181134417431498
0.00196,-0.001477400352456369
0.0019625,-0.001143456530597758
0.001965,-0.0008095127087391468
0.0019675,-0.001477400352456369
0.00197,-0.001143456530597758
0.0019725,-0.001477400352456369
0.001975,-0.001477400352456369
0.0019775,-0.001143456530597758
0.00198,-0.0008095127087391468
0.0019825,-0.001477400352456369
0.001985,-0.001477400352456369
0.0019875,-0.001477400352456369
0.00199,-0.00181134417431498
0.0019925,-0.001477400352456369
0.001995,-0.001143456530597758
0.0019975,-0.001477400352456369
0.002,-0.00181134417431498
0.0020025,-0.001143456530597758
0.002005,-0.001143456530597758
0.0020075,-0.001477400352456369
0.00201,-0.001477400352456369
0.0020125,-0.001143456530597758
0.002015,-0.00181134417431498
0.0020175,-0.001477400352456369
0.00202,-0.001477400352456369
0.0020225,-0.001477400352456369
0.002025,-0.001143456530597758
0.0020275,-0.001143456530597758
0.00203,-0.001143456530597758
0.0020325,-0.001143456530597758
0.002035,-0.001143456530597758
0.0020375,-0.001477400352456369
0.00204,-0.001143456530597758
0.0020425,-0.0008095127087391468
0.002045,-0.0008095127087391468
0.0020475,-0.001143456530597758
0.00205,-0.001477400352456369
0.0020525,-0.001477400352456369
0.002055,-0.001143456530597758
0.0020575,-0.00181134417431498
0.00206,-0.001477400352456369
0.0020625,-0.001143456530597758
0.002065,-0.001143456530597758
0.0020675,-0.001477400352456369
0.00207,-0.001143456530597758
0.0020725,-0.001477400352456369
0.002075,-0.001477400352456369
0.0020775,-0.001143456530597758
0.00208,-0.001477400352456369
0.0020825,-0.001143456530597758
0.002085,-0.001143456530597758
0.0020875,-0.0008095127087391468
0.00209,-0.001143456530597758
0.0020925,-0.001477400352456369
0.002095,-0.00181134417431498
0.0020975,-0.001477400352456369
0.0021,-0.001477400352456369
0.0021025,-0.001477400352456369
0.002105,-0.001143456530597758
0.0021075,-0.001477400352456369
0.00211,-0.001477400352456369
0.0021125,-0.001477400352456369
0.002115,-0.001143456530597758
0.0021175,-0.001143456530597758
0.00212,-0.001477400352456369
0.0021225,-0.001143456530597758
0.002125,-0.001143456530597758
0.0021275,-0.001477400352456369
0.00213,-0.001477400352456369
0.0021325,-0.001477400352456369
0.002135,-0.001477400352456369
0.0021375,-0.001477400352456369
0.00214,-0.001143456530597758
0.0021425,-0.001477400352456369
0.002145,-0.0008095127087391468
0.0021475,-0.001477400352456369
0.00215,-0.001477400352456369
0.0021525,-0.001477400352456369
0.002155,-0.001477400352456369
0.0021575,-0.001477400352456369
0.00216,-0.001143456530597758
0.0021625,-0.001477400352456369
0.002165,-0.001143456530597758
0.0021675,-0.001477400352456369
0.00217,-0.001477400352456369
0.0021725,-0.001477400352456369
0.002175,-0.001477400352456369
0.0021775,-0.001143456530597758
0.00218,-0.001143456530597758
0.0021825,-0.001143456530597758
0.002185,-0.001143456530597758
0.0021875,-0.001477400352456369
0.00219,-0.001477400352456369
0.0021925,-0.001477400352456369
0.002195,-0.001143456530597758
0.0021975,-0.001143456530597758
0.0022,-0.001143456530597758
0.0022025,-0.001477400352456369
0.002205,-0.001143456530597758
0.0022075,-0.001477400352456369
0.00221,-0.001143456530597758
0.0022125,-0.001143456530597758
0.002215,-0.001143456530597758
0.0022175,-0.001477400352456369
0.00222,-0.001477400352456369
0.0022225,-0.00181134417431498
0.002225,-0.001477400352456369
0.0022275,-0.001143456530597758
0.00223,-0.001477400352456369
0.0022325,-0.001477400352456369
0.002235,-0.001143456530597758
0.0022375,-0.001143456530597758
0.00224,-0.001477400352456369
0.0022425,-0.001143456530597758
0.002245,-0.001477400352456369
0.0022475,-0.001143456530597758
0.00225,-0.001477400352456369
0.0022525,-0.001477400352456369
0.002255,-0.001477400352456369
0.0022575,-0.001143456530597758
0.00226,-0.0008095127087391468
0.0022625,-0.0008095127087391468
0.002265,-0.001477400352456369
0.0022675,-0.00181134417431498
0.00227,-0.00181134417431498
0.0022725,-0.001477400352456369
0.002275,-0.001477400352456369
0.0022775,-0.001143456530597758
0.00228,-0.001477400352456369
0.0022825,-0.001143456530597758
0.002285,-0.001143456530597758
0.0022875,-0.001143456530597758
0.00229,-0.001143456530597758
0.0022925,-0.001477400352456369
0.002295,-0.001143456530597758
0.0022975,-0.001143456530597758
0.0023,-0.001143456530597758
0.0023025,-0.001477400352456369
0.002305,-0.001477400352456369
0.0023075,-0.001143456530597758
0.00231,-0.001477400352456369
0.0023125,-0.001477400352456369
0.002315,-0.001143456530597758
0.0023175,-0.001143456530597758
0.00232,-0.0008095127087391468
0.0023225,-0.001143456530597758
0.002325,-0.001143456530597758
0.0023275,-0.001143456530597758
0.00233,-0.001143456530597758
0.0023325,-0.001477400352456369
0.002335,-0.001143456530597758
0.0023375,-0.001477400352456369
0.00234,-0.001143456530597758
0.0023425,-0.001143456530597758
0.002345,-0.001477400352456369
0.0023475,-0.001477400352456369
0.00235,-0.001143456530597758
0.0023525,-0.001477400352456369
0.002355,-0.001143456530597758
0.0023575,-0.001143456530597758
0.00236,-0.0008095127087391468
0.0023625,-0.0008095127087391468
0.002365,-0.001143456530597758
0.0023675,-0.001143456530597758
0.00237,-0.001143456530597758
0.0023725,-0.001143456530597758
0.002375,-0.001143456530597758
0.0023775,-0.001143456530597758
0.00238,-0.001143456530597758
0.0023825,-0.001477400352456369
0.002385,-0.001477400352456369
0.0023875,-0.001143456530597758
0.00239,-0.001477400352456369
0.0023925,-0.001143456530597758
0.002395,-0.0008095127087391468
0.0023975,-0.001477400352456369
0.0024,-0.001477400352456369
0.0024025,-0.00181134417431498
0.002405,-0.001477400352456369
0.0024075,-0.001477400352456369
0.00241,-0.001143456530597758
0.0024125,-0.001477400352456369
0.002415,-0.001143456530597758
0.0024175,-0.001477400352456369
0.00242,-0.001477400352456369
0.0024225,-0.001143456530597758
0.002425,-0.001477400352456369
0.0024275,-0.001477400352456369
0.00243,-0.001477400352456369
0.0024325,-0.001143456530597758
0.002435,-0.001477400352456369
0.0024375,-0.001143456530597758
0.00244,-0.001143456530597758
0.0024425,-0.001143456530597758
0.002445,-0.00181134417431498
0.0024475,-0.001477400352456369
0.00245,-0.001477400352456369
0.0024525,-0.0008095127087391468
0.002455,-0.001477400352456369
0.0024575,-0.001143456530597758
0.00246,-0.0008095127087391468
0.0024625,-0.001477400352456369
0.002465,-0.001143456530597758
0.0024675,-0.0008095127087391468
0.00247,-0.001477400352456369
0.0024725,-0.001477400352456369
0.002475,-0.0008095127087391468
0.0024775,-0.0004755688868805358
0.00248,-0.001143456530597758
0.0024825,-0.001477400352456369
0.002485,-0.001143456530597758
0.0024875,-0.001477400352456369
0.00249,-0.001143456530597758
0.0024925,-0.001143456530597758
0.002495,-0.001143456530597758
0.0024975,-0.001143456530597758
0.0025,-0.001477400352456369
0.0025025,-0.001143456530597758
0.002505,-0.001143456530597758
0.0025075,-0.001477400352456369
0.00251,-0.001477400352456369
0.0025125,-0.001477400352456369
0.002515,-0.001477400352456369
0.0025175,-0.001477400352456369
0.00252,-0.001143456530597758
0.0025225,-0.001477400352456369
0.002525,-0.00181134417431498
0.0025275,-0.00181134417431498
0.00253,-0.0008095127087391468
0.0025325,-0.001143456530597758
0.002535,-0.001477400352456369
0.0025375,-0.001477400352456369
0.00254,-0.001143456530597758
0.0025425,-0.001477400352456369
0.002545,-0.001477400352456369
0.0025475,-0.001143456530597758
0.00255,-0.001477400352456369
0.0025525,-0.0008095127087391468
0.002555,-0.001477400352456369
0.0025575,-0.001143456530597758
0.00256,-0.001143456530597758
0.0025625,-0.00181134417431498
0.002565,-0.001477400352456369
0.0025675,-0.001477400352456369
0.00257,-0.001477400352456369
0.0025725,-0.001143456530597758
0.002575,-0.001477400352456369
0.0025775,-0.001143456530597758
0.00258,-0.001143456530597758
0.0025825,-0.001477400352456369
0.002585,-0.001143456530597758
0.0025875,-0.001477400352456369
0.00259,-0.001143456530597758
0.0025925,-0.001477400352456369
0.002595,-0.001477400352456369
0.0025975,-0.001143456530597758
0.0026,-0.00181134417431498
0.0026025,-0.001477400352456369
0.002605,-0.001143456530597758
0.0026075,-0.0008095127087391468
0.00261,-0.001143456530597758
0.0026125,-0.001143456530597758
0.002615,-0.001143456530597758
0.0026175,-0.001143456530597758
0.00262,-0.001477400352456369
0.0026225,-0.001143456530597758
0.002625,-0.001477400352456369
0.0026275,-0.001143456530597758
0.00263,-0.001143456530597758
0.0026325,-0.001143456530597758
0.002635,-0.001143456530597758
0.0026375,-0.001143456530597758
0.00264,-0.001477400352456369
0.0026425,-0.001477400352456369
0.002645,-0.001477400352456369
0.0026475,-0.001143456530597758
0.00265,-0.001477400352456369
0.0026525,-0.001477400352456369
0.002655,-0.001477400352456369
0.0026575,-0.0008095127087391468
0.00266,-0.001143456530597758
0.0026625,-0.001477400352456369
0.002665,-0.001477400352456369
0.0026675,-0.001477400352456369
0.00267,-0.001143456530597758
0.0026725,-0.001477400352456369
0.002675,-0.001143456530597758
0.0026775,-0.001477400352456369
0.00268,-0.001143456530597758
0.0026825,-0.001143456530597758
0.002685,-0.001143456530597758
0.0026875,-0.001477400352456369
0.00269,-0.001143456530597758
0.0026925,-0.0008095127087391468
0.002695,-0.001477400352456369
0.0026975,-0.001477400352456369
0.0027,-0.001143456530597758
0.0027025,-0.001477400352456369
0.002705,-0.001477400352456369
0.0027075,-0.001143456530597758
0.00271,-0.001143456530597758
0.0027125,-0.001143456530597758
0.002715,-0.001143456530597758
0.0027175,-0.001477400352456369
0.00272,-0.001477400352456369
0.0027225,-0.001477400352456369
0.002725,-0.001143456530597758
0.0027275,-0.001143456530597758
0.00273,-0.0008095127087391468
0.0027325,-0.0008095127087391468
0.002735,-0.001477400352456369
0.0027375,-0.001143456530597758
0.00274,-0.001477400352456369
0.0027425,-0.001477400352456369
0.002745,-0.001477400352456369
0.0027475,-0.001143456530597758
0.00275,-0.001143456530597758
0.0027525,-0.0008095127087391468
0.002755,-0.001143456530597758
0.0027575,-0.001143456530597758
0.00276,-0.001477400352456369
0.0027625,-0.001143456530597758
0.002765,-0.001477400352456369
0.0027675,-0.001477400352456369
0.00277,-0.001477400352456369
0.0027725,-0.001143456530597758
0.002775,-0.001477400352456369
0.0027775,-0.001477400352456369
0.00278,-0.001477400352456369
0.0027825,-0.001143456530597758
0.002785,-0.001143456530597758
0.0027875,-0.0008095127087391468
0.00279,-0.001143456530597758
0.0027925,-0.001143456530597758
0.002795,-0.001477400352456369
0.0027975,-0.001477400352456369
0.0028,-0.001477400352456369
0.0028025,-0.001143456530597758
0.002805,-0.001143456530597758
0.0028075,-0.00181134417431498
0.00281,-0.001477400352456369
0.0028125,-0.001143456530597758
0.002815,-0.001477400352456369
0.0028175,-0.001477400352456369
0.00282,-0.001143456530597758
0.0028225,-0.001477400352456369
0.002825,-0.001143456530597758
0.0028275,-0.001477400352456369
0.00283,-0.001143456530597758
0.0028325,-0.001143456530597758
0.002835,-0.001143456530597758
0.0028375,-0.001477400352456369
0.00284,-0.001477400352456369
0.0028425,-0.001143456530597758
0.002845,-0.001143456530597758
0.0028475,-0.001477400352456369
0.00285,-0.001143456530597758
0.0028525,-0.001477400352456369
0.002855,-0.001477400352456369
0.0028575,-0.001477400352456369
0.00286,-0.001143456530597758
0.0028625,-0.001477400352456369
0.002865,-0.001143456530597758
0.0028675,-0.001477400352456369
0.00287,-0.001477400352456369
0.0028725,-0.001477400352456369
0.002875,-0.001477400352456369
0.0028775,-0.001477400352456369
0.00288,-0.001477400352456369
0.0028825,-0.001477400352456369
0.002885,-0.001143456530597758
0.0028875,-0.001477400352456369
0.00289,-0.001477400352456369
0.0028925,-0.001143456530597758
0.002895,-0.001143456530597758
0.0028975,-0.001477400352456369
0.0029,-0.001477400352456369
0.0029025,-0.001143456530597758
0.002905,-0.001143456530597758
0.0029075,-0.001143456530597758
0.00291,-0.001477400352456369
0.0029125,-0.001477400352456369
0.002915,-0.001143456530597758
0.0029175,-0.001143456530597758
0.00292,-0.00181134417431498
0.0029225,-0.001143456530597758
0.002925,-0.001477400352456369
0.0029275,-0.001143456530597758
0.00293,-0.001477400352456369
0.0029325,-0.00181134417431498
0.002935,-0.001477400352456369
0.0029375,-0.001477400352456369
0.00294,-0.001143456530597758
0.0029425,-0.001143456530597758
0.002945,-0.0008095127087391468
0.0029475,-0.001143456530597758
0.00295,-0.001143456530597758
0.0029525,-0.001477400352456369
0.002955,-0.001477400352456369
0.0029575,-0.001477400352456369
0.00296,-0.001143456530597758
0.0029625,-0.001477400352456369
0.002965,-0.001477400352456369
0.0029675,-0.0008095127087391468
0.00297,-0.001477400352456369
0.0029725,-0.001143456530597758
0.002975,-0.001477400352456369
0.0029775,-0.001477400352456369
0.00298,-0.001143456530597758
0.0029825,-0.001143456530597758
0.002985,-0.001143456530597758
0.0029875,-0.001477400352456369
0.00299,-0.001143456530597758
0.0029925,-0.001477400352456369
0.002995,-0.001477400352456369
0.0029975,-0.001477400352456369
0.003,-0.001477400352456369
0.0030025,-0.0008095127087391468
0.003005,-0.0008095127087391468
0.0030075,-0.001477400352456369
0.00301,-0.001477400352456369
0.0030125,-0.001477400352456369
0.003015,-0.001477400352456369
0.0030175,-0.001143456530597758
0.00302,-0.001477400352456369
0.0030225,-0.0008095127087391468
0.003025,-0.001477400352456369
0.0030275,-0.001477400352456369
0.00303,-0.001477400352456369
0.0030325,-0.001477400352456369
0.003035,-0.001143456530597758
0.0030375,-0.00181134417431498
0.00304,-0.001477400352456369
0.0030425,-0.001143456530597758
0.003045,-0.0008095127087391468
0.0030475,-0.001143456530597758
0.00305,-0.001143456530597758
0.0030525,-0.001143456530597758
0.003055,-0.001143456530597758
0.0030575,-0.0004755688868805358
0.00306,-0.001143456530597758
0.0030625,-0.001477400352456369
0.003065,-0.001477400352456369
0.0030675,-0.001477400352456369
0.00307,-0.001477400352456369
0.0030725,-0.001143456530597758
0.003075,-0.001143456530597758
0.0030775,-0.001477400352456369
0.00308,-0.001477400352456369
0.0030825,-0.001143456530597758
0.003085,-0.001143456530597758
0.0030875,-0.001143456530597758
0.00309,-0.00181134417431498
0.0030925,-0.001477400352456369
0.003095,-0.00181134417431498
0.0030975,-0.001477400352456369
0.0031,-0.001477400352456369
0.0031025,-0.001143456530597758
0.003105,-0.0008095127087391468
0.0031075,-0.0008095127087391468
0.00311,-0.001477400352456369
0.0031125,-0.001477400352456369
0.003115,-0.001477400352456369
0.0031175,-0.001143456530597758
0.00312,-0.001143456530597758
0.0031225,-0.001143456530597758
0.003125,-0.001477400352456369
0.0031275,-0.001477400352456369
0.00313,-0.001477400352456369
0.0031325,-0.001477400352456369
0.003135,-0.001143456530597758
0.0031375,-0.001477400352456369
0.00314,-0.001143456530597758
0.0031425,-0.001143456530597758
0.003145,-0.0008095127087391468
0.0031475,-0.001477400352456369
0.00315,-0.001477400352456369
0.0031525,-0.001477400352456369
0.003155,-0.001143456530597758
0.0031575,-0.001143456530597758
0.00316,-0.001143456530597758
0.0031625,-0.001143456530597758
0.003165,-0.001477400352456369
0.0031675,-0.001143456530597758
0.00317,-0.001143456530597758
0.0031725,-0.001143456530597758
0.003175,-0.001143456530597758
0.0031775,-0.001477400352456369
0.00318,-0.001477400352456369
0.0031825,-0.001143456530597758
0.003185,-0.001143456530597758
0.0031875,-0.001143456530597758
0.00319,-0.001143456530597758
0.0031925,-0.001143456530597758
0.003195,-0.001143456530597758
0.0031975,-0.001143456530597758
0.0032,-0.001143456530597758
0.0032025,-0.001143456530597758
0.003205,-0.001143456530597758
0.0032075,-0.001143456530597758
0.00321,-0.00181134417431498
0.0032125,-0.00181134417431498
0.003215,-0.001477400352456369
0.0032175,-0.001477400352456369
0.00322,-0.001143456530597758
0.0032225,-0.001143456530597758
0.003225,-0.001143456530597758
0.0032275,-0.00181134417431498
0.00323,-0.001477400352456369
0.0032325,-0.00181134417431498
0.003235,-0.00181134417431498
0.0032375,-0.001477400352456369
0.00324,-0.001143456530597758
0.0032425,-0.001477400352456369
0.003245,-0.001477400352456369
0.0032475,-0.001477400352456369
0.00325,-0.001477400352456369
0.0032525,-0.001477400352456369
0.003255,-0.001143456530597758
0.0032575,-0.0008095127087391468
0.00326,-0.001477400352456369
0.0032625,-0.001143456530597758
0.003265,-0.001477400352456369
0.0032675,-0.001143456530597758
0.00327,-0.0008095127087391468
0.0032725,-0.001477400352456369
0.003275,-0.001143456530597758
0.0032775,-0.001143456530597758
0.00328,-0.001477400352456369
0.0032825,-0.001477400352456369
0.003285,-0.001477400352456369
0.0032875,-0.001143456530597758
0.00329,-0.001477400352456369
0.0032925,-0.00181134417431498
0.003295,-0.001477400352456369
0.0032975,-0.001143456530597758
0.0033,-0.0008095127087391468
0.0033025,-0.001143456530597758
0.003305,-0.001477400352456369
0.0033075,-0.001477400352456369
0.00331,-0.001477400352456369
0.0033125,-0.001143456530597758
0.003315,-0.001143456530597758
0.0033175,-0.001143456530597758
0.00332,-0.001477400352456369
0.0033225,-0.001477400352456369
0.003325,-0.001477400352456369
0.0033275,-0.001477400352456369
0.00333,-0.001477400352456369
0.0033325,-0.001143456530597758
0.003335,-0.001143456530597758
0.0033375,-0.001143456530597758
0.00334,-0.001477400352456369
0.0033425,-0.001477400352456369
0.003345,-0.001143456530597758
0.0033475,-0.001477400352456369
0.00335,-0.001477400352456369
0.0033525,-0.0008095127087391468
0.003355,-0.001477400352456369
0.0033575,-0.001143456530597758
0.00336,-0.001143456530597758
0.0033625,-0.001477400352456369
0.003365,-0.001143456530597758
0.0033675,-0.0008095127087391468
0.00337,-0.001477400352456369
0.0033725,-0.001477400352456369
0.003375,-0.0008095127087391468
0.0033775,-0.001143456530597758
0.00338,-0.0008095127087391468
0.0033825,-0.001477400352456369
0.003385,-0.001477400352456369
0.0033875,-0.001477400352456369
0.00339,-0.001477400352456369
0.0033925,-0.001143456530597758
0.003395,-0.001143456530597758
0.0033975,-0.001143456530597758
0.0034,-0.001477400352456369
0.0034025,-0.001143456530597758
0.003405,-0.00181134417431498
0.0034075,-0.00181134417431498
0.00341,-0.001477400352456369
0.0034125,-0.001143456530597758
0.003415,-0.001143456530597758
0.0034175,-0.001143456530597758
0.00342,-0.001143456530597758
0.0034225,-0.001143456530597758
0.003425,-0.001477400352456369
0.0034275,-0.001477400352456369
0.00343,-0.001477400352456369
0.0034325,-0.001477400352456369
0.003435,-0.001477400352456369
0.0034375,-0.001143456530597758
0.00344,-0.001143456530597758
0.0034425,-0.001143456530597758
0.003445,-0.001143456530597758
0.0034475,-0.001477400352456369
0.00345,-0.001143456530597758
0.0034525,-0.001477400352456369
0.003455,-0.001143456530597758
0.0034575,-0.001143456530597758
0.00346,-0.001477400352456369
0.0034625,-0.00181134417431498
0.003465,-0.001143456530597758
0.0034675,-0.001477400352456369
0.00347,-0.001477400352456369
0.0034725,-0.001143456530597758
0.003475,-0.001477400352456369
0.0034775,-0.001477400352456369
0.00348,-0.001477400352456369
0.0034825,-0.001477400352456369
0.003485,-0.0008095127087391468
0.0034875,-0.001477400352456369
0.00349,-0.001143456530597758
0.0034925,-0.001477400352456369
0.003495,-0.001477400352456369
0.0034975,-0.001143456530597758
0.0035,-0.001143456530597758
0.0035025,-0.001143456530597758
0.003505,-0.001143456530597758
0.0035075,-0.001143456530597758
0.00351,-0.001477400352456369
0.0035125,-0.001477400352456369
0.003515,-0.001143456530597758
0.0035175,-0.001477400352456369
0.00352,-0.001143456530597758
0.0035225,-0.001143456530597758
0.003525,-0.001477400352456369
0.0035275,-0.0008095127087391468
0.00353,-0.001143456530597758
0.0035325,-0.0008095127087391468
0.003535,-0.001143456530597758
0.0035375,-0.001143456530597758
0.00354,-0.001477400352456369
0.0035425,-0.001143456530597758
0.003545,-0.001143456530597758
0.0035475,-0.001477400352456369
0.00355,-0.001143456530597758
0.0035525,-0.001143456530597758
0.003555,-0.001477400352456369
0.0035575,-0.001143456530597758
0.00356,-0.001477400352456369
0.0035625,-0.001477400352456369
0.003565,-0.001477400352456369
0.0035675,-0.001477400352456369
0.00357,-0.001143456530597758
0.0035725,-0.0008095127087391468
0.003575,-0.001477400352456369
0.0035775,-0.001477400352456369
0.00358,-0.001477400352456369
0.0035825,-0.001477400352456369
0.003585,-0.001477400352456369
0.0035875,-0.001143456530597758
0.00359,-0.001143456530597758
0.0035925,-0.001477400352456369
0.003595,-0.00181134417431498
0.0035975,-0.001477400352456369
0.0036,-0.001143456530597758
0.0036025,-0.001477400352456369
0.003605,-0.00181134417431498
0.0036075,-0.001477400352456369
0.00361,-0.001143456530597758
0.0036125,-0.001143456530597758
0.003615,-0.0008095127087391468
0.0036175,-0.001477400352456369
0.00362,-0.001477400352456369
0.0036225,-0.00181134417431498
0.003625,-0.001143456530597758
0.0036275,-0.001143456530597758
0.00363,-0.0008095127087391468
0.0036325,-0.001143456530597758
0.003635,-0.001143456530597758
0.0036375,-0.001143456530597758
0.00364,-0.001143456530597758
0.0036425,-0.001477400352456369
0.003645,-0.001143456530597758
0.0036475,-0.001477400352456369
0.00365,-0.001143456530597758
0.0036525,-0.0008095127087391468
0.003655,-0.001143456530597758
0.0036575,-0.0008095127087391468
0.00366,-0.001143456530597758
0.0036625,-0.001477400352456369
0.003665,-0.001143456530597758
0.0036675,-0.001143456530597758
0.00367,-0.001143456530597758
0.0036725,-0.0008095127087391468
0.003675,-0.001143456530597758
0.0036775,-0.001143456530597758
0.00368,-0.001143456530597758
0.0036825,-0.001143456530597758
0.003685,-0.001143456530597758
0.0036875,-0.001477400352456369
0.00369,-0.0008095127087391468
0.0036925,-0.001477400352456369
0.003695,-0.0008095127087391468
0.0036975,-0.001477400352456369
0.0037,-0.001143456530597758
0.0037025,-0.001143456530597758
0.003705,-0.0008095127087391468
0.0037075,-0.001143456530597758
0.00371,-0.001143456530597758
0.0037125,-0.001143456530597758
0.003715,-0.001477400352456369
0.0037175,-0.001143456530597758
0.00372,-0.001477400352456369
0.0037225,-0.001477400352456369
0.003725,-0.0008095127087391468
0.0037275,-0.001143456530597758
0.00373,-0.001143456530597758
0.0037325,-0.001143456530597758
0.003735,-0.001477400352456369
0.0037375,-0.001143456530597758
0.00374,-0.001477400352456369
0.0037425,-0.001143456530597758
0.003745,-0.0008095127087391468
0.0037475,-0.001143456530597758
0.00375,-0.0008095127087391468
0.0037525,-0.001143456530597758
0.003755,-0.001143456530597758
0.0037575,-0.001143456530597758
0.00376,-0.001477400352456369
0.0037625,-0.001143456530597758
0.003765,-0.001143456530597758
0.0037675,-0.001143456530597758
0.00377,-0.001143456530597758
0.0037725,-0.0008095127087391468
0.003775,-0.001143456530597758
0.0037775,-0.001477400352456369
0.00378,-0.001143456530597758
0.0037825,-0.001143456530597758
0.003785,-0.001143456530597758
0.0037875,-0.001143456530597758
0.00379,-0.001143456530597758
0.0037925,-0.001143456530597758
0.003795,-0.001143456530597758
0.0037975,-0.001143456530597758
0.0038,-0.001477400352456369
0.0038025,-0.001143456530597758
0.003805,-0.001143456530597758
0.0038075,-0.001477400352456369
0.00381,-0.0008095127087391468
0.0038125,-0.001143456530597758
0.003815,-0.001477400352456369
0.0038175,-0.001143456530597758
0.00382,-0.0008095127087391468
0.0038225,-0.001143456530597758
0.003825,-0.001477400352456369
0.0038275,-0.001143456530597758
0.00383,-0.00181134417431498
0.0038325,-0.001143456530597758
0.003835,-0.001477400352456369
0.0038375,-0.001477400352456369
0.00384,-0.001477400352456369
0.0038425,-0.001477400352456369
0.003845,-0.001143456530597758
0.0038475,-0.001143456530597758
0.00385,-0.001143456530597758
0.0038525,-0.001477400352456369
0.003855,-0.001477400352456369
0.0038575,-0.001143456530597758
0.00386,-0.001143456530597758
0.0038625,-0.001143456530597758
0.003865,-0.0008095127087391468
0.0038675,-0.001143456530597758
0.00387,-0.001143456530597758
0.0038725,-0.001143456530597758
0.003875,-0.001477400352456369
0.0038775,-0.001477400352456369
0.00388,-0.001477400352456369
0.0038825,-0.001143456530597758
0.003885,-0.001143456530597758
0.0038875,-0.001477400352456369
0.00389,-0.001477400352456369
0.0038925,-0.001143456530597758
0.003895,-0.001143456530597758
0.0038975,-0.001143456530597758
0.0039,-0.001477400352456369
0.0039025,-0.001477400352456369
0.003905,-0.001143456530597758
0.0039075,-0.001143456530597758
0.00391,-0.001143456530597758
0.0039125,-0.001477400352456369
0.003915,-0.00181134417431498
0.0039175,-0.001143456530597758
0.00392,-0.001477400352456369
0.0039225,-0.001477400352456369
0.003925,-0.001143456530597758
0.0039275,-0.001143456530597758
0.00393,-0.001143456530597758
0.0039325,-0.001477400352456369
0.003935,-0.001143456530597758
0.0039375,-0.001143456530597758
0.00394,-0.001477400352456369
0.0039425,-0.001477400352456369
0.003945,-0.001143456530597758
0.0039475,-0.0008095127087391468
0.00395,-0.0008095127087391468
0.0039525,-0.001143456530597758
0.003955,-0.001477400352456369
0.0039575,-0.001143456530597758
0.00396,-0.001143456530597758
0.0039625,-0.001143456530597758
0.003965,-0.001477400352456369
0.0039675,-0.001143456530597758
0.00397,-0.001477400352456369
0.0039725,-0.00181134417431498
0.003975,-0.001477400352456369
0.0039775,-0.001143456530597758
0.00398,-0.001477400352456369
0.0039825,-0.001143456530597758
0.003985,-0.0008095127087391468
0.0039875,-0.001143456530597758
0.00399,-0.001477400352456369
0.0039925,-0.001143456530597758
0.003995,-0.001477400352456369
0.0039975,-0.001143456530597758
0.004,-0.001477400352456369
0.0040025,-0.0008095127087391468
0.004005,-0.001143456530597758
0.0040075,-0.001143456530597758
0.00401,-0.001477400352456369
0.0040125,-0.001143456530597758
0.004015,-0.001143456530597758
0.0040175,-0.001143456530597758
0.00402,-0.001477400352456369
0.0040225,-0.001143456530597758
0.004025,-0.001477400352456369
0.0040275,-0.001143456530597758
0.00403,-0.001143456530597758
0.0040325,-0.001477400352456369
0.004035,-0.001477400352456369
0.0040375,-0.001143456530597758
0.00404,-0.001143456530597758
0.0040425,-0.001143456530597758
0.004045,-0.001477400352456369
0.0040475,-0.001143456530597758
0.00405,-0.001477400352456369
0.0040525,-0.001477400352456369
0.004055,-0.001477400352456369
0.0040575,-0.001143456530597758
0.00406,-0.001143456530597758
0.0040625,-0.001143456530597758
0.004065,-0.0008095127087391468
0.0040675,-0.001477400352456369
0.00407,-0.001477400352456369
0.0040725,-0.001477400352456369
0.004075,-0.001477400352456369
0.0040775,-0.001143456530597758
0.00408,-0.001143456530597758
0.0040825,-0.001143456530597758
0.004085,-0.0008095127087391468
0.0040875,-0.001143456530597758
0.00409,-0.001143456530597758
0.0040925,-0.001477400352456369
0.004095,-0.001143456530597758
0.0040975,-0.001143456530597758
0.0041,-0.001477400352456369
0.0041025,-0.001477400352456369
0.004105,-0.001143456530597758
0.0041075,-0.0008095127087391468
0.00411,-0.001143456530597758
0.0041125,-0.0008095127087391468
0.004115,-0.001477400352456369
0.0041175,-0.001143456530597758
0.00412,-0.001143456530597758
0.0041225,-0.001477400352456369
0.004125,-0.001143456530597758
0.0041275,-0.001477400352456369
0.00413,-0.001143456530597758
0.0041325,-0.001143456530597758
0.004135,-0.001143456530597758
0.0041375,-0.001143456530597758
0.00414,-0.0008095127087391468
0.0041425,-0.001143456530597758
0.004145,-0.001143456530597758
0.0041475,-0.001143456530597758
0.00415,-0.0008095127087391468
0.0041525,-0.001477400352456369
0.004155,-0.001143456530597758
0.0041575,-0.001143456530597758
0.00416,-0.001143456530597758
0.0041625,-0.001143456530597758
0.004165,-0.001477400352456369
0.0041675,-0.001143456530597758
0.00417,-0.001477400352456369
0.0041725,-0.001477400352456369
0.004175,-0.001143456530597758
0.0041775,-0.001477400352456369
0.00418,-0.001477400352456369
0.0041825,-0.001477400352456369
0.004185,-0.001143456530597758
0.0041875,-0.001143456530597758
0.00419,-0.001477400352456369
0.0041925,-0.001143456530597758
0.004195,-0.001143456530597758
0.0041975,-0.001143456530597758
0.0042,-0.001143456530597758
0.0042025,-0.0008095127087391468
0.004205,-0.001143456530597758
0.0042075,-0.001143456530597758
0.00421,-0.00181134417431498
0.0042125,-0.001477400352456369
0.004215,-0.001477400352456369
0.0042175,-0.001143456530597758
0.00422,-0.001143456530597758
0.0042225,-0.0008095127087391468
0.004225,-0.001143456530597758
0.0042275,-0.0008095127087391468
0.00423,-0.001477400352456369
0.0042325,-0.001143456530597758
0.004235,-0.001143456530597758
0.0042375,-0.001143456530597758
0.00424,-0.0008095127087391468
0.0042425,-0.001143456530597758
0.004245,-0.001143456530597758
0.0042475,-0.001477400352456369
0.00425,-0.001143456530597758
0.0042525,-0.001143456530597758
0.004255,-0.001143456530597758
0.0042575,-0.0008095127087391468
0.00426,-0.001477400352456369
0.0042625,-0.001143456530597758
0.004265,-0.001143456530597758
0.0042675,-0.001477400352456369
0.00427,-0.00181134417431498
0.0042725,-0.001477400352456369
0.004275,-0.001143456530597758
0.0042775,-0.0008095127087391468
0.00428,-0.001143456530597758
0.0042825,-0.001477400352456369
0.004285,-0.001477400352456369
0.0042875,-0.001477400352456369
0.00429,-0.001143456530597758
0.0042925,-0.001143456530597758
0.004295,-0.001143456530597758
0.0042975,-0.0008095127087391468
0.0043,-0.0008095127087391468
0.0043025,-0.001143456530597758
0.004305,-0.001477400352456369
0.0043075,-0.001143456530597758
0.00431,-0.001143456530597758
0.0043125,-0.001477400352456369
0.004315,-0.0008095127087391468
0.0043175,-0.001143456530597758
0.00432,-0.001143456530597758
0.0043225,-0.00181134417431498
0.004325,-0.001143456530597758
0.0043275,-0.001477400352456369
0.00433,-0.001477400352456369
0.0043325,-0.0008095127087391468
0.004335,-0.0008095127087391468
0.0043375,-0.0008095127087391468
0.00434,-0.0008095127087391468
0.0043425,-0.001477400352456369
0.004345,-0.001143456530597758
0.0043475,-0.001143456530597758
0.00435,-0.001143456530597758
0.0043525,-0.001477400352456369
0.004355,-0.001143456530597758
0.0043575,-0.001143456530597758
0.00436,-0.001477400352456369
0.0043625,-0.001477400352456369
0.004365,-0.001477400352456369
0.0043675,-0.001477400352456369
0.00437,-0.00181134417431498
0.0043725,-0.00181134417431498
0.004375,-0.0008095127087391468
0.0043775,-0.0008095127087391468
0.00438,-0.001143456530597758
0.0043825,-0.001477400352456369
0.004385,-0.001143456530597758
0.0043875,-0.0008095127087391468
0.00439,-0.00181134417431498
0.0043925,-0.001143456530597758
0.004395,-0.001477400352456369
0.0043975,-0.001143456530597758
0.0044,-0.001477400352456369
0.0044025,-0.001477400352456369
0.004405,-0.001477400352456369
0.0044075,-0.001143456530597758
0.00441,-0.001477400352456369
0.0044125,-0.001477400352456369
0.004415,-0.001477400352456369
0.0044175,-0.001143456530597758
0.00442,-0.001143456530597758
0.0044225,-0.001143456530597758
0.004425,-0.00181134417431498
0.0044275,-0.001143456530597758
0.00443,-0.001143456530597758
0.0044325,-0.001143456530597758
0.004435,-0.001143456530597758
0.0044375,-0.001477400352456369
0.00444,-0.001477400352456369
0.0044425,-0.001477400352456369
0.004445,-0.001143456530597758
0.0044475,-0.001477400352456369
0.00445,-0.001477400352456369
0.0044525,-0.001477400352456369
0.004455,-0.001477400352456369
0.0044575,-0.0008095127087391468
0.00446,-0.0008095127087391468
0.0044625,-0.001477400352456369
0.004465,-0.00181134417431498
0.0044675,-0.00181134417431498
0.00447,-0.001477400352456369
0.0044725,-0.001143456530597758
0.004475,-0.001477400352456369
0.0044775,-0.001477400352456369
0.00448,-0.00181134417431498
0.0044825,-0.001477400352456369
0.004485,-0.001143456530597758
0.0044875,-0.001143456530597758
0.00449,-0.001477400352456369
0.0044925,-0.001143456530597758
0.004495,-0.0008095127087391468
0.0044975,-0.001477400352456369
0.0045,-0.00181134417431498
0.0045025,-0.001477400352456369
0.004505,-0.001143456530597758
0.0045075,-0.001477400352456369
0.00451,-0.001143456530597758
0.0045125,-0.001477400352456369
0.004515,-0.001477400352456369
0.0045175,-0.001477400352456369
0.00452,-0.001477400352456369
0.0045225,-0.001477400352456369
0.004525,-0.001477400352456369
0.0045275,-0.001143456530597758
0.00453,-0.001143456530597758
0.0045325,-0.001143456530597758
0.004535,-0.001143456530597758
0.0045375,-0.001143456530597758
0.00454,-0.001477400352456369
0.0045425,-0.001477400352456369
0.004545,-0.00181134417431498
0.0045475,-0.001477400352456369
0.00455,-0.0008095127087391468
0.0045525,-0.001143456530597758
0.004555,-0.001477400352456369
0.0045575,-0.001477400352456369
0.00456,-0.001477400352456369
0.0045625,-0.001477400352456369
0.004565,-0.001477400352456369
0.0045675,-0.001477400352456369
0.00457,-0.001143456530597758
0.0045725,-0.001477400352456369
0.004575,-0.001143456530597758
0.0045775,-0.001143456530597758
0.00458,-0.001477400352456369
0.0045825,-0.001477400352456369
0.004585,-0.001143456530597758
0.0045875,-0.001477400352456369
0.00459,-0.001477400352456369
0.0045925,-0.001477400352456369
0.004595,-0.001477400352456369
0.0045975,-0.001477400352456369
0.0046,-0.001477400352456369
0.0046025,-0.001143456530597758
0.004605,-0.001477400352456369
0.0046075,-0.001477400352456369
0.00461,-0.001143456530597758
0.0046125,-0.001143456530597758
0.004615,-0.001477400352456369
0.0046175,-0.001477400352456369
0.00462,-0.001477400352456369
0.0046225,-0.001477400352456369
0.004625,-0.001477400352456369
0.0046275,-0.001477400352456369
0.00463,-0.001143456530597758
0.0046325,-0.001143456530597758
0.004635,-0.001477400352456369
0.0046375,-0.001477400352456369
0.00464,-0.001143456530597758
0.0046425,-0.001477400352456369
0.004645,-0.001477400352456369
0.0046475,-0.001477400352456369
0.00465,-0.001143456530597758
0.0046525,-0.001143456530597758
0.004655,-0.001143456530597758
0.0046575,-0.001477400352456369
0.00466,-0.001477400352456369
0.0046625,-0.001477400352456369
0.004665,-0.001143456530597758
0.0046675,-0.001477400352456369
0.00467,-0.001143456530597758
0.0046725,-0.001143456530597758
0.004675,-0.001477400352456369
0.0046775,-0.00181134417431498
0.00468,-0.00181134417431498
0.0046825,-0.001477400352456369
0.004685,-0.001143456530597758
0.0046875,-0.001143456530597758
0.00469,-0.001143456530597758
0.0046925,-0.0008095127087391468
0.004695,-0.001143456530597758
0.0046975,-0.001477400352456369
0.0047,-0.00181134417431498
0.0047025,-0.001477400352456369
0.004705,-0.00181134417431498
0.0047075,-0.001143456530597758
0.00471,-0.001477400352456369
0.0047125,-0.001143456530597758
0.004715,-0.001143456530597758
0.0047175,-0.001477400352456369
0.00472,-0.001477400352456369
0.0047225,-0.001143456530597758
0.004725,-0.001143456530597758
0.0047275,-0.0008095127087391468
0.00473,-0.0008095127087391468
0.0047325,-0.001143456530597758
0.004735,-0.001477400352456369
0.0047375,-0.001477400352456369
0.00474,-0.001477400352456369
0.0047425,-0.001477400352456369
0.004745,-0.001143456530597758
0.0047475,-0.001143456530597758
0.00475,-0.00181134417431498
0.0047525,-0.001477400352456369
0.004755,-0.001477400352456369
0.0047575,-0.001143456530597758
0.00476,-0.001477400352456369
0.0047625,-0.00181134417431498
0.004765,-0.001143456530597758
0.0047675,-0.001477400352456369
0.00477,-0.001143456530597758
0.0047725,-0.001477400352456369
0.004775,-0.001143456530597758
0.0047775,-0.001477400352456369
0.00478,-0.001477400352456369
0.0047825,-0.001477400352456369
0.004785,-0.0008095127087391468
0.0047875,-0.001477400352456369
0.00479,-0.001477400352456369
0.0047925,-0.001143456530597758
0.004795,-0.001477400352456369
0.0047975,-0.001477400352456369
0.0048,-0.00181134417431498
0.0048025,-0.001143456530597758
0.004805,-0.0008095127087391468
0.0048075,-0.001477400352456369
0.00481,-0.001143456530597758
0.0048125,-0.001477400352456369
0.004815,-0.001477400352456369
0.0048175,-0.001477400352456369
0.00482,-0.001477400352456369
0.0048225,-0.001143456530597758
0.004825,-0.001143456530597758
0.0048275,-0.001477400352456369
0.00483,-0.001143456530597758
0.0048325,-0.001143456530597758
0.004835,-0.001143456530597758
0.0048375,-0.001477400352456369
0.00484,-0.001477400352456369
0.0048425,-0.001477400352456369
0.004845,-0.001143456530597758
0.0048475,-0.0008095127087391468
0.00485,-0.001143456530597758
0.0048525,-0.001143456530597758
0.004855,-0.001477400352456369
0.0048575,-0.00181134417431498
0.00486,-0.0008095127087391468
0.0048625,-0.001143456530597758
0.004865,-0.001143456530597758
0.0048675,-0.001143456530597758
0.00487,-0.001143456530597758
0.0048725,-0.001143456530597758
0.004875,-0.00181134417431498
0.0048775,-0.001477400352456369
0.00488,-0.00181134417431498
0.0048825,-0.00181134417431498
0.004885,-0.001477400352456369
0.0048875,-0.001143456530597758
0.00489,-0.001143456530597758
0.0048925,-0.00181134417431498
0.004895,-0.001477400352456369
0.0048975,-0.001477400352456369
0.0049,-0.001477400352456369
0.0049025,-0.001143456530597758
0.004905,-0.001143456530597758
0.0049075,-0.0008095127087391468
0.00491,-0.001477400352456369
0.0049125,-0.001477400352456369
0.004915,-0.00181134417431498
0.0049175,-0.001477400352456369
0.00492,-0.001477400352456369
0.0049225,-0.001477400352456369
0.004925,-0.001477400352456369
0.0049275,-0.001477400352456369
0.00493,-0.001143456530597758
0.0049325,-0.001477400352456369
0.004935,-0.001477400352456369
0.0049375,-0.001143456530597758
0.00494,-0.001477400352456369
0.0049425,-0.001143456530597758
0.004945,-0.001143456530597758
0.0049475,-0.001477400352456369
0.00495,-0.001143456530597758
0.0049525,-0.001477400352456369
0.004955,-0.001477400352456369
0.0049575,-0.001477400352456369
0.00496,-0.001477400352456369
0.0049625,-0.001477400352456369
0.004965,-0.001143456530597758
0.0049675,-0.001477400352456369
0.00497,-0.001477400352456369
0.0049725,-0.001477400352456369
0.004975,-0.001143456530597758
0.0049775,-0.001477400352456369
0.00498,-0.001477400352456369
0.0049825,-0.001143456530597758
0.004985,-0.001143456530597758
0.0049875,-0.001477400352456369
0.00499,-0.001143456530597758
0.0049925,-0.001143456530597758
0.004995,-0.001477400352456369
0.0049975,-0.001477400352456369
0.005,-0.001477400352456369
0.0050025,-0.001143456530597758
0.005005,-0.0008095127087391468
0.0050075,-0.001477400352456369
0.00501,-0.001477400352456369
0.0050125,-0.001477400352456369
0.005015,-0.001143456530597758
0.0050175,-0.001477400352456369
0.00502,-0.001477400352456369
0.0050225,-0.001143456530597758
0.005025,-0.001477400352456369
0.0050275,-0.001477400352456369
0.00503,-0.001477400352456369
0.0050325,-0.00181134417431498
0.005035,-0.001143456530597758
0.0050375,-0.00181134417431498
0.00504,-0.001477400352456369
0.0050425,-0.001143456530597758
0.005045,-0.001477400352456369
0.0050475,-0.001143456530597758
0.00505,-0.001477400352456369
0.0050525,-0.001143456530597758
0.005055,-0.001477400352456369
0.0050575,-0.00181134417431498
0.00506,-0.001477400352456369
0.0050625,-0.0008095127087391468
0.005065,-0.001143456530597758
0.0050675,-0.001143456530597758
0.00507,-0.001477400352456369
0.0050725,-0.001477400352456369
0.005075,-0.001477400352456369
0.0050775,-0.002145287996173591
0.00508,-0.001477400352456369
0.0050825,-0.001477400352456369
0.005085,-0.001477400352456369
0.0050875,-0.001143456530597758
0.00509,-0.001143456530597758
0.0050925,-0.001143456530597758
0.005095,-0.001477400352456369
0.0050975,-0.001143456530597758
0.0051,-0.001477400352456369
0.0051025,-0.001477400352456369
0.005105,-0.001477400352456369
0.0051075,-0.001477400352456369
0.00511,-0.00181134417431498
0.0051125,-0.001477400352456369
0.005115,-0.00181134417431498
0.0051175,-0.001143456530597758
0.00512,-0.001143456530597758
0.0051225,-0.001143456530597758
0.005125,-0.00181134417431498
0.0051275,-0.0008095127087391468
0.00513,-0.001143456530597758
0.0051325,-0.001143456530597758
0.005135,-0.001143456530597758
0.0051375,-0.001477400352456369
0.00514,-0.001477400352456369
0.0051425,-0.001477400352456369
0.005145,-0.001143456530597758
0.0051475,-0.001143456530597758
0.00515,-0.001143456530597758
0.0051525,-0.001143456530597758
0.005155,-0.001477400352456369
0.0051575,-0.0008095127087391468
0.00516,-0.0008095127087391468
0.0051625,-0.001143456530597758
0.005165,-0.001477400352456369
0.0051675,-0.001477400352456369
0.00517,-0.001477400352456369
0.0051725,-0.001477400352456369
0.005175,-0.001477400352456369
0.0051775,-0.001143456530597758
0.00518,-0.001477400352456369
0.0051825,-0.001143456530597758
0.005185,-0.001477400352456369
0.0051875,-0.001477400352456369
0.00519,-0.001477400352456369
0.0051925,-0.001143456530597758
0.005195,-0.001477400352456369
0.0051975,-0.001143456530597758
0.0052,-0.001477400352456369
0.0052025,-0.001477400352456369
0.005205,-0.001477400352456369
0.0052075,-0.001477400352456369
0.00521,-0.001477400352456369
0.0052125,-0.001477400352456369
0.005215,-0.001477400352456369
0.0052175,-0.001143456530597758
0.00522,-0.001477400352456369
0.0052225,-0.001143456530597758
0.005225,-0.0008095127087391468
0.0052275,-0.001143456530597758
0.00523,-0.001477400352456369
0.0052325,-0.001477400352456369
0.005235,-0.001477400352456369
0.0052375,-0.001143456530597758
0.00524,-0.001143456530597758
0.0052425,-0.001477400352456369
0.005245,-0.001143456530597758
0.0052475,-0.001477400352456369
0.00525,-0.001477400352456369
0.0052525,-0.0008095127087391468
0.005255,-0.001143456530597758
0.0052575,-0.001143456530597758
0.00526,-0.001143456530597758
0.0052625,-0.001143456530597758
0.005265,-0.001143456530597758
0.0052675,-0.00181134417431498
0.00527,-0.001477400352456369
0.0052725,-0.001143456530597758
0.005275,-0.0008095127087391468
0.0052775,-0.001143456530597758
0.00528,-0.001477400352456369
0.0052825,-0.001477400352456369
0.005285,-0.001477400352456369
0.0052875,-0.00181134417431498
0.00529,-0.001143456530597758
0.0052925,-0.001143456530597758
0.005295,-0.001143456530597758
0.0052975,-0.001143456530597758
0.0053,-0.001143456530597758
0.0053025,-0.001477400352456369
0.005305,-0.00181134417431498
0.0053075,-0.001143456530597758
0.00531,-0.00181134417431498
0.0053125,-0.001143456530597758
0.005315,-0.001477400352456369
0.0053175,-0.001143456530597758
0.00532,-0.001477400352456369
0.0053225,-0.001477400352456369
0.005325,-0.001477400352456369
0.0053275,-0.001477400352456369
0.00533,-0.001143456530597758
0.0053325,-0.001143456530597758
0.005335,-0.001143456530597758
0.0053375,-0.001477400352456369
0.00534,-0.001143456530597758
0.0053425,-0.001477400352456369
0.005345,-0.001143456530597758
0.0053475,-0.001143456530597758
0.00535,-0.001477400352456369
0.0053525,-0.001477400352456369
0.005355,-0.001143456530597758
0.0053575,-0.001143456530597758
0.00536,-0.001477400352456369
0.0053625,-0.00181134417431498
0.005365,-0.001143456530597758
0.0053675,-0.001477400352456369
0.00537,-0.001477400352456369
0.0053725,-0.001477400352456369
0.005375,-0.001477400352456369
0.0053775,-0.001143456530597758
0.00538,-0.001477400352456369
0.0053825,-0.001477400352456369
0.005385,-0.0008095127087391468
0.0053875,-0.001143456530597758
0.00539,-0.001143456530597758
0.0053925,-0.001477400352456369
0.005395,-0.001477400352456369
0.0053975,-0.0008095127087391468
0.0054,-0.001143456530597758
0.0054025,-0.001143456530597758
0.005405,-0.001477400352456369
0.0054075,-0.00181134417431498
0.00541,-0.001477400352456369
0.0054125,-0.001143456530597758
0.005415,-0.001143456530597758
0.0054175,-0.001477400352456369
0.00542,-0.001477400352456369
0.0054225,-0.001143456530597758
0.005425,-0.00181134417431498
0.0054275,-0.00181134417431498
0.00543,-0.001143456530597758
0.0054325,-0.001143456530597758
0.005435,-0.001143456530597758
0.0054375,-0.001143456530597758
0.00544,-0.001477400352456369
0.0054425,-0.001143456530597758
0.005445,-0.00181134417431498
0.0054475,-0.001477400352456369
0.00545,-0.001143456530597758
0.0054525,-0.001477400352456369
0.005455,-0.001143456530597758
0.0054575,-0.001143456530597758
0.00546,-0.001477400352456369
0.0054625,-0.00181134417431498
0.005465,-0.001477400352456369
0.0054675,-0.001143456530597758
0.00547,-0.001477400352456369
0.0054725,-0.00181134417431498
0.005475,-0.001477400352456369
0.0054775,-0.001143456530597758
0.00548,-0.001477400352456369
0.0054825,-0.001477400352456369
0.005485,-0.001143456530597758
0.0054875,-0.001477400352456369
0.00549,-0.001143456530597758
0.0054925,-0.001143456530597758
0.005495,-0.001477400352456369
0.0054975,-0.001477400352456369
0.0055,-0.001477400352456369
0.0055025,-0.001143456530597758
0.005505,-0.00181134417431498
0.0055075,-0.001477400352456369
0.00551,-0.001143456530597758
0.0055125,-0.001477400352456369
0.005515,-0.001477400352456369
0.0055175,-0.001477400352456369
0.00552,-0.001477400352456369
0.0055225,-0.001477400352456369
0.005525,-0.001477400352456369
0.0055275,-0.001477400352456369
0.00553,-0.001477400352456369
0.0055325,-0.001143456530597758
0.005535,-0.001477400352456369
0.0055375,-0.001143456530597758
0.00554,-0.00181134417431498
0.0055425,-0.00181134417431498
0.005545,-0.00181134417431498
0.0055475,-0.001477400352456369
0.00555,-0.001477400352456369
0.0055525,-0.001143456530597758
0.005555,-0.001143456530597758
0.0055575,-0.001477400352456369
0.00556,-0.001477400352456369
0.0055625,-0.00181134417431498
0.005565,-0.001477400352456369
0.0055675,-0.001143456530597758
0.00557,-0.001477400352456369
0.0055725,-0.001477400352456369
0.005575,-0.001477400352456369
0.0055775,-0.001477400352456369
0.00558,-0.001477400352456369
0.0055825,-0.00181134417431498
0.005585,-0.001143456530597758
0.0055875,-0.001477400352456369
0.00559,-0.001477400352456369
0.0055925,-0.001477400352456369
0.005595,-0.001143456530597758
0.0055975,-0.001143456530597758
0.0056,-0.00181134417431498
0.0056025,-0.00181134417431498
0.005605,-0.001477400352456369
0.0056075,-0.001477400352456369
0.00561,-0.001477400352456369
0.0056125,-0.001477400352456369
0.005615,-0.001143456530597758
0.0056175,-0.001477400352456369
0.00562,-0.001477400352456369
0.0056225,-0.001477400352456369
0.005625,-0.001477400352456369
0.0056275,-0.001143456530597758
0.00563,-0.001143456530597758
0.0056325,-0.001477400352456369
0.005635,-0.001143456530597758
0.0056375,-0.001477400352456369
0.00564,-0.001143456530597758
0.0056425,-0.001143456530597758
0.005645,-0.001143456530597758
0.0056475,-0.001477400352456369
0.00565,-0.001477400352456369
0.0056525,-0.001477400352456369
0.005655,-0.001477400352456369
0.0056575,-0.00181134417431498
0.00566,-0.001477400352456369
0.0056625,-0.001143456530597758
0.005665,-0.001477400352456369
0.0056675,-0.001477400352456369
0.00567,-0.001477400352456369
0.0056725,-0.00181134417431498
0.005675,-0.001477400352456369
0.0056775,-0.001477400352456369
0.00568,-0.001477400352456369
0.0056825,-0.0008095127087391468
0.005685,-0.001477400352456369
0.0056875,-0.001477400352456369
0.00569,-0.001143456530597758
0.0056925,-0.001477400352456369
0.005695,-0.001477400352456369
0.0056975,-0.00181134417431498
0.0057,-0.001477400352456369
0.0057025,-0.001143456530597758
0.005705,-0.001143456530597758
0.0057075,-0.001143456530597758
0.00571,-0.001143456530597758
0.0057125,-0.001143456530597758
0.005715,-0.00181134417431498
0.0057175,-0.00181134417431498
0.00572,-0.001477400352456369
0.0057225,-0.001143456530597758
0.005725,-0.001143456530597758
0.0057275,-0.001477400352456369
0.00573,-0.001143456530597758
0.0057325,-0.001143456530597758
0.005735,-0.001477400352456369
0.0057375,-0.001477400352456369
0.00574,-0.00181134417431498
0.0057425,-0.001477400352456369
0.005745,-0.001477400352456369
0.0057475,-0.001477400352456369
0.00575,-0.001143456530597758
0.0057525,-0.001143456530597758
0.005755,-0.001477400352456369
0.0057575,-0.001477400352456369
0.00576,-0.001477400352456369
0.0057625,-0.001477400352456369
0.005765,-0.001477400352456369
0.0057675,-0.001143456530597758
0.00577,-0.001477400352456369
0.0057725,-0.001143456530597758
0.005775,-0.001477400352456369
0.0057775,-0.00181134417431498
0.00578,-0.001477400352456369
0.0057825,-0.001477400352456369
0.005785,-0.001477400352456369
0.0057875,-0.001143456530597758
0.00579,-0.001477400352456369
0.0057925,-0.001477400352456369
0.005795,-0.001477400352456369
0.0057975,-0.001143456530597758
0.0058,-0.001477400352456369
0.0058025,-0.001143456530597758
0.005805,-0.001143456530597758
0.0058075,-0.001477400352456369
0.00581,-0.001477400352456369
0.0058125,-0.00181134417431498
0.005815,-0.001477400352456369
0.0058175,-0.001477400352456369
0.00582,-0.001477400352456369
0.0058225,-0.001477400352456369
0.005825,-0.001143456530597758
0.0058275,-0.0008095127087391468
0.00583,-0.001477400352456369
0.0058325,-0.001477400352456369
0.005835,-0.001477400352456369
0.0058375,-0.001477400352456369
0.00584,-0.001477400352456369
0.0058425,-0.001477400352456369
0.005845,-0.001477400352456369
0.0058475,-0.001143456530597758
0.00585,-0.001143456530597758
0.0058525,-0.00181134417431498
0.005855,-0.001477400352456369
0.0058575,-0.001477400352456369
0.00586,-0.00181134417431498
0.0058625,-0.001477400352456369
0.005865,-0.001477400352456369
0.0058675,-0.001143456530597758
0.00587,-0.001143456530597758
0.0058725,-0.001143456530597758
0.005875,-0.001143456530597758
0.0058775,-0.001477400352456369
0.00588,-0.001143456530597758
0.0058825,-0.001143456530597758
0.005885,-0.001143456530597758
0.0058875,-0.001143456530597758
0.00589,-0.001143456530597758
0.0058925,-0.001143456530597758
0.005895,-0.001477400352456369
0.0058975,-0.001477400352456369
0.0059,-0.001143456530597758
0.0059025,-0.001477400352456369
0.005905,-0.001477400352456369
0.0059075,-0.0008095127087391468
0.00591,-0.001477400352456369
0.0059125,-0.001143456530597758
0.005915,-0.001477400352456369
0.0059175,-0.001477400352456369
0.00592,-0.001477400352456369
0.0059225,-0.001477400352456369
0.005925,-0.001143456530597758
0.0059275,-0.001143456530597758
0.00593,-0.001143456530597758
0.0059325,-0.001143456530597758
0.005935,-0.001143456530597758
0.0059375,-0.0008095127087391468
0.00594,-0.001143456530597758
0.0059425,-0.001143456530597758
0.005945,-0.001477400352456369
0.0059475,-0.001477400352456369
0.00595,-0.001477400352456369
0.0059525,-0.001143456530597758
0.005955,-0.001477400352456369
0.0059575,-0.0008095127087391468
0.00596,-0.001143456530597758
0.0059625,-0.001143456530597758
0.005965,-0.001477400352456369
0.0059675,-0.001477400352456369
0.00597,-0.001143456530597758
0.0059725,-0.001477400352456369
0.005975,-0.001477400352456369
0.0059775,-0.001477400352456369
0.00598,-0.001143456530597758
0.0059825,-0.001143456530597758
0.005985,-0.001143456530597758
0.0059875,-0.0008095127087391468
0.00599,-0.001477400352456369
0.0059925,-0.001477400352456369
0.005995,-0.001477400352456369
0.0059975,-0.001477400352456369
0.006,-0.001143456530597758
0.0060025,-0.001477400352456369
0.006005,-0.001143456530597758
0.0060075,-0.001143456530597758
0.00601,-0.001143456530597758
0.0060125,-0.00181134417431498
0.006015,-0.001477400352456369
0.0060175,-0.001477400352456369
0.00602,-0.001143456530597758
0.0060225,-0.001143456530597758
0.006025,-0.001477400352456369
0.0060275,-0.001477400352456369
0.00603,-0.00181134417431498
0.0060325,-0.001143456530597758
0.006035,-0.001477400352456369
0.0060375,-0.001143456530597758
0.00604,-0.001143456530597758
0.0060425,-0.0008095127087391468
0.006045,-0.001477400352456369
0.0060475,-0.001477400352456369
0.00605,-0.00181134417431498
0.0060525,-0.001477400352456369
0.006055,-0.001477400352456369
0.0060575,-0.001477400352456369
0.00606,-0.001143456530597758
0.0060625,-0.001477400352456369
0.006065,-0.001143456530597758
0.0060675,-0.001143456530597758
0.00607,-0.00181134417431498
0.0060725,-0.001477400352456369
0.006075,-0.00181134417431498
0.0060775,-0.001143456530597758
0.00608,-0.001143456530597758
0.0060825,-0.0008095127087391468
0.006085,-0.001477400352456369
0.0060875,-0.001143456530597758
0.00609,-0.001143456530597758
0.0060925,-0.001477400352456369
0.006095,-0.001477400352456369
0.0060975,-0.001143456530597758
0.0061,-0.001143456530597758
0.0061025,-0.001477400352456369
0.006105,-0.001477400352456369
0.0061075,-0.002145287996173591
0.00611,-0.00181134417431498
0.0061125,-0.001477400352456369
0.006115,-0.001477400352456369
0.0061175,-0.001143456530597758
0.00612,-0.001143456530597758
0.0061225,-0.001477400352456369
0.006125,-0.001477400352456369
0.0061275,-0.001477400352456369
0.00613,-0.001477400352456369
0.0061325,-0.001477400352456369
0.006135,-0.001477400352456369
0.0061375,-0.001143456530597758
0.00614,-0.0008095127087391468
0.0061425,-0.001477400352456369
0.006145,-0.001477400352456369
0.0061475,-0.001477400352456369
0.00615,-0.001477400352456369
0.0061525,-0.001143456530597758
0.006155,-0.001143456530597758
0.0061575,-0.001477400352456369
0.00616,-0.001143456530597758
0.0061625,-0.001143456530597758
0.006165,-0.00181134417431498
0.0061675,-0.001477400352456369
0.00617,-0.001477400352456369
0.0061725,-0.001143456530597758
0.006175,-0.001143456530597758
0.0061775,-0.001143456530597758
0.00618,-0.001477400352456369
0.0061825,-0.001143456530597758
0.006185,-0.001477400352456369
0.0061875,-0.001143456530597758
0.00619,-0.001143456530597758
0.0061925,-0.001143456530597758
0.006195,-0.001143456530597758
0.0061975,-0.001143456530597758
0.0062,-0.00181134417431498
0.0062025,-0.001477400352456369
0.006205,-0.001477400352456369
0.0062075,-0.001143456530597758
0.00621,-0.001143456530597758
0.0062125,-0.001477400352456369
0.006215,-0.001143456530597758
0.0062175,-0.0008095127087391468
0.00622,-0.001143456530597758
0.0062225,-0.001477400352456369
0.006225,-0.00181134417431498
0.0062275,-0.001477400352456369
0.00623,-0.00181134417431498
0.0062325,-0.001477400352456369
0.006235,-0.001477400352456369
0.0062375,-0.001143456530597758
0.00624,-0.001477400352456369
0.0062425,-0.001143456530597758
0.006245,-0.001477400352456369
0.0062475,-0.001143456530597758
0.00625,-0.001143456530597758
0.0062525,-0.001143456530597758
0.006255,-0.001143456530597758
0.0062575,-0.0008095127087391468
0.00626,-0.0008095127087391468
0.0062625,-0.001477400352456369
0.006265,-0.001143456530597758
0.0062675,-0.00181134417431498
0.00627,-0.001143456530597758
0.0062725,-0.001143456530597758
0.006275,-0.001143456530597758
0.0062775,-0.001143456530597758
0.00628,-0.001477400352456369
0.0062825,-0.001477400352456369
0.006285,-0.001477400352456369
0.0062875,-0.001477400352456369
0.00629,-0.001477400352456369
0.0062925,-0.001143456530597758
0.006295,-0.001143456530597758
0.0062975,-0.001143456530597758
0.0063,-0.001143456530597758
0.0063025,-0.001477400352456369
0.006305,-0.001477400352456369
0.0063075,-0.001477400352456369
0.00631,-0.00181134417431498
0.0063125,-0.001143456530597758
0.006315,-0.0008095127087391468
0.0063175,-0.001143456530597758
0.00632,-0.001477400352456369
0.0063225,-0.001143456530597758
0.006325,-0.001143456530597758
0.0063275,-0.001143456530597758
0.00633,-0.001143456530597758
0.0063325,-0.001143456530597758
0.006335,-0.001143456530597758
0.0063375,-0.0008095127087391468
0.00634,-0.001477400352456369
0.0063425,-0.001477400352456369
0.006345,-0.001477400352456369
0.0063475,-0.001143456530597758
0.00635,-0.001143456530597758
0.0063525,-0.001143456530597758
0.006355,-0.001477400352456369
0.0063575,-0.001143456530597758
0.00636,-0.001477400352456369
0.0063625,-0.001143456530597758
0.006365,-0.001477400352456369
0.0063675,-0.001143456530597758
0.00637,-0.001143456530597758
0.0063725,-0.0008095127087391468
0.006375,-0.001143456530597758
0.0063775,-0.001143456530597758
0.00638,-0.001477400352456369
0.0063825,-0.001477400352456369
0.006385,-0.001143456530597758
0.0063875,-0.001477400352456369
0.00639,-0.001477400352456369
0.0063925,-0.001143456530597758
0.006395,-0.0008095127087391468
0.0063975,-0.001477400352456369
0.0064,-0.001143456530597758
0.0064025,-0.001477400352456369
0.006405,-0.00181134417431498
0.0064075,-0.001477400352456369
0.00641,-0.001143456530597758
0.0064125,-0.001477400352456369
0.006415,-0.001477400352456369
0.0064175,-0.001477400352456369
0.00642,-0.001477400352456369
0.0064225,-0.001477400352456369
0.006425,-0.001143456530597758
0.0064275,-0.001143456530597758
0.00643,-0.00181134417431498
0.0064325,-0.001143456530597758
0.006435,-0.001477400352456369
0.0064375,-0.001477400352456369
0.00644,-0.00181134417431498
0.0064425,-0.001477400352456369
0.006445,-0.001477400352456369
0.0064475,-0.001477400352456369
0.00645,-0.001477400352456369
0.0064525,-0.001477400352456369
0.006455,-0.001143456530597758
0.0064575,-0.001143456530597758
0.00646,-0.001477400352456369
0.0064625,-0.001477400352456369
0.006465,-0.001477400352456369
0.0064675,-0.001477400352456369
0.00647,-0.001477400352456369
0.0064725,-0.0008095127087391468
0.006475,-0.001143456530597758
0.0064775,-0.001477400352456369
0.00648,-0.001477400352456369
0.0064825,-0.00181134417431498
0.006485,-0.00181134417431498
0.0064875,-0.001143456530597758
0.00649,-0.001143456530597758
0.0064925,-0.0008095127087391468
0.006495,-0.001143456530597758
0.0064975,-0.001143456530597758
0.0065,-0.001477400352456369
0.0065025,-0.00181134417431498
0.006505,-0.00181134417431498
0.0065075,-0.001477400352456369
0.00651,-0.001477400352456369
0.0065125,-0.001477400352456369
0.006515,-0.001143456530597758
0.0065175,-0.001477400352456369
0.00652,-0.00181134417431498
0.0065225,-0.00181134417431498
0.006525,-0.001477400352456369
0.0065275,-0.001143456530597758
0.00653,-0.00181134417431498
0.0065325,-0.00181134417431498
0.006535,-0.001143456530597758
0.0065375,-0.001477400352456369
0.00654,-0.00181134417431498
0.0065425,-0.001477400352456369
0.006545,-0.001477400352456369
0.0065475,-0.001143456530597758
0.00655,-0.001477400352456369
0.0065525,-0.001143456530597758
0.006555,-0.001143456530597758
0.0065575,-0.001477400352456369
0.00656,-0.001477400352456369
0.0065625,-0.001477400352456369
0.006565,-0.001477400352456369
0.0065675,-0.001477400352456369
0.00657,-0.001143456530597758
0.0065725,-0.001477400352456369
0.006575,-0.001143456530597758
0.0065775,-0.001477400352456369
0.00658,-0.001143456530597758
0.0065825,-0.001143456530597758
0.006585,-0.001477400352456369
0.0065875,-0.001143456530597758
0.00659,-0.001143456530597758
0.0065925,-0.001477400352456369
0.006595,-0.001477400352456369
0.0065975,-0.001477400352456369
0.0066,-0.001143456530597758
0.0066025,-0.001477400352456369
0.006605,-0.001143456530597758
0.0066075,-0.001143456530597758
0.00661,-0.001477400352456369
0.0066125,-0.001477400352456369
0.006615,-0.001477400352456369
0.0066175,-0.001143456530597758
0.00662,-0.001143456530597758
0.0066225,-0.001143456530597758
0.006625,-0.001477400352456369
0.0066275,-0.001477400352456369
0.00663,-0.001143456530597758
0.0066325,-0.001477400352456369
0.006635,-0.00181134417431498
0.0066375,-0.001143456530597758
0.00664,-0.00181134417431498
0.0066425,-0.001477400352456369
0.006645,-0.001143456530597758
0.0066475,-0.001477400352456369
0.00665,-0.001143456530597758
0.0066525,-0.001477400352456369
0.006655,-0.001477400352456369
0.0066575,-0.001143456530597758
0.00666,-0.001477400352456369
0.0066625,-0.001477400352456369
0.006665,-0.001477400352456369
0.0066675,-0.001477400352456369
0.00667,-0.001477400352456369
0.0066725,-0.001143456530597758
0.006675,-0.00181134417431498
0.0066775,-0.001143456530597758
0.00668,-0.001477400352456369
0.0066825,-0.001477400352456369
0.006685,-0.001477400352456369
0.0066875,-0.001143456530597758
0.00669,-0.001143456530597758
0.0066925,-0.001477400352456369
0.006695,-0.001477400352456369
0.0066975,-0.001477400352456369
0.0067,-0.001143456530597758
0.0067025,-0.001477400352456369
0.006705,-0.001477400352456369
0.0067075,-0.001143456530597758
0.00671,-0.001143456530597758
0.0067125,-0.001143456530597758
0.006715,-0.001143456530597758
0.0067175,-0.001143456530597758
0.00672,-0.001143456530597758
0.0067225,-0.001143456530597758
0.006725,-0.001143456530597758
0.0067275,-0.0008095127087391468
0.00673,-0.001143456530597758
0.0067325,-0.001477400352456369
0.006735,-0.001477400352456369
0.0067375,-0.001143456530597758
0.00674,-0.001143456530597758
0.0067425,-0.001143456530597758
0.006745,-0.001143456530597758
0.0067475,-0.001143456530597758
0.00675,-0.001143456530597758
0.0067525,-0.001477400352456369
0.006755,-0.001143456530597758
0.0067575,-0.001477400352456369
0.00676,-0.001477400352456369
0.0067625,-0.001143456530597758
0.006765,-0.001143456530597758
0.0067675,-0.001143456530597758
0.00677,-0.001477400352456369
0.0067725,-0.001477400352456369
0.006775,-0.001477400352456369
0.0067775,-0.001477400352456369
0.00678,-0.001477400352456369
0.0067825,-0.001477400352456369
0.006785,-0.001477400352456369
0.0067875,-0.001143456530597758
0.00679,-0.00181134417431498
0.0067925,-0.001477400352456369
0.006795,-0.001477400352456369
0.0067975,-0.00181134417431498
0.0068,-0.001477400352456369
0.0068025,-0.001143456530597758
0.006805,-0.0008095127087391468
0.0068075,-0.001477400352456369
0.00681,-0.001477400352456369
0.0068125,-0.001477400352456369
0.006815,-0.001477400352456369
0.0068175,-0.00181134417431498
0.00682,-0.00181134417431498
0.0068225,-0.001477400352456369
0.006825,-0.001143456530597758
0.0068275,-0.0008095127087391468
0.00683,-0.001477400352456369
0.0068325,-0.001477400352456369
0.006835,-0.001477400352456369
0.0068375,-0.001143456530597758
0.00684,-0.001477400352456369
0.0068425,-0.001477400352456369
0.006845,-0.001143456530597758
0.0068475,-0.0008095127087391468
0.00685,-0.001477400352456369
0.0068525,-0.001143456530597758
0.006855,-0.001477400352456369
0.0068575,-0.001477400352456369
0.00686,-0.001143456530597758
0.0068625,-0.001477400352456369
0.006865,-0.001477400352456369
0.0068675,-0.001143456530597758
0.00687,-0.001477400352456369
0.0068725,-0.001477400352456369
0.006875,-0.001477400352456369
0.0068775,-0.00181134417431498
0.00688,-0.001143456530597758
0.0068825,-0.001143456530597758
0.006885,-0.001477400352456369
0.0068875,-0.001477400352456369
0.00689,-0.001477400352456369
0.0068925,-0.00181134417431498
0.006895,-0.001143456530597758
0.0068975,-0.001477400352456369
0.0069,-0.001143456530597758
0.0069025,-0.001143456530597758
0.006905,-0.00181134417431498
0.0069075,-0.001477400352456369
0.00691,-0.00181134417431498
0.0069125,-0.001477400352456369
0.006915,-0.001143456530597758
0.0069175,-0.001143456530597758
0.00692,-0.001143456530597758
0.0069225,-0.001143456530597758
0.006925,-0.001143456530597758
0.0069275,-0.001477400352456369
0.00693,-0.001477400352456369
0.0069325,-0.001477400352456369
0.006935,-0.001143456530597758
0.0069375,-0.001143456530597758
0.00694,-0.001477400352456369
0.0069425,-0.001143456530597758
0.006945,-0.001477400352456369
0.0069475,-0.001477400352456369
0.00695,-0.00181134417431498
0.0069525,-0.001477400352456369
0.006955,-0.00181134417431498
0.0069575,-0.001143456530597758
0.00696,-0.001477400352456369
0.0069625,-0.0008095127087391468
0.006965,-0.001143456530597758
0.0069675,-0.001477400352456369
0.00697,-0.001143456530597758
0.0069725,-0.001477400352456369
0.006975,-0.001477400352456369
0.0069775,-0.001477400352456369
0.00698,-0.001143456530597758
0.0069825,-0.001143456530597758
0.006985,-0.001477400352456369
0.0069875,-0.001477400352456369
0.00699,-0.001477400352456369
0.0069925,-0.001143456530597758
0.006995,-0.001143456530597758
0.0069975,-0.001477400352456369
0.007,-0.001143456530597758
0.0070025,-0.001143456530597758
0.007005,-0.001143456530597758
0.0070075,-0.001477400352456369
0.00701,-0.001477400352456369
0.0070125,-0.001477400352456369
0.007015,-0.001477400352456369
0.0070175,-0.001477400352456369
0.00702,-0.001477400352456369
0.0070225,-0.001477400352456369
0.007025,-0.001143456530597758
0.0070275,-0.00181134417431498
0.00703,-0.001143456530597758
0.0070325,-0.001143456530597758
0.007035,-0.001143456530597758
0.0070375,-0.001143456530597758
0.00704,-0.001143456530597758
0.0070425,-0.001143456530597758
0.007045,-0.001143456530597758
0.0070475,-0.001477400352456369
0.00705,-0.001477400352456369
0.0070525,-0.001477400352456369
0.007055,-0.001477400352456369
0.0070575,-0.00181134417431498
0.00706,-0.001143456530597758
0.0070625,-0.001477400352456369
0.007065,-0.001143456530597758
0.0070675,-0.001477400352456369
0.00707,-0.001477400352456369
0.0070725,-0.001477400352456369
0.007075,-0.00181134417431498
0.0070775,-0.001477400352456369
0.00708,-0.001477400352456369
0.0070825,-0.001477400352456369
0.007085,-0.001143456530597758
0.0070875,-0.001477400352456369
0.00709,-0.001477400352456369
0.0070925,-0.001143456530597758
0.007095,-0.001477400352456369
0.0070975,-0.001477400352456369
0.0071,-0.001143456530597758
0.0071025,-0.001143456530597758
0.007105,-0.001143456530597758
0.0071075,-0.001143456530597758
0.00711,-0.001143456530597758
0.0071125,-0.001477400352456369
0.007115,-0.001477400352456369
0.0071175,-0.001143456530597758
0.00712,-0.001143456530597758
0.0071225,-0.001143456530597758
0.007125,-0.001477400352456369
0.0071275,-0.001477400352456369
0.00713,-0.001477400352456369
0.0071325,-0.001143456530597758
0.007135,-0.001477400352456369
0.0071375,-0.00181134417431498
0.00714,-0.001143456530597758
0.0071425,-0.001143456530597758
0.007145,-0.001477400352456369
0.0071475,-0.001143456530597758
0.00715,-0.001143456530597758
0.0071525,-0.001143456530597758
0.007155,-0.001143456530597758
0.0071575,-0.001143456530597758
0.00716,-0.001143456530597758
0.0071625,-0.001477400352456369
0.007165,-0.00181134417431498
0.0071675,-0.00181134417431498
0.00717,-0.001477400352456369
0.0071725,-0.001477400352456369
0.007175,-0.001143456530597758
0.0071775,-0.001143456530597758
0.00718,-0.001143456530597758
0.0071825,-0.001477400352456369
0.007185,-0.001477400352456369
0.0071875,-0.001477400352456369
0.00719,-0.001477400352456369
0.0071925,-0.001477400352456369
0.007195,-0.001143456530597758
0.0071975,-0.0008095127087391468
0.0072,-0.001477400352456369
0.0072025,-0.001477400352456369
0.007205,-0.001143456530597758
0.0072075,-0.001477400352456369
0.00721,-0.001477400352456369
0.0072125,-0.001477400352456369
0.007215,-0.001477400352456369
0.0072175,-0.001143456530597758
0.00722,-0.001477400352456369
0.0072225,-0.001143456530597758
0.007225,-0.001477400352456369
0.0072275,-0.001477400352456369
0.00723,-0.001143456530597758
0.0072325,-0.001143456530597758
0.007235,-0.001477400352456369
0.0072375,-0.001477400352456369
0.00724,-0.001477400352456369
0.0072425,-0.001477400352456369
0.007245,-0.001143456530597758
0.0072475,-0.0008095127087391468
0.00725,-0.001477400352456369
0.0072525,-0.001477400352456369
0.007255,-0.001477400352456369
0.0072575,-0.001477400352456369
0.00726,-0.001477400352456369
0.0072625,-0.0008095127087391468
0.007265,-0.001143456530597758
0.0072675,-0.001143456530597758
0.00727,-0.001477400352456369
0.0072725,-0.001143456530597758
0.007275,-0.0008095127087391468
0.0072775,-0.001143456530597758
0.00728,-0.001477400352456369
0.0072825,-0.001143456530597758
0.007285,-0.001143456530597758
0.0072875,-0.001143456530597758
0.00729,-0.001143456530597758
0.0072925,-0.001477400352456369
0.007295,-0.001477400352456369
0.0072975,-0.001477400352456369
0.0073,-0.001477400352456369
0.0073025,-0.001143456530597758
0.007305,-0.00181134417431498
0.0073075,-0.001477400352456369
0.00731,-0.001143456530597758
0.0073125,-0.001477400352456369
0.007315,-0.0008095127087391468
0.0073175,-0.001143456530597758
0.00732,-0.00181134417431498
0.0073225,-0.001477400352456369
0.007325,-0.00181134417431498
0.0073275,-0.001477400352456369
0.00733,-0.001477400352456369
0.0073325,-0.001477400352456369
0.007335,-0.001477400352456369
0.0073375,-0.001477400352456369
0.00734,-0.001477400352456369
0.0073425,-0.001477400352456369
0.007345,-0.001477400352456369
0.0073475,-0.001143456530597758
0.00735,-0.001143456530597758
0.0073525,-0.001477400352456369
0.007355,-0.001143456530597758
0.0073575,-0.001143456530597758
0.00736,-0.001477400352456369
0.0073625,-0.001477400352456369
0.007365,-0.001477400352456369
0.0073675,-0.001477400352456369
0.00737,-0.001477400352456369
0.0073725,-0.0008095127087391468
0.007375,-0.001143456530597758
0.0073775,-0.001477400352456369
0.00738,-0.001477400352456369
0.0073825,-0.001143456530597758
0.007385,-0.001143456530597758
0.0073875,-0.001477400352456369
0.00739,-0.001143456530597758
0.0073925,-0.001143456530597758
0.007395,-0.001477400352456369
0.0073975,-0.001477400352456369
0.0074,-0.00181134417431498
0.0074025,-0.001143456530597758
0.007405,-0.001477400352456369
0.0074075,-0.001143456530597758
0.00741,-0.001143456530597758
0.0074125,-0.0008095127087391468
0.007415,-0.001477400352456369
0.0074175,-0.001477400352456369
0.00742,-0.001143456530597758
0.0074225,-0.001143456530597758
0.007425,-0.001477400352456369
0.0074275,-0.001477400352456369
0.00743,-0.001477400352456369
0.0074325,-0.001477400352456369
0.007435,-0.0008095127087391468
0.0074375,-0.001477400352456369
0.00744,-0.001477400352456369
0.0074425,-0.001477400352456369
0.007445,-0.001477400352456369
0.0074475,-0.001477400352456369
0.00745,-0.001477400352456369
0.0074525,-0.001477400352456369
0.007455,-0.001143456530597758
0.0074575,-0.001143456530597758
0.00746,-0.001477400352456369
0.0074625,-0.00181134417431498
0.007465,-0.00181134417431498
0.0074675,-0.001143456530597758
0.00747,-0.001477400352456369
0.0074725,-0.001477400352456369
0.007475,-0.001143456530597758
0.0074775,-0.001143456530597758
0.00748,-0.001477400352456369
0.0074825,-0.001143456530597758
0.007485,-0.001143456530597758
0.0074875,-0.001143456530597758
0.00749,-0.001477400352456369
0.0074925,-0.001477400352456369
0.007495,-0.001143456530597758
0.0074975,-0.001477400352456369
0.0075,-0.001477400352456369
0.0075025,-0.0008095127087391468
0.007505,-0.0008095127087391468
0.0075075,-0.001143456530597758
0.00751,-0.001143456530597758
0.0075125,-0.001143456530597758
0.007515,-0.001143456530597758
0.0075175,-0.001143456530597758
0.00752,-0.001143456530597758
0.0075225,-0.001477400352456369
0.007525,-0.00181134417431498
0.0075275,-0.001477400352456369
0.00753,-0.001143456530597758
0.0075325,-0.0008095127087391468
0.007535,-0.001477400352456369
0.0075375,-0.001143456530597758
0.00754,-0.001143456530597758
0.0075425,-0.001477400352456369
0.007545,-0.001143456530597758
0.0075475,-0.001477400352456369
0.00755,-0.001143456530597758
0.0075525,-0.0008095127087391468
0.007555,-0.001477400352456369
0.0075575,-0.001143456530597758
0.00756,-0.001477400352456369
0.0075625,-0.001477400352456369
0.007565,-0.001143456530597758
0.0075675,-0.001143456530597758
0.00757,-0.001143456530597758
0.0075725,-0.001143456530597758
0.007575,-0.001477400352456369
0.0075775,-0.001477400352456369
0.00758,-0.001477400352456369
0.0075825,-0.001143456530597758
0.007585,-0.001143456530597758
0.0075875,-0.001143456530597758
0.00759,-0.00181134417431498
0.0075925,-0.001477400352456369
0.007595,-0.001477400352456369
0.0075975,-0.001477400352456369
0.0076,-0.001477400352456369
0.0076025,-0.001477400352456369
0.007605,-0.001477400352456369
0.0076075,-0.001143456530597758
0.00761,-0.001143456530597758
0.0076125,-0.001143456530597758
0.007615,-0.00181134417431498
0.0076175,-0.001143456530597758
0.00762,-0.001477400352456369
0.0076225,-0.0008095127087391468
0.007625,-0.001477400352456369
0.0076275,-0.001143456530597758
0.00763,-0.001143456530597758
0.0076325,-0.001477400352456369
0.007635,-0.001143456530597758
0.0076375,-0.001477400352456369
0.00764,-0.00181134417431498
0.0076425,-0.001477400352456369
0.007645,-0.001477400352456369
0.0076475,-0.001477400352456369
0.00765,-0.001477400352456369
0.0076525,-0.001477400352456369
0.007655,-0.001477400352456369
0.0076575,-0.001143456530597758
0.00766,-0.001477400352456369
0.0076625,-0.001143456530597758
0.007665,-0.00181134417431498
0.0076675,-0.001477400352456369
0.00767,-0.001143456530597758
0.0076725,-0.001477400352456369
0.007675,-0.001477400352456369
0.0076775,-0.001143456530597758
0.00768,-0.001477400352456369
0.0076825,-0.001143456530597758
0.007685,-0.001143456530597758
0.0076875,-0.001143456530597758
0.00769,-0.001143456530597758
0.0076925,-0.00181134417431498
0.007695,-0.00181134417431498
0.0076975,-0.001477400352456369
0.0077,-0.001477400352456369
0.0077025,-0.001477400352456369
0.007705,-0.001477400352456369
0.0077075,-0.001477400352456369
0.00771,-0.001477400352456369
0.0077125,-0.001477400352456369
0.007715,-0.001477400352456369
0.0077175,-0.00181134417431498
0.00772,-0.00181134417431498
0.0077225,-0.001143456530597758
0.007725,-0.001477400352456369
0.0077275,-0.001477400352456369
0.00773,-0.001477400352456369
0.0077325,-0.001477400352456369
0.007735,-0.001477400352456369
0.0077375,-0.001477400352456369
0.00774,-0.001477400352456369
0.0077425,-0.001143456530597758
0.007745,-0.001143456530597758
0.0077475,-0.001143456530597758
0.00775,-0.001143456530597758
0.0077525,-0.001143456530597758
0.007755,-0.0008095127087391468
0.0077575,-0.001477400352456369
0.00776,-0.001143456530597758
0.0077625,-0.001143456530597758
0.007765,-0.001477400352456369
0.0077675,-0.001143456530597758
0.00777,-0.001143456530597758
0.0077725,-0.001477400352456369
0.007775,-0.001477400352456369
0.0077775,-0.001477400352456369
0.00778,-0.001477400352456369
0.0077825,-0.001477400352456369
0.007785,-0.001477400352456369
0.0077875,-0.001477400352456369
0.00779,-0.001477400352456369
0.0077925,-0.001143456530597758
0.007795,-0.00181134417431498
0.0077975,-0.001477400352456369
0.0078,-0.001477400352456369
0.0078025,-0.001143456530597758
0.007805,-0.001477400352456369
0.0078075,-0.001143456530597758
0.00781,-0.0008095127087391468
0.0078125,-0.001477400352456369
0.007815000000000001,-0.001143456530597758
0.0078175,-0.001143456530597758
0.007820000000000001,-0.0008095127087391468
0.0078225,-0.001143456530597758
0.007825,-0.001143456530597758
0.007827499999999999,-0.001477400352456369
0.00783,-0.00181134417431498
0.007832499999999999,-0.001477400352456369
0.007835,-0.001477400352456369
0.007837500000000001,-0.001477400352456369
0.00784,-0.00181134417431498
0.007842500000000001,-0.001143456530597758
0.007845,-0.0008095127087391468
0.0078475,-0.001477400352456369
0.007849999999999999,-0.001477400352456369
0.0078525,-0.001143456530597758
0.007854999999999999,-0.00181134417431498
0.0078575,-0.0008095127087391468
0.007860000000000001,-0.001477400352456369
0.0078625,-0.00181134417431498
0.007865,-0.001477400352456369
0.007867499999999999,-0.001477400352456369
0.00787,-0.0008095127087391468
0.007872499999999999,-0.001143456530597758
0.007875,-0.001143456530597758
0.007877500000000001,-0.001477400352456369
0.00788,-0.001477400352456369
0.007882500000000001,-0.00181134417431498
0.007885,-0.001477400352456369
0.0078875,-0.001477400352456369
0.007889999999999999,-0.001477400352456369
0.0078925,-0.001477400352456369
0.007894999999999999,-0.001143456530597758
0.0078975,-0.001143456530597758
0.007900000000000001,-0.001143456530597758
0.0079025,-0.001143456530597758
0.007905000000000001,-0.001143456530597758
0.0079075,-0.001143456530597758
0.00791,-0.001477400352456369
0.007912499999999999,-0.001143456530597758
0.007915,-0.001477400352456369
0.007917499999999999,-0.001477400352456369
0.00792,-0.001143456530597758
0.007922500000000001,-0.001143456530597758
0.007925,-0.001143456530597758
0.007927500000000001,-0.001477400352456369
0.00793,-0.001477400352456369
0.0079325,-0.001477400352456369
0.007934999999999999,-0.001477400352456369
0.0079375,-0.001143456530597758
0.007939999999999999,-0.001143456530597758
0.0079425,-0.001143456530597758
0.007945000000000001,-0.001477400352456369
0.0079475,-0.001477400352456369
0.00795,-0.00181134417431498
0.007952499999999999,-0.001477400352456369
0.007955,-0.001143456530597758
0.007957499999999999,-0.0008095127087391468
0.00796,-0.0008095127087391468
0.007962500000000001,-0.001143456530597758
0.007965,-0.001477400352456369
0.007967500000000001,-0.001477400352456369
0.00797,-0.00181134417431498
0.0079725,-0.001477400352456369
0.007974999999999999,-0.001477400352456369
0.0079775,-0.001143456530597758
0.007979999999999999,-0.001477400352456369
0.0079825,-0.001143456530597758
0.007985000000000001,-0.001477400352456369
0.0079875,-0.001143456530597758
0.007990000000000001,-0.00181134417431498
0.0079925,-0.001477400352456369
0.007995,-0.001477400352456369
0.007997499999999999,-0.001477400352456369
0.008,-0.001143456530597758
0.008002499999999999,-0.001143456530597758
0.008005,-0.001143456530597758
0.008007500000000001,-0.001477400352456369
0.00801,-0.001477400352456369
0.008012500000000001,-0.001143456530597758
0.008015,-0.001143456530597758
0.0080175,-0.001477400352456369
0.008019999999999999,-0.001477400352456369
0.0080225,-0.001477400352456369
0.008024999999999999,-0.001143456530597758
0.0080275,-0.001143456530597758
0.008030000000000001,-0.001477400352456369
0.0080325,-0.00181134417431498
0.008035,-0.001143456530597758
0.0080375,-0.001143456530597758
0.00804,-0.001143456530597758
0.008042499999999999,-0.001143456530597758
0.008045,-0.001143456530597758
0.008047500000000001,-0.001477400352456369
0.00805,-0.001477400352456369
0.008052500000000001,-0.00181134417431498
0.008055,-0.00181134417431498
0.0080575,-0.001143456530597758
0.008059999999999999,-0.001143456530597758
0.0080625,-0.001143456530597758
0.008064999999999999,-0.001477400352456369
0.0080675,-0.001477400352456369
0.008070000000000001,-0.001477400352456369
0.0080725,-0.001143456530597758
0.008075000000000001,-0.001477400352456369
0.0080775,-0.001143456530597758
0.00808,-0.001143456530597758
0.008082499999999999,-0.001477400352456369
0.008085,-0.001477400352456369
0.008087499999999999,-0.001477400352456369
0.00809,-0.00181134417431498
0.008092500000000001,-0.001477400352456369
0.008095,-0.001477400352456369
0.008097500000000001,-0.001143456530597758
0.0081,-0.001143456530597758
0.0081025,-0.001477400352456369
0.008104999999999999,-0.00181134417431498
0.0081075,-0.001477400352456369
0.008109999999999999,-0.001477400352456369
0.0081125,-0.001477400352456369
0.008115000000000001,-0.001477400352456369
0.0081175,-0.001143456530597758
0.00812,-0.001477400352456369
0.0081225,-0.001143456530597758
0.008125,-0.001477400352456369
0.008127499999999999,-0.001477400352456369
0.00813,-0.001477400352456369
0.008132500000000001,-0.001477400352456369
0.008135,-0.001143456530597758
0.008137500000000001,-0.001477400352456369
0.00814,-0.001477400352456369
0.0081425,-0.001477400352456369
0.008144999999999999,-0.001477400352456369
0.0081475,-0.001477400352456369
0.008149999999999999,-0.001477400352456369
0.0081525,-0.001143456530597758
0.008155000000000001,-0.001477400352456369
0.0081575,-0.001143456530597758
0.008160000000000001,-0.001143456530597758
0.0081625,-0.001143456530597758
0.008165,-0.001143456530597758
0.008167499999999999,-0.00181134417431498
0.00817,-0.001143456530597758
0.008172499999999999,-0.001477400352456369
0.008175,-0.001477400352456369
0.008177500000000001,-0.001143456530597758
0.00818,-0.001477400352456369
0.008182500000000001,-0.001477400352456369
0.008185,-0.001477400352456369
0.0081875,-0.001143456530597758
0.008189999999999999,-0.001143456530597758
0.0081925,-0.001477400352456369
0.008194999999999999,-0.001143456530597758
0.0081975,-0.001143456530597758
0.008200000000000001,-0.001143456530597758
0.0082025,-0.001477400352456369
0.008205,-0.0008095127087391468
0.0082075,-0.001143456530597758
0.00821,-0.001477400352456369
0.008212499999999999,-0.001477400352456369
0.008215,-0.001143456530597758
0.008217500000000001,-0.001143456530597758
0.00822,-0.001477400352456369
0.008222500000000001,-0.001143456530597758
0.008225,-0.001477400352456369
0.0082275,-0.00181134417431498
0.008229999999999999,-0.00181134417431498
0.0082325,-0.0008095127087391468
0.008234999999999999,-0.001477400352456369
0.0082375,-0.001477400352456369
0.008240000000000001,-0.0008095127087391468
0.0082425,-0.001143456530597758
0.008245000000000001,-0.001143456530597758
0.0082475,-0.001477400352456369
0.00825,-0.001143456530597758
0.008252499999999999,-0.001477400352456369
0.008255,-0.001477400352456369
0.008257499999999999,-0.001477400352456369
0.00826,-0.0008095127087391468
0.008262500000000001,-0.001143456530597758
0.008265,-0.001143456530597758
0.008267500000000001,-0.001143456530597758
0.00827,-0.001143456530597758
0.0082725,-0.001143456530597758
0.008274999999999999,-0.0008095127087391468
0.0082775,-0.001143456530597758
0.008279999999999999,-0.001143456530597758
0.0082825,-0.001477400352456369
0.008285000000000001,-0.001143456530597758
0.0082875,-0.0008095127087391468
0.00829,-0.001143456530597758
0.0082925,-0.001143456530597758
0.008295,-0.001477400352456369
0.008297499999999999,-0.001143456530597758
0.0083,-0.001477400352456369
0.008302500000000001,-0.001477400352456369
0.008305,-0.001143456530597758
0.008307500000000001,-0.001477400352456369
0.00831,-0.001143456530597758
0.0083125,-0.001143456530597758
0.008314999999999999,-0.001143456530597758
0.0083175,-0.001143456530597758
0.008319999999999999,-0.001477400352456369
0.0083225,-0.001477400352456369
0.008325000000000001,-0.001143456530597758
0.0083275,-0.001143456530597758
0.008330000000000001,-0.001477400352456369
0.0083325,-0.001143456530597758
0.008335,-0.001143456530597758
0.008337499999999999,-0.001143456530597758
0.00834,-0.001477400352456369
0.008342499999999999,-0.001477400352456369
0.008345,-0.001477400352456369
0.008347500000000001,-0.001477400352456369
0.00835,-0.001477400352456369
0.008352500000000001,-0.001477400352456369
0.008355,-0.001143456530597758
0.0083575,-0.001477400352456369
0.008359999999999999,-0.001477400352456369
0.0083625,-0.001477400352456369
0.008364999999999999,-0.00181134417431498
0.0083675,-0.001477400352456369
0.008370000000000001,-0.001143456530597758
0.0083725,-0.001143456530597758
0.008375,-0.0008095127087391468
0.0083775,-0.001143456530597758
0.00838,-0.001477400352456369
0.008382499999999999,-0.001477400352456369
0.008385,-0.001143456530597758
0.008387500000000001,-0.001477400352456369
0.00839,-0.00181134417431498
0.008392500000000001,-0.001477400352456369
0.008395,-0.001143456530597758
0.0083975,-0.001143456530597758
0.008399999999999999,-0.00181134417431498
0.0084025,-0.00181134417431498
0.008404999999999999,-0.00181134417431498
0.0084075,-0.001143456530597758
0.008410000000000001,-0.0008095127087391468
0.0084125,-0.001143456530597758
0.008415000000000001,-0.001477400352456369
0.0084175,-0.001143456530597758
0.00842,-0.00181134417431498
0.008422499999999999,-0.001477400352456369
0.008425,-0.001477400352456369
0.008427499999999999,-0.001477400352456369
0.00843,-0.001143456530597758
0.008432500000000001,-0.0008095127087391468
0.008435,-0.001143456530597758
0.008437500000000001,-0.001143456530597758
0.00844,-0.001477400352456369
0.0084425,-0.00181134417431498
0.008444999999999999,-0.00181134417431498
0.0084475,-0.001477400352456369
0.008449999999999999,-0.001477400352456369
0.0084525,-0.001143456530597758
0.008455000000000001,-0.001477400352456369
0.0084575,-0.00181134417431498
0.008460000000000001,-0.00181134417431498
0.0084625,-0.001477400352456369
0.008465,-0.001477400352456369
0.008467499999999999,-0.001143456530597758
0.00847,-0.001143456530597758
0.008472500000000001,-0.001143456530597758
0.008475,-0.001143456530597758
0.008477500000000001,-0.001477400352456369
0.00848,-0.001143456530597758
0.0084825,-0.001143456530597758
0.008484999999999999,-0.001143456530597758
0.0084875,-0.001477400352456369
0.008489999999999999,-0.001143456530597758
0.0084925,-0.00181134417431498
0.008495000000000001,-0.001143456530597758
0.0084975,-0.001143456530597758
0.008500000000000001,-0.00181134417431498
0.0085025,-0.001143456530597758
0.008505,-0.001143456530597758
0.008507499999999999,-0.001143456530597758
0.00851,-0.001143456530597758
0.008512499999999999,-0.00181134417431498
0.008515,-0.001477400352456369
0.008517500000000001,-0.00181134417431498
0.00852,-0.001477400352456369
0.008522500000000001,-0.001143456530597758
0.008525,-0.001143456530597758
0.0085275,-0.0008095127087391468
0.008529999999999999,-0.001477400352456369
0.0085325,-0.001477400352456369
0.008534999999999999,-0.001477400352456369
0.0085375,-0.001477400352456369
0.008540000000000001,-0.001477400352456369
0.0085425,-0.001143456530597758
0.008545000000000001,-0.001143456530597758
0.0085475,-0.001477400352456369
0.00855,-0.001477400352456369
0.008552499999999999,-0.001143456530597758
0.008555,-0.001143456530597758
0.008557499999999999,-0.001477400352456369
0.00856,-0.001477400352456369
0.008562500000000001,-0.001143456530597758
0.008565,-0.001477400352456369
0.0085675,-0.001143456530597758
0.008569999999999999,-0.001143456530597758
0.0085725,-0.001143456530597758
0.008574999999999999,-0.00181134417431498
0.0085775,-0.00181134417431498
0.008580000000000001,-0.001143456530597758
0.0085825,-0.001477400352456369
0.008585000000000001,-0.001143456530597758
0.0085875,-0.001143456530597758
0.00859,-0.001143456530597758
0.008592499999999999,-0.001143456530597758
0.008595,-0.001477400352456369
0.008597499999999999,-0.002145287996173591
0.0086,-0.001477400352456369
0.008602500000000001,-0.001477400352456369
0.008605,-0.001477400352456369
0.008607500000000001,-0.001143456530597758
0.00861,-0.001477400352456369
0.0086125,-0.001143456530597758
0.008614999999999999,-0.0008095127087391468
0.0086175,-0.001477400352456369
0.008619999999999999,-0.001143456530597758
0.0086225,-0.001143456530597758
0.008625000000000001,-0.001477400352456369
0.0086275,-0.001477400352456369
0.008630000000000001,-0.0008095127087391468
0.0086325,-0.001477400352456369
0.008635,-0.001477400352456369
0.008637499999999999,-0.001477400352456369
0.00864,-0.001143456530597758
0.008642499999999999,-0.001143456530597758
0.008645,-0.00181134417431498
0.008647500000000001,-0.001143456530597758
0.00865,-0.0008095127087391468
0.0086525,-0.001143456530597758
0.008654999999999999,-0.0008095127087391468
0.0086575,-0.001143456530597758
0.008659999999999999,-0.001477400352456369
0.0086625,-0.001143456530597758
0.008665000000000001,-0.001143456530597758
0.0086675,-0.001143456530597758
0.008670000000000001,-0.001143456530597758
0.0086725,-0.001477400352456369
0.008675,-0.001143456530597758
0.008677499999999999,-0.001477400352456369
0.00868,-0.001477400352456369
0.008682499999999999,-0.001477400352456369
0.008685,-0.001143456530597758
0.008687500000000001,-0.001143456530597758
0.00869,-0.0008095127087391468
0.008692500000000001,-0.001143456530597758
0.008695,-0.001143456530597758
0.0086975,-0.00181134417431498
0.008699999999999999,-0.001143456530597758
0.0087025,-0.001143456530597758
0.008704999999999999,-0.001477400352456369
0.0087075,-0.001143456530597758
0.008710000000000001,-0.0008095127087391468
0.0087125,-0.001143456530597758
0.008715000000000001,-0.001477400352456369
0.0087175,-0.001477400352456369
0.00872,-0.001477400352456369
0.008722499999999999,-0.001477400352456369
0.008725,-0.001477400352456369
0.008727499999999999,-0.001143456530597758
0.00873,-0.0008095127087391468
0.008732500000000001,-0.001477400352456369
0.008735,-0.001143456530597758
0.0087375,-0.001477400352456369
0.00874,-0.001477400352456369
0.0087425,-0.001143456530597758
0.008744999999999999,-0.0008095127087391468
0.0087475,-0.001143456530597758
0.008750000000000001,-0.001477400352456369
0.0087525,-0.001477400352456369
0.008755000000000001,-0.001143456530597758
0.0087575,-0.001477400352456369
0.00876,-0.001143456530597758
0.008762499999999999,-0.001143456530597758
0.008765,-0.001143456530597758
0.008767499999999999,-0.001143456530597758
0.00877,-0.001143456530597758
0.008772500000000001,-0.001143456530597758
0.008775,-0.0008095127087391468
0.008777500000000001,-0.001143456530597758
0.00878,-0.001477400352456369
0.0087825,-0.001143456530597758
0.008784999999999999,-0.001143456530597758
0.0087875,-0.00181134417431498
0.008789999999999999,-0.001143456530597758
0.0087925,-0.001143456530597758
0.008795000000000001,-0.0008095127087391468
0.0087975,-0.001477400352456369
0.008800000000000001,-0.0008095127087391468
0.0088025,-0.001143456530597758
0.008805,-0.001143456530597758
0.008807499999999999,-0.001143456530597758
0.00881,-0.001143456530597758
0.008812499999999999,-0.001477400352456369
0.008815,-0.001477400352456369
0.008817500000000001,-0.001143456530597758
0.00882,-0.001477400352456369
0.0088225,-0.001143456530597758
0.008825,-0.0008095127087391468
0.0088275,-0.001477400352456369
0.008829999999999999,-0.001143456530597758
0.0088325,-0.001477400352456369
0.008835000000000001,-0.001477400352456369
0.0088375,-0.001477400352456369
0.008840000000000001,-0.001143456530597758
0.0088425,-0.001143456530597758
0.008845,-0.001477400352456369
0.008847499999999999,-0.001143456530597758
0.00885,-0.001477400352456369
0.008852499999999999,-0.001477400352456369
0.008855,-0.001143456530597758
0.008857500000000001,-0.001143456530597758
0.00886,-0.0008095127087391468
0.008862500000000001,-0.0008095127087391468
0.008865,-0.0008095127087391468
0.0088675,-0.001143456530597758
0.008869999999999999,-0.001143456530597758
0.0088725,-0.001477400352456369
0.008874999999999999,-0.001477400352456369
0.0088775,-0.001477400352456369
0.008880000000000001,-0.001477400352456369
0.0088825,-0.001143456530597758
0.008885000000000001,-0.001143456530597758
0.0088875,-0.001143456530597758
0.00889,-0.001477400352456369
0.008892499999999999,-0.00181134417431498
0.008895,-0.001477400352456369
0.008897499999999999,-0.001143456530597758
0.0089,-0.001143456530597758
0.008902500000000001,-0.001477400352456369
0.008905,-0.001477400352456369
0.0089075,-0.001477400352456369
0.00891,-0.001477400352456369
0.0089125,-0.001143456530597758
0.008914999999999999,-0.001143456530597758
0.0089175,-0.001143456530597758
0.008920000000000001,-0.001477400352456369
0.0089225,-0.001477400352456369
0.008925000000000001,-0.001143456530597758
0.0089275,-0.00181134417431498
0.00893,-0.00181134417431498
0.008932499999999999,-0.001143456530597758
0.008935,-0.001143456530597758
0.008937499999999999,-0.001143456530597758
0.00894,-0.001477400352456369
0.008942500000000001,-0.001477400352456369
0.008945,-0.001143456530597758
0.008947500000000001,-0.001143456530597758
0.00895,-0.001143456530597758
0.0089525,-0.001477400352456369
0.008954999999999999,-0.0008095127087391468
0.0089575,-0.001143456530597758
0.008959999999999999,-0.001143456530597758
0.0089625,-0.001477400352456369
0.008965000000000001,-0.00181134417431498
0.0089675,-0.001477400352456369
0.008970000000000001,-0.001477400352456369
0.0089725,-0.001477400352456369
0.008975,-0.001477400352456369
0.008977499999999999,-0.001477400352456369
0.00898,-0.001477400352456369
0.008982499999999999,-0.001477400352456369
0.008985,-0.001477400352456369
0.008987500000000001,-0.00181134417431498
0.00899,-0.001477400352456369
0.0089925,-0.001477400352456369
0.008995,-0.001477400352456369
0.0089975,-0.001143456530597758
0.008999999999999999,-0.001143456530597758
0.0090025,-0.001477400352456369
0.009005000000000001,-0.001477400352456369
0.0090075,-0.001477400352456369
0.009010000000000001,-0.001477400352456369
0.0090125,-0.00181134417431498
0.009015,-0.00181134417431498
0.009017499999999999,-0.001477400352456369
0.00902,-0.001143456530597758
0.009022499999999999,-0.001143456530597758
0.009025,-0.001477400352456369
0.009027500000000001,-0.001477400352456369
0.00903,-0.00181134417431498
0.009032500000000001,-0.001477400352456369
0.009035,-0.001477400352456369
0.0090375,-0.001143456530597758
0.009039999999999999,-0.001477400352456369
0.0090425,-0.001143456530597758
0.009044999999999999,-0.00181134417431498
0.0090475,-0.00181134417431498
0.009050000000000001,-0.001477400352456369
0.0090525,-0.001477400352456369
0.009055000000000001,-0.001477400352456369
0.0090575,-0.001477400352456369
0.00906,-0.001143456530597758
0.009062499999999999,-0.001477400352456369
0.009065,-0.00181134417431498
0.009067499999999999,-0.001477400352456369
0.00907,-0.001477400352456369
0.009072500000000001,-0.001477400352456369
0.009075,-0.001477400352456369
0.0090775,-0.001477400352456369
0.00908,-0.001143456530597758
0.0090825,-0.001143456530597758
0.009084999999999999,-0.001477400352456369
0.0090875,-0.001477400352456369
0.009090000000000001,-0.001477400352456369
0.0090925,-0.001477400352456369
0.009095000000000001,-0.001477400352456369
0.0090975,-0.001143456530597758
0.0091,-0.0008095127087391468
0.009102499999999999,-0.00181134417431498
0.009105,-0.001477400352456369
0.009107499999999999,-0.001477400352456369
0.00911,-0.001143456530597758
0.009112500000000001,-0.001143456530597758
0.009115,-0.001477400352456369
0.009117500000000001,-0.001477400352456369
0.00912,-0.001477400352456369
0.0091225,-0.001477400352456369
0.009124999999999999,-0.001477400352456369
0.0091275,-0.001477400352456369
0.009129999999999999,-0.001477400352456369
0.0091325,-0.001477400352456369
0.009135000000000001,-0.001143456530597758
0.0091375,-0.001477400352456369
0.009140000000000001,-0.001477400352456369
0.0091425,-0.001477400352456369
0.009145,-0.001477400352456369
0.009147499999999999,-0.001477400352456369
0.00915,-0.001143456530597758
0.009152499999999999,-0.001143456530597758
0.009155,-0.001477400352456369
0.009157500000000001,-0.001477400352456369
0.00916,-0.001477400352456369
0.009162500000000001,-0.00181134417431498
0.009165,-0.001477400352456369
0.0091675,-0.001143456530597758
0.009169999999999999,-0.00181134417431498
0.0091725,-0.001143456530597758
0.009175000000000001,-0.001143456530597758
0.0091775,-0.001143456530597758
0.009180000000000001,-0.001143456530597758
0.0091825,-0.001477400352456369
0.009185,-0.001477400352456369
0.009187499999999999,-0.00181134417431498
0.00919,-0.00181134417431498
0.009192499999999999,-0.001477400352456369
0.009195,-0.0008095127087391468
0.009197500000000001,-0.001143456530597758
0.0092,-0.001143456530597758
0.009202500000000001,-0.001477400352456369
0.009205,-0.001477400352456369
0.0092075,-0.00181134417431498
0.009209999999999999,-0.00181134417431498
0.0092125,-0.001477400352456369
0.009214999999999999,-0.001477400352456369
0.0092175,-0.00181134417431498
0.009220000000000001,-0.001477400352456369
0.0092225,-0.001477400352456369
0.009225000000000001,-0.001477400352456369
0.0092275,-0.00181134417431498
0.00923,-0.001477400352456369
0.009232499999999999,-0.0008095127087391468
0.009235,-0.001477400352456369
0.009237499999999999,-0.001143456530597758
0.00924,-0.001477400352456369
0.009242500000000001,-0.00181134417431498
0.009245,-0.001477400352456369
0.009247500000000001,-0.001143456530597758
0.00925,-0.001477400352456369
0.0092525,-0.001477400352456369
0.009254999999999999,-0.001477400352456369
0.0092575,-0.001477400352456369
0.009259999999999999,-0.001477400352456369
0.0092625,-0.001477400352456369
0.009265000000000001,-0.001477400352456369
0.0092675,-0.001477400352456369
0.00927,-0.001477400352456369
0.009272499999999999,-0.001477400352456369
0.009275,-0.001143456530597758
0.009277499999999999,-0.001477400352456369
0.00928,-0.001477400352456369
0.009282500000000001,-0.001143456530597758
0.009285,-0.001477400352456369
0.009287500000000001,-0.001477400352456369
0.00929,-0.001477400352456369
0.0092925,-0.001143456530597758
0.009294999999999999,-0.001143456530597758
0.0092975,-0.001477400352456369
0.009299999999999999,-0.001477400352456369
0.0093025,-0.001477400352456369
0.009305000000000001,-0.001143456530597758
0.0093075,-0.001143456530597758
0.009310000000000001,-0.001477400352456369
0.0093125,-0.001143456530597758
0.009315,-0.001143456530597758
0.009317499999999999,-0.001477400352456369
0.00932,-0.001477400352456369
0.009322499999999999,-0.001143456530597758
0.009325,-0.001477400352456369
0.009327500000000001,-0.00181134417431498
0.00933,-0.001143456530597758
0.009332500000000001,-0.0008095127087391468
0.009335,-0.001143456530597758
0.0093375,-0.001143456530597758
0.009339999999999999,-0.001143456530597758
0.0093425,-0.001143456530597758
0.009344999999999999,-0.001477400352456369
0.0093475,-0.001477400352456369
0.009350000000000001,-0.001477400352456369
0.0093525,-0.001477400352456369
0.009355,-0.0008095127087391468
0.009357499999999999,-0.001477400352456369
0.00936,-0.00181134417431498
0.009362499999999999,-0.001143456530597758
0.009365,-0.001477400352456369
0.009367500000000001,-0.001143456530597758
0.00937,-0.001143456530597758
0.009372500000000001,-0.001143456530597758
0.009375,-0.001143456530597758
0.0093775,-0.001477400352456369
0.009379999999999999,-0.001477400352456369
0.0093825,-0.001477400352456369
0.009384999999999999,-0.001477400352456369
0.0093875,-0.001477400352456369
0.009390000000000001,-0.001477400352456369
0.0093925,-0.001143456530597758
0.009395000000000001,-0.001143456530597758
0.0093975,-0.001143456530597758
0.0094,-0.001477400352456369
0.009402499999999999,-0.001477400352456369
0.009405,-0.001477400352456369
0.009407499999999999,-0.001143456530597758
0.00941,-0.001143456530597758
0.009412500000000001,-0.001143456530597758
0.009415,-0.001477400352456369
0.009417500000000001,-0.001477400352456369
0.00942,-0.001143456530597758
0.0094225,-0.00181134417431498
0.009424999999999999,-0.001477400352456369
0.0094275,-0.001143456530597758
0.009429999999999999,-0.001143456530597758
0.0094325,-0.001143456530597758
0.009435000000000001,-0.001143456530597758
0.0094375,-0.0008095127087391468
0.00944,-0.001143456530597758
0.0094425,-0.001477400352456369
0.009445,-0.0008095127087391468
0.009447499999999999,-0.0008095127087391468
0.00945,-0.001143456530597758
0.009452500000000001,-0.001477400352456369
0.009455,-0.001143456530597758
0.009457500000000001,-0.001143456530597758
0.00946,-0.001477400352456369
0.0094625,-0.001477400352456369
0.009464999999999999,-0.001143456530597758
0.0094675,-0.001143456530597758
0.009469999999999999,-0.001143456530597758
0.0094725,-0.0008095127087391468
0.009475000000000001,-0.001143456530597758
0.0094775,-0.0008095127087391468
0.009480000000000001,-0.0008095127087391468
0.0094825,-0.001143456530597758
0.009485,-0.001143456530597758
0.009487499999999999,-0.0008095127087391468
0.00949,-0.001143456530597758
0.009492499999999999,-0.001143456530597758
0.009495,-0.001143456530597758
0.009497500000000001,-0.001143456530597758
0.0095,-0.001477400352456369
0.009502500000000001,-0.001143456530597758
0.009505,-0.001477400352456369
0.0095075,-0.001477400352456369
0.009509999999999999,-0.001477400352456369
0.0095125,-0.001143456530597758
0.009514999999999999,-0.001477400352456369
0.0095175,-0.001477400352456369
0.009520000000000001,-0.001143456530597758
0.0095225,-0.001477400352456369
0.009525,-0.001477400352456369
0.0095275,-0.001477400352456369
0.00953,-0.001477400352456369
0.009532499999999999,-0.001477400352456369
0.009535,-0.001477400352456369
0.009537500000000001,-0.001477400352456369
0.00954,-0.001143456530597758
0.009542500000000001,-0.001143456530597758
0.009545,-0.001143456530597758
0.0095475,-0.001143456530597758
0.009549999999999999,-0.001143456530597758
0.0095525,-0.001143456530597758
0.009554999999999999,-0.001477400352456369
0.0095575,-0.00181134417431498
0.009560000000000001,-0.001143456530597758
0.0095625,-0.001477400352456369
0.009565000000000001,-0.001143456530597758
0.0095675,-0.001143456530597758
0.00957,-0.001477400352456369
0.009572499999999999,-0.001143456530597758
0.009575,-0.001477400352456369
0.009577499999999999,-0.001477400352456369
0.00958,-0.001143456530597758
0.009582500000000001,-0.001477400352456369
0.009585,-0.001143456530597758
0.009587500000000001,-0.001143456530597758
0.00959,-0.0008095127087391468
0.0095925,-0.001143456530597758
0.009594999999999999,-0.001477400352456369
0.0095975,-0.001143456530597758
0.009599999999999999,-0.001477400352456369
0.0096025,-0.0008095127087391468
0.009605000000000001,-0.001143456530597758
0.0096075,-0.0008095127087391468
0.00961,-0.001143456530597758
0.0096125,-0.001477400352456369
0.009615,-0.001477400352456369
0.009617499999999999,-0.001477400352456369
0.00962,-0.00181134417431498
0.009622500000000001,-0.001143456530597758
0.009625,-0.001143456530597758
0.009627500000000001,-0.001477400352456369
0.00963,-0.001477400352456369
0.0096325,-0.001477400352456369
0.009634999999999999,-0.001477400352456369
0.0096375,-0.001477400352456369
0.009639999999999999,-0.001477400352456369
0.0096425,-0.001477400352456369
0.009645000000000001,-0.001477400352456369
0.0096475,-0.001143456530597758
0.009650000000000001,-0.001477400352456369
0.0096525,-0.001477400352456369
0.009655,-0.001477400352456369
0.009657499999999999,-0.001477400352456369
0.00966,-0.001143456530597758
0.009662499999999999,-0.001477400352456369
0.009665,-0.0008095127087391468
0.009667500000000001,-0.001143456530597758
0.00967,-0.001143456530597758
0.009672500000000001,-0.001477400352456369
0.009675,-0.001477400352456369
0.0096775,-0.001477400352456369
0.009679999999999999,-0.001477400352456369
0.0096825,-0.0008095127087391468
0.009684999999999999,-0.001477400352456369
0.0096875,-0.0008095127087391468
0.009690000000000001,-0.001477400352456369
0.0096925,-0.001477400352456369
0.009695,-0.001477400352456369
0.0096975,-0.001143456530597758
0.0097,-0.001143456530597758
0.009702499999999999,-0.001143456530597758
0.009705,-0.001477400352456369
0.009707500000000001,-0.001143456530597758
0.00971,-0.001477400352456369
0.009712500000000001,-0.001477400352456369
0.009715,-0.001477400352456369
0.0097175,-0.001477400352456369
0.009719999999999999,-0.001477400352456369
0.0097225,-0.001143456530597758
0.009724999999999999,-0.001477400352456369
0.0097275,-0.001477400352456369
0.009730000000000001,-0.001143456530597758
0.0097325,-0.001477400352456369
0.009735000000000001,-0.001477400352456369
0.0097375,-0.00181134417431498
0.00974,-0.001477400352456369
0.009742499999999999,-0.001143456530597758
0.009745,-0.001143456530597758
0.009747499999999999,-0.0008095127087391468
0.00975,-0.001143456530597758
0.009752500000000001,-0.001477400352456369
0.009755,-0.001477400352456369
0.009757500000000001,-0.001477400352456369
0.00976,-0.001143456530597758
0.0097625,-0.001143456530597758
0.009764999999999999,-0.001477400352456369
0.0097675,-0.001143456530597758
0.009769999999999999,-0.001477400352456369
0.0097725,-0.001477400352456369
0.009775000000000001,-0.001477400352456369
0.0097775,-0.001477400352456369
0.00978,-0.001477400352456369
0.0097825,-0.001143456530597758
0.009785,-0.001143456530597758
0.009787499999999999,-0.001143456530597758
0.00979,-0.001143456530597758
0.009792500000000001,-0.001143456530597758
0.009795,-0.00181134417431498
0.009797500000000001,-0.00181134417431498
0.0098,-0.001477400352456369
0.0098025,-0.001143456530597758
0.009804999999999999,-0.001477400352456369
0.0098075,-0.001143456530597758
0.009809999999999999,-0.001477400352456369
0.0098125,-0.001143456530597758
0.009815000000000001,-0.00181134417431498
0.0098175,-0.001477400352456369
0.009820000000000001,-0.001477400352456369
0.0098225,-0.001477400352456369
0.009825,-0.001143456530597758
0.009827499999999999,-0.001143456530597758
0.00983,-0.001477400352456369
0.009832499999999999,-0.001477400352456369
0.009835,-0.001477400352456369
0.009837500000000001,-0.001477400352456369
0.00984,-0.001477400352456369
0.009842500000000001,-0.001143456530597758
0.009845,-0.001477400352456369
0.0098475,-0.001477400352456369
0.009849999999999999,-0.001477400352456369
0.0098525,-0.001143456530597758
0.009854999999999999,-0.001477400352456369
0.0098575,-0.001477400352456369
0.009860000000000001,-0.001477400352456369
0.0098625,-0.001477400352456369
0.009865000000000001,-0.001477400352456369
0.0098675,-0.001143456530597758
0.00987,-0.001143456530597758
0.009872499999999999,-0.001143456530597758
0.009875,-0.001477400352456369
0.009877500000000001,-0.001143456530597758
0.00988,-0.0008095127087391468
0.009882500000000001,-0.0008095127087391468
0.009885,-0.001143456530597758
0.0098875,-0.001477400352456369
0.009889999999999999,-0.00181134417431498
0.0098925,-0.00181134417431498
0.009894999999999999,-0.001477400352456369
0.0098975,-0.001477400352456369
0.009900000000000001,-0.00181134417431498
0.0099025,-0.0008095127087391468
0.009905000000000001,-0.001477400352456369
0.0099075,-0.001477400352456369
0.00991,-0.001477400352456369
0.009912499999999999,-0.00181134417431498
0.009915,-0.001477400352456369
0.009917499999999999,-0.001477400352456369
0.00992,-0.001477400352456369
0.009922500000000001,-0.001143456530597758
0.009925,-0.001143456530597758
0.009927500000000001,-0.00181134417431498
0.00993,-0.001477400352456369
0.0099325,-0.00181134417431498
0.009934999999999999,-0.00181134417431498
0.0099375,-0.00181134417431498
0.009939999999999999,-0.001143456530597758
0.0099425,-0.0008095127087391468
0.009945000000000001,-0.001143456530597758
0.0099475,-0.001143456530597758
0.009950000000000001,-0.001477400352456369
0.0099525,-0.00181134417431498
0.009955,-0.001477400352456369
0.009957499999999999,-0.001477400352456369
0.00996,-0.001143456530597758
0.009962499999999999,-0.001143456530597758
0.009965,-0.001477400352456369
0.009967500000000001,-0.001477400352456369
0.00997,-0.00181134417431498
0.0099725,-0.00181134417431498
0.009974999999999999,-0.001477400352456369
0.0099775,-0.00181134417431498
0.009979999999999999,-0.00181134417431498
0.0099825,-0.001143456530597758
0.009985000000000001,-0.001477400352456369
0.0099875,-0.001477400352456369
0.009990000000000001,-0.001477400352456369
0.0099925,-0.001143456530597758
0.009995,-0.001143456530597758
0.009997499999999999,-0.001143456530597758
0.01,-0.001143456530597758
0.0100025,-0.001477400352456369
0.010005,-0.001143456530597758
0.0100075,-0.001143456530597758
0.01001,-0.001477400352456369
0.0100125,-0.00181134417431498
0.010015,-0.001477400352456369
0.0100175,-0.00181134417431498
0.01002,-0.001477400352456369
0.0100225,-0.001143456530597758
0.010025,-0.001477400352456369
0.0100275,-0.001477400352456369
0.01003,-0.00181134417431498
0.0100325,-0.00181134417431498
0.010035,-0.001477400352456369
0.0100375,-0.001477400352456369
0.01004,-0.001143456530597758
0.0100425,-0.001477400352456369
0.010045,-0.00181134417431498
0.0100475,-0.001477400352456369
0.01005,-0.001477400352456369
0.0100525,-0.00181134417431498
0.010055,-0.001477400352456369
0.0100575,-0.001477400352456369
0.01006,-0.001143456530597758
0.0100625,-0.001143456530597758
0.010065,-0.001477400352456369
0.0100675,-0.001477400352456369
0.01007,-0.001477400352456369
0.0100725,-0.001477400352456369
0.010075,-0.001477400352456369
0.0100775,-0.00181134417431498
0.01008,-0.001143456530597758
0.0100825,-0.001477400352456369
0.010085,-0.001477400352456369
0.0100875,-0.001477400352456369
0.01009,-0.001477400352456369
0.0100925,-0.001477400352456369
0.010095,-0.001143456530597758
0.0100975,-0.001477400352456369
0.0101,-0.001143456530597758
0.0101025,-0.00181134417431498
0.010105,-0.001143456530597758
0.0101075,-0.00181134417431498
0.01011,-0.001143456530597758
0.0101125,-0.001477400352456369
0.010115,-0.001143456530597758
0.0101175,-0.001143456530597758
0.01012,-0.001143456530597758
0.0101225,-0.001477400352456369
0.010125,-0.002145287996173591
0.0101275,-0.001477400352456369
0.01013,-0.001477400352456369
0.0101325,-0.001477400352456369
0.010135,-0.001477400352456369
0.0101375,-0.0008095127087391468
0.01014,-0.001143456530597758
0.0101425,-0.001477400352456369
0.010145,-0.001477400352456369
0.0101475,-0.001477400352456369
0.01015,-0.001477400352456369
0.0101525,-0.001143456530597758
0.010155,-0.001143456530597758
0.0101575,-0.001143456530597758
0.01016,-0.001143456530597758
0.0101625,-0.001477400352456369
0.010165,-0.001477400352456369
0.0101675,-0.00181134417431498
0.01017,-0.001477400352456369
0.0101725,-0.001143456530597758
0.010175,-0.001477400352456369
0.0101775,-0.001477400352456369
0.01018,-0.001143456530597758
0.0101825,-0.001477400352456369
0.010185,-0.001477400352456369
0.0101875,-0.001477400352456369
0.01019,-0.001477400352456369
0.0101925,-0.001477400352456369
0.010195,-0.001477400352456369
0.0101975,-0.001477400352456369
0.0102,-0.001143456530597758
0.0102025,-0.001143456530597758
0.010205,-0.00181134417431498
0.0102075,-0.001477400352456369
0.01021,-0.001143456530597758
0.0102125,-0.001477400352456369
0.010215,-0.001143456530597758
0.0102175,-0.001477400352456369
0.01022,-0.001143456530597758
0.0102225,-0.001477400352456369
0.010225,-0.001477400352456369
0.0102275,-0.001477400352456369
0.01023,-0.001477400352456369
0.0102325,-0.001477400352456369
0.010235,-0.001143456530597758
0.0102375,-0.001477400352456369
Time (s),Channel 1 (V)
-1.99999488,-0.0008095127087391468
-1.9995066,-0.0008095127087391468
-1.99901832,-0.0008095127087391468
-1.99853004,-0.0008095127087391468
-1.99804176,-0.0008095127087391468
-1.99755348,-0.0008095127087391468
-1.9970652,-0.001143456530597758
-1.99657692,-0.001143456530597758
-1.99608864,-0.0008095127087391468
-1.99560036,-0.0008095127087391468
-1.99511208,-0.001143456530597758
-1.9946238,-0.001143456530597758
-1.99413552,-0.0008095127087391468
-1.99364724,-0.0008095127087391468
-1.99315896,-0.0008095127087391468
-1.99267068,-0.0008095127087391468
-1.9921824,-0.0008095127087391468
-1.99169412,-0.0008095127087391468
-1.99120584,-0.0008095127087391468
-1.99071756,-0.0008095127087391468
-1.99022928,-0.0008095127087391468
-1.989741,-0.0008095127087391468
-1.98925272,-0.0008095127087391468
-1.98876444,-0.0008095127087391468
-1.98827616,-0.0008095127087391468
-1.98778788,-0.0008095127087391468
-1.9872996,-0.0008095127087391468
-1.98681132,-0.0008095127087391468
-1.98632304,-0.0008095127087391468
-1.98583476,-0.0008095127087391468
-1.98534648,-0.0008095127087391468
-1.9848582,-0.0008095127087391468
-1.98436992,-0.0008095127087391468
-1.98388164,-0.0008095127087391468
-1.98339336,-0.0008095127087391468
-1.98290508,-0.0008095127087391468
-1.9824168,-0.0008095127087391468
-1.98192852,-0.0008095127087391468
-1.98144024,-0.0008095127087391468
-1.98095196,-0.0008095127087391468
-1.98046368,-0.0008095127087391468
-1.9799754,-0.0008095127087391468
-1.97948712,-0.0008095127087391468
-1.97899884,-0.0008095127087391468
-1.97851056,-0.0008095127087391468
-1.97802228,-0.0008095127087391468
-1.977534,-0.0008095127087391468
-1.97704572,-0.0008095127087391468
-1.97655744,-0.0008095127087391468
-1.97606916,-0.0008095127087391468
-1.97558088,-0.0008095127087391468
-1.9750926,-0.0008095127087391468
-1.97460432,-0.0008095127087391468
-1.97411604,-0.0008095127087391468
-1.97362776,-0.0008095127087391468
-1.97313948,-0.001143456530597758
-1.9726512,-0.0008095127087391468
-1.97216292,-0.0008095127087391468
-1.97167464,-0.001143456530597758
-1.97118636,-0.0008095127087391468
-1.97069808,-0.0008095127087391468
-1.9702098,-0.0008095127087391468
-1.96972152,-0.0008095127087391468
-1.96923324,-0.0008095127087391468
-1.96874496,-0.0008095127087391468
-1.96825668,-0.0008095127087391468
-1.9677684,-0.0008095127087391468
-1.96728012,-0.0008095127087391468
-1.96679184,-0.0008095127087391468
-1.96630356,-0.0008095127087391468
-1.96581528,-0.0008095127087391468
-1.965327,-0.0008095127087391468
-1.96483872,-0.0008095127087391468
-1.96435044,-0.0008095127087391468
-1.96386216,-0.001143456530597758
-1.96337388,-0.0008095127087391468
-1.9628856,-0.0008095127087391468
-1.96239732,-0.0008095127087391468
-1.96190904,-0.0008095127087391468
-1.96142076,-0.0008095127087391468
-1.96093248,-0.0008095127087391468
-1.9604442,-0.0008095127087391468
-1.95995592,-0.0008095127087391468
-1.95946764,-0.0008095127087391468
-1.95897936,-0.0008095127087391468
-1.95849108,-0.0008095127087391468
-1.9580028,-0.001143456530597758
-1.95751452,-0.001143456530597758
-1.95702624,-0.0008095127087391468
-1.95653796,-0.0008095127087391468
-1.95604968,-0.001143456530597758
-1.9555614,-0.001143456530597758
-1.95507312,-0.001143456530597758
-1.95458484,-0.001143456530597758
-1.95409656,-0.001143456530597758
-1.95360828,-0.001143456530597758
-1.95312,-0.001143456530597758
-1.95263172,-0.0008095127087391468
-1.95214344,-0.001143456530597758
-1.95165516,-0.001143456530597758
-1.95116688,-0.0008095127087391468
-1.9506786,-0.001143456530597758
-1.95019032,-0.001143456530597758
-1.94970204,-0.0008095127087391468
-1.94921376,-0.0008095127087391468
-1.94872548,-0.001143456530597758
-1.9482372,-0.0008095127087391468
-1.94774892,-0.0008095127087391468
-1.94726064,-0.0008095127087391468
-1.94677236,-0.0008095127087391468
-1.94628408,-0.0008095127087391468
-1.9457958,-0.0008095127087391468
-1.94530752,-0.0008095127087391468
-1.94481924,-0.0008095127087391468
-1.94433096,-0.0008095127087391468
-1.94384268,-0.0008095127087391468
-1.9433544,-0.0008095127087391468
-1.94286612,-0.0008095127087391468
-1.94237784,-0.0008095127087391468
-1.94188956,-0.001143456530597758
-1.94140128,-0.0008095127087391468
-1.940913,-0.0008095127087391468
-1.94042472,-0.0008095127087391468
-1.93993644,-0.0008095127087391468
-1.93944816,-0.0008095127087391468
-1.93895988,-0.0008095127087391468
-1.9384716,-0.0008095127087391468
-1.93798332,-0.0008095127087391468
-1.93749504,-0.0008095127087391468
-1.93700676,-0.001143456530597758
-1.93651848,-0.0008095127087391468
-1.9360302,-0.001143456530597758
-1.93554192,-0.0008095127087391468
-1.93505364,-0.001143456530597758
-1.93456536,-0.0008095127087391468
-1.93407708,-0.001143456530597758
-1.9335888,-0.001143456530597758
-1.93310052,-0.0008095127087391468
-1.93261224,-0.0008095127087391468
-1.93212396,-0.0008095127087391468
-1.93163568,-0.001143456530597758
-1.9311474,-0.0008095127087391468
-1.93065912,-0.001143456530597758
-1.93017084,-0.0008095127087391468
-1.92968256,-0.0008095127087391468
-1.92919428,-0.0008095127087391468
-1.928706,-0.0008095127087391468
-1.92821772,-0.0008095127087391468
-1.92772944,-0.001143456530597758
-1.92724116,-0.001143456530597758
-1.92675288,-0.0008095127087391468
-1.9262646,-0.0008095127087391468
-1.92577632,-0.001143456530597758
-1.92528804,-0.0008095127087391468
-1.92479976,-0.0008095127087391468
-1.92431148,-0.001143456530597758
-1.9238232,-0.001143456530597758
-1.92333492,-0.001143456530597758
-1.92284664,-0.001143456530597758
-1.92235836,-0.001143456530597758
-1.92187008,-0.001143456530597758
-1.9213818,-0.001143456530597758
-1.92089352,-0.001143456530597758
-1.92040524,-0.001143456530597758
-1.91991696,-0.001143456530597758
-1.91942868,-0.0008095127087391468
-1.9189404,-0.001143456530597758
-1.91845212,-0.001143456530597758
-1.91796384,-0.0008095127087391468
-1.91747556,-0.001143456530597758
-1.91698728,-0.001143456530597758
-1.916499,-0.001143456530597758
-1.91601072,-0.001143456530597758
-1.91552244,-0.001143456530597758
-1.91503416,-0.001143456530597758
-1.91454588,-0.001143456530597758
-1.9140576,-0.001143456530597758
-1.91356932,-0.001143456530597758
-1.91308104,-0.0008095127087391468
-1.91259276,-0.001143456530597758
-1.91210448,-0.001143456530597758
-1.9116162,-0.001143456530597758
-1.91112792,-0.001143456530597758
-1.91063964,-0.0008095127087391468
-1.91015136,-0.0008095127087391468
-1.90966308,-0.0008095127087391468
-1.9091748,-0.0008095127087391468
-1.90868652,-0.0008095127087391468
-1.90819824,-0.0008095127087391468
-1.90770996,-0.0008095127087391468
-1.90722168,-0.0008095127087391468
-1.9067334,-0.0008095127087391468
-1.90624512,-0.0008095127087391468
-1.90575684,-0.0008095127087391468
-1.90526856,-0.0008095127087391468
-1.90478028,-0.0008095127087391468
-1.904292,-0.001143456530597758
-1.90380372,-0.0008095127087391468
-1.90331544,-0.0008095127087391468
-1.90282716,-0.0008095127087391468
-1.90233888,-0.0008095127087391468
-1.9018506,-0.0008095127087391468
-1.90136232,-0.0008095127087391468
-1.90087404,-0.0008095127087391468
-1.90038576,-0.0008095127087391468
-1.89989748,-0.0008095127087391468
-1.8994092,-0.001143456530597758
-1.89892092,-0.0008095127087391468
-1.89843264,-0.0008095127087391468
-1.89794436,-0.0008095127087391468
-1.89745608,-0.0008095127087391468
-1.8969678,-0.0008095127087391468
-1.89647952,-0.0008095127087391468
-1.89599124,-0.0008095127087391468
-1.89550296,-0.0008095127087391468
-1.89501468,-0.0008095127087391468
-1.8945264,-0.0008095127087391468
-1.89403812,-0.0008095127087391468
-1.89354984,-0.0008095127087391468
-1.89306156,-0.0008095127087391468
-1.89257328,-0.0008095127087391468
-1.892085,-0.0008095127087391468
-1.89159672,-0.0008095127087391468
-1.89110844,-0.0008095127087391468
-1.89062016,-0.0008095127087391468
-1.89013188,-0.0008095127087391468
-1.8896436,-0.001143456530597758
-1.88915532,-0.0008095127087391468
-1.88866704,-0.001143456530597758
-1.88817876,-0.0008095127087391468
-1.88769048,-0.0008095127087391468
-1.8872022,-0.0008095127087391468
-1.88671392,-0.0008095127087391468
-1.88622564,-0.0008095127087391468
-1.88573736,-0.0008095127087391468
-1.88524908,-0.0008095127087391468
-1.8847608,-0.0008095127087391468
-1.88427252,-0.0008095127087391468
-1.88378424,-0.0008095127087391468
-1.88329596,-0.0008095127087391468
-1.88280768,-0.0008095127087391468
-1.8823194,-0.001143456530597758
-1.88183112,-0.0008095127087391468
-1.88134284,-0.0008095127087391468
-1.88085456,-0.001143456530597758
-1.88036628,-0.001143456530597758
-1.879878,-0.001143456530597758
-1.87938972,-0.0008095127087391468
-1.87890144,-0.0008095127087391468
-1.87841316,-0.0008095127087391468
-1.87792488,-0.0008095127087391468
-1.8774366,-0.0008095127087391468
-1.87694832,-0.0008095127087391468
-1.87646004,-0.0008095127087391468
-1.87597176,-0.0008095127087391468
-1.87548348,-0.0008095127087391468
-1.8749952,-0.0008095127087391468
-1.87450692,-0.001143456530597758
-1.87401864,-0.001143456530597758
-1.87353036,-0.001143456530597758
-1.87304208,-0.0008095127087391468
-1.8725538,-0.0008095127087391468
-1.87206552,-0.001143456530597758
-1.87157724,-0.001143456530597758
-1.87108896,-0.0008095127087391468
-1.87060068,-0.0008095127087391468
-1.8701124,-0.0008095127087391468
-1.86962412,-0.0008095127087391468
-1.86913584,-0.0008095127087391468
-1.86864756,-0.0008095127087391468
-1.86815928,-0.001143456530597758
-1.867671,-0.0008095127087391468
-1.86718272,-0.0008095127087391468
-1.86669444,-0.001143456530597758
-1.86620616,-0.0008095127087391468
-1.86571788,-0.0008095127087391468
-1.8652296,-0.0008095127087391468
-1.86474132,-0.0008095127087391468
-1.86425304,-0.0008095127087391468
-1.86376476,-0.001143456530597758
-1.86327648,-0.001143456530597758
-1.8627882,-0.0008095127087391468
-1.86229992,-0.0008095127087391468
-1.86181164,-0.0008095127087391468
-1.86132336,-0.0008095127087391468
-1.86083508,-0.0008095127087391468
-1.8603468,-0.0008095127087391468
-1.85985852,-0.001143456530597758
-1.85937024,-0.001143456530597758
-1.85888196,-0.0008095127087391468
-1.85839368,-0.0008095127087391468
-1.8579054,-0.0008095127087391468
-1.85741712,-0.0008095127087391468
-1.85692884,-0.001143456530597758
-1.85644056,-0.0008095127087391468
-1.85595228,-0.0008095127087391468
-1.855464,-0.0008095127087391468
-1.85497572,-0.001143456530597758
-1.85448744,-0.0008095127087391468
-1.85399916,-0.001143456530597758
-1.85351088,-0.001143456530597758
-1.8530226,-0.0008095127087391468
-1.85253432,-0.0008095127087391468
-1.85204604,-0.0008095127087391468
-1.85155776,-0.0008095127087391468
-1.85106948,-0.0008095127087391468
-1.8505812,-0.0008095127087391468
-1.85009292,-0.0008095127087391468
-1.84960464,-0.0008095127087391468
-1.84911636,-0.001143456530597758
-1.84862808,-0.001143456530597758
-1.8481398,-0.0008095127087391468
-1.84765152,-0.0008095127087391468
-1.84716324,-0.001143456530597758
-1.84667496,-0.0008095127087391468
-1.84618668,-0.0008095127087391468
-1.8456984,-0.0008095127087391468
-1.84521012,-0.0008095127087391468
-1.84472184,-0.0008095127087391468
-1.84423356,-0.0008095127087391468
-1.84374528,-0.001143456530597758
-1.843257,-0.0008095127087391468
-1.84276872,-0.001143456530597758
-1.84228044,-0.001143456530597758
-1.84179216,-0.0008095127087391468
-1.84130388,-0.001143456530597758
-1.8408156,-0.001143456530597758
-1.84032732,-0.0008095127087391468
-1.83983904,-0.001143456530597758
-1.83935076,-0.001143456530597758
-1.83886248,-0.0008095127087391468
-1.8383742,-0.0008095127087391468
-1.83788592,-0.0008095127087391468
-1.83739764,-0.001143456530597758
-1.83690936,-0.001143456530597758
-1.83642108,-0.0008095127087391468
-1.8359328,-0.0008095127087391468
-1.83544452,-0.001143456530597758
-1.83495624,-0.0008095127087391468
-1.83446796,-0.0008095127087391468
-1.83397968,-0.001143456530597758
-1.8334914,-0.001143456530597758
-1.83300312,-0.001143456530597758
-1.83251484,-0.001143456530597758
-1.83202656,-0.0008095127087391468
-1.83153828,-0.001143456530597758
-1.83105,-0.0008095127087391468
-1.83056172,-0.0008095127087391468
-1.83007344,-0.001143456530597758
-1.82958516,-0.001143456530597758
-1.82909688,-0.0008095127087391468
-1.8286086,-0.0008095127087391468
-1.82812032,-0.001143456530597758
-1.82763204,-0.0008095127087391468
-1.82714376,-0.0008095127087391468
-1.82665548,-0.001143456530597758
-1.8261672,-0.0008095127087391468
-1.82567892,-0.0008095127087391468
-1.82519064,-0.0008095127087391468
-1.82470236,-0.0008095127087391468
-1.82421408,-0.001143456530597758
-1.8237258,-0.0008095127087391468
-1.82323752,-0.0008095127087391468
-1.82274924,-0.001143456530597758
-1.82226096,-0.001143456530597758
-1.82177268,-0.0008095127087391468
-1.8212844,-0.001143456530597758
-1.82079612,-0.001143456530597758
-1.82030784,-0.0008095127087391468
-1.81981956,-0.001143456530597758
-1.81933128,-0.001143456530597758
-1.818843,-0.001143456530597758
-1.81835472,-0.001143456530597758
-1.81786644,-0.001143456530597758
-1.81737816,-0.001143456530597758
-1.81688988,-0.001143456530597758
-1.8164016,-0.001143456530597758
-1.81591332,-0.001143456530597758
-1.81542504,-0.001143456530597758
-1.81493676,-0.001143456530597758
-1.81444848,-0.001143456530597758
-1.8139602,-0.001143456530597758
-1.81347192,-0.001143456530597758
-1.81298364,-0.001143456530597758
-1.81249536,-0.001143456530597758
-1.81200708,-0.001143456530597758
-1.8115188,-0.0008095127087391468
-1.81103052,-0.001143456530597758
-1.81054224,-0.0008095127087391468
-1.81005396,-0.001143456530597758
-1.80956568,-0.001143456530597758
-1.8090774,-0.001143456530597758
-1.80858912,-0.001143456530597758
-1.80810084,-0.001143456530597758
-1.80761256,-0.001143456530597758
-1.80712428,-0.001143456530597758
-1.806636,-0.001143456530597758
-1.80614772,-0.001143456530597758
-1.80565944,-0.001143456530597758
-1.80517116,-0.0008095127087391468
-1.80468288,-0.001143456530597758
-1.8041946,-0.001143456530597758
-1.80370632,-0.001143456530597758
-1.80321804,-0.001143456530597758
-1.80272976,-0.001143456530597758
-1.80224148,-0.001143456530597758
-1.8017532,-0.0008095127087391468
-1.80126492,-0.0008095127087391468
-1.80077664,-0.0008095127087391468
-1.80028836,-0.001143456530597758
-1.79980008,-0.001143456530597758
-1.7993118,-0.001143456530597758
-1.79882352,-0.001143456530597758
-1.79833524,-0.001143456530597758
-1.79784696,-0.0008095127087391468
-1.79735868,-0.001143456530597758
-1.7968704,-0.001143456530597758
-1.79638212,-0.001143456530597758
-1.79589384,-0.001143456530597758
-1.79540556,-0.0008095127087391468
-1.79491728,-0.0008095127087391468
-1.794429,-0.001143456530597758
-1.79394072,-0.001143456530597758
-1.79345244,-0.001143456530597758
-1.79296416,-0.0008095127087391468
-1.79247588,-0.001143456530597758
-1.7919876,-0.001143456530597758
-1.79149932,-0.001143456530597758
-1.79101104,-0.001143456530597758
-1.79052276,-0.001143456530597758
-1.79003448,-0.001143456530597758
-1.7895462,-0.001143456530597758
-1.78905792,-0.001143456530597758
-1.78856964,-0.001143456530597758
-1.78808136,-0.001143456530597758
-1.78759308,-0.001143456530597758
-1.7871048,-0.0008095127087391468
-1.78661652,-0.001143456530597758
-1.78612824,-0.001143456530597758
-1.78563996,-0.0008095127087391468
-1.78515168,-0.0008095127087391468
-1.7846634,-0.001143456530597758
-1.78417512,-0.001143456530597758
-1.78368684,-0.0008095127087391468
-1.78319856,-0.0008095127087391468
-1.78271028,-0.001143456530597758
-1.782222,-0.0008095127087391468
-1.78173372,-0.001143456530597758
-1.78124544,-0.0008095127087391468
-1.78075716,-0.0008095127087391468
-1.78026888,-0.001143456530597758
-1.7797806,-0.0008095127087391468
-1.77929232,-0.0008095127087391468
-1.77880404,-0.0008095127087391468
-1.77831576,-0.0008095127087391468
-1.77782748,-0.0008095127087391468
-1.7773392,-0.0008095127087391468
-1.77685092,-0.001143456530597758
-1.77636264,-0.001143456530597758
-1.77587436,-0.001143456530597758
-1.77538608,-0.001143456530597758
-1.7748978,-0.0008095127087391468
-1.77440952,-0.001143456530597758
-1.77392124,-0.001143456530597758
-1.77343296,-0.001143456530597758
-1.77294468,-0.0008095127087391468
-1.7724564,-0.001143456530597758
-1.77196812,-0.0008095127087391468
-1.77147984,-0.001143456530597758
-1.77099156,-0.0008095127087391468
-1.77050328,-0.0008095127087391468
-1.770015,-0.0008095127087391468
-1.76952672,-0.0008095127087391468
-1.76903844,-0.0008095127087391468
-1.76855016,-0.001143456530597758
-1.76806188,-0.001143456530597758
-1.7675736,-0.001143456530597758
-1.76708532,-0.0008095127087391468
-1.76659704,-0.0008095127087391468
-1.76610876,-0.0008095127087391468
-1.76562048,-0.001143456530597758
-1.7651322,-0.0008095127087391468
-1.76464392,-0.0008095127087391468
-1.76415564,-0.001143456530597758
-1.76366736,-0.001143456530597758
-1.76317908,-0.001143456530597758
-1.7626908,-0.0008095127087391468
-1.76220252,-0.0008095127087391468
-1.76171424,-0.001143456530597758
-1.76122596,-0.001143456530597758
-1.76073768,-0.001143456530597758
-1.7602494,-0.0008095127087391468
-1.75976112,-0.0008095127087391468
-1.75927284,-0.0008095127087391468
-1.75878456,-0.0008095127087391468
-1.75829628,-0.0008095127087391468
-1.757808,-0.0008095127087391468
-1.75731972,-0.0008095127087391468
-1.75683144,-0.001143456530597758
-1.75634316,-0.001143456530597758
-1.75585488,-0.0008095127087391468
-1.7553666,-0.0008095127087391468
-1.75487832,-0.0008095127087391468
-1.75439004,-0.0008095127087391468
-1.75390176,-0.0008095127087391468
-1.75341348,-0.0008095127087391468
-1.7529252,-0.001143456530597758
-1.75243692,-0.0008095127087391468
-1.75194864,-0.0008095127087391468
-1.75146036,-0.0008095127087391468
-1.75097208,-0.001143456530597758
-1.7504838,-0.0008095127087391468
-1.74999552,-0.0008095127087391468
-1.74950724,-0.0008095127087391468
-1.74901896,-0.001143456530597758
-1.74853068,-0.0008095127087391468
-1.7480424,-0.0008095127087391468
-1.74755412,-0.0008095127087391468
-1.74706584,-0.001143456530597758
-1.74657756,-0.001143456530597758
-1.74608928,-0.001143456530597758
-1.745601,-0.001143456530597758
-1.74511272,-0.001143456530597758
-1.74462444,-0.0008095127087391468
-1.74413616,-0.001143456530597758
-1.74364788,-0.001143456530597758
-1.7431596,-0.001143456530597758
-1.74267132,-0.001143456530597758
-1.74218304,-0.001143456530597758
-1.74169476,-0.001143456530597758
-1.74120648,-0.001143456530597758
-1.7407182,-0.0008095127087391468
-1.74022992,-0.001143456530597758
-1.73974164,-0.001143456530597758
-1.73925336,-0.001143456530597758
-1.73876508,-0.001143456530597758
-1.7382768,-0.0008095127087391468
-1.73778852,-0.001143456530597758
-1.73730024,-0.001143456530597758
-1.73681196,-0.0008095127087391468
-1.73632368,-0.001143456530597758
-1.7358354,-0.001143456530597758
-1.73534712,-0.0008095127087391468
-1.73485884,-0.001143456530597758
-1.73437056,-0.0008095127087391468
-1.73388228,-0.0008095127087391468
-1.733394,-0.001143456530597758
-1.73290572,-0.001143456530597758
-1.73241744,-0.001143456530597758
-1.73192916,-0.001143456530597758
-1.73144088,-0.001143456530597758
-1.7309526,-0.001143456530597758
-1.73046432,-0.001143456530597758
-1.72997604,-0.0008095127087391468
-1.72948776,-0.0008095127087391468
-1.72899948,-0.0008095127087391468
-1.7285112,-0.001143456530597758
-1.72802292,-0.0008095127087391468
-1.72753464,-0.001143456530597758
-1.72704636,-0.001143456530597758
-1.72655808,-0.001143456530597758
-1.7260698,-0.001143456530597758
-1.72558152,-0.0008095127087391468
-1.72509324,-0.0008095127087391468
-1.72460496,-0.0008095127087391468
-1.72411668,-0.001143456530597758
-1.7236284,-0.001143456530597758
-1.72314012,-0.0008095127087391468
-1.72265184,-0.001143456530597758
-1.72216356,-0.001143456530597758
-1.72167528,-0.001143456530597758
-1.721187,-0.0008095127087391468
-1.72069872,-0.0008095127087391468
-1.72021044,-0.0008095127087391468
-1.71972216,-0.001143456530597758
-1.71923388,-0.0008095127087391468
-1.7187456,-0.0008095127087391468
-1.71825732,-0.0008095127087391468
-1.71776904,-0.0008095127087391468
-1.71728076,-0.0008095127087391468
-1.71679248,-0.001143456530597758
-1.7163042,-0.001143456530597758
-1.71581592,-0.0008095127087391468
-1.71532764,-0.0008095127087391468
-1.71483936,-0.0008095127087391468
-1.71435108,-0.0008095127087391468
-1.7138628,-0.0008095127087391468
-1.71337452,-0.0008095127087391468
-1.71288624,-0.0008095127087391468
-1.71239796,-0.001143456530597758
-1.71190968,-0.0008095127087391468
-1.7114214,-0.0008095127087391468
-1.71093312,-0.0008095127087391468
-1.71044484,-0.0008095127087391468
-1.70995656,-0.0008095127087391468
-1.70946828,-0.0008095127087391468
-1.70898,-0.0008095127087391468
-1.70849172,-0.0008095127087391468
-1.70800344,-0.001143456530597758
-1.70751516,-0.001143456530597758
-1.70702688,-0.0008095127087391468
-1.7065386,-0.0008095127087391468
-1.70605032,-0.0008095127087391468
-1.70556204,-0.0008095127087391468
-1.70507376,-0.0008095127087391468
-1.70458548,-0.0008095127087391468
-1.7040972,-0.0008095127087391468
-1.70360892,-0.0008095127087391468
-1.70312064,-0.0008095127087391468
-1.70263236,-0.0008095127087391468
-1.70214408,-0.0008095127087391468
-1.7016558,-0.0008095127087391468
-1.70116752,-0.0008095127087391468
-1.70067924,-0.0008095127087391468
-1.70019096,-0.0008095127087391468
-1.69970268,-0.0008095127087391468
-1.6992144,-0.0008095127087391468
-1.69872612,-0.0008095127087391468
-1.69823784,-0.001143456530597758
-1.69774956,-0.001143456530597758
-1.69726128,-0.0008095127087391468
-1.696773,-0.001143456530597758
-1.69628472,-0.0008095127087391468
-1.69579644,-0.001143456530597758
-1.69530816,-0.0008095127087391468
-1.69481988,-0.001143456530597758
-1.6943316,-0.001143456530597758
-1.69384332,-0.001143456530597758
-1.69335504,-0.0008095127087391468
-1.69286676,-0.0008095127087391468
-1.69237848,-0.0008095127087391468
-1.6918902,-0.0008095127087391468
-1.69140192,-0.0008095127087391468
-1.69091364,-0.0008095127087391468
-1.69042536,-0.0008095127087391468
-1.68993708,-0.001143456530597758
-1.6894488,-0.0008095127087391468
-1.68896052,-0.0008095127087391468
-1.68847224,-0.0008095127087391468
-1.68798396,-0.0008095127087391468
-1.68749568,-0.0008095127087391468
-1.6870074,-0.0008095127087391468
-1.68651912,-0.0008095127087391468
-1.68603084,-0.0008095127087391468
-1.68554256,-0.0008095127087391468
-1.68505428,-0.0008095127087391468
-1.684566,-0.0008095127087391468
-1.68407772,-0.0008095127087391468
-1.68358944,-0.0008095127087391468
-1.68310116,-0.001143456530597758
-1.68261288,-0.0008095127087391468
-1.6821246,-0.001143456530597758
-1.68163632,-0.0008095127087391468
-1.68114804,-0.001143456530597758
-1.68065976,-0.001143456530597758
-1.68017148,-0.0008095127087391468
-1.6796832,-0.0008095127087391468
-1.67919492,-0.001143456530597758
-1.67870664,-0.001143456530597758
-1.67821836,-0.001143456530597758
-1.67773008,-0.0008095127087391468
-1.6772418,-0.001143456530597758
-1.67675352,-0.0008095127087391468
-1.67626524,-0.0008095127087391468
-1.67577696,-0.0008095127087391468
-1.67528868,-0.0008095127087391468
-1.6748004,-0.0008095127087391468
-1.67431212,-0.0008095127087391468
-1.67382384,-0.001143456530597758
-1.67333556,-0.001143456530597758
-1.67284728,-0.0008095127087391468
-1.672359,-0.0008095127087391468
-1.67187072,-0.0008095127087391468
-1.67138244,-0.0008095127087391468
-1.67089416,-0.0008095127087391468
-1.67040588,-0.0008095127087391468
-1.6699176,-0.0008095127087391468
-1.66942932,-0.0008095127087391468
-1.66894104,-0.0008095127087391468
-1.66845276,-0.0008095127087391468
-1.66796448,-0.0008095127087391468
-1.6674762,-0.0008095127087391468
-1.66698792,-0.0008095127087391468
-1.66649964,-0.0008095127087391468
-1.66601136,-0.0008095127087391468
-1.66552308,-0.0008095127087391468
-1.6650348,-0.0008095127087391468
-1.66454652,-0.0008095127087391468
-1.66405824,-0.0008095127087391468
-1.66356996,-0.0008095127087391468
-1.66308168,-0.001143456530597758
-1.6625934,-0.0008095127087391468
-1.66210512,-0.0008095127087391468
-1.66161684,-0.001143456530597758
-1.66112856,-0.001143456530597758
-1.66064028,-0.0008095127087391468
-1.660152,-0.001143456530597758
-1.65966372,-0.0008095127087391468
-1.65917544,-0.0008095127087391468
-1.65868716,-0.001143456530597758
-1.65819888,-0.0008095127087391468
-1.6577106,-0.0008095127087391468
-1.65722232,-0.0008095127087391468
-1.65673404,-0.0008095127087391468
-1.65624576,-0.001143456530597758
-1.65575748,-0.0008095127087391468
-1.6552692,-0.0008095127087391468
-1.65478092,-0.0008095127087391468
-1.65429264,-0.001143456530597758
-1.65380436,-0.001143456530597758
-1.65331608,-0.001143456530597758
-1.6528278,-0.001143456530597758
-1.65233952,-0.0008095127087391468
-1.65185124,-0.001143456530597758
-1.65136296,-0.001143456530597758
-1.65087468,-0.0008095127087391468
-1.6503864,-0.0008095127087391468
-1.64989812,-0.001143456530597758
-1.64940984,-0.0008095127087391468
-1.64892156,-0.001143456530597758
-1.64843328,-0.0008095127087391468
-1.647945,-0.0008095127087391468
-1.64745672,-0.001143456530597758
-1.64696844,-0.0008095127087391468
-1.64648016,-0.0008095127087391468
-1.64599188,-0.0008095127087391468
-1.6455036,-0.0008095127087391468
-1.64501532,-0.0008095127087391468
-1.64452704,-0.0008095127087391468
-1.64403876,-0.0008095127087391468
-1.64355048,-0.001143456530597758
-1.6430622,-0.0008095127087391468
-1.64257392,-0.0008095127087391468
-1.64208564,-0.0008095127087391468
-1.64159736,-0.0008095127087391468
-1.64110908,-0.0008095127087391468
-1.6406208,-0.0008095127087391468
-1.64013252,-0.0008095127087391468
-1.63964424,-0.0008095127087391468
-1.63915596,-0.0008095127087391468
-1.63866768,-0.0008095127087391468
-1.6381794,-0.001143456530597758
-1.63769112,-0.0008095127087391468
-1.63720284,-0.001143456530597758
-1.63671456,-0.0008095127087391468
-1.63622628,-0.0008095127087391468
-1.635738,-0.0008095127087391468
-1.63524972,-0.0008095127087391468
-1.63476144,-0.0008095127087391468
-1.63427316,-0.001143456530597758
-1.63378488,-0.0008095127087391468
-1.6332966,-0.001143456530597758
-1.63280832,-0.0008095127087391468
-1.63232004,-0.0008095127087391468
-1.63183176,-0.001143456530597758
-1.63134348,-0.001143456530597758
-1.6308552,-0.0008095127087391468
-1.63036692,-0.0008095127087391468
-1.62987864,-0.0008095127087391468
-1.62939036,-0.0008095127087391468
-1.62890208,-0.0008095127087391468
-1.6284138,-0.0008095127087391468
-1.62792552,-0.001143456530597758
-1.62743724,-0.0008095127087391468
-1.62694896,-0.0008095127087391468
-1.62646068,-0.0008095127087391468
-1.6259724,-0.0008095127087391468
-1.62548412,-0.001143456530597758
-1.62499584,-0.001143456530597758
-1.62450756,-0.0008095127087391468
-1.62401928,-0.001143456530597758
-1.623531,-0.001143456530597758
-1.62304272,-0.0008095127087391468
-1.62255444,-0.0008095127087391468
-1.62206616,-0.0008095127087391468
-1.62157788,-0.0008095127087391468
-1.6210896,-0.001143456530597758
-1.62060132,-0.0008095127087391468
-1.62011304,-0.0008095127087391468
-1.61962476,-0.0008095127087391468
-1.61913648,-0.001143456530597758
-1.6186482,-0.0008095127087391468
-1.61815992,-0.0008095127087391468
-1.61767164,-0.001143456530597758
-1.61718336,-0.0008095127087391468
-1.61669508,-0.0008095127087391468
-1.6162068,-0.0008095127087391468
-1.61571852,-0.001143456530597758
-1.61523024,-0.001143456530597758
-1.61474196,-0.001143456530597758
-1.61425368,-0.001143456530597758
-1.6137654,-0.001143456530597758
-1.61327712,-0.0008095127087391468
-1.61278884,-0.001143456530597758
-1.61230056,-0.0008095127087391468
-1.61181228,-0.0008095127087391468
-1.611324,-0.0008095127087391468
-1.61083572,-0.0008095127087391468
-1.61034744,-0.0008095127087391468
-1.60985916,-0.0008095127087391468
-1.60937088,-0.001143456530597758
-1.6088826,-0.0008095127087391468
-1.60839432,-0.0008095127087391468
-1.60790604,-0.0008095127087391468
-1.60741776,-0.0008095127087391468
-1.60692948,-0.0008095127087391468
-1.6064412,-0.0008095127087391468
-1.60595292,-0.0008095127087391468
-1.60546464,-0.0008095127087391468
-1.60497636,-0.0008095127087391468
-1.60448808,-0.0008095127087391468
-1.6039998,-0.0008095127087391468
-1.60351152,-0.001143456530597758
-1.60302324,-0.0008095127087391468
-1.60253496,-0.001143456530597758
-1.60204668,-0.001143456530597758
-1.6015584,-0.001143456530597758
-1.60107012,-0.001143456530597758
-1.60058184,-0.0008095127087391468
-1.60009356,-0.0008095127087391468
-1.59960528,-0.0008095127087391468
-1.599117,-0.001143456530597758
-1.59862872,-0.0008095127087391468
-1.59814044,-0.001143456530597758
-1.59765216,-0.001143456530597758
-1.59716388,-0.001143456530597758
-1.5966756,-0.001143456530597758
-1.59618732,-0.0008095127087391468
-1.59569904,-0.0008095127087391468
-1.59521076,-0.0008095127087391468
-1.59472248,-0.001143456530597758
-1.5942342,-0.001143456530597758
-1.59374592,-0.0008095127087391468
-1.59325764,-0.001143456530597758
-1.59276936,-0.001143456530597758
-1.59228108,-0.001143456530597758
-1.5917928,-0.001143456530597758
-1.59130452,-0.0008095127087391468
-1.59081624,-0.0008095127087391468
-1.59032796,-0.0008095127087391468
-1.58983968,-0.001143456530597758
-1.5893514,-0.0008095127087391468
-1.58886312,-0.001143456530597758
-1.58837484,-0.0008095127087391468
-1.58788656,-0.0008095127087391468
-1.58739828,-0.0008095127087391468
-1.58691,-0.001143456530597758
-1.58642172,-0.001143456530597758
-1.58593344,-0.001143456530597758
-1.58544516,-0.0008095127087391468
-1.58495688,-0.001143456530597758
-1.5844686,-0.0008095127087391468
-1.58398032,-0.0008095127087391468
-1.58349204,-0.001143456530597758
-1.58300376,-0.001143456530597758
-1.58251548,-0.001143456530597758
-1.5820272,-0.001143456530597758
-1.58153892,-0.001143456530597758
-1.58105064,-0.001143456530597758
-1.58056236,-0.001143456530597758
-1.58007408,-0.001143456530597758
-1.5795858,-0.001143456530597758
-1.57909752,-0.001143456530597758
-1.57860924,-0.0008095127087391468
-1.57812096,-0.001143456530597758
-1.57763268,-0.001143456530597758
-1.5771444,-0.0008095127087391468
-1.57665612,-0.0008095127087391468
-1.57616784,-0.0008095127087391468
-1.57567956,-0.001143456530597758
-1.57519128,-0.0008095127087391468
-1.574703,-0.0008095127087391468
-1.57421472,-0.001143456530597758
-1.57372644,-0.001143456530597758
-1.57323816,-0.001143456530597758
-1.57274988,-0.001143456530597758
-1.5722616,-0.001143456530597758
-1.57177332,-0.0008095127087391468
-1.57128504,-0.001143456530597758
-1.57079676,-0.0008095127087391468
-1.57030848,-0.0008095127087391468
-1.5698202,-0.001143456530597758
-1.56933192,-0.0008095127087391468
-1.56884364,-0.0008095127087391468
-1.56835536,-0.001143456530597758
-1.56786708,-0.0008095127087391468
-1.5673788,-0.001143456530597758
-1.56689052,-0.0008095127087391468
-1.56640224,-0.0008095127087391468
-1.56591396,-0.0008095127087391468
-1.56542568,-0.001143456530597758
-1.5649374,-0.0008095127087391468
-1.56444912,-0.0008095127087391468
-1.56396084,-0.0008095127087391468
-1.56347256,-0.0008095127087391468
-1.56298428,-0.0008095127087391468
-1.562496,-0.0008095127087391468
-1.56200772,-0.0008095127087391468
-1.56151944,-0.0008095127087391468
-1.56103116,-0.0008095127087391468
-1.56054288,-0.0008095127087391468
-1.5600546,-0.0008095127087391468
-1.55956632,-0.0008095127087391468
-1.55907804,-0.0008095127087391468
-1.55858976,-0.0008095127087391468
-1.55810148,-0.001143456530597758
-1.5576132,-0.0008095127087391468
-1.55712492,-0.001143456530597758
-1.55663664,-0.0008095127087391468
-1.55614836,-0.0008095127087391468
-1.55566008,-0.0008095127087391468
-1.5551718,-0.001143456530597758
-1.55468352,-0.001143456530597758
-1.55419524,-0.0008095127087391468
-1.55370696,-0.001143456530597758
-1.55321868,-0.001143456530597758
-1.5527304,-0.001143456530597758
-1.55224212,-0.0008095127087391468
-1.55175384,-0.0008095127087391468
-1.55126556,-0.0008095127087391468
-1.55077728,-0.0008095127087391468
-1.550289,-0.0008095127087391468
-1.54980072,-0.0008095127087391468
-1.54931244,-0.0008095127087391468
-1.54882416,-0.0008095127087391468
-1.54833588,-0.001143456530597758
-1.5478476,-0.0008095127087391468
-1.54735932,-0.0008095127087391468
-1.54687104,-0.0008095127087391468
-1.54638276,-0.0008095127087391468
-1.54589448,-0.0008095127087391468
-1.5454062,-0.0008095127087391468
-1.54491792,-0.0008095127087391468
-1.54442964,-0.0008095127087391468
-1.54394136,-0.0008095127087391468
-1.54345308,-0.0008095127087391468
-1.5429648,-0.0008095127087391468
-1.54247652,-0.0008095127087391468
-1.54198824,-0.0008095127087391468
-1.54149996,-0.0008095127087391468
-1.54101168,-0.0008095127087391468
-1.5405234,-0.0008095127087391468
-1.54003512,-0.0008095127087391468
-1.53954684,-0.0008095127087391468
-1.53905856,-0.0008095127087391468
-1.53857028,-0.0008095127087391468
-1.538082,-0.0008095127087391468
-1.53759372,-0.0008095127087391468
-1.53710544,-0.0008095127087391468
-1.53661716,-0.0008095127087391468
-1.53612888,-0.0008095127087391468
-1.5356406,-0.0008095127087391468
-1.53515232,-0.0008095127087391468
-1.53466404,-0.0008095127087391468
-1.53417576,-0.0008095127087391468
-1.53368748,-0.0008095127087391468
-1.5331992,-0.0008095127087391468
-1.53271092,-0.0008095127087391468
-1.53222264,-0.0008095127087391468
-1.53173436,-0.001143456530597758
-1.53124608,-0.0008095127087391468
-1.5307578,-0.0008095127087391468
-1.53026952,-0.0008095127087391468
-1.52978124,-0.0008095127087391468
-1.52929296,-0.0008095127087391468
-1.52880468,-0.0008095127087391468
-1.5283164,-0.0008095127087391468
-1.52782812,-0.0008095127087391468
-1.52733984,-0.0008095127087391468
-1.52685156,-0.0008095127087391468
-1.52636328,-0.0008095127087391468
-1.525875,-0.0008095127087391468
-1.52538672,-0.0008095127087391468
-1.52489844,-0.0008095127087391468
-1.52441016,-0.0008095127087391468
-1.52392188,-0.0008095127087391468
-1.5234336,-0.0008095127087391468
-1.52294532,-0.0008095127087391468
-1.52245704,-0.0008095127087391468
-1.52196876,-0.0008095127087391468
-1.52148048,-0.0008095127087391468
-1.5209922,-0.0008095127087391468
-1.52050392,-0.0008095127087391468
-1.52001564,-0.0008095127087391468
-1.51952736,-0.0008095127087391468
-1.51903908,-0.0008095127087391468
-1.5185508,-0.0008095127087391468
-1.51806252,-0.0008095127087391468
-1.51757424,-0.0008095127087391468
-1.51708596,-0.0008095127087391468
-1.51659768,-0.001143456530597758
-1.5161094,-0.001143456530597758
-1.51562112,-0.0008095127087391468
-1.51513284,-0.001143456530597758
-1.51464456,-0.0008095127087391468
-1.51415628,-0.0008095127087391468
-1.513668,-0.0008095127087391468
-1.51317972,-0.0008095127087391468
-1.51269144,-0.0008095127087391468
-1.51220316,-0.0008095127087391468
-1.51171488,-0.0008095127087391468
-1.5112266,-0.0008095127087391468
-1.51073832,-0.0008095127087391468
-1.51025004,-0.0008095127087391468
-1.50976176,-0.0008095127087391468
-1.50927348,-0.0008095127087391468
-1.5087852,-0.0008095127087391468
-1.50829692,-0.0008095127087391468
-1.50780864,-0.0008095127087391468
-1.50732036,-0.0008095127087391468
-1.50683208,-0.0008095127087391468
-1.5063438,-0.0008095127087391468
-1.50585552,-0.0008095127087391468
-1.50536724,-0.0008095127087391468
-1.50487896,-0.0008095127087391468
-1.50439068,-0.0008095127087391468
-1.5039024,-0.0008095127087391468
-1.50341412,-0.0008095127087391468
-1.50292584,-0.0008095127087391468
-1.50243756,-0.001143456530597758
-1.50194928,-0.0008095127087391468
-1.501461,-0.0008095127087391468
-1.50097272,-0.0008095127087391468
-1.50048444,-0.0008095127087391468
-1.49999616,-0.0008095127087391468
-1.49950788,-0.0008095127087391468
-1.4990196,-0.001143456530597758
-1.49853132,-0.0008095127087391468
-1.49804304,-0.0008095127087391468
-1.49755476,-0.0008095127087391468
-1.49706648,-0.0008095127087391468
-1.4965782,-0.0008095127087391468
-1.49608992,-0.0008095127087391468
-1.49560164,-0.001143456530597758
-1.49511336,-0.001143456530597758
-1.49462508,-0.0008095127087391468
-1.4941368,-0.001143456530597758
-1.49364852,-0.001143456530597758
-1.49316024,-0.0008095127087391468
-1.49267196,-0.001143456530597758
-1.49218368,-0.0008095127087391468
-1.4916954,-0.0008095127087391468
-1.49120712,-0.0008095127087391468
-1.49071884,-0.0008095127087391468
-1.49023056,-0.0008095127087391468
-1.48974228,-0.0008095127087391468
-1.489254,-0.0008095127087391468
-1.48876572,-0.0008095127087391468
-1.48827744,-0.0008095127087391468
-1.48778916,-0.0008095127087391468
-1.48730088,-0.0008095127087391468
-1.4868126,-0.0008095127087391468
-1.48632432,-0.0008095127087391468
-1.48583604,-0.001143456530597758
-1.48534776,-0.0008095127087391468
-1.48485948,-0.0008095127087391468
-1.4843712,-0.0008095127087391468
-1.48388292,-0.0008095127087391468
-1.48339464,-0.0008095127087391468
-1.48290636,-0.001143456530597758
-1.48241808,-0.0008095127087391468
-1.4819298,-0.0008095127087391468
-1.48144152,-0.0008095127087391468
-1.48095324,-0.001143456530597758
-1.48046496,-0.0008095127087391468
-1.47997668,-0.001143456530597758
-1.4794884,-0.0008095127087391468
-1.47900012,-0.001143456530597758
-1.47851184,-0.001143456530597758
-1.47802356,-0.0008095127087391468
-1.47753528,-0.001143456530597758
-1.477047,-0.001143456530597758
-1.47655872,-0.0008095127087391468
-1.47607044,-0.001143456530597758
-1.47558216,-0.0008095127087391468
-1.47509388,-0.0008095127087391468
-1.4746056,-0.001143456530597758
-1.47411732,-0.001143456530597758
-1.47362904,-0.001143456530597758
-1.47314076,-0.001143456530597758
-1.47265248,-0.001143456530597758
-1.4721642,-0.0008095127087391468
-1.47167592,-0.0008095127087391468
-1.47118764,-0.001143456530597758
-1.47069936,-0.001143456530597758
-1.47021108,-0.001143456530597758
-1.4697228,-0.0008095127087391468
-1.46923452,-0.0008095127087391468
-1.46874624,-0.0008095127087391468
-1.46825796,-0.0008095127087391468
-1.46776968,-0.0008095127087391468
-1.4672814,-0.0008095127087391468
-1.46679312,-0.001143456530597758
-1.46630484,-0.0008095127087391468
-1.46581656,-0.0008095127087391468
-1.46532828,-0.0008095127087391468
-1.46484,-0.0008095127087391468
-1.46435172,-0.0008095127087391468
-1.46386344,-0.0008095127087391468
-1.46337516,-0.0008095127087391468
-1.46288688,-0.0008095127087391468
-1.4623986,-0.0008095127087391468
-1.46191032,-0.0008095127087391468
-1.46142204,-0.0008095127087391468
-1.46093376,-0.0008095127087391468
-1.46044548,-0.0008095127087391468
-1.4599572,-0.0008095127087391468
-1.45946892,-0.001143456530597758
-1.45898064,-0.0008095127087391468
-1.45849236,-0.001143456530597758
-1.45800408,-0.0008095127087391468
-1.4575158,-0.0008095127087391468
-1.45702752,-0.001143456530597758
-1.45653924,-0.001143456530597758
-1.45605096,-0.0008095127087391468
-1.45556268,-0.0008095127087391468
-1.4550744,-0.001143456530597758
-1.45458612,-0.001143456530597758
-1.45409784,-0.001143456530597758
-1.45360956,-0.001143456530597758
-1.45312128,-0.001143456530597758
-1.452633,-0.001143456530597758
-1.45214472,-0.001143456530597758
-1.45165644,-0.001143456530597758
-1.45116816,-0.001143456530597758
-1.45067988,-0.001143456530597758
-1.4501916,-0.001143456530597758
-1.44970332,-0.001143456530597758
-1.44921504,-0.001143456530597758
-1.44872676,-0.0008095127087391468
-1.44823848,-0.001143456530597758
-1.4477502,-0.0008095127087391468
-1.44726192,-0.0008095127087391468
-1.44677364,-0.0008095127087391468
-1.44628536,-0.001143456530597758
-1.44579708,-0.001143456530597758
-1.4453088,-0.0008095127087391468
-1.44482052,-0.0008095127087391468
-1.44433224,-0.0008095127087391468
-1.44384396,-0.0008095127087391468
-1.44335568,-0.0008095127087391468
-1.4428674,-0.001143456530597758
-1.44237912,-0.001143456530597758
-1.44189084,-0.001143456530597758
-1.44140256,-0.0008095127087391468
-1.44091428,-0.0008095127087391468
-1.440426,-0.001143456530597758
-1.43993772,-0.001143456530597758
-1.43944944,-0.001143456530597758
-1.43896116,-0.0008095127087391468
-1.43847288,-0.001143456530597758
-1.4379846,-0.001143456530597758
-1.43749632,-0.0008095127087391468
-1.43700804,-0.001143456530597758
-1.43651976,-0.001143456530597758
-1.43603148,-0.001143456530597758
-1.4355432,-0.001143456530597758
-1.43505492,-0.0008095127087391468
-1.43456664,-0.001143456530597758
-1.43407836,-0.0008095127087391468
-1.43359008,-0.0008095127087391468
-1.4331018,-0.0008095127087391468
-1.43261352,-0.0008095127087391468
-1.43212524,-0.0008095127087391468
-1.43163696,-0.001143456530597758
-1.43114868,-0.0008095127087391468
-1.4306604,-0.0008095127087391468
-1.43017212,-0.0008095127087391468
-1.42968384,-0.0008095127087391468
-1.42919556,-0.0008095127087391468
-1.42870728,-0.0008095127087391468
-1.428219,-0.0008095127087391468
-1.42773072,-0.001143456530597758
-1.42724244,-0.0008095127087391468
-1.42675416,-0.001143456530597758
-1.42626588,-0.0008095127087391468
-1.4257776,-0.001143456530597758
-1.42528932,-0.0008095127087391468
-1.42480104,-0.0008095127087391468
-1.42431276,-0.0008095127087391468
-1.42382448,-0.0008095127087391468
-1.4233362,-0.0008095127087391468
-1.42284792,-0.0008095127087391468
-1.42235964,-0.0008095127087391468
-1.42187136,-0.0008095127087391468
-1.42138308,-0.0008095127087391468
-1.4208948,-0.0008095127087391468
-1.42040652,-0.0008095127087391468
-1.41991824,-0.0008095127087391468
-1.41942996,-0.0008095127087391468
-1.41894168,-0.0008095127087391468
-1.4184534,-0.0008095127087391468
-1.41796512,-0.0008095127087391468
-1.41747684,-0.0008095127087391468
-1.41698856,-0.0008095127087391468
-1.41650028,-0.0008095127087391468
-1.416012,-0.0008095127087391468
-1.41552372,-0.0008095127087391468
-1.41503544,-0.0008095127087391468
-1.41454716,-0.001143456530597758
-1.41405888,-0.0008095127087391468
-1.4135706,-0.001143456530597758
-1.41308232,-0.001143456530597758
-1.41259404,-0.0008095127087391468
-1.41210576,-0.001143456530597758
-1.41161748,-0.0008095127087391468
-1.4111292,-0.001143456530597758
-1.41064092,-0.0008095127087391468
-1.41015264,-0.001143456530597758
-1.40966436,-0.0008095127087391468
-1.40917608,-0.001143456530597758
-1.4086878,-0.0008095127087391468
-1.40819952,-0.0008095127087391468
-1.40771124,-0.0008095127087391468
-1.40722296,-0.0008095127087391468
-1.40673468,-0.0008095127087391468
-1.4062464,-0.0008095127087391468
-1.40575812,-0.0008095127087391468
-1.40526984,-0.0008095127087391468
-1.40478156,-0.0008095127087391468
-1.40429328,-0.0008095127087391468
-1.403805,-0.001143456530597758
-1.40331672,-0.001143456530597758
-1.40282844,-0.001143456530597758
-1.40234016,-0.001143456530597758
-1.40185188,-0.0008095127087391468
-1.4013636,-0.0008095127087391468
-1.40087532,-0.0008095127087391468
-1.40038704,-0.001143456530597758
-1.39989876,-0.0008095127087391468
-1.39941048,-0.001143456530597758
-1.3989222,-0.0008095127087391468
-1.39843392,-0.0008095127087391468
-1.39794564,-0.001143456530597758
-1.39745736,-0.001143456530597758
-1.39696908,-0.001143456530597758
-1.3964808,-0.001143456530597758
-1.39599252,-0.001143456530597758
-1.39550424,-0.001143456530597758
-1.39501596,-0.001143456530597758
-1.39452768,-0.001143456530597758
-1.3940394,-0.001143456530597758
-1.39355112,-0.0008095127087391468
-1.39306284,-0.001143456530597758
-1.39257456,-0.001143456530597758
-1.39208628,-0.0008095127087391468
-1.391598,-0.001143456530597758
-1.39110972,-0.0008095127087391468
-1.39062144,-0.0008095127087391468
-1.39013316,-0.001143456530597758
-1.38964488,-0.001143456530597758
-1.3891566,-0.0008095127087391468
-1.38866832,-0.001143456530597758
-1.38818004,-0.001143456530597758
-1.38769176,-0.001143456530597758
-1.38720348,-0.001143456530597758
-1.3867152,-0.001143456530597758
-1.38622692,-0.001143456530597758
-1.38573864,-0.0008095127087391468
-1.38525036,-0.0008095127087391468
-1.38476208,-0.0008095127087391468
-1.3842738,-0.0008095127087391468
-1.38378552,-0.0008095127087391468
-1.38329724,-0.0008095127087391468
-1.38280896,-0.001143456530597758
-1.38232068,-0.0008095127087391468
-1.3818324,-0.0008095127087391468
-1.38134412,-0.0008095127087391468
-1.38085584,-0.0008095127087391468
-1.38036756,-0.001143456530597758
-1.37987928,-0.001143456530597758
-1.379391,-0.001143456530597758
-1.37890272,-0.0008095127087391468
-1.37841444,-0.001143456530597758
-1.37792616,-0.001143456530597758
-1.37743788,-0.0008095127087391468
-1.3769496,-0.001143456530597758
-1.37646132,-0.001143456530597758
-1.37597304,-0.001143456530597758
-1.37548476,-0.001143456530597758
-1.37499648,-0.001143456530597758
-1.3745082,-0.001143456530597758
-1.37401992,-0.001143456530597758
-1.37353164,-0.001143456530597758
-1.37304336,-0.001143456530597758
-1.37255508,-0.001143456530597758
-1.3720668,-0.0008095127087391468
-1.37157852,-0.001143456530597758
-1.37109024,-0.0008095127087391468
-1.37060196,-0.001143456530597758
-1.37011368,-0.0008095127087391468
-1.3696254,-0.0008095127087391468
-1.36913712,-0.001143456530597758
-1.36864884,-0.0008095127087391468
-1.36816056,-0.0008095127087391468
-1.36767228,-0.0008095127087391468
-1.367184,-0.0008095127087391468
-1.36669572,-0.0008095127087391468
-1.36620744,-0.001143456530597758
-1.36571916,-0.0008095127087391468
-1.36523088,-0.001143456530597758
-1.3647426,-0.0008095127087391468
-1.36425432,-0.0008095127087391468
-1.36376604,-0.0008095127087391468
-1.36327776,-0.0008095127087391468
-1.36278948,-0.0008095127087391468
-1.3623012,-0.0008095127087391468
-1.36181292,-0.0008095127087391468
-1.36132464,-0.0008095127087391468
-1.36083636,-0.0008095127087391468
-1.36034808,-0.0008095127087391468
-1.3598598,-0.0008095127087391468
-1.35937152,-0.0008095127087391468
-1.35888324,-0.0008095127087391468
-1.35839496,-0.0008095127087391468
-1.35790668,-0.001143456530597758
-1.3574184,-0.0008095127087391468
-1.35693012,-0.0008095127087391468
-1.35644184,-0.001143456530597758
-1.35595356,-0.001143456530597758
-1.35546528,-0.001143456530597758
-1.354977,-0.0008095127087391468
-1.35448872,-0.001143456530597758
-1.35400044,-0.001143456530597758
-1.35351216,-0.001143456530597758
-1.35302388,-0.0008095127087391468
-1.3525356,-0.0008095127087391468
-1.35204732,-0.001143456530597758
-1.35155904,-0.001143456530597758
-1.35107076,-0.001143456530597758
-1.35058248,-0.001143456530597758
-1.3500942,-0.0008095127087391468
-1.34960592,-0.001143456530597758
-1.34911764,-0.001143456530597758
-1.34862936,-0.0008095127087391468
-1.34814108,-0.0008095127087391468
-1.3476528,-0.0008095127087391468
-1.34716452,-0.0008095127087391468
-1.34667624,-0.0008095127087391468
-1.34618796,-0.0008095127087391468
-1.34569968,-0.001143456530597758
-1.3452114,-0.001143456530597758
-1.34472312,-0.0008095127087391468
-1.34423484,-0.0008095127087391468
-1.34374656,-0.0008095127087391468
-1.34325828,-0.0008095127087391468
-1.34277,-0.0008095127087391468
-1.34228172,-0.0008095127087391468
-1.34179344,-0.0008095127087391468
-1.34130516,-0.0008095127087391468
-1.34081688,-0.0008095127087391468
-1.3403286,-0.0008095127087391468
-1.33984032,-0.001143456530597758
-1.33935204,-0.001143456530597758
-1.33886376,-0.0008095127087391468
-1.33837548,-0.0008095127087391468
-1.3378872,-0.001143456530597758
-1.33739892,-0.001143456530597758
-1.33691064,-0.0008095127087391468
-1.33642236,-0.001143456530597758
-1.33593408,-0.001143456530597758
-1.3354458,-0.0008095127087391468
-1.33495752,-0.001143456530597758
-1.33446924,-0.001143456530597758
-1.33398096,-0.001143456530597758
-1.33349268,-0.001143456530597758
-1.3330044,-0.001143456530597758
-1.33251612,-0.001143456530597758
-1.33202784,-0.0008095127087391468
-1.33153956,-0.0008095127087391468
-1.33105128,-0.001143456530597758
-1.330563,-0.001143456530597758
-1.33007472,-0.0008095127087391468
-1.32958644,-0.0008095127087391468
-1.32909816,-0.0008095127087391468
-1.32860988,-0.0008095127087391468
-1.3281216,-0.0008095127087391468
-1.32763332,-0.0008095127087391468
-1.32714504,-0.0008095127087391468
-1.32665676,-0.0008095127087391468
-1.32616848,-0.0008095127087391468
-1.3256802,-0.0008095127087391468
-1.32519192,-0.0008095127087391468
-1.32470364,-0.0008095127087391468
-1.32421536,-0.0008095127087391468
-1.32372708,-0.0008095127087391468
-1.3232388,-0.0008095127087391468
-1.32275052,-0.001143456530597758
-1.32226224,-0.0008095127087391468
-1.32177396,-0.001143456530597758
-1.32128568,-0.001143456530597758
-1.3207974,-0.0008095127087391468
-1.32030912,-0.0008095127087391468
-1.31982084,-0.0008095127087391468
-1.31933256,-0.0008095127087391468
-1.31884428,-0.0008095127087391468
-1.318356,-0.001143456530597758
-1.31786772,-0.001143456530597758
-1.31737944,-0.001143456530597758
-1.31689116,-0.0008095127087391468
-1.31640288,-0.0008095127087391468
-1.3159146,-0.0008095127087391468
-1.31542632,-0.0008095127087391468
-1.31493804,-0.0008095127087391468
-1.31444976,-0.0008095127087391468
-1.31396148,-0.0008095127087391468
-1.3134732,-0.001143456530597758
-1.31298492,-0.0008095127087391468
-1.31249664,-0.0008095127087391468
-1.31200836,-0.0008095127087391468
-1.31152008,-0.0008095127087391468
-1.3110318,-0.0008095127087391468
-1.31054352,-0.0008095127087391468
-1.31005524,-0.0008095127087391468
-1.30956696,-0.0008095127087391468
-1.30907868,-0.0008095127087391468
-1.3085904,-0.0008095127087391468
-1.30810212,-0.0008095127087391468
-1.30761384,-0.001143456530597758
-1.30712556,-0.0008095127087391468
-1.30663728,-0.0008095127087391468
-1.306149,-0.0008095127087391468
-1.30566072,-0.001143456530597758
-1.30517244,-0.001143456530597758
-1.30468416,-0.0008095127087391468
-1.30419588,-0.0008095127087391468
-1.3037076,-0.001143456530597758
-1.30321932,-0.001143456530597758
-1.30273104,-0.001143456530597758
-1.30224276,-0.001143456530597758
-1.30175448,-0.0008095127087391468
-1.3012662,-0.0008095127087391468
-1.30077792,-0.001143456530597758
-1.30028964,-0.001143456530597758
-1.29980136,-0.001143456530597758
-1.29931308,-0.001143456530597758
-1.2988248,-0.001143456530597758
-1.29833652,-0.001143456530597758
-1.29784824,-0.001143456530597758
-1.29735996,-0.001143456530597758
-1.29687168,-0.001143456530597758
-1.2963834,-0.0008095127087391468
-1.29589512,-0.001143456530597758
-1.29540684,-0.001143456530597758
-1.29491856,-0.0008095127087391468
-1.29443028,-0.001143456530597758
-1.293942,-0.001143456530597758
-1.29345372,-0.0008095127087391468
-1.29296544,-0.0008095127087391468
-1.29247716,-0.0008095127087391468
-1.29198888,-0.001143456530597758
-1.2915006,-0.001143456530597758
-1.29101232,-0.001143456530597758
-1.29052404,-0.0008095127087391468
-1.29003576,-0.001143456530597758
-1.28954748,-0.001143456530597758
-1.2890592,-0.001143456530597758
-1.28857092,-0.0008095127087391468
-1.28808264,-0.001143456530597758
-1.28759436,-0.001143456530597758
-1.28710608,-0.001143456530597758
-1.2866178,-0.001143456530597758
-1.28612952,-0.001143456530597758
-1.28564124,-0.0008095127087391468
-1.28515296,-0.001143456530597758
-1.28466468,-0.0008095127087391468
-1.2841764,-0.0008095127087391468
-1.28368812,-0.001143456530597758
-1.28319984,-0.001143456530597758
-1.28271156,-0.001143456530597758
-1.28222328,-0.0008095127087391468
-1.281735,-0.0008095127087391468
-1.28124672,-0.001143456530597758
-1.28075844,-0.001143456530597758
-1.28027016,-0.0008095127087391468
-1.27978188,-0.001143456530597758
-1.2792936,-0.001143456530597758
-1.27880532,-0.0008095127087391468
-1.27831704,-0.0008095127087391468
-1.27782876,-0.001143456530597758
-1.27734048,-0.001143456530597758
-1.2768522,-0.001143456530597758
-1.27636392,-0.001143456530597758
-1.27587564,-0.001143456530597758
-1.27538736,-0.001143456530597758
-1.27489908,-0.001143456530597758
-1.2744108,-0.001143456530597758
-1.27392252,-0.001143456530597758
-1.27343424,-0.001143456530597758
-1.27294596,-0.001143456530597758
-1.27245768,-0.001143456530597758
-1.2719694,-0.001143456530597758
-1.27148112,-0.0008095127087391468
-1.27099284,-0.001143456530597758
-1.27050456,-0.001143456530597758
-1.27001628,-0.001143456530597758
-1.269528,-0.001143456530597758
-1.26903972,-0.001143456530597758
-1.26855144,-0.0008095127087391468
-1.26806316,-0.0008095127087391468
-1.26757488,-0.001143456530597758
-1.2670866,-0.0008095127087391468
-1.26659832,-0.001143456530597758
-1.26611004,-0.0008095127087391468
-1.26562176,-0.001143456530597758
-1.26513348,-0.0008095127087391468
-1.2646452,-0.0008095127087391468
-1.26415692,-0.001143456530597758
-1.26366864,-0.0008095127087391468
-1.26318036,-0.001143456530597758
-1.26269208,-0.001143456530597758
-1.2622038,-0.001143456530597758
-1.26171552,-0.001143456530597758
-1.26122724,-0.001143456530597758
-1.26073896,-0.001143456530597758
-1.26025068,-0.001143456530597758
-1.2597624,-0.001143456530597758
-1.25927412,-0.001143456530597758
-1.25878584,-0.001143456530597758
-1.25829756,-0.001143456530597758
-1.25780928,-0.001143456530597758
-1.257321,-0.001143456530597758
-1.25683272,-0.001143456530597758
-1.25634444,-0.0008095127087391468
-1.25585616,-0.001143456530597758
-1.25536788,-0.0008095127087391468
-1.2548796,-0.001143456530597758
-1.25439132,-0.0008095127087391468
-1.25390304,-0.001143456530597758
-1.25341476,-0.001143456530597758
-1.25292648,-0.001143456530597758
-1.2524382,-0.001143456530597758
-1.25194992,-0.0008095127087391468
-1.25146164,-0.001143456530597758
-1.25097336,-0.001143456530597758
-1.25048508,-0.0008095127087391468
-1.2499968,-0.0008095127087391468
-1.24950852,-0.001143456530597758
-1.24902024,-0.001143456530597758
-1.24853196,-0.001143456530597758
-1.24804368,-0.0008095127087391468
-1.2475554,-0.001143456530597758
-1.24706712,-0.001143456530597758
-1.24657884,-0.001143456530597758
-1.24609056,-0.001143456530597758
-1.24560228,-0.001143456530597758
-1.245114,-0.001143456530597758
-1.24462572,-0.001143456530597758
-1.24413744,-0.001143456530597758
-1.24364916,-0.001143456530597758
-1.24316088,-0.001143456530597758
-1.2426726,-0.0008095127087391468
-1.24218432,-0.001143456530597758
-1.24169604,-0.001143456530597758
-1.24120776,-0.001143456530597758
-1.24071948,-0.001143456530597758
-1.2402312,-0.001143456530597758
-1.23974292,-0.0008095127087391468
-1.23925464,-0.001143456530597758
-1.23876636,-0.001143456530597758
-1.23827808,-0.001143456530597758
-1.2377898,-0.001143456530597758
-1.23730152,-0.001143456530597758
-1.23681324,-0.001143456530597758
-1.23632496,-0.001143456530597758
-1.23583668,-0.001143456530597758
-1.2353484,-0.001143456530597758
-1.23486012,-0.001143456530597758
-1.23437184,-0.001143456530597758
-1.23388356,-0.001143456530597758
-1.23339528,-0.001143456530597758
-1.232907,-0.001143456530597758
-1.23241872,-0.001143456530597758
-1.23193044,-0.001143456530597758
-1.23144216,-0.001143456530597758
-1.23095388,-0.001143456530597758
-1.2304656,-0.0008095127087391468
-1.22997732,-0.001143456530597758
-1.22948904,-0.0008095127087391468
-1.22900076,-0.001143456530597758
-1.22851248,-0.001143456530597758
-1.2280242,-0.001143456530597758
-1.22753592,-0.0008095127087391468
-1.22704764,-0.0008095127087391468
-1.22655936,-0.0008095127087391468
-1.22607108,-0.0008095127087391468
-1.2255828,-0.0008095127087391468
-1.22509452,-0.001143456530597758
-1.22460624,-0.0008095127087391468
-1.22411796,-0.0008095127087391468
-1.22362968,-0.001143456530597758
-1.2231414,-0.001143456530597758
-1.22265312,-0.001143456530597758
-1.22216484,-0.001143456530597758
-1.22167656,-0.0008095127087391468
-1.22118828,-0.0008095127087391468
-1.2207,-0.0008095127087391468
-1.22021172,-0.001143456530597758
-1.21972344,-0.001143456530597758
-1.21923516,-0.0008095127087391468
-1.21874688,-0.0008095127087391468
-1.2182586,-0.0008095127087391468
-1.21777032,-0.001143456530597758
-1.21728204,-0.001143456530597758
-1.21679376,-0.0008095127087391468
-1.21630548,-0.0008095127087391468
-1.2158172,-0.0008095127087391468
-1.21532892,-0.0008095127087391468
-1.21484064,-0.001143456530597758
-1.21435236,-0.0008095127087391468
-1.21386408,-0.001143456530597758
-1.2133758,-0.001143456530597758
-1.21288752,-0.001143456530597758
-1.21239924,-0.001143456530597758
-1.21191096,-0.001143456530597758
-1.21142268,-0.001143456530597758
-1.2109344,-0.001143456530597758
-1.21044612,-0.001143456530597758
-1.20995784,-0.001143456530597758
-1.20946956,-0.001143456530597758
-1.20898128,-0.001143456530597758
-1.208493,-0.001143456530597758
-1.20800472,-0.0008095127087391468
-1.20751644,-0.001143456530597758
-1.20702816,-0.001143456530597758
-1.20653988,-0.001143456530597758
-1.2060516,-0.0008095127087391468
-1.20556332,-0.001143456530597758
-1.20507504,-0.001143456530597758
-1.20458676,-0.0008095127087391468
-1.20409848,-0.0008095127087391468
-1.2036102,-0.001143456530597758
-1.20312192,-0.001143456530597758
-1.20263364,-0.001143456530597758
-1.20214536,-0.001143456530597758
-1.20165708,-0.0008095127087391468
-1.2011688,-0.001143456530597758
-1.20068052,-0.001143456530597758
-1.20019224,-0.001143456530597758
-1.19970396,-0.001143456530597758
-1.19921568,-0.001143456530597758
-1.1987274,-0.001143456530597758
-1.19823912,-0.001143456530597758
-1.19775084,-0.001143456530597758
-1.19726256,-0.001143456530597758
-1.19677428,-0.001143456530597758
-1.196286,-0.001143456530597758
-1.19579772,-0.001143456530597758
-1.19530944,-0.001143456530597758
-1.19482116,-0.001143456530597758
-1.19433288,-0.0008095127087391468
-1.1938446,-0.001143456530597758
-1.19335632,-0.001143456530597758
-1.19286804,-0.001143456530597758
-1.19237976,-0.001143456530597758
-1.19189148,-0.001143456530597758
-1.1914032,-0.001143456530597758
-1.19091492,-0.001143456530597758
-1.19042664,-0.001143456530597758
-1.18993836,-0.0008095127087391468
-1.18945008,-0.0008095127087391468
-1.1889618,-0.001143456530597758
-1.18847352,-0.001143456530597758
-1.18798524,-0.0008095127087391468
-1.18749696,-0.0008095127087391468
-1.18700868,-0.0008095127087391468
-1.1865204,-0.0008095127087391468
-1.18603212,-0.0008095127087391468
-1.18554384,-0.001143456530597758
-1.18505556,-0.0008095127087391468
-1.18456728,-0.001143456530597758
-1.184079,-0.0008095127087391468
-1.18359072,-0.0008095127087391468
-1.18310244,-0.001143456530597758
-1.18261416,-0.0008095127087391468
-1.18212588,-0.0008095127087391468
-1.1816376,-0.0008095127087391468
-1.18114932,-0.0008095127087391468
-1.18066104,-0.0008095127087391468
-1.18017276,-0.0008095127087391468
-1.17968448,-0.001143456530597758
-1.1791962,-0.0008095127087391468
-1.17870792,-0.001143456530597758
-1.17821964,-0.0008095127087391468
-1.17773136,-0.001143456530597758
-1.17724308,-0.001143456530597758
-1.1767548,-0.001143456530597758
-1.17626652,-0.001143456530597758
-1.17577824,-0.001143456530597758
-1.17528996,-0.0008095127087391468
-1.17480168,-0.001143456530597758
-1.1743134,-0.001143456530597758
-1.17382512,-0.001143456530597758
-1.17333684,-0.001143456530597758
-1.17284856,-0.0008095127087391468
-1.17236028,-0.0008095127087391468
-1.171872,-0.001143456530597758
-1.17138372,-0.0008095127087391468
-1.17089544,-0.001143456530597758
-1.17040716,-0.0008095127087391468
-1.16991888,-0.0008095127087391468
-1.1694306,-0.0008095127087391468
-1.16894232,-0.0008095127087391468
-1.16845404,-0.0008095127087391468
-1.16796576,-0.0008095127087391468
-1.16747748,-0.0008095127087391468
-1.1669892,-0.001143456530597758
-1.16650092,-0.0008095127087391468
-1.16601264,-0.0008095127087391468
-1.16552436,-0.0008095127087391468
-1.16503608,-0.0008095127087391468
-1.1645478,-0.0008095127087391468
-1.16405952,-0.0008095127087391468
-1.16357124,-0.001143456530597758
-1.16308296,-0.0008095127087391468
-1.16259468,-0.0008095127087391468
-1.1621064,-0.001143456530597758
-1.16161812,-0.001143456530597758
-1.16112984,-0.0008095127087391468
-1.16064156,-0.0008095127087391468
-1.16015328,-0.001143456530597758
-1.159665,-0.001143456530597758
-1.15917672,-0.001143456530597758
-1.15868844,-0.001143456530597758
-1.15820016,-0.001143456530597758
-1.15771188,-0.001143456530597758
-1.1572236,-0.0008095127087391468
-1.15673532,-0.001143456530597758
-1.15624704,-0.001143456530597758
-1.15575876,-0.0008095127087391468
-1.15527048,-0.001143456530597758
-1.1547822,-0.001143456530597758
-1.15429392,-0.001143456530597758
-1.15380564,-0.001143456530597758
-1.15331736,-0.001143456530597758
-1.15282908,-0.001143456530597758
-1.1523408,-0.001143456530597758
-1.15185252,-0.001143456530597758
-1.15136424,-0.0008095127087391468
-1.15087596,-0.0008095127087391468
-1.15038768,-0.0008095127087391468
-1.1498994,-0.0008095127087391468
-1.14941112,-0.0008095127087391468
-1.14892284,-0.0008095127087391468
-1.14843456,-0.0008095127087391468
-1.14794628,-0.0008095127087391468
-1.147458,-0.0008095127087391468
-1.14696972,-0.0008095127087391468
-1.14648144,-0.0008095127087391468
-1.14599316,-0.0008095127087391468
-1.14550488,-0.0008095127087391468
-1.1450166,-0.0008095127087391468
-1.14452832,-0.0008095127087391468
-1.14404004,-0.0008095127087391468
-1.14355176,-0.0008095127087391468
-1.14306348,-0.001143456530597758
-1.1425752,-0.0008095127087391468
-1.14208692,-0.0008095127087391468
-1.14159864,-0.0008095127087391468
-1.14111036,-0.0008095127087391468
-1.14062208,-0.0008095127087391468
-1.1401338,-0.0008095127087391468
-1.13964552,-0.0008095127087391468
-1.13915724,-0.0008095127087391468
-1.13866896,-0.001143456530597758
-1.13818068,-0.001143456530597758
-1.1376924,-0.0008095127087391468
-1.13720412,-0.001143456530597758
-1.13671584,-0.001143456530597758
-1.13622756,-0.001143456530597758
-1.13573928,-0.0008095127087391468
-1.135251,-0.0008095127087391468
-1.13476272,-0.001143456530597758
-1.13427444,-0.001143456530597758
-1.13378616,-0.001143456530597758
-1.13329788,-0.0008095127087391468
-1.1328096,-0.001143456530597758
-1.13232132,-0.001143456530597758
-1.13183304,-0.0008095127087391468
-1.13134476,-0.001143456530597758
-1.13085648,-0.001143456530597758
-1.1303682,-0.001143456530597758
-1.12987992,-0.0008095127087391468
-1.12939164,-0.001143456530597758
-1.12890336,-0.0008095127087391468
-1.12841508,-0.0008095127087391468
-1.1279268,-0.0008095127087391468
-1.12743852,-0.001143456530597758
-1.12695024,-0.001143456530597758
-1.12646196,-0.0008095127087391468
-1.12597368,-0.0008095127087391468
-1.1254854,-0.001143456530597758
-1.12499712,-0.001143456530597758
-1.12450884,-0.0008095127087391468
-1.12402056,-0.001143456530597758
-1.12353228,-0.0008095127087391468
-1.123044,-0.0008095127087391468
-1.12255572,-0.001143456530597758
-1.12206744,-0.001143456530597758
-1.12157916,-0.0008095127087391468
-1.12109088,-0.0008095127087391468
-1.1206026,-0.0008095127087391468
-1.12011432,-0.0008095127087391468
-1.11962604,-0.001143456530597758
-1.11913776,-0.0008095127087391468
-1.11864948,-0.001143456530597758
-1.1181612,-0.0008095127087391468
-1.11767292,-0.001143456530597758
-1.11718464,-0.001143456530597758
-1.11669636,-0.0008095127087391468
-1.11620808,-0.0008095127087391468
-1.1157198,-0.0008095127087391468
-1.11523152,-0.001143456530597758
-1.11474324,-0.001143456530597758
-1.11425496,-0.001143456530597758
-1.11376668,-0.001143456530597758
-1.1132784,-0.001143456530597758
-1.11279012,-0.001143456530597758
-1.11230184,-0.0008095127087391468
-1.11181356,-0.001143456530597758
-1.11132528,-0.0008095127087391468
-1.110837,-0.0008095127087391468
-1.11034872,-0.0008095127087391468
-1.10986044,-0.0008095127087391468
-1.10937216,-0.0008095127087391468
-1.10888388,-0.0008095127087391468
-1.1083956,-0.0008095127087391468
-1.10790732,-0.0008095127087391468
-1.10741904,-0.0008095127087391468
-1.10693076,-0.0008095127087391468
-1.10644248,-0.0008095127087391468
-1.1059542,-0.001143456530597758
-1.10546592,-0.0008095127087391468
-1.10497764,-0.0008095127087391468
-1.10448936,-0.0008095127087391468
-1.10400108,-0.0008095127087391468
-1.1035128,-0.0008095127087391468
-1.10302452,-0.0008095127087391468
-1.10253624,-0.001143456530597758
-1.10204796,-0.001143456530597758
-1.10155968,-0.001143456530597758
-1.1010714,-0.001143456530597758
-1.10058312,-0.001143456530597758
-1.10009484,-0.001143456530597758
-1.09960656,-0.001143456530597758
-1.09911828,-0.001143456530597758
-1.09863,-0.001143456530597758
-1.09814172,-0.001143456530597758
-1.09765344,-0.001143456530597758
-1.09716516,-0.001143456530597758
-1.09667688,-0.001143456530597758
-1.0961886,-0.001143456530597758
-1.09570032,-0.001143456530597758
-1.09521204,-0.001143456530597758
-1.09472376,-0.001143456530597758
-1.09423548,-0.001143456530597758
-1.0937472,-0.001143456530597758
-1.09325892,-0.001143456530597758
-1.09277064,-0.001143456530597758
-1.09228236,-0.001143456530597758
-1.09179408,-0.0008095127087391468
-1.0913058,-0.0008095127087391468
-1.09081752,-0.0008095127087391468
-1.09032924,-0.0008095127087391468
-1.08984096,-0.0008095127087391468
-1.08935268,-0.0008095127087391468
-1.0888644,-0.0008095127087391468
-1.08837612,-0.0008095127087391468
-1.08788784,-0.0008095127087391468
-1.08739956,-0.0008095127087391468
-1.08691128,-0.0008095127087391468
-1.086423,-0.0008095127087391468
-1.08593472,-0.0008095127087391468
-1.08544644,-0.0008095127087391468
-1.08495816,-0.0008095127087391468
-1.08446988,-0.0008095127087391468
-1.0839816,-0.001143456530597758
-1.08349332,-0.0008095127087391468
-1.08300504,-0.0008095127087391468
-1.08251676,-0.0008095127087391468
-1.08202848,-0.0008095127087391468
-1.0815402,-0.001143456530597758
-1.08105192,-0.001143456530597758
-1.08056364,-0.0008095127087391468
-1.08007536,-0.001143456530597758
-1.07958708,-0.001143456530597758
-1.0790988,-0.001143456530597758
-1.07861052,-0.001143456530597758
-1.07812224,-0.001143456530597758
-1.07763396,-0.001143456530597758
-1.07714568,-0.001143456530597758
-1.0766574,-0.001143456530597758
-1.07616912,-0.0008095127087391468
-1.07568084,-0.001143456530597758
-1.07519256,-0.0008095127087391468
-1.07470428,-0.0008095127087391468
-1.074216,-0.001143456530597758
-1.07372772,-0.001143456530597758
-1.07323944,-0.0008095127087391468
-1.07275116,-0.0008095127087391468
-1.07226288,-0.0008095127087391468
-1.0717746,-0.0008095127087391468
-1.07128632,-0.0008095127087391468
-1.07079804,-0.0008095127087391468
-1.07030976,-0.0008095127087391468
-1.06982148,-0.0008095127087391468
-1.0693332,-0.0008095127087391468
-1.06884492,-0.0008095127087391468
-1.06835664,-0.0008095127087391468
-1.06786836,-0.001143456530597758
-1.06738008,-0.001143456530597758
-1.0668918,-0.0008095127087391468
-1.06640352,-0.0008095127087391468
-1.06591524,-0.001143456530597758
-1.06542696,-0.0008095127087391468
-1.06493868,-0.001143456530597758
-1.0644504,-0.0008095127087391468
-1.06396212,-0.0008095127087391468
-1.06347384,-0.001143456530597758
-1.06298556,-0.0008095127087391468
-1.06249728,-0.0008095127087391468
-1.062009,-0.0008095127087391468
-1.06152072,-0.001143456530597758
-1.06103244,-0.001143456530597758
-1.06054416,-0.001143456530597758
-1.06005588,-0.001143456530597758
-1.0595676,-0.001143456530597758
-1.05907932,-0.001143456530597758
-1.05859104,-0.001143456530597758
-1.05810276,-0.001143456530597758
-1.05761448,-0.001143456530597758
-1.0571262,-0.001143456530597758
-1.05663792,-0.001143456530597758
-1.05614964,-0.0008095127087391468
-1.05566136,-0.001143456530597758
-1.05517308,-0.0008095127087391468
-1.0546848,-0.001143456530597758
-1.05419652,-0.001143456530597758
-1.05370824,-0.001143456530597758
-1.05321996,-0.001143456530597758
-1.05273168,-0.001143456530597758
-1.0522434,-0.0008095127087391468
-1.05175512,-0.001143456530597758
-1.05126684,-0.0008095127087391468
-1.05077856,-0.0008095127087391468
-1.05029028,-0.0008095127087391468
-1.049802,-0.0008095127087391468
-1.04931372,-0.001143456530597758
-1.04882544,-0.0008095127087391468
-1.04833716,-0.0008095127087391468
-1.04784888,-0.0008095127087391468
-1.0473606,-0.0008095127087391468
-1.04687232,-0.0008095127087391468
-1.04638404,-0.001143456530597758
-1.04589576,-0.0008095127087391468
-1.04540748,-0.0008095127087391468
-1.0449192,-0.0008095127087391468
-1.04443092,-0.0008095127087391468
-1.04394264,-0.0008095127087391468
-1.04345436,-0.0008095127087391468
-1.04296608,-0.0008095127087391468
-1.0424778,-0.001143456530597758
-1.04198952,-0.0008095127087391468
-1.04150124,-0.0008095127087391468
-1.04101296,-0.0008095127087391468
-1.04052468,-0.0008095127087391468
-1.0400364,-0.001143456530597758
-1.03954812,-0.0008095127087391468
-1.03905984,-0.0008095127087391468
-1.03857156,-0.0008095127087391468
-1.03808328,-0.001143456530597758
-1.037595,-0.0008095127087391468
-1.03710672,-0.0008095127087391468
-1.03661844,-0.0008095127087391468
-1.03613016,-0.0008095127087391468
-1.03564188,-0.0008095127087391468
-1.0351536,-0.001143456530597758
-1.03466532,-0.001143456530597758
-1.03417704,-0.001143456530597758
-1.03368876,-0.0008095127087391468
-1.03320048,-0.001143456530597758
-1.0327122,-0.0008095127087391468
-1.03222392,-0.001143456530597758
-1.03173564,-0.0008095127087391468
-1.03124736,-0.0008095127087391468
-1.03075908,-0.001143456530597758
-1.0302708,-0.0008095127087391468
-1.02978252,-0.0008095127087391468
-1.02929424,-0.0008095127087391468
-1.02880596,-0.0008095127087391468
-1.02831768,-0.0008095127087391468
-1.0278294,-0.0008095127087391468
-1.02734112,-0.0008095127087391468
-1.02685284,-0.001143456530597758
-1.02636456,-0.0008095127087391468
-1.02587628,-0.0008095127087391468
-1.025388,-0.0008095127087391468
-1.02489972,-0.0008095127087391468
-1.02441144,-0.0008095127087391468
-1.02392316,-0.0008095127087391468
-1.02343488,-0.0008095127087391468
-1.0229466,-0.0008095127087391468
-1.02245832,-0.0008095127087391468
-1.02197004,-0.0008095127087391468
-1.02148176,-0.0008095127087391468
-1.02099348,-0.0008095127087391468
-1.0205052,-0.0008095127087391468
-1.02001692,-0.0008095127087391468
-1.01952864,-0.0008095127087391468
-1.01904036,-0.001143456530597758
-1.01855208,-0.0008095127087391468
-1.0180638,-0.001143456530597758
-1.01757552,-0.0008095127087391468
-1.01708724,-0.0008095127087391468
-1.01659896,-0.0008095127087391468
-1.01611068,-0.0008095127087391468
-1.0156224,-0.001143456530597758
-1.01513412,-0.001143456530597758
-1.01464584,-0.001143456530597758
-1.01415756,-0.001143456530597758
-1.01366928,-0.001143456530597758
-1.013181,-0.001143456530597758
-1.01269272,-0.001143456530597758
-1.01220444,-0.001143456530597758
-1.01171616,-0.001143456530597758
-1.01122788,-0.0008095127087391468
-1.0107396,-0.001143456530597758
-1.01025132,-0.0008095127087391468
-1.00976304,-0.0008095127087391468
-1.00927476,-0.0008095127087391468
-1.00878648,-0.0008095127087391468
-1.0082982,-0.0008095127087391468
-1.00780992,-0.0008095127087391468
-1.00732164,-0.0008095127087391468
-1.00683336,-0.0008095127087391468
-1.00634508,-0.0008095127087391468
-1.0058568,-0.0008095127087391468
-1.00536852,-0.0008095127087391468
-1.00488024,-0.0008095127087391468
-1.00439196,-0.0008095127087391468
-1.00390368,-0.0008095127087391468
-1.0034154,-0.001143456530597758
-1.00292712,-0.001143456530597758
-1.00243884,-0.0008095127087391468
-1.00195056,-0.0008095127087391468
-1.00146228,-0.0008095127087391468
-1.000974,-0.0008095127087391468
-1.00048572,-0.001143456530597758
-0.99999744,-0.001143456530597758
-0.99950916,-0.001143456530597758
-0.99902088,-0.001143456530597758
-0.9985326,-0.0008095127087391468
-0.99804432,-0.001143456530597758
-0.99755604,-0.001143456530597758
-0.99706776,-0.0008095127087391468
-0.99657948,-0.0008095127087391468
-0.9960912,-0.0008095127087391468
-0.9956029199999999,-0.0008095127087391468
-0.9951146399999999,-0.001143456530597758
-0.9946263599999999,-0.0008095127087391468
-0.99413808,-0.001143456530597758
-0.9936498,-0.001143456530597758
-0.99316152,-0.001143456530597758
-0.99267324,-0.001143456530597758
-0.99218496,-0.001143456530597758
-0.99169668,-0.0008095127087391468
-0.9912084,-0.0008095127087391468
-0.99072012,-0.0008095127087391468
-0.99023184,-0.001143456530597758
-0.98974356,-0.001143456530597758
-0.98925528,-0.0008095127087391468
-0.988767,-0.0008095127087391468
-0.9882787199999999,-0.0008095127087391468
-0.9877904399999999,-0.0008095127087391468
-0.98730216,-0.0008095127087391468
-0.98681388,-0.0008095127087391468
-0.9863256,-0.0008095127087391468
-0.98583732,-0.0008095127087391468
-0.98534904,-0.001143456530597758
-0.98486076,-0.001143456530597758
-0.98437248,-0.0008095127087391468
-0.9838842,-0.0008095127087391468
-0.98339592,-0.0008095127087391468
-0.98290764,-0.001143456530597758
-0.98241936,-0.0008095127087391468
-0.98193108,-0.0008095127087391468
-0.9814427999999999,-0.0008095127087391468
-0.9809545199999999,-0.0008095127087391468
-0.9804662399999999,-0.0008095127087391468
-0.97997796,-0.001143456530597758
-0.97948968,-0.001143456530597758
-0.9790014,-0.001143456530597758
-0.97851312,-0.0008095127087391468
-0.97802484,-0.001143456530597758
-0.97753656,-0.001143456530597758
-0.97704828,-0.001143456530597758
-0.97656,-0.0008095127087391468
-0.97607172,-0.0008095127087391468
-0.97558344,-0.0008095127087391468
-0.97509516,-0.001143456530597758
-0.97460688,-0.001143456530597758
-0.9741185999999999,-0.001143456530597758
-0.9736303199999999,-0.001143456530597758
-0.9731420399999999,-0.001143456530597758
-0.97265376,-0.001143456530597758
-0.97216548,-0.001143456530597758
-0.9716772,-0.001143456530597758
-0.97118892,-0.001143456530597758
-0.97070064,-0.001143456530597758
-0.97021236,-0.0008095127087391468
-0.96972408,-0.0008095127087391468
-0.9692358,-0.0008095127087391468
-0.96874752,-0.0008095127087391468
-0.96825924,-0.0008095127087391468
-0.96777096,-0.0008095127087391468
-0.96728268,-0.0008095127087391468
-0.9667943999999999,-0.0008095127087391468
-0.9663061199999999,-0.001143456530597758
-0.96581784,-0.0008095127087391468
-0.96532956,-0.0008095127087391468
-0.96484128,-0.0008095127087391468
-0.964353,-0.0008095127087391468
-0.96386472,-0.0008095127087391468
-0.96337644,-0.001143456530597758
-0.96288816,-0.001143456530597758
-0.96239988,-0.001143456530597758
-0.9619116,-0.0008095127087391468
-0.96142332,-0.001143456530597758
-0.96093504,-0.001143456530597758
-0.96044676,-0.0008095127087391468
-0.9599584799999999,-0.001143456530597758
-0.9594701999999999,-0.001143456530597758
-0.9589819199999999,-0.001143456530597758
-0.95849364,-0.001143456530597758
-0.95800536,-0.001143456530597758
-0.95751708,-0.001143456530597758
-0.9570288,-0.001143456530597758
-0.95654052,-0.0008095127087391468
-0.95605224,-0.0008095127087391468
-0.95556396,-0.0008095127087391468
-0.95507568,-0.0008095127087391468
-0.9545874,-0.0008095127087391468
-0.95409912,-0.001143456530597758
-0.95361084,-0.001143456530597758
-0.95312256,-0.001143456530597758
-0.9526342799999999,-0.001143456530597758
-0.9521459999999999,-0.001143456530597758
-0.95165772,-0.001143456530597758
-0.95116944,-0.0008095127087391468
-0.95068116,-0.0008095127087391468
-0.95019288,-0.001143456530597758
-0.9497046,-0.001143456530597758
-0.94921632,-0.001143456530597758
-0.94872804,-0.001143456530597758
-0.94823976,-0.001143456530597758
-0.94775148,-0.0008095127087391468
-0.9472632,-0.0008095127087391468
-0.94677492,-0.001143456530597758
-0.94628664,-0.0008095127087391468
-0.9457983599999999,-0.001143456530597758
-0.9453100799999999,-0.001143456530597758
-0.9448217999999999,-0.0008095127087391468
-0.94433352,-0.0008095127087391468
-0.94384524,-0.0008095127087391468
-0.94335696,-0.0008095127087391468
-0.94286868,-0.001143456530597758
-0.9423804,-0.001143456530597758
-0.94189212,-0.001143456530597758
-0.94140384,-0.0008095127087391468
-0.94091556,-0.0008095127087391468
-0.94042728,-0.001143456530597758
-0.939939,-0.0008095127087391468
-0.93945072,-0.0008095127087391468
-0.93896244,-0.0008095127087391468
-0.9384741599999999,-0.001143456530597758
-0.9379858799999999,-0.0008095127087391468
-0.9374975999999999,-0.001143456530597758
-0.93700932,-0.001143456530597758
-0.93652104,-0.0008095127087391468
-0.93603276,-0.0008095127087391468
-0.93554448,-0.0008095127087391468
-0.9350562,-0.0008095127087391468
-0.93456792,-0.0008095127087391468
-0.93407964,-0.001143456530597758
-0.93359136,-0.001143456530597758
-0.93310308,-0.0008095127087391468
-0.9326148,-0.0008095127087391468
-0.93212652,-0.0008095127087391468
-0.93163824,-0.001143456530597758
-0.9311499599999999,-0.001143456530597758
-0.9306616799999999,-0.001143456530597758
-0.9301734,-0.001143456530597758
-0.92968512,-0.001143456530597758
-0.92919684,-0.001143456530597758
-0.92870856,-0.001143456530597758
-0.92822028,-0.001143456530597758
-0.927732,-0.001143456530597758
-0.92724372,-0.001143456530597758
-0.92675544,-0.001143456530597758
-0.92626716,-0.0008095127087391468
-0.92577888,-0.0008095127087391468
-0.9252906,-0.001143456530597758
-0.92480232,-0.001143456530597758
-0.9243140399999999,-0.0008095127087391468
-0.9238257599999999,-0.001143456530597758
-0.9233374799999999,-0.001143456530597758
-0.9228492,-0.001143456530597758
-0.92236092,-0.0008095127087391468
-0.92187264,-0.001143456530597758
-0.92138436,-0.001143456530597758
-0.92089608,-0.001143456530597758
-0.9204078,-0.001143456530597758
-0.91991952,-0.001143456530597758
-0.91943124,-0.001143456530597758
-0.91894296,-0.0008095127087391468
-0.91845468,-0.001143456530597758
-0.9179664,-0.0008095127087391468
-0.91747812,-0.001143456530597758
-0.9169898399999999,-0.0008095127087391468
-0.9165015599999999,-0.001143456530597758
-0.91601328,-0.0008095127087391468
-0.915525,-0.001143456530597758
-0.91503672,-0.001143456530597758
-0.91454844,-0.001143456530597758
-0.91406016,-0.001143456530597758
-0.91357188,-0.001143456530597758
-0.9130836,-0.001143456530597758
-0.91259532,-0.001143456530597758
-0.91210704,-0.001143456530597758
-0.91161876,-0.0008095127087391468
-0.91113048,-0.001143456530597758
-0.9106422,-0.0008095127087391468
-0.9101539199999999,-0.0008095127087391468
-0.9096656399999999,-0.0008095127087391468
-0.9091773599999999,-0.0008095127087391468
-0.90868908,-0.0008095127087391468
-0.9082008,-0.0008095127087391468
-0.90771252,-0.0008095127087391468
-0.90722424,-0.001143456530597758
-0.90673596,-0.001143456530597758
-0.90624768,-0.0008095127087391468
-0.9057594,-0.0008095127087391468
-0.90527112,-0.0008095127087391468
-0.90478284,-0.0008095127087391468
-0.90429456,-0.0008095127087391468
-0.90380628,-0.0008095127087391468
-0.903318,-0.001143456530597758
-0.9028297199999999,-0.0008095127087391468
-0.9023414399999999,-0.001143456530597758
-0.9018531599999999,-0.001143456530597758
-0.90136488,-0.0008095127087391468
-0.9008766,-0.0008095127087391468
-0.90038832,-0.001143456530597758
-0.89990004,-0.001143456530597758
-0.89941176,-0.001143456530597758
-0.89892348,-0.001143456530597758
-0.8984352,-0.001143456530597758
-0.89794692,-0.001143456530597758
-0.89745864,-0.001143456530597758
-0.89697036,-0.001143456530597758
-0.89648208,-0.001143456530597758
-0.8959938,-0.001143456530597758
-0.8955055199999999,-0.001143456530597758
-0.8950172399999999,-0.001143456530597758
-0.89452896,-0.001143456530597758
-0.89404068,-0.001143456530597758
-0.8935524,-0.001143456530597758
-0.89306412,-0.0008095127087391468
-0.89257584,-0.0008095127087391468
-0.89208756,-0.001143456530597758
-0.89159928,-0.0008095127087391468
-0.891111,-0.0008095127087391468
-0.89062272,-0.0008095127087391468
-0.89013444,-0.0008095127087391468
-0.88964616,-0.0008095127087391468
-0.88915788,-0.001143456530597758
-0.8886695999999999,-0.001143456530597758
-0.8881813199999999,-0.001143456530597758
-0.8876930399999999,-0.001143456530597758
-0.88720476,-0.001143456530597758
-0.88671648,-0.0008095127087391468
-0.8862282,-0.001143456530597758
-0.88573992,-0.0008095127087391468
-0.88525164,-0.0008095127087391468
-0.88476336,-0.0008095127087391468
-0.88427508,-0.0008095127087391468
-0.8837868,-0.0008095127087391468
-0.88329852,-0.001143456530597758
-0.88281024,-0.0008095127087391468
-0.88232196,-0.001143456530597758
-0.88183368,-0.001143456530597758
-0.8813453999999999,-0.001143456530597758
-0.8808571199999999,-0.0008095127087391468
-0.88036884,-0.0008095127087391468
-0.87988056,-0.001143456530597758
-0.87939228,-0.001143456530597758
-0.878904,-0.0008095127087391468
-0.87841572,-0.001143456530597758
-0.87792744,-0.001143456530597758
-0.87743916,-0.0008095127087391468
-0.87695088,-0.0008095127087391468
-0.8764626,-0.0008095127087391468
-0.87597432,-0.0008095127087391468
-0.87548604,-0.0008095127087391468
-0.87499776,-0.0008095127087391468
-0.87450948,-0.0008095127087391468
-0.8740211999999999,-0.001143456530597758
-0.8735329199999999,-0.001143456530597758
-0.87304464,-0.001143456530597758
-0.87255636,-0.001143456530597758
-0.87206808,-0.0008095127087391468
-0.8715798,-0.001143456530597758
-0.87109152,-0.001143456530597758
-0.87060324,-0.0008095127087391468
-0.87011496,-0.001143456530597758
-0.86962668,-0.001143456530597758
-0.8691384,-0.001143456530597758
-0.86865012,-0.0008095127087391468
-0.86816184,-0.0008095127087391468
-0.86767356,-0.0008095127087391468
-0.8671852799999999,-0.001143456530597758
-0.8666969999999999,-0.0008095127087391468
-0.8662087199999999,-0.001143456530597758
-0.86572044,-0.001143456530597758
-0.86523216,-0.0008095127087391468
-0.86474388,-0.0008095127087391468
-0.8642556,-0.0008095127087391468
-0.86376732,-0.001143456530597758
-0.86327904,-0.0008095127087391468
-0.86279076,-0.001143456530597758
-0.86230248,-0.0008095127087391468
-0.8618142,-0.0008095127087391468
-0.86132592,-0.0008095127087391468
-0.86083764,-0.0008095127087391468
-0.86034936,-0.001143456530597758
-0.8598610799999999,-0.001143456530597758
-0.8593727999999999,-0.001143456530597758
-0.85888452,-0.001143456530597758
-0.85839624,-0.001143456530597758
-0.85790796,-0.001143456530597758
-0.85741968,-0.001143456530597758
-0.8569314,-0.001143456530597758
-0.85644312,-0.001143456530597758
-0.85595484,-0.001143456530597758
-0.85546656,-0.001143456530597758
-0.85497828,-0.001143456530597758
-0.85449,-0.001143456530597758
-0.85400172,-0.001143456530597758
-0.85351344,-0.001143456530597758
-0.8530251599999999,-0.001143456530597758
-0.8525368799999999,-0.001143456530597758
-0.8520485999999999,-0.001143456530597758
-0.85156032,-0.001143456530597758
-0.85107204,-0.0008095127087391468
-0.85058376,-0.0008095127087391468
-0.85009548,-0.001143456530597758
-0.8496072,-0.001143456530597758
-0.84911892,-0.0008095127087391468
-0.84863064,-0.0008095127087391468
-0.84814236,-0.0008095127087391468
-0.84765408,-0.001143456530597758
-0.8471658,-0.0008095127087391468
-0.84667752,-0.001143456530597758
-0.84618924,-0.001143456530597758
-0.8457009599999999,-0.0008095127087391468
-0.8452126799999999,-0.0008095127087391468
-0.8447244,-0.0008095127087391468
-0.84423612,-0.001143456530597758
-0.84374784,-0.001143456530597758
-0.84325956,-0.0008095127087391468
-0.84277128,-0.001143456530597758
-0.842283,-0.001143456530597758
-0.84179472,-0.001143456530597758
-0.84130644,-0.001143456530597758
-0.84081816,-0.001143456530597758
-0.84032988,-0.001143456530597758
-0.8398416,-0.0008095127087391468
-0.83935332,-0.0008095127087391468
-0.83886504,-0.0008095127087391468
-0.8383767599999999,-0.0008095127087391468
-0.8378884799999999,-0.0008095127087391468
-0.8374002,-0.0008095127087391468
-0.83691192,-0.0008095127087391468
-0.83642364,-0.0008095127087391468
-0.83593536,-0.0008095127087391468
-0.83544708,-0.001143456530597758
-0.8349588,-0.0008095127087391468
-0.83447052,-0.0008095127087391468
-0.83398224,-0.001143456530597758
-0.83349396,-0.0008095127087391468
-0.83300568,-0.001143456530597758
-0.8325174,-0.001143456530597758
-0.83202912,-0.0008095127087391468
-0.8315408399999999,-0.001143456530597758
-0.8310525599999999,-0.001143456530597758
-0.8305642799999999,-0.001143456530597758
-0.830076,-0.0008095127087391468
-0.82958772,-0.0008095127087391468
-0.82909944,-0.0008095127087391468
-0.82861116,-0.0008095127087391468
-0.82812288,-0.0008095127087391468
-0.8276346,-0.001143456530597758
-0.82714632,-0.001143456530597758
-0.82665804,-0.0008095127087391468
-0.82616976,-0.0008095127087391468
-0.82568148,-0.0008095127087391468
-0.8251932,-0.0008095127087391468
-0.82470492,-0.0008095127087391468
-0.8242166399999999,-0.0008095127087391468
-0.8237283599999999,-0.0008095127087391468
-0.82324008,-0.0008095127087391468
-0.8227518,-0.001143456530597758
-0.82226352,-0.001143456530597758
-0.82177524,-0.001143456530597758
-0.82128696,-0.001143456530597758
-0.82079868,-0.001143456530597758
-0.8203104,-0.001143456530597758
-0.81982212,-0.001143456530597758
-0.81933384,-0.001143456530597758
-0.81884556,-0.001143456530597758
-0.81835728,-0.001143456530597758
-0.817869,-0.001143456530597758
-0.8173807199999999,-0.001143456530597758
-0.8168924399999999,-0.001143456530597758
-0.8164041599999999,-0.001143456530597758
-0.81591588,-0.001143456530597758
-0.8154276,-0.001143456530597758
-0.81493932,-0.0008095127087391468
-0.81445104,-0.001143456530597758
-0.81396276,-0.001143456530597758
-0.81347448,-0.001143456530597758
-0.8129862,-0.0008095127087391468
-0.81249792,-0.001143456530597758
-0.81200964,-0.0008095127087391468
-0.81152136,-0.0008095127087391468
-0.81103308,-0.001143456530597758
-0.8105448,-0.0008095127087391468
-0.8100565199999999,-0.0008095127087391468
-0.8095682399999999,-0.001143456530597758
-0.80907996,-0.0008095127087391468
-0.80859168,-0.0008095127087391468
-0.8081034,-0.001143456530597758
-0.80761512,-0.0008095127087391468
-0.80712684,-0.0008095127087391468
-0.80663856,-0.001143456530597758
-0.80615028,-0.001143456530597758
-0.805662,-0.001143456530597758
-0.80517372,-0.001143456530597758
-0.80468544,-0.001143456530597758
-0.80419716,-0.001143456530597758
-0.80370888,-0.001143456530597758
-0.8032206,-0.001143456530597758
-0.8027323199999999,-0.001143456530597758
-0.8022440399999999,-0.001143456530597758
-0.80175576,-0.001143456530597758
-0.80126748,-0.001143456530597758
-0.8007792,-0.001143456530597758
-0.80029092,-0.001143456530597758
-0.79980264,-0.001143456530597758
-0.79931436,-0.001143456530597758
-0.79882608,-0.001143456530597758
-0.7983378,-0.001143456530597758
-0.79784952,-0.001143456530597758
-0.79736124,-0.001143456530597758
-0.79687296,-0.001143456530597758
-0.79638468,-0.001143456530597758
-0.7958963999999999,-0.001143456530597758
-0.7954081199999999,-0.001143456530597758
-0.7949198399999999,-0.0008095127087391468
-0.79443156,-0.001143456530597758
-0.79394328,-0.0008095127087391468
-0.793455,-0.001143456530597758
-0.79296672,-0.001143456530597758
-0.79247844,-0.001143456530597758
-0.79199016,-0.001143456530597758
-0.79150188,-0.001143456530597758
-0.7910136,-0.001143456530597758
-0.79052532,-0.0008095127087391468
-0.79003704,-0.001143456530597758
-0.78954876,-0.001143456530597758
-0.78906048,-0.001143456530597758
-0.7885721999999999,-0.001143456530597758
-0.7880839199999999,-0.001143456530597758
-0.78759564,-0.001143456530597758
-0.78710736,-0.001143456530597758
-0.78661908,-0.001143456530597758
-0.7861308,-0.001143456530597758
-0.78564252,-0.001143456530597758
-0.78515424,-0.0008095127087391468
-0.78466596,-0.001143456530597758
-0.78417768,-0.0008095127087391468
-0.7836894,-0.0008095127087391468
-0.78320112,-0.0008095127087391468
-0.78271284,-0.001143456530597758
-0.78222456,-0.001143456530597758
-0.78173628,-0.001143456530597758
-0.7812479999999999,-0.001143456530597758
-0.7807597199999999,-0.001143456530597758
-0.78027144,-0.001143456530597758
-0.77978316,-0.001143456530597758
-0.77929488,-0.001143456530597758
-0.7788066,-0.001143456530597758
-0.77831832,-0.001143456530597758
-0.77783004,-0.001143456530597758
-0.77734176,-0.001143456530597758
-0.77685348,-0.001143456530597758
-0.7763652,-0.001143456530597758
-0.77587692,-0.001143456530597758
-0.77538864,-0.001143456530597758
-0.77490036,-0.001143456530597758
-0.7744120799999999,-0.001143456530597758
-0.7739237999999999,-0.001143456530597758
-0.77343552,-0.001143456530597758
-0.77294724,-0.001143456530597758
-0.77245896,-0.001143456530597758
-0.77197068,-0.001143456530597758
-0.7714824,-0.0008095127087391468
-0.77099412,-0.0008095127087391468
-0.77050584,-0.001143456530597758
-0.77001756,-0.001143456530597758
-0.76952928,-0.0008095127087391468
-0.769041,-0.001143456530597758
-0.76855272,-0.0008095127087391468
-0.76806444,-0.001143456530597758
-0.76757616,-0.0008095127087391468
-0.7670878799999999,-0.001143456530597758
-0.7665995999999999,-0.001143456530597758
-0.76611132,-0.0008095127087391468
-0.76562304,-0.001143456530597758
-0.76513476,-0.001143456530597758
-0.76464648,-0.001143456530597758
-0.7641582,-0.001143456530597758
-0.76366992,-0.001143456530597758
-0.76318164,-0.001143456530597758
-0.76269336,-0.001143456530597758
-0.76220508,-0.001143456530597758
-0.7617168,-0.001143456530597758
-0.76122852,-0.001143456530597758
-0.76074024,-0.0008095127087391468
-0.7602519599999999,-0.001143456530597758
-0.7597636799999999,-0.001143456530597758
-0.7592753999999999,-0.001143456530597758
-0.75878712,-0.001143456530597758
-0.75829884,-0.001143456530597758
-0.75781056,-0.001143456530597758
-0.75732228,-0.001143456530597758
-0.756834,-0.001143456530597758
-0.75634572,-0.001143456530597758
-0.75585744,-0.001143456530597758
-0.75536916,-0.001143456530597758
-0.75488088,-0.001143456530597758
-0.7543926,-0.0008095127087391468
-0.75390432,-0.001143456530597758
-0.75341604,-0.001143456530597758
-0.7529277599999999,-0.001143456530597758
-0.7524394799999999,-0.001143456530597758
-0.7519512,-0.001143456530597758
-0.75146292,-0.001143456530597758
-0.75097464,-0.001143456530597758
-0.75048636,-0.001143456530597758
-0.74999808,-0.001143456530597758
-0.7495098,-0.001143456530597758
-0.74902152,-0.001143456530597758
-0.74853324,-0.001143456530597758
-0.74804496,-0.001143456530597758
-0.74755668,-0.001143456530597758
-0.7470684,-0.001143456530597758
-0.74658012,-0.001143456530597758
-0.74609184,-0.001143456530597758
-0.7456035599999999,-0.0008095127087391468
-0.7451152799999999,-0.001143456530597758
-0.744627,-0.001143456530597758
-0.74413872,-0.001143456530597758
-0.74365044,-0.001143456530597758
-0.74316216,-0.001143456530597758
-0.74267388,-0.0008095127087391468
-0.7421856,-0.001143456530597758
-0.74169732,-0.001143456530597758
-0.74120904,-0.001143456530597758
-0.74072076,-0.001143456530597758
-0.74023248,-0.0008095127087391468
-0.7397442,-0.001143456530597758
-0.73925592,-0.001143456530597758
-0.7387676399999999,-0.0008095127087391468
-0.7382793599999999,-0.0008095127087391468
-0.73779108,-0.001143456530597758
-0.7373028,-0.001143456530597758
-0.73681452,-0.001143456530597758
-0.73632624,-0.001143456530597758
-0.73583796,-0.001143456530597758
-0.73534968,-0.001143456530597758
-0.7348614,-0.001143456530597758
-0.73437312,-0.001143456530597758
-0.73388484,-0.001143456530597758
-0.73339656,-0.001143456530597758
-0.73290828,-0.001143456530597758
-0.73242,-0.001143456530597758
-0.73193172,-0.001143456530597758
-0.7314434399999999,-0.001143456530597758
-0.7309551599999999,-0.001143456530597758
-0.73046688,-0.001143456530597758
-0.7299786,-0.001143456530597758
-0.72949032,-0.001143456530597758
-0.72900204,-0.0008095127087391468
-0.72851376,-0.001143456530597758
-0.72802548,-0.001143456530597758
-0.7275372,-0.0008095127087391468
-0.72704892,-0.001143456530597758
-0.72656064,-0.001143456530597758
-0.72607236,-0.001143456530597758
-0.72558408,-0.001143456530597758
-0.7250958,-0.001143456530597758
-0.7246075199999999,-0.001143456530597758
-0.7241192399999999,-0.0008095127087391468
-0.7236309599999999,-0.001143456530597758
-0.72314268,-0.0008095127087391468
-0.7226544,-0.001143456530597758
-0.72216612,-0.0008095127087391468
-0.72167784,-0.001143456530597758
-0.72118956,-0.001143456530597758
-0.72070128,-0.001143456530597758
-0.720213,-0.001143456530597758
-0.71972472,-0.001143456530597758
-0.71923644,-0.001143456530597758
-0.71874816,-0.001143456530597758
-0.71825988,-0.001143456530597758
-0.7177716,-0.001143456530597758
-0.7172833199999999,-0.001143456530597758
-0.7167950399999999,-0.001143456530597758
-0.71630676,-0.001143456530597758
-0.71581848,-0.0008095127087391468
-0.7153302,-0.0008095127087391468
-0.71484192,-0.001143456530597758
-0.71435364,-0.001143456530597758
-0.71386536,-0.001143456530597758
-0.71337708,-0.001143456530597758
-0.7128888,-0.001143456530597758
-0.71240052,-0.001143456530597758
-0.71191224,-0.001143456530597758
-0.71142396,-0.001143456530597758
-0.71093568,-0.001143456530597758
-0.7104474,-0.001143456530597758
-0.7099591199999999,-0.001143456530597758
-0.7094708399999999,-0.001143456530597758
-0.70898256,-0.001143456530597758
-0.70849428,-0.001143456530597758
-0.708006,-0.0008095127087391468
-0.70751772,-0.001143456530597758
-0.70702944,-0.001143456530597758
-0.70654116,-0.0008095127087391468
-0.70605288,-0.0008095127087391468
-0.7055646,-0.001143456530597758
-0.70507632,-0.0008095127087391468
-0.70458804,-0.001143456530597758
-0.70409976,-0.0008095127087391468
-0.70361148,-0.0008095127087391468
-0.7031231999999999,-0.001143456530597758
-0.7026349199999999,-0.001143456530597758
-0.70214664,-0.0008095127087391468
-0.70165836,-0.0008095127087391468
-0.70117008,-0.001143456530597758
-0.7006818,-0.0008095127087391468
-0.70019352,-0.0008095127087391468
-0.69970524,-0.001143456530597758
-0.69921696,-0.0008095127087391468
-0.69872868,-0.001143456530597758
-0.6982404,-0.001143456530597758
-0.69775212,-0.001143456530597758
-0.69726384,-0.001143456530597758
-0.69677556,-0.001143456530597758
-0.69628728,-0.001143456530597758
-0.6957989999999999,-0.001143456530597758
-0.6953107199999999,-0.0008095127087391468
-0.69482244,-0.0008095127087391468
-0.69433416,-0.0008095127087391468
-0.69384588,-0.001143456530597758
-0.6933576,-0.001143456530597758
-0.69286932,-0.001143456530597758
-0.69238104,-0.001143456530597758
-0.69189276,-0.001143456530597758
-0.69140448,-0.001143456530597758
-0.6909162,-0.0008095127087391468
-0.69042792,-0.001143456530597758
-0.68993964,-0.001143456530597758
-0.68945136,-0.001143456530597758
-0.6889630799999999,-0.001143456530597758
-0.6884747999999999,-0.0008095127087391468
-0.6879865199999999,-0.0008095127087391468
-0.68749824,-0.0008095127087391468
-0.68700996,-0.0008095127087391468
-0.68652168,-0.001143456530597758
-0.6860334,-0.001143456530597758
-0.68554512,-0.001143456530597758
-0.68505684,-0.0008095127087391468
-0.68456856,-0.0008095127087391468
-0.68408028,-0.0008095127087391468
-0.683592,-0.0008095127087391468
-0.68310372,-0.0008095127087391468
-0.68261544,-0.001143456530597758
-0.68212716,-0.001143456530597758
-0.6816388799999999,-0.001143456530597758
-0.6811505999999999,-0.001143456530597758
-0.68066232,-0.001143456530597758
-0.68017404,-0.001143456530597758
-0.67968576,-0.0008095127087391468
-0.67919748,-0.001143456530597758
-0.6787092,-0.0008095127087391468
-0.67822092,-0.0008095127087391468
-0.67773264,-0.001143456530597758
-0.67724436,-0.001143456530597758
-0.67675608,-0.001143456530597758
-0.6762678,-0.0008095127087391468
-0.67577952,-0.0008095127087391468
-0.67529124,-0.001143456530597758
-0.67480296,-0.001143456530597758
-0.6743146799999999,-0.001143456530597758
-0.6738263999999999,-0.001143456530597758
-0.67333812,-0.001143456530597758
-0.67284984,-0.001143456530597758
-0.67236156,-0.001143456530597758
-0.67187328,-0.0008095127087391468
-0.671385,-0.001143456530597758
-0.67089672,-0.0008095127087391468
-0.67040844,-0.0008095127087391468
-0.66992016,-0.0008095127087391468
-0.66943188,-0.001143456530597758
-0.6689436,-0.0008095127087391468
-0.66845532,-0.0008095127087391468
-0.66796704,-0.0008095127087391468
-0.6674787599999999,-0.001143456530597758
-0.6669904799999999,-0.001143456530597758
-0.6665022,-0.0008095127087391468
-0.66601392,-0.0008095127087391468
-0.66552564,-0.0008095127087391468
-0.66503736,-0.001143456530597758
-0.66454908,-0.0008095127087391468
-0.6640608,-0.001143456530597758
-0.66357252,-0.001143456530597758
-0.66308424,-0.001143456530597758
-0.66259596,-0.0008095127087391468
-0.66210768,-0.001143456530597758
-0.6616194,-0.0008095127087391468
-0.66113112,-0.0008095127087391468
-0.66064284,-0.001143456530597758
-0.6601545599999999,-0.001143456530597758
-0.6596662799999999,-0.001143456530597758
-0.659178,-0.001143456530597758
-0.65868972,-0.001143456530597758
-0.65820144,-0.0008095127087391468
-0.65771316,-0.0008095127087391468
-0.65722488,-0.001143456530597758
-0.6567366,-0.0008095127087391468
-0.65624832,-0.0008095127087391468
-0.65576004,-0.001143456530597758
-0.65527176,-0.001143456530597758
-0.65478348,-0.0008095127087391468
-0.6542952,-0.001143456530597758
-0.65380692,-0.001143456530597758
-0.65331864,-0.001143456530597758
-0.6528303599999999,-0.0008095127087391468
-0.6523420799999999,-0.0008095127087391468
-0.6518538,-0.0008095127087391468
-0.65136552,-0.001143456530597758
-0.65087724,-0.001143456530597758
-0.65038896,-0.0008095127087391468
-0.64990068,-0.0008095127087391468
-0.6494124,-0.0008095127087391468
-0.64892412,-0.0008095127087391468
-0.64843584,-0.0008095127087391468
-0.64794756,-0.0008095127087391468
-0.64745928,-0.0008095127087391468
-0.646971,-0.0008095127087391468
-0.64648272,-0.0008095127087391468
-0.6459944399999999,-0.0008095127087391468
-0.6455061599999999,-0.0008095127087391468
-0.64501788,-0.0008095127087391468
-0.6445296,-0.0008095127087391468
-0.64404132,-0.0008095127087391468
-0.64355304,-0.0008095127087391468
-0.64306476,-0.0008095127087391468
-0.64257648,-0.0008095127087391468
-0.6420882,-0.0008095127087391468
-0.64159992,-0.0008095127087391468
-0.64111164,-0.0008095127087391468
-0.64062336,-0.0008095127087391468
-0.64013508,-0.0008095127087391468
-0.6396468,-0.0008095127087391468
-0.63915852,-0.0008095127087391468
-0.6386702399999999,-0.0008095127087391468
-0.6381819599999999,-0.0008095127087391468
-0.63769368,-0.0008095127087391468
-0.6372054,-0.001143456530597758
-0.63671712,-0.0008095127087391468
-0.63622884,-0.0008095127087391468
-0.63574056,-0.001143456530597758
-0.63525228,-0.0008095127087391468
-0.634764,-0.0008095127087391468
-0.63427572,-0.0008095127087391468
-0.63378744,-0.0008095127087391468
-0.63329916,-0.0008095127087391468
-0.63281088,-0.0008095127087391468
-0.6323226,-0.0008095127087391468
-0.6318343199999999,-0.0008095127087391468
-0.6313460399999999,-0.0008095127087391468
-0.63085776,-0.0008095127087391468
-0.63036948,-0.0008095127087391468
-0.6298812,-0.0008095127087391468
-0.62939292,-0.0008095127087391468
-0.62890464,-0.0008095127087391468
-0.62841636,-0.0008095127087391468
-0.62792808,-0.0008095127087391468
-0.6274398,-0.0008095127087391468
-0.62695152,-0.0008095127087391468
-0.62646324,-0.0008095127087391468
-0.62597496,-0.0008095127087391468
-0.62548668,-0.0008095127087391468
-0.6249984,-0.0008095127087391468
-0.6245101199999999,-0.0008095127087391468
-0.6240218399999999,-0.0008095127087391468
-0.62353356,-0.0008095127087391468
-0.62304528,-0.0008095127087391468
-0.622557,-0.0008095127087391468
-0.62206872,-0.0008095127087391468
-0.62158044,-0.0008095127087391468
-0.62109216,-0.0008095127087391468
-0.62060388,-0.0008095127087391468
-0.6201156,-0.0008095127087391468
-0.61962732,-0.0008095127087391468
-0.61913904,-0.0008095127087391468
-0.61865076,-0.001143456530597758
-0.61816248,-0.001143456530597758
-0.6176742,-0.001143456530597758
-0.6171859199999999,-0.0008095127087391468
-0.6166976399999999,-0.0008095127087391468
-0.61620936,-0.0008095127087391468
-0.61572108,-0.001143456530597758
-0.6152328,-0.001143456530597758
-0.61474452,-0.001143456530597758
-0.61425624,-0.001143456530597758
-0.61376796,-0.0008095127087391468
-0.61327968,-0.001143456530597758
-0.6127914,-0.0008095127087391468
-0.61230312,-0.0008095127087391468
-0.61181484,-0.0008095127087391468
-0.61132656,-0.0008095127087391468
-0.61083828,-0.001143456530597758
-0.6103499999999999,-0.0008095127087391468
-0.6098617199999999,-0.0008095127087391468
-0.60937344,-0.0008095127087391468
-0.60888516,-0.001143456530597758
-0.60839688,-0.0008095127087391468
-0.6079086,-0.0008095127087391468
-0.60742032,-0.001143456530597758
-0.60693204,-0.0008095127087391468
-0.60644376,-0.0008095127087391468
-0.60595548,-0.0008095127087391468
-0.6054672,-0.0008095127087391468
-0.60497892,-0.001143456530597758
-0.60449064,-0.0008095127087391468
-0.60400236,-0.0008095127087391468
-0.60351408,-0.0008095127087391468
-0.6030257999999999,-0.0008095127087391468
-0.6025375199999999,-0.0008095127087391468
-0.60204924,-0.0008095127087391468
-0.60156096,-0.001143456530597758
-0.60107268,-0.001143456530597758
-0.6005844,-0.001143456530597758
-0.60009612,-0.001143456530597758
-0.59960784,-0.001143456530597758
-0.59911956,-0.001143456530597758
-0.59863128,-0.0008095127087391468
-0.598143,-0.0008095127087391468
-0.59765472,-0.001143456530597758
-0.59716644,-0.0008095127087391468
-0.59667816,-0.0008095127087391468
-0.5961898799999999,-0.001143456530597758
-0.5957015999999999,-0.0008095127087391468
-0.59521332,-0.0008095127087391468
-0.59472504,-0.0008095127087391468
-0.59423676,-0.001143456530597758
-0.59374848,-0.0008095127087391468
-0.5932602,-0.001143456530597758
-0.59277192,-0.0008095127087391468
-0.59228364,-0.001143456530597758
-0.59179536,-0.0008095127087391468
-0.59130708,-0.001143456530597758
-0.5908188,-0.0008095127087391468
-0.59033052,-0.0008095127087391468
-0.58984224,-0.0008095127087391468
-0.58935396,-0.0008095127087391468
-0.5888656799999999,-0.001143456530597758
-0.5883773999999999,-0.0008095127087391468
-0.58788912,-0.001143456530597758
-0.58740084,-0.001143456530597758
-0.58691256,-0.0008095127087391468
-0.58642428,-0.0008095127087391468
-0.585936,-0.0008095127087391468
-0.58544772,-0.0008095127087391468
-0.58495944,-0.0008095127087391468
-0.58447116,-0.0008095127087391468
-0.58398288,-0.0008095127087391468
-0.5834946,-0.0008095127087391468
-0.58300632,-0.0008095127087391468
-0.58251804,-0.0008095127087391468
-0.58202976,-0.0008095127087391468
-0.5815414799999999,-0.0008095127087391468
-0.5810531999999999,-0.0008095127087391468
-0.58056492,-0.0008095127087391468
-0.58007664,-0.001143456530597758
-0.57958836,-0.001143456530597758
-0.57910008,-0.001143456530597758
-0.5786118,-0.001143456530597758
-0.57812352,-0.001143456530597758
-0.57763524,-0.001143456530597758
-0.57714696,-0.001143456530597758
-0.57665868,-0.001143456530597758
-0.5761704,-0.0008095127087391468
-0.57568212,-0.0008095127087391468
-0.57519384,-0.0008095127087391468
-0.5747055599999999,-0.0008095127087391468
-0.5742172799999999,-0.0008095127087391468
-0.573729,-0.0008095127087391468
-0.57324072,-0.0008095127087391468
-0.57275244,-0.0008095127087391468
-0.57226416,-0.0008095127087391468
-0.57177588,-0.0008095127087391468
-0.5712876,-0.0008095127087391468
-0.57079932,-0.0008095127087391468
-0.57031104,-0.0008095127087391468
-0.56982276,-0.0008095127087391468
-0.56933448,-0.0008095127087391468
-0.5688462,-0.001143456530597758
-0.56835792,-0.0008095127087391468
-0.56786964,-0.0008095127087391468
-0.5673813599999999,-0.001143456530597758
-0.5668930799999999,-0.0008095127087391468
-0.5664048,-0.0008095127087391468
-0.56591652,-0.0008095127087391468
-0.56542824,-0.001143456530597758
-0.56493996,-0.0008095127087391468
-0.56445168,-0.0008095127087391468
-0.5639634,-0.0008095127087391468
-0.56347512,-0.0008095127087391468
-0.56298684,-0.0008095127087391468
-0.56249856,-0.0008095127087391468
-0.56201028,-0.0008095127087391468
-0.561522,-0.0008095127087391468
-0.56103372,-0.0008095127087391468
-0.56054544,-0.001143456530597758
-0.5600571599999999,-0.0008095127087391468
-0.55956888,-0.001143456530597758
-0.5590806,-0.001143456530597758
-0.55859232,-0.001143456530597758
-0.55810404,-0.0008095127087391468
-0.55761576,-0.0008095127087391468
-0.55712748,-0.001143456530597758
-0.5566392,-0.001143456530597758
-0.55615092,-0.0008095127087391468
-0.55566264,-0.0008095127087391468
-0.55517436,-0.0008095127087391468
-0.55468608,-0.0008095127087391468
-0.5541978,-0.0008095127087391468
-0.55370952,-0.001143456530597758
-0.5532212399999999,-0.0008095127087391468
-0.5527329599999999,-0.0008095127087391468
-0.55224468,-0.0008095127087391468
-0.5517564,-0.0008095127087391468
-0.55126812,-0.0008095127087391468
-0.55077984,-0.0008095127087391468
-0.55029156,-0.0008095127087391468
-0.54980328,-0.0008095127087391468
-0.549315,-0.0008095127087391468
-0.54882672,-0.0008095127087391468
-0.54833844,-0.0008095127087391468
-0.54785016,-0.0008095127087391468
-0.54736188,-0.0008095127087391468
-0.5468736,-0.0008095127087391468
-0.54638532,-0.0008095127087391468
-0.5458970399999999,-0.0008095127087391468
-0.5454087599999999,-0.0008095127087391468
-0.54492048,-0.0008095127087391468
-0.5444322,-0.0008095127087391468
-0.54394392,-0.0008095127087391468
-0.54345564,-0.001143456530597758
-0.54296736,-0.0008095127087391468
-0.54247908,-0.0008095127087391468
-0.5419908,-0.0008095127087391468
-0.54150252,-0.001143456530597758
-0.54101424,-0.001143456530597758
-0.54052596,-0.001143456530597758
-0.54003768,-0.001143456530597758
-0.5395494,-0.001143456530597758
-0.5390611199999999,-0.001143456530597758
-0.5385728399999999,-0.0008095127087391468
-0.53808456,-0.001143456530597758
-0.53759628,-0.0008095127087391468
-0.537108,-0.0008095127087391468
-0.53661972,-0.0008095127087391468
-0.53613144,-0.0008095127087391468
-0.53564316,-0.0008095127087391468
-0.53515488,-0.0008095127087391468
-0.5346666,-0.001143456530597758
-0.53417832,-0.001143456530597758
-0.53369004,-0.0008095127087391468
-0.53320176,-0.001143456530597758
-0.53271348,-0.0008095127087391468
-0.5322252,-0.0008095127087391468
-0.5317369199999999,-0.0008095127087391468
-0.5312486399999999,-0.001143456530597758
-0.53076036,-0.0008095127087391468
-0.53027208,-0.0008095127087391468
-0.5297838,-0.0008095127087391468
-0.52929552,-0.0008095127087391468
-0.52880724,-0.0008095127087391468
-0.52831896,-0.0008095127087391468
-0.52783068,-0.001143456530597758
-0.5273424,-0.001143456530597758
-0.52685412,-0.0008095127087391468
-0.52636584,-0.0008095127087391468
-0.52587756,-0.0008095127087391468
-0.52538928,-0.0008095127087391468
-0.524901,-0.0008095127087391468
-0.5244127199999999,-0.0008095127087391468
-0.52392444,-0.0008095127087391468
-0.52343616,-0.0008095127087391468
-0.52294788,-0.001143456530597758
-0.5224596,-0.0008095127087391468
-0.52197132,-0.0008095127087391468
-0.52148304,-0.0008095127087391468
-0.52099476,-0.0008095127087391468
-0.52050648,-0.0008095127087391468
-0.5200182,-0.001143456530597758
-0.51952992,-0.0008095127087391468
-0.51904164,-0.0008095127087391468
-0.51855336,-0.001143456530597758
-0.51806508,-0.0008095127087391468
-0.5175767999999999,-0.001143456530597758
-0.5170885199999999,-0.001143456530597758
-0.51660024,-0.001143456530597758
-0.51611196,-0.001143456530597758
-0.51562368,-0.0008095127087391468
-0.5151354,-0.001143456530597758
-0.51464712,-0.0008095127087391468
-0.51415884,-0.001143456530597758
-0.51367056,-0.0008095127087391468
-0.51318228,-0.001143456530597758
-0.512694,-0.001143456530597758
-0.51220572,-0.001143456530597758
-0.51171744,-0.001143456530597758
-0.51122916,-0.001143456530597758
-0.51074088,-0.001143456530597758
-0.5102525999999999,-0.001143456530597758
-0.5097643199999999,-0.0008095127087391468
-0.50927604,-0.001143456530597758
-0.50878776,-0.001143456530597758
-0.50829948,-0.001143456530597758
-0.5078112,-0.0008095127087391468
-0.50732292,-0.001143456530597758
-0.50683464,-0.0008095127087391468
-0.50634636,-0.001143456530597758
-0.50585808,-0.0008095127087391468
-0.5053698,-0.001143456530597758
-0.50488152,-0.001143456530597758
-0.50439324,-0.0008095127087391468
-0.50390496,-0.0008095127087391468
-0.5034166799999999,-0.001143456530597758
-0.5029283999999999,-0.001143456530597758
-0.50244012,-0.001143456530597758
-0.50195184,-0.001143456530597758
-0.50146356,-0.001143456530597758
-0.50097528,-0.0008095127087391468
-0.500487,-0.001143456530597758
-0.49999872,-0.001143456530597758
-0.49951044,-0.001143456530597758
-0.49902216,-0.001143456530597758
-0.49853388,-0.001143456530597758
-0.4980456,-0.001143456530597758
-0.49755732,-0.0008095127087391468
-0.49706904,-0.001143456530597758
-0.49658076,-0.0008095127087391468
-0.49609248,-0.001143456530597758
-0.4956042,-0.001143456530597758
-0.49511592,-0.001143456530597758
-0.49462764,-0.0008095127087391468
-0.49413936,-0.001143456530597758
-0.49365108,-0.001143456530597758
-0.4931628,-0.001143456530597758
-0.49267452,-0.001143456530597758
-0.49218624,-0.001143456530597758
-0.49169796,-0.001143456530597758
-0.49120968,-0.001143456530597758
-0.4907214,-0.0008095127087391468
-0.49023312,-0.0008095127087391468
-0.48974484,-0.0008095127087391468
-0.48925656,-0.0008095127087391468
-0.48876828,-0.001143456530597758
-0.48828,-0.0008095127087391468
-0.48779172,-0.001143456530597758
-0.48730344,-0.0008095127087391468
-0.48681516,-0.0008095127087391468
-0.48632688,-0.0008095127087391468
-0.4858386,-0.0008095127087391468
-0.48535032,-0.0008095127087391468
-0.48486204,-0.001143456530597758
-0.48437376,-0.0008095127087391468
-0.48388548,-0.0008095127087391468
-0.4833972,-0.0008095127087391468
-0.48290892,-0.0008095127087391468
-0.48242064,-0.0008095127087391468
-0.48193236,-0.001143456530597758
-0.48144408,-0.001143456530597758
-0.4809558,-0.0008095127087391468
-0.48046752,-0.001143456530597758
-0.47997924,-0.0008095127087391468
-0.47949096,-0.001143456530597758
-0.47900268,-0.001143456530597758
-0.4785144,-0.001143456530597758
-0.47802612,-0.001143456530597758
-0.47753784,-0.001143456530597758
-0.47704956,-0.001143456530597758
-0.47656128,-0.001143456530597758
-0.476073,-0.001143456530597758
-0.47558472,-0.001143456530597758
-0.47509644,-0.001143456530597758
-0.47460816,-0.0008095127087391468
-0.47411988,-0.001143456530597758
-0.4736316,-0.001143456530597758
-0.47314332,-0.001143456530597758
-0.47265504,-0.001143456530597758
-0.47216676,-0.001143456530597758
-0.47167848,-0.001143456530597758
-0.4711902,-0.001143456530597758
-0.47070192,-0.001143456530597758
-0.47021364,-0.0008095127087391468
-0.46972536,-0.001143456530597758
-0.46923708,-0.0008095127087391468
-0.4687488,-0.0008095127087391468
-0.46826052,-0.0008095127087391468
-0.46777224,-0.0008095127087391468
-0.46728396,-0.0008095127087391468
-0.46679568,-0.0008095127087391468
-0.4663074,-0.0008095127087391468
-0.46581912,-0.0008095127087391468
-0.46533084,-0.001143456530597758
-0.46484256,-0.0008095127087391468
-0.46435428,-0.0008095127087391468
-0.463866,-0.0008095127087391468
-0.46337772,-0.0008095127087391468
-0.46288944,-0.001143456530597758
-0.46240116,-0.001143456530597758
-0.46191288,-0.001143456530597758
-0.4614246,-0.0008095127087391468
-0.46093632,-0.0008095127087391468
-0.46044804,-0.0008095127087391468
-0.45995976,-0.0008095127087391468
-0.45947148,-0.001143456530597758
-0.4589832,-0.001143456530597758
-0.45849492,-0.001143456530597758
-0.45800664,-0.001143456530597758
-0.45751836,-0.001143456530597758
-0.45703008,-0.001143456530597758
-0.4565418,-0.001143456530597758
-0.45605352,-0.001143456530597758
-0.45556524,-0.0008095127087391468
-0.45507696,-0.0008095127087391468
-0.45458868,-0.0008095127087391468
-0.4541004,-0.001143456530597758
-0.45361212,-0.001143456530597758
-0.45312384,-0.001143456530597758
-0.45263556,-0.001143456530597758
-0.45214728,-0.001143456530597758
-0.451659,-0.001143456530597758
-0.45117072,-0.001143456530597758
-0.45068244,-0.001143456530597758
-0.45019416,-0.001143456530597758
-0.44970588,-0.001143456530597758
-0.4492176,-0.0008095127087391468
-0.44872932,-0.001143456530597758
-0.44824104,-0.0008095127087391468
-0.44775276,-0.001143456530597758
-0.44726448,-0.0008095127087391468
-0.4467762,-0.0008095127087391468
-0.44628792,-0.0008095127087391468
-0.44579964,-0.0008095127087391468
-0.44531136,-0.001143456530597758
-0.44482308,-0.001143456530597758
-0.4443348,-0.0008095127087391468
-0.44384652,-0.0008095127087391468
-0.44335824,-0.0008095127087391468
-0.44286996,-0.001143456530597758
-0.44238168,-0.001143456530597758
-0.4418934,-0.001143456530597758
-0.44140512,-0.0008095127087391468
-0.44091684,-0.001143456530597758
-0.44042856,-0.001143456530597758
-0.43994028,-0.001143456530597758
-0.439452,-0.001143456530597758
-0.43896372,-0.001143456530597758
-0.43847544,-0.001143456530597758
-0.43798716,-0.0008095127087391468
-0.43749888,-0.0008095127087391468
-0.4370106,-0.001143456530597758
-0.43652232,-0.001143456530597758
-0.43603404,-0.001143456530597758
-0.43554576,-0.001143456530597758
-0.43505748,-0.001143456530597758
-0.4345692,-0.001143456530597758
-0.43408092,-0.001143456530597758
-0.43359264,-0.001143456530597758
-0.43310436,-0.001143456530597758
-0.43261608,-0.001143456530597758
-0.4321278,-0.001143456530597758
-0.43163952,-0.001143456530597758
-0.43115124,-0.001143456530597758
-0.43066296,-0.0008095127087391468
-0.43017468,-0.0008095127087391468
-0.4296864,-0.0008095127087391468
-0.42919812,-0.0008095127087391468
-0.42870984,-0.0008095127087391468
-0.42822156,-0.0008095127087391468
-0.42773328,-0.0008095127087391468
-0.427245,-0.0008095127087391468
-0.42675672,-0.0008095127087391468
-0.42626844,-0.0008095127087391468
-0.42578016,-0.0008095127087391468
-0.42529188,-0.0008095127087391468
-0.4248036,-0.0008095127087391468
-0.42431532,-0.0008095127087391468
-0.42382704,-0.0008095127087391468
-0.42333876,-0.0008095127087391468
-0.42285048,-0.0008095127087391468
-0.4223622,-0.0008095127087391468
-0.42187392,-0.0008095127087391468
-0.42138564,-0.001143456530597758
-0.42089736,-0.0008095127087391468
-0.42040908,-0.0008095127087391468
-0.4199208,-0.0008095127087391468
-0.41943252,-0.0008095127087391468
-0.41894424,-0.0008095127087391468
-0.41845596,-0.0008095127087391468
-0.41796768,-0.001143456530597758
-0.4174794,-0.0008095127087391468
-0.41699112,-0.0008095127087391468
-0.41650284,-0.001143456530597758
-0.41601456,-0.0008095127087391468
-0.41552628,-0.001143456530597758
-0.415038,-0.001143456530597758
-0.41454972,-0.0008095127087391468
-0.41406144,-0.0008095127087391468
-0.41357316,-0.0008095127087391468
-0.41308488,-0.0008095127087391468
-0.4125966,-0.0008095127087391468
-0.41210832,-0.0008095127087391468
-0.41162004,-0.0008095127087391468
-0.41113176,-0.0008095127087391468
-0.41064348,-0.0008095127087391468
-0.4101552,-0.0008095127087391468
-0.40966692,-0.0008095127087391468
-0.40917864,-0.0008095127087391468
-0.40869036,-0.0008095127087391468
-0.40820208,-0.0008095127087391468
-0.4077138,-0.0008095127087391468
-0.40722552,-0.0008095127087391468
-0.40673724,-0.0008095127087391468
-0.40624896,-0.0008095127087391468
-0.40576068,-0.0008095127087391468
-0.4052724,-0.0008095127087391468
-0.40478412,-0.0008095127087391468
-0.40429584,-0.0008095127087391468
-0.40380756,-0.0008095127087391468
-0.40331928,-0.0008095127087391468
-0.402831,-0.0008095127087391468
-0.40234272,-0.0008095127087391468
-0.40185444,-0.0008095127087391468
-0.40136616,-0.0008095127087391468
-0.40087788,-0.0008095127087391468
-0.4003896,-0.0008095127087391468
-0.39990132,-0.0008095127087391468
-0.39941304,-0.0008095127087391468
-0.39892476,-0.0008095127087391468
-0.39843648,-0.0008095127087391468
-0.3979482,-0.0008095127087391468
-0.39745992,-0.0008095127087391468
-0.39697164,-0.001143456530597758
-0.39648336,-0.001143456530597758
-0.39599508,-0.0008095127087391468
-0.3955068,-0.0008095127087391468
-0.39501852,-0.0008095127087391468
-0.39453024,-0.0008095127087391468
-0.39404196,-0.0008095127087391468
-0.39355368,-0.0008095127087391468
-0.3930654,-0.0008095127087391468
-0.39257712,-0.001143456530597758
-0.39208884,-0.0008095127087391468
-0.39160056,-0.0008095127087391468
-0.39111228,-0.0008095127087391468
-0.390624,-0.0008095127087391468
-0.39013572,-0.0008095127087391468
-0.38964744,-0.0008095127087391468
-0.38915916,-0.0008095127087391468
-0.38867088,-0.0008095127087391468
-0.3881826,-0.0008095127087391468
-0.38769432,-0.0008095127087391468
-0.38720604,-0.0008095127087391468
-0.38671776,-0.0008095127087391468
-0.38622948,-0.0008095127087391468
-0.3857412,-0.0008095127087391468
-0.38525292,-0.0008095127087391468
-0.38476464,-0.0008095127087391468
-0.38427636,-0.0008095127087391468
-0.38378808,-0.0008095127087391468
-0.3832998,-0.0008095127087391468
-0.38281152,-0.0008095127087391468
-0.38232324,-0.0008095127087391468
-0.38183496,-0.0008095127087391468
-0.38134668,-0.0008095127087391468
-0.3808584,-0.0008095127087391468
-0.38037012,-0.0008095127087391468
-0.37988184,-0.0008095127087391468
-0.37939356,-0.0008095127087391468
-0.37890528,-0.0008095127087391468
-0.378417,-0.0008095127087391468
-0.37792872,-0.0008095127087391468
-0.37744044,-0.0008095127087391468
-0.37695216,-0.0008095127087391468
-0.37646388,-0.0008095127087391468
-0.3759756,-0.0008095127087391468
-0.37548732,-0.0008095127087391468
-0.37499904,-0.0008095127087391468
-0.37451076,-0.001143456530597758
-0.37402248,-0.001143456530597758
-0.3735342,-0.001143456530597758
-0.37304592,-0.001143456530597758
-0.37255764,-0.0008095127087391468
-0.37206936,-0.0008095127087391468
-0.37158108,-0.0008095127087391468
-0.3710928,-0.001143456530597758
-0.37060452,-0.0008095127087391468
-0.37011624,-0.0008095127087391468
-0.36962796,-0.0008095127087391468
-0.36913968,-0.0008095127087391468
-0.3686514,-0.0008095127087391468
-0.36816312,-0.0008095127087391468
-0.36767484,-0.0008095127087391468
-0.36718656,-0.0008095127087391468
-0.36669828,-0.0008095127087391468
-0.36621,-0.0008095127087391468
-0.36572172,-0.0008095127087391468
-0.36523344,-0.0008095127087391468
-0.36474516,-0.0008095127087391468
-0.36425688,-0.0008095127087391468
-0.3637686,-0.0008095127087391468
-0.36328032,-0.0008095127087391468
-0.36279204,-0.0008095127087391468
-0.36230376,-0.0008095127087391468
-0.36181548,-0.0008095127087391468
-0.3613272,-0.0008095127087391468
-0.36083892,-0.0008095127087391468
-0.36035064,-0.0008095127087391468
-0.35986236,-0.0008095127087391468
-0.35937408,-0.0008095127087391468
-0.3588858,-0.001143456530597758
-0.35839752,-0.0008095127087391468
-0.35790924,-0.0008095127087391468
-0.35742096,-0.0008095127087391468
-0.35693268,-0.001143456530597758
-0.3564444,-0.0008095127087391468
-0.35595612,-0.001143456530597758
-0.35546784,-0.0008095127087391468
-0.35497956,-0.0008095127087391468
-0.35449128,-0.001143456530597758
-0.354003,-0.0008095127087391468
-0.35351472,-0.001143456530597758
-0.35302644,-0.001143456530597758
-0.35253816,-0.001143456530597758
-0.35204988,-0.0008095127087391468
-0.3515616,-0.0008095127087391468
-0.35107332,-0.0008095127087391468
-0.35058504,-0.0008095127087391468
-0.35009676,-0.0008095127087391468
-0.34960848,-0.0008095127087391468
-0.3491202,-0.0008095127087391468
-0.34863192,-0.0008095127087391468
-0.34814364,-0.0008095127087391468
-0.34765536,-0.0008095127087391468
-0.34716708,-0.0008095127087391468
-0.3466788,-0.0008095127087391468
-0.34619052,-0.0008095127087391468
-0.34570224,-0.0008095127087391468
-0.34521396,-0.0008095127087391468
-0.34472568,-0.0008095127087391468
-0.3442374,-0.0008095127087391468
-0.34374912,-0.0008095127087391468
-0.34326084,-0.0008095127087391468
-0.34277256,-0.0008095127087391468
-0.34228428,-0.0008095127087391468
-0.341796,-0.0008095127087391468
-0.34130772,-0.0008095127087391468
-0.34081944,-0.0008095127087391468
-0.34033116,-0.0008095127087391468
-0.33984288,-0.0008095127087391468
-0.3393546,-0.0008095127087391468
-0.33886632,-0.0008095127087391468
-0.33837804,-0.0008095127087391468
-0.33788976,-0.0008095127087391468
-0.33740148,-0.0008095127087391468
-0.3369132,-0.0008095127087391468
-0.33642492,-0.0008095127087391468
-0.33593664,-0.0008095127087391468
-0.33544836,-0.001143456530597758
-0.33496008,-0.001143456530597758
-0.3344718,-0.0008095127087391468
-0.33398352,-0.0008095127087391468
-0.33349524,-0.0008095127087391468
-0.33300696,-0.0008095127087391468
-0.33251868,-0.0008095127087391468
-0.3320304,-0.0008095127087391468
-0.33154212,-0.0008095127087391468
-0.33105384,-0.0008095127087391468
-0.33056556,-0.0008095127087391468
-0.33007728,-0.0008095127087391468
-0.329589,-0.0008095127087391468
-0.32910072,-0.0008095127087391468
-0.32861244,-0.001143456530597758
-0.32812416,-0.0008095127087391468
-0.32763588,-0.0008095127087391468
-0.3271476,-0.0008095127087391468
-0.32665932,-0.0008095127087391468
-0.32617104,-0.0008095127087391468
-0.32568276,-0.0008095127087391468
-0.32519448,-0.0008095127087391468
-0.3247062,-0.0008095127087391468
-0.32421792,-0.0008095127087391468
-0.32372964,-0.0008095127087391468
-0.32324136,-0.0008095127087391468
-0.32275308,-0.0008095127087391468
-0.3222648,-0.0008095127087391468
-0.32177652,-0.0008095127087391468
-0.32128824,-0.0008095127087391468
-0.32079996,-0.0008095127087391468
-0.32031168,-0.0008095127087391468
-0.3198234,-0.0008095127087391468
-0.31933512,-0.0008095127087391468
-0.31884684,-0.0008095127087391468
-0.31835856,-0.0008095127087391468
-0.31787028,-0.0008095127087391468
-0.317382,-0.0008095127087391468
-0.31689372,-0.0008095127087391468
-0.31640544,-0.0008095127087391468
-0.31591716,-0.0008095127087391468
-0.31542888,-0.0008095127087391468
-0.3149406,-0.0008095127087391468
-0.31445232,-0.001143456530597758
-0.31396404,-0.001143456530597758
-0.31347576,-0.0008095127087391468
-0.31298748,-0.001143456530597758
-0.3124992,-0.0008095127087391468
-0.31201092,-0.0008095127087391468
-0.31152264,-0.0008095127087391468
-0.31103436,-0.0008095127087391468
-0.31054608,-0.0008095127087391468
-0.3100578,-0.0008095127087391468
-0.30956952,-0.0008095127087391468
-0.30908124,-0.0008095127087391468
-0.30859296,-0.0008095127087391468
-0.30810468,-0.0008095127087391468
-0.3076164,-0.0008095127087391468
-0.30712812,-0.0008095127087391468
-0.30663984,-0.0008095127087391468
-0.30615156,-0.0008095127087391468
-0.30566328,-0.0008095127087391468
-0.305175,-0.0008095127087391468
-0.30468672,-0.0008095127087391468
-0.30419844,-0.0008095127087391468
-0.30371016,-0.0008095127087391468
-0.30322188,-0.0008095127087391468
-0.3027336,-0.0008095127087391468
-0.30224532,-0.0008095127087391468
-0.30175704,-0.0008095127087391468
-0.30126876,-0.0008095127087391468
-0.30078048,-0.0008095127087391468
-0.3002922,-0.0008095127087391468
-0.29980392,-0.0008095127087391468
-0.29931564,-0.0008095127087391468
-0.29882736,-0.0008095127087391468
-0.29833908,-0.0008095127087391468
-0.2978508,-0.0008095127087391468
-0.29736252,-0.0008095127087391468
-0.29687424,-0.0008095127087391468
-0.29638596,-0.0008095127087391468
-0.29589768,-0.0008095127087391468
-0.2954094,-0.001143456530597758
-0.29492112,-0.001143456530597758
-0.29443284,-0.0008095127087391468
-0.29394456,-0.0008095127087391468
-0.29345628,-0.001143456530597758
-0.292968,-0.0008095127087391468
-0.29247972,-0.001143456530597758
-0.29199144,-0.001143456530597758
-0.29150316,-0.0008095127087391468
-0.29101488,-0.0008095127087391468
-0.2905266,-0.0008095127087391468
-0.29003832,-0.0008095127087391468
-0.28955004,-0.0008095127087391468
-0.28906176,-0.0008095127087391468
-0.28857348,-0.0008095127087391468
-0.2880852,-0.0008095127087391468
-0.28759692,-0.0008095127087391468
-0.28710864,-0.0008095127087391468
-0.28662036,-0.0008095127087391468
-0.28613208,-0.0008095127087391468
-0.2856438,-0.0008095127087391468
-0.28515552,-0.0008095127087391468
-0.28466724,-0.0008095127087391468
-0.28417896,-0.0008095127087391468
-0.28369068,-0.0008095127087391468
-0.2832024,-0.0008095127087391468
-0.28271412,-0.0008095127087391468
-0.28222584,-0.0008095127087391468
-0.28173756,-0.0008095127087391468
-0.28124928,-0.0008095127087391468
-0.280761,-0.0008095127087391468
-0.28027272,-0.0008095127087391468
-0.27978444,-0.0008095127087391468
-0.27929616,-0.0008095127087391468
-0.27880788,-0.0008095127087391468
-0.2783196,-0.0008095127087391468
-0.27783132,-0.0008095127087391468
-0.27734304,-0.0008095127087391468
-0.27685476,-0.0008095127087391468
-0.27636648,-0.0008095127087391468
-0.2758782,-0.0008095127087391468
-0.27538992,-0.0008095127087391468
-0.27490164,-0.0008095127087391468
-0.27441336,-0.0008095127087391468
-0.27392508,-0.0008095127087391468
-0.2734368,-0.0008095127087391468
-0.27294852,-0.0008095127087391468
-0.27246024,-0.001143456530597758
-0.27197196,-0.0008095127087391468
-0.27148368,-0.0008095127087391468
-0.2709954,-0.0008095127087391468
-0.27050712,-0.0008095127087391468
-0.27001884,-0.0008095127087391468
-0.26953056,-0.0008095127087391468
-0.26904228,-0.0008095127087391468
-0.268554,-0.0008095127087391468
-0.26806572,-0.0008095127087391468
-0.26757744,-0.0008095127087391468
-0.26708916,-0.0008095127087391468
-0.26660088,-0.0008095127087391468
-0.2661126,-0.0008095127087391468
-0.26562432,-0.0008095127087391468
-0.26513604,-0.0008095127087391468
-0.26464776,-0.0008095127087391468
-0.26415948,-0.0008095127087391468
-0.2636712,-0.0008095127087391468
-0.26318292,-0.0008095127087391468
-0.26269464,-0.0008095127087391468
-0.26220636,-0.0008095127087391468
-0.26171808,-0.0008095127087391468
-0.2612298,-0.0008095127087391468
-0.26074152,-0.0008095127087391468
-0.26025324,-0.0008095127087391468
-0.25976496,-0.0008095127087391468
-0.25927668,-0.0008095127087391468
-0.2587884,-0.0008095127087391468
-0.25830012,-0.0008095127087391468
-0.25781184,-0.0008095127087391468
-0.25732356,-0.0008095127087391468
-0.25683528,-0.0008095127087391468
-0.256347,-0.0008095127087391468
-0.25585872,-0.0008095127087391468
-0.25537044,-0.0008095127087391468
-0.25488216,-0.0008095127087391468
-0.25439388,-0.0008095127087391468
-0.2539056,-0.0008095127087391468
-0.25341732,-0.0008095127087391468
-0.25292904,-0.0008095127087391468
-0.25244076,-0.0008095127087391468
-0.25195248,-0.0008095127087391468
-0.2514642,-0.0008095127087391468
-0.25097592,-0.001143456530597758
-0.25048764,-0.0008095127087391468
-0.24999936,-0.0008095127087391468
-0.24951108,-0.0008095127087391468
-0.2490228,-0.0008095127087391468
-0.24853452,-0.0008095127087391468
-0.24804624,-0.0008095127087391468
-0.24755796,-0.0008095127087391468
-0.24706968,-0.0008095127087391468
-0.2465814,-0.001143456530597758
-0.24609312,-0.0008095127087391468
-0.24560484,-0.0008095127087391468
-0.24511656,-0.0008095127087391468
-0.24462828,-0.0008095127087391468
-0.24414,-0.0008095127087391468
-0.24365172,-0.0008095127087391468
-0.24316344,-0.0008095127087391468
-0.24267516,-0.0008095127087391468
-0.24218688,-0.0008095127087391468
-0.2416986,-0.0008095127087391468
-0.24121032,-0.0008095127087391468
-0.24072204,-0.0008095127087391468
-0.24023376,-0.0008095127087391468
-0.23974548,-0.0008095127087391468
-0.2392572,-0.0008095127087391468
-0.23876892,-0.0008095127087391468
-0.23828064,-0.0008095127087391468
-0.23779236,-0.0008095127087391468
-0.23730408,-0.0008095127087391468
-0.2368158,-0.0008095127087391468
-0.23632752,-0.0008095127087391468
-0.23583924,-0.0008095127087391468
-0.23535096,-0.0008095127087391468
-0.23486268,-0.0008095127087391468
-0.2343744,-0.0008095127087391468
-0.23388612,-0.0008095127087391468
-0.23339784,-0.0008095127087391468
-0.23290956,-0.0008095127087391468
-0.23242128,-0.0008095127087391468
-0.231933,-0.0008095127087391468
-0.23144472,-0.0008095127087391468
-0.23095644,-0.0008095127087391468
-0.23046816,-0.0008095127087391468
-0.22997988,-0.0008095127087391468
-0.2294916,-0.0008095127087391468
-0.22900332,-0.0008095127087391468
-0.22851504,-0.0008095127087391468
-0.22802676,-0.0008095127087391468
-0.22753848,-0.0008095127087391468
-0.2270502,-0.0008095127087391468
-0.22656192,-0.0008095127087391468
-0.22607364,-0.0008095127087391468
-0.22558536,-0.0008095127087391468
-0.22509708,-0.0008095127087391468
-0.2246088,-0.0008095127087391468
-0.22412052,-0.0008095127087391468
-0.22363224,-0.0008095127087391468
-0.22314396,-0.0008095127087391468
-0.22265568,-0.0008095127087391468
-0.2221674,-0.0008095127087391468
-0.22167912,-0.0008095127087391468
-0.22119084,-0.0008095127087391468
-0.22070256,-0.0008095127087391468
-0.22021428,-0.0008095127087391468
-0.219726,-0.0008095127087391468
-0.21923772,-0.0008095127087391468
-0.21874944,-0.0008095127087391468
-0.21826116,-0.0008095127087391468
-0.21777288,-0.0008095127087391468
-0.2172846,-0.0008095127087391468
-0.21679632,-0.0008095127087391468
-0.21630804,-0.0008095127087391468
-0.21581976,-0.0008095127087391468
-0.21533148,-0.0008095127087391468
-0.2148432,-0.0008095127087391468
-0.21435492,-0.0008095127087391468
-0.21386664,-0.0008095127087391468
-0.21337836,-0.0008095127087391468
-0.21289008,-0.001143456530597758
-0.2124018,-0.0008095127087391468
-0.21191352,-0.0008095127087391468
-0.21142524,-0.0008095127087391468
-0.21093696,-0.0008095127087391468
-0.21044868,-0.0008095127087391468
-0.2099604,-0.0008095127087391468
-0.20947212,-0.0008095127087391468
-0.20898384,-0.0008095127087391468
-0.20849556,-0.0008095127087391468
-0.20800728,-0.0008095127087391468
-0.207519,-0.0008095127087391468
-0.20703072,-0.0008095127087391468
-0.20654244,-0.0008095127087391468
-0.20605416,-0.0008095127087391468
-0.20556588,-0.0008095127087391468
-0.2050776,-0.0008095127087391468
-0.20458932,-0.0008095127087391468
-0.20410104,-0.0008095127087391468
-0.20361276,-0.0008095127087391468
-0.20312448,-0.0008095127087391468
-0.2026362,-0.0008095127087391468
-0.20214792,-0.0008095127087391468
-0.20165964,-0.0008095127087391468
-0.20117136,-0.0008095127087391468
-0.20068308,-0.0008095127087391468
-0.2001948,-0.0008095127087391468
-0.19970652,-0.0008095127087391468
-0.19921824,-0.0008095127087391468
-0.19872996,-0.0008095127087391468
-0.19824168,-0.0008095127087391468
-0.1977534,-0.0008095127087391468
-0.19726512,-0.0008095127087391468
-0.19677684,-0.0008095127087391468
-0.19628856,-0.0008095127087391468
-0.19580028,-0.0008095127087391468
-0.195312,-0.0008095127087391468
-0.19482372,-0.0008095127087391468
-0.19433544,-0.0008095127087391468
-0.19384716,-0.0008095127087391468
-0.19335888,-0.0008095127087391468
-0.1928706,-0.0008095127087391468
-0.19238232,-0.0008095127087391468
-0.19189404,-0.0008095127087391468
-0.19140576,-0.0008095127087391468
-0.19091748,-0.0008095127087391468
-0.1904292,-0.0008095127087391468
-0.18994092,-0.0008095127087391468
-0.18945264,-0.0008095127087391468
-0.18896436,-0.0008095127087391468
-0.18847608,-0.0008095127087391468
-0.1879878,-0.0008095127087391468
-0.18749952,-0.0008095127087391468
-0.18701124,-0.0008095127087391468
-0.18652296,-0.0008095127087391468
-0.18603468,-0.0008095127087391468
-0.1855464,-0.0008095127087391468
-0.18505812,-0.0008095127087391468
-0.18456984,-0.0008095127087391468
-0.18408156,-0.0008095127087391468
-0.18359328,-0.0008095127087391468
-0.183105,-0.0008095127087391468
-0.18261672,-0.0008095127087391468
-0.18212844,-0.0008095127087391468
-0.18164016,-0.0008095127087391468
-0.18115188,-0.0008095127087391468
-0.1806636,-0.0008095127087391468
-0.18017532,-0.0008095127087391468
-0.17968704,-0.0008095127087391468
-0.17919876,-0.0008095127087391468
-0.17871048,-0.001143456530597758
-0.1782222,-0.0008095127087391468
-0.17773392,-0.0008095127087391468
-0.17724564,-0.0008095127087391468
-0.17675736,-0.001143456530597758
-0.17626908,-0.0008095127087391468
-0.1757808,-0.001143456530597758
-0.17529252,-0.0008095127087391468
-0.17480424,-0.0008095127087391468
-0.17431596,-0.001143456530597758
-0.17382768,-0.001143456530597758
-0.1733394,-0.0008095127087391468
-0.17285112,-0.0008095127087391468
-0.17236284,-0.0008095127087391468
-0.17187456,-0.001143456530597758
-0.17138628,-0.001143456530597758
-0.170898,-0.001143456530597758
-0.17040972,-0.0008095127087391468
-0.16992144,-0.0008095127087391468
-0.16943316,-0.0008095127087391468
-0.16894488,-0.0008095127087391468
-0.1684566,-0.0008095127087391468
-0.16796832,-0.0008095127087391468
-0.16748004,-0.0008095127087391468
-0.16699176,-0.0008095127087391468
-0.16650348,-0.0008095127087391468
-0.1660152,-0.0008095127087391468
-0.16552692,-0.0008095127087391468
-0.16503864,-0.0008095127087391468
-0.16455036,-0.0008095127087391468
-0.16406208,-0.0008095127087391468
-0.1635738,-0.0008095127087391468
-0.16308552,-0.0008095127087391468
-0.16259724,-0.0008095127087391468
-0.16210896,-0.0008095127087391468
-0.16162068,-0.0008095127087391468
-0.1611324,-0.0008095127087391468
-0.16064412,-0.0008095127087391468
-0.16015584,-0.0008095127087391468
-0.15966756,-0.0008095127087391468
-0.15917928,-0.0008095127087391468
-0.158691,-0.0008095127087391468
-0.15820272,-0.001143456530597758
-0.15771444,-0.0008095127087391468
-0.15722616,-0.0008095127087391468
-0.15673788,-0.0008095127087391468
-0.1562496,-0.0008095127087391468
-0.15576132,-0.0008095127087391468
-0.15527304,-0.0008095127087391468
-0.15478476,-0.0008095127087391468
-0.15429648,-0.0008095127087391468
-0.1538082,-0.001143456530597758
-0.15331992,-0.0008095127087391468
-0.15283164,-0.0008095127087391468
-0.15234336,-0.0008095127087391468
-0.15185508,-0.0008095127087391468
-0.1513668,-0.0008095127087391468
-0.15087852,-0.0008095127087391468
-0.15039024,-0.0008095127087391468
-0.14990196,-0.0008095127087391468
-0.14941368,-0.0008095127087391468
-0.1489254,-0.0008095127087391468
-0.14843712,-0.0008095127087391468
-0.14794884,-0.0008095127087391468
-0.14746056,-0.0008095127087391468
-0.14697228,-0.0008095127087391468
-0.146484,-0.0008095127087391468
-0.14599572,-0.0008095127087391468
-0.14550744,-0.0008095127087391468
-0.14501916,-0.0008095127087391468
-0.14453088,-0.0008095127087391468
-0.1440426,-0.0008095127087391468
-0.14355432,-0.0008095127087391468
-0.14306604,-0.0008095127087391468
-0.14257776,-0.0008095127087391468
-0.14208948,-0.0008095127087391468
-0.1416012,-0.0008095127087391468
-0.14111292,-0.0008095127087391468
-0.14062464,-0.0008095127087391468
-0.14013636,-0.0008095127087391468
-0.13964808,-0.0008095127087391468
-0.1391598,-0.0008095127087391468
-0.13867152,-0.0008095127087391468
-0.13818324,-0.0008095127087391468
-0.13769496,-0.0008095127087391468
-0.13720668,-0.0008095127087391468
-0.1367184,-0.0008095127087391468
-0.13623012,-0.0008095127087391468
-0.13574184,-0.0008095127087391468
-0.13525356,-0.0008095127087391468
-0.13476528,-0.0008095127087391468
-0.134277,-0.0008095127087391468
-0.13378872,-0.0008095127087391468
-0.13330044,-0.0008095127087391468
-0.13281216,-0.0008095127087391468
-0.13232388,-0.0008095127087391468
-0.1318356,-0.0008095127087391468
-0.13134732,-0.0008095127087391468
-0.13085904,-0.0008095127087391468
-0.13037076,-0.0008095127087391468
-0.12988248,-0.0008095127087391468
-0.1293942,-0.0008095127087391468
-0.12890592,-0.0008095127087391468
-0.12841764,-0.0008095127087391468
-0.12792936,-0.0008095127087391468
-0.12744108,-0.0008095127087391468
-0.1269528,-0.0008095127087391468
-0.12646452,-0.0008095127087391468
-0.12597624,-0.0008095127087391468
-0.12548796,-0.0008095127087391468
-0.12499968,-0.0008095127087391468
-0.1245114,-0.0008095127087391468
-0.12402312,-0.0008095127087391468
-0.12353484,-0.0008095127087391468
-0.12304656,-0.0008095127087391468
-0.12255828,-0.0008095127087391468
-0.12207,-0.0008095127087391468
-0.12158172,-0.0008095127087391468
-0.12109344,-0.0008095127087391468
-0.12060516,-0.0008095127087391468
-0.12011688,-0.0008095127087391468
-0.1196286,-0.0008095127087391468
-0.11914032,-0.0008095127087391468
-0.11865204,-0.0008095127087391468
-0.11816376,-0.0008095127087391468
-0.11767548,-0.0008095127087391468
-0.1171872,-0.0008095127087391468
-0.11669892,-0.0008095127087391468
-0.11621064,-0.0008095127087391468
-0.11572236,-0.0008095127087391468
-0.11523408,-0.0008095127087391468
-0.1147458,-0.0008095127087391468
-0.11425752,-0.0008095127087391468
-0.11376924,-0.001143456530597758
-0.11328096,-0.0008095127087391468
-0.11279268,-0.0008095127087391468
-0.1123044,-0.0008095127087391468
-0.11181612,-0.0008095127087391468
-0.11132784,-0.0008095127087391468
-0.11083956,-0.0008095127087391468
-0.11035128,-0.0008095127087391468
-0.109863,-0.0008095127087391468
-0.10937472,-0.0008095127087391468
-0.10888644,-0.0008095127087391468
-0.10839816,-0.0008095127087391468
-0.10790988,-0.0008095127087391468
-0.1074216,-0.0008095127087391468
-0.10693332,-0.0008095127087391468
-0.10644504,-0.0008095127087391468
-0.10595676,-0.0008095127087391468
-0.10546848,-0.0008095127087391468
-0.1049802,-0.0008095127087391468
-0.10449192,-0.0008095127087391468
-0.10400364,-0.0008095127087391468
-0.10351536,-0.0008095127087391468
-0.10302708,-0.0008095127087391468
-0.1025388,-0.0008095127087391468
-0.10205052,-0.001143456530597758
-0.10156224,-0.0008095127087391468
-0.10107396,-0.0008095127087391468
-0.10058568,-0.001143456530597758
-0.1000974,-0.0008095127087391468
-0.09960912,-0.0008095127087391468
-0.09912084,-0.0008095127087391468
-0.09863255999999999,-0.0008095127087391468
-0.09814428,-0.001143456530597758
-0.09765599999999999,-0.0008095127087391468
-0.09716772,-0.0008095127087391468
-0.09667944000000001,-0.0008095127087391468
-0.09619116,-0.0008095127087391468
-0.09570288,-0.0008095127087391468
-0.0952146,-0.0008095127087391468
-0.09472632,-0.0008095127087391468
-0.09423804,-0.0008095127087391468
-0.09374976,-0.001143456530597758
-0.09326147999999999,-0.0008095127087391468
-0.0927732,-0.0008095127087391468
-0.09228491999999999,-0.0008095127087391468
-0.09179664,-0.0008095127087391468
-0.09130836000000001,-0.001143456530597758
-0.09082008,-0.0008095127087391468
-0.0903318,-0.0008095127087391468
-0.08984352,-0.0008095127087391468
-0.08935524,-0.0008095127087391468
-0.08886695999999999,-0.0008095127087391468
-0.08837868,-0.001143456530597758
-0.08789039999999999,-0.0008095127087391468
-0.08740212,-0.0008095127087391468
-0.08691383999999999,-0.0008095127087391468
-0.08642556,-0.0008095127087391468
-0.08593728,-0.0008095127087391468
-0.085449,-0.0008095127087391468
-0.08496072,-0.0008095127087391468
-0.08447244,-0.0008095127087391468
-0.08398416,-0.0008095127087391468
-0.08349587999999999,-0.0008095127087391468
-0.0830076,-0.0008095127087391468
-0.08251931999999999,-0.0008095127087391468
-0.08203104,-0.0008095127087391468
-0.08154275999999999,-0.001143456530597758
-0.08105448,-0.0008095127087391468
-0.0805662,-0.0008095127087391468
-0.08007792,-0.0008095127087391468
-0.07958964,-0.0008095127087391468
-0.07910136,-0.0008095127087391468
-0.07861308,-0.0008095127087391468
-0.07812479999999999,-0.0008095127087391468
-0.07763652,-0.0008095127087391468
-0.07714823999999999,-0.001143456530597758
-0.07665996,-0.001143456530597758
-0.07617168000000001,-0.0008095127087391468
-0.0756834,-0.001143456530597758
-0.07519512,-0.001143456530597758
-0.07470684,-0.001143456530597758
-0.07421856,-0.0008095127087391468
-0.07373028,-0.001143456530597758
-0.073242,-0.001143456530597758
-0.07275371999999999,-0.001143456530597758
-0.07226544,-0.0008095127087391468
-0.07177715999999999,-0.0008095127087391468
-0.07128888,-0.001143456530597758
-0.07080060000000001,-0.0008095127087391468
-0.07031232,-0.0008095127087391468
-0.06982404,-0.0008095127087391468
-0.06933576,-0.001143456530597758
-0.06884748,-0.0008095127087391468
-0.06835919999999999,-0.0008095127087391468
-0.06787092,-0.0008095127087391468
-0.06738263999999999,-0.0008095127087391468
-0.06689436,-0.0008095127087391468
-0.06640607999999999,-0.0008095127087391468
-0.0659178,-0.0008095127087391468
-0.06542952,-0.0008095127087391468
-0.06494124,-0.0008095127087391468
-0.06445296,-0.0008095127087391468
-0.06396468,-0.0008095127087391468
-0.0634764,-0.0008095127087391468
-0.06298811999999999,-0.001143456530597758
-0.06249984,-0.001143456530597758
-0.06201156,-0.0008095127087391468
-0.06152328,-0.0008095127087391468
-0.061035,-0.0008095127087391468
-0.06054672,-0.001143456530597758
-0.06005844,-0.0008095127087391468
-0.05957016,-0.001143456530597758
-0.05908188,-0.0008095127087391468
-0.0585936,-0.0008095127087391468
-0.05810532,-0.0008095127087391468
-0.05761704,-0.0008095127087391468
-0.05712876,-0.0008095127087391468
-0.05664048,-0.001143456530597758
-0.0561522,-0.0008095127087391468
-0.05566392,-0.0008095127087391468
-0.05517564,-0.0008095127087391468
-0.05468736,-0.0008095127087391468
-0.05419908,-0.0008095127087391468
-0.0537108,-0.0008095127087391468
-0.05322252,-0.0008095127087391468
-0.05273424,-0.001143456530597758
-0.05224596,-0.0008095127087391468
-0.05175768,-0.001143456530597758
-0.0512694,-0.001143456530597758
-0.05078112,-0.001143456530597758
-0.05029284,-0.0008095127087391468
-0.04980456,-0.0008095127087391468
-0.04931628,-0.001143456530597758
-0.048828,-0.0008095127087391468
-0.04833972,-0.0008095127087391468
-0.04785144,-0.0008095127087391468
-0.04736316,-0.0008095127087391468
-0.04687488,-0.0008095127087391468
-0.0463866,-0.0008095127087391468
-0.04589832,-0.0008095127087391468
-0.04541004,-0.0008095127087391468
-0.04492176,-0.0008095127087391468
-0.04443348,-0.0008095127087391468
-0.0439452,-0.0008095127087391468
-0.04345692,-0.001143456530597758
-0.04296864,-0.001143456530597758
-0.04248036,-0.0008095127087391468
-0.04199208,-0.001143456530597758
-0.0415038,-0.0008095127087391468
-0.04101552,-0.001143456530597758
-0.04052724,-0.0008095127087391468
-0.04003896,-0.0008095127087391468
-0.03955068,-0.0008095127087391468
-0.0390624,-0.0008095127087391468
-0.03857412,-0.001143456530597758
-0.03808584,-0.0008095127087391468
-0.03759756,-0.001143456530597758
-0.03710928,-0.0008095127087391468
-0.036621,-0.0008095127087391468
-0.03613272,-0.0008095127087391468
-0.03564444,-0.0008095127087391468
-0.03515616,-0.0008095127087391468
-0.03466788,-0.0008095127087391468
-0.0341796,-0.0008095127087391468
-0.03369132,-0.0008095127087391468
-0.03320304,-0.0008095127087391468
-0.03271476,-0.001143456530597758
-0.03222648,-0.001143456530597758
-0.0317382,-0.0008095127087391468
-0.03124992,-0.001143456530597758
-0.03076164,-0.0008095127087391468
-0.03027336,-0.0008095127087391468
-0.02978508,-0.0008095127087391468
-0.0292968,-0.0008095127087391468
-0.02880852,-0.0008095127087391468
-0.02832024,-0.0008095127087391468
-0.02783196,-0.0008095127087391468
-0.02734368,-0.0008095127087391468
-0.0268554,-0.0008095127087391468
-0.02636712,-0.0008095127087391468
-0.02587884,-0.0008095127087391468
-0.02539056,-0.0008095127087391468
-0.02490228,-0.0008095127087391468
-0.024414,-0.001143456530597758
-0.02392572,-0.0008095127087391468
-0.02343744,-0.0008095127087391468
-0.02294916,-0.0008095127087391468
-0.02246088,-0.0008095127087391468
-0.0219726,-0.001143456530597758
-0.02148432,-0.001143456530597758
-0.02099604,-0.001143456530597758
-0.02050776,-0.0008095127087391468
-0.02001948,-0.001143456530597758
-0.0195312,-0.001143456530597758
-0.01904292,-0.001143456530597758
-0.01855464,-0.0008095127087391468
-0.01806636,-0.0008095127087391468
-0.01757808,-0.001143456530597758
-0.0170898,-0.001143456530597758
-0.01660152,-0.001143456530597758
-0.01611324,-0.0008095127087391468
-0.01562496,-0.001143456530597758
-0.01513668,-0.001143456530597758
-0.0146484,-0.001143456530597758
-0.01416012,-0.001143456530597758
-0.01367184,-0.0008095127087391468
-0.01318356,-0.001143456530597758
-0.01269528,-0.001143456530597758
-0.012207,-0.001143456530597758
-0.01171872,-0.001143456530597758
-0.01123044,-0.001143456530597758
-0.01074216,-0.001143456530597758
-0.01025388,-0.0008095127087391468
-0.009765599999999999,-0.001143456530597758
-0.00927732,-0.001143456530597758
-0.00878904,-0.0008095127087391468
-0.008300759999999999,-0.001143456530597758
-0.00781248,-0.001143456530597758
-0.007324199999999999,-0.0008095127087391468
-0.00683592,-0.0008095127087391468
-0.00634764,-0.0008095127087391468
-0.00585936,-0.0008095127087391468
-0.00537108,-0.0008095127087391468
-0.0048828,-0.0008095127087391468
-0.00439452,-0.0008095127087391468
-0.00390624,-0.0008095127087391468
-0.00341796,-0.0008095127087391468
-0.00292968,-0.0008095127087391468
-0.0024414,-0.0008095127087391468
-0.00195312,-0.0008095127087391468
-0.00146484,-0.001143456530597758
-0.00097656,-0.0008095127087391468
-0.00048828,-0.001143456530597758
0,-0.0008095127087391468
0.00048828,-0.0008095127087391468
0.00097656,-0.001143456530597758
0.00146484,-0.0008095127087391468
0.00195312,-0.001143456530597758
0.0024414,-0.001143456530597758
0.00292968,-0.0008095127087391468
0.00341796,-0.001143456530597758
0.00390624,-0.0008095127087391468
0.00439452,-0.0008095127087391468
0.0048828,-0.001143456530597758
0.00537108,-0.001143456530597758
0.00585936,-0.001143456530597758
0.00634764,-0.001143456530597758
0.00683592,-0.001143456530597758
0.007324199999999999,-0.001143456530597758
0.00781248,-0.0008095127087391468
0.008300759999999999,-0.001143456530597758
0.00878904,-0.001143456530597758
0.00927732,-0.0008095127087391468
0.009765599999999999,-0.001143456530597758
0.01025388,-0.0008095127087391468
0.01074216,-0.0008095127087391468
0.01123044,-0.001143456530597758
0.01171872,-0.0008095127087391468
0.012207,-0.001143456530597758
0.01269528,-0.001143456530597758
0.01318356,-0.0008095127087391468
0.01367184,-0.001143456530597758
0.01416012,-0.001143456530597758
0.0146484,-0.0008095127087391468
0.01513668,-0.0008095127087391468
0.01562496,-0.0008095127087391468
0.01611324,-0.001143456530597758
0.01660152,-0.001143456530597758
0.0170898,-0.001143456530597758
0.01757808,-0.001143456530597758
0.01806636,-0.001143456530597758
0.01855464,-0.001143456530597758
0.01904292,-0.001143456530597758
0.0195312,-0.001143456530597758
0.02001948,-0.001143456530597758
0.02050776,-0.001143456530597758
0.02099604,-0.001143456530597758
0.02148432,-0.001143456530597758
0.0219726,-0.0008095127087391468
0.02246088,-0.001143456530597758
0.02294916,-0.001143456530597758
0.02343744,-0.001143456530597758
0.02392572,-0.001143456530597758
0.024414,-0.001143456530597758
0.02490228,-0.0008095127087391468
0.02539056,-0.001143456530597758
0.02587884,-0.001143456530597758
0.02636712,-0.001143456530597758
0.0268554,-0.0008095127087391468
0.02734368,-0.001143456530597758
0.02783196,-0.0008095127087391468
0.02832024,-0.0008095127087391468
0.02880852,-0.0008095127087391468
0.0292968,-0.0008095127087391468
0.02978508,-0.0008095127087391468
0.03027336,-0.0008095127087391468
0.03076164,-0.0008095127087391468
0.03124992,-0.0008095127087391468
0.0317382,-0.0008095127087391468
0.03222648,-0.0008095127087391468
0.03271476,-0.0008095127087391468
0.03320304,-0.0008095127087391468
0.03369132,-0.0008095127087391468
0.0341796,-0.001143456530597758
0.03466788,-0.0008095127087391468
0.03515616,-0.0008095127087391468
0.03564444,-0.0008095127087391468
0.03613272,-0.0008095127087391468
0.036621,-0.0008095127087391468
0.03710928,-0.0008095127087391468
0.03759756,-0.0008095127087391468
0.03808584,-0.0008095127087391468
0.03857412,-0.0008095127087391468
0.0390624,-0.0008095127087391468
0.03955068,-0.0008095127087391468
0.04003896,-0.0008095127087391468
0.04052724,-0.001143456530597758
0.04101552,-0.0008095127087391468
0.0415038,-0.0008095127087391468
0.04199208,-0.0008095127087391468
0.04248036,-0.0008095127087391468
0.04296864,-0.001143456530597758
0.04345692,-0.001143456530597758
0.0439452,-0.001143456530597758
0.04443348,-0.001143456530597758
0.04492176,-0.001143456530597758
0.04541004,-0.001143456530597758
0.04589832,-0.001143456530597758
0.0463866,-0.001143456530597758
0.04687488,-0.001143456530597758
0.04736316,-0.0008095127087391468
0.04785144,-0.0008095127087391468
0.04833972,-0.001143456530597758
0.048828,-0.0008095127087391468
0.04931628,-0.0008095127087391468
0.04980456,-0.0008095127087391468
0.05029284,-0.0008095127087391468
0.05078112,-0.001143456530597758
0.0512694,-0.0008095127087391468
0.05175768,-0.0008095127087391468
0.05224596,-0.001143456530597758
0.05273424,-0.0008095127087391468
0.05322252,-0.0008095127087391468
0.0537108,-0.0008095127087391468
0.05419908,-0.001143456530597758
0.05468736,-0.001143456530597758
0.05517564,-0.0008095127087391468
0.05566392,-0.001143456530597758
0.0561522,-0.001143456530597758
0.05664048,-0.001143456530597758
0.05712876,-0.0008095127087391468
0.05761704,-0.0008095127087391468
0.05810532,-0.001143456530597758
0.0585936,-0.001143456530597758
0.05908188,-0.0008095127087391468
0.05957016,-0.0008095127087391468
0.06005844,-0.001143456530597758
0.06054672,-0.001143456530597758
0.061035,-0.001143456530597758
0.06152328,-0.001143456530597758
0.06201156,-0.001143456530597758
0.06249984,-0.001143456530597758
0.06298811999999999,-0.001143456530597758
0.0634764,-0.001143456530597758
0.06396468,-0.001143456530597758
0.06445296,-0.001143456530597758
0.06494124,-0.001143456530597758
0.06542952,-0.001143456530597758
0.0659178,-0.001143456530597758
0.06640607999999999,-0.0008095127087391468
0.06689436,-0.001143456530597758
0.06738263999999999,-0.0008095127087391468
0.06787092,-0.001143456530597758
0.06835919999999999,-0.001143456530597758
0.06884748,-0.001143456530597758
0.06933576,-0.001143456530597758
0.06982404,-0.0008095127087391468
0.07031232,-0.0008095127087391468
0.07080060000000001,-0.001143456530597758
0.07128888,-0.0008095127087391468
0.07177715999999999,-0.0008095127087391468
0.07226544,-0.0008095127087391468
0.07275371999999999,-0.001143456530597758
0.073242,-0.0008095127087391468
0.07373028,-0.001143456530597758
0.07421856,-0.001143456530597758
0.07470684,-0.0008095127087391468
0.07519512,-0.001143456530597758
0.0756834,-0.001143456530597758
0.07617168000000001,-0.001143456530597758
0.07665996,-0.001143456530597758
0.07714823999999999,-0.001143456530597758
0.07763652,-0.001143456530597758
0.07812479999999999,-0.001143456530597758
0.07861308,-0.001143456530597758
0.07910136,-0.001143456530597758
0.07958964,-0.001143456530597758
0.08007792,-0.001143456530597758
0.0805662,-0.001143456530597758
0.08105448,-0.001143456530597758
0.08154275999999999,-0.001143456530597758
0.08203104,-0.0008095127087391468
0.08251931999999999,-0.001143456530597758
0.0830076,-0.001143456530597758
0.08349587999999999,-0.001143456530597758
0.08398416,-0.001143456530597758
0.08447244,-0.001143456530597758
0.08496072,-0.001143456530597758
0.085449,-0.001143456530597758
0.08593728,-0.001143456530597758
0.08642556,-0.001143456530597758
0.08691383999999999,-0.001143456530597758
0.08740212,-0.001143456530597758
0.08789039999999999,-0.001143456530597758
0.08837868,-0.001143456530597758
0.08886695999999999,-0.001143456530597758
0.08935524,-0.001143456530597758
0.08984352,-0.001143456530597758
0.0903318,-0.001143456530597758
0.09082008,-0.001143456530597758
0.09130836000000001,-0.001143456530597758
0.09179664,-0.001143456530597758
0.09228491999999999,-0.001143456530597758
0.0927732,-0.001143456530597758
0.09326147999999999,-0.001143456530597758
0.09374976,-0.001143456530597758
0.09423804,-0.001143456530597758
0.09472632,-0.001143456530597758
0.0952146,-0.001143456530597758
0.09570288,-0.001143456530597758
0.09619116,-0.001143456530597758
0.09667944000000001,-0.001143456530597758
0.09716772,-0.001143456530597758
0.09765599999999999,-0.001143456530597758
0.09814428,-0.001143456530597758
0.09863255999999999,-0.001143456530597758
0.09912084,-0.001143456530597758
0.09960912,-0.001143456530597758
0.1000974,-0.001143456530597758
0.10058568,-0.001143456530597758
0.10107396,-0.001143456530597758
0.10156224,-0.001143456530597758
0.10205052,-0.001143456530597758
0.1025388,-0.001143456530597758
0.10302708,-0.001143456530597758
0.10351536,-0.001143456530597758
0.10400364,-0.001143456530597758
0.10449192,-0.001143456530597758
0.1049802,-0.001143456530597758
0.10546848,-0.001143456530597758
0.10595676,-0.001143456530597758
0.10644504,-0.001143456530597758
0.10693332,-0.001143456530597758
0.1074216,-0.001143456530597758
0.10790988,-0.001143456530597758
0.10839816,-0.001143456530597758
0.10888644,-0.001143456530597758
0.10937472,-0.001143456530597758
0.109863,-0.001143456530597758
0.11035128,-0.001143456530597758
0.11083956,-0.001143456530597758
0.11132784,-0.001143456530597758
0.11181612,-0.001143456530597758
0.1123044,-0.0008095127087391468
0.11279268,-0.0008095127087391468
0.11328096,-0.001143456530597758
0.11376924,-0.001143456530597758
0.11425752,-0.001143456530597758
0.1147458,-0.001143456530597758
0.11523408,-0.001143456530597758
0.11572236,-0.001143456530597758
0.11621064,-0.001143456530597758
0.11669892,-0.001143456530597758
0.1171872,-0.001143456530597758
0.11767548,-0.001143456530597758
0.11816376,-0.001143456530597758
0.11865204,-0.001143456530597758
0.11914032,-0.001143456530597758
0.1196286,-0.001143456530597758
0.12011688,-0.001143456530597758
0.12060516,-0.001143456530597758
0.12109344,-0.001143456530597758
0.12158172,-0.001143456530597758
0.12207,-0.001143456530597758
0.12255828,-0.001143456530597758
0.12304656,-0.001143456530597758
0.12353484,-0.0008095127087391468
0.12402312,-0.0008095127087391468
0.1245114,-0.001143456530597758
0.12499968,-0.001143456530597758
0.12548796,-0.001143456530597758
0.12597624,-0.001143456530597758
0.12646452,-0.001143456530597758
0.1269528,-0.001143456530597758
0.12744108,-0.001143456530597758
0.12792936,-0.001143456530597758
0.12841764,-0.001143456530597758
0.12890592,-0.001143456530597758
0.1293942,-0.0008095127087391468
0.12988248,-0.0008095127087391468
0.13037076,-0.001143456530597758
0.13085904,-0.001143456530597758
0.13134732,-0.001143456530597758
0.1318356,-0.001143456530597758
0.13232388,-0.0008095127087391468
0.13281216,-0.001143456530597758
0.13330044,-0.0008095127087391468
0.13378872,-0.0008095127087391468
0.134277,-0.0008095127087391468
0.13476528,-0.0008095127087391468
0.13525356,-0.0008095127087391468
0.13574184,-0.0008095127087391468
0.13623012,-0.0008095127087391468
0.1367184,-0.0008095127087391468
0.13720668,-0.001143456530597758
0.13769496,-0.001143456530597758
0.13818324,-0.0008095127087391468
0.13867152,-0.001143456530597758
0.1391598,-0.001143456530597758
0.13964808,-0.001143456530597758
0.14013636,-0.001143456530597758
0.14062464,-0.0008095127087391468
0.14111292,-0.001143456530597758
0.1416012,-0.001143456530597758
0.14208948,-0.0008095127087391468
0.14257776,-0.001143456530597758
0.14306604,-0.001143456530597758
0.14355432,-0.001143456530597758
0.1440426,-0.0008095127087391468
0.14453088,-0.0008095127087391468
0.14501916,-0.0008095127087391468
0.14550744,-0.0008095127087391468
0.14599572,-0.0008095127087391468
0.146484,-0.0008095127087391468
0.14697228,-0.0008095127087391468
0.14746056,-0.001143456530597758
0.14794884,-0.0008095127087391468
0.14843712,-0.001143456530597758
0.1489254,-0.0008095127087391468
0.14941368,-0.001143456530597758
0.14990196,-0.001143456530597758
0.15039024,-0.0008095127087391468
0.15087852,-0.001143456530597758
0.1513668,-0.001143456530597758
0.15185508,-0.001143456530597758
0.15234336,-0.001143456530597758
0.15283164,-0.0008095127087391468
0.15331992,-0.0008095127087391468
0.1538082,-0.0008095127087391468
0.15429648,-0.001143456530597758
0.15478476,-0.001143456530597758
0.15527304,-0.0008095127087391468
0.15576132,-0.0008095127087391468
0.1562496,-0.001143456530597758
0.15673788,-0.0008095127087391468
0.15722616,-0.001143456530597758
0.15771444,-0.001143456530597758
0.15820272,-0.001143456530597758
0.158691,-0.001143456530597758
0.15917928,-0.0008095127087391468
0.15966756,-0.0008095127087391468
0.16015584,-0.0008095127087391468
0.16064412,-0.0008095127087391468
0.1611324,-0.0008095127087391468
0.16162068,-0.001143456530597758
0.16210896,-0.0008095127087391468
0.16259724,-0.001143456530597758
0.16308552,-0.0008095127087391468
0.1635738,-0.001143456530597758
0.16406208,-0.001143456530597758
0.16455036,-0.001143456530597758
0.16503864,-0.001143456530597758
0.16552692,-0.001143456530597758
0.1660152,-0.001143456530597758
0.16650348,-0.001143456530597758
0.16699176,-0.001143456530597758
0.16748004,-0.0008095127087391468
0.16796832,-0.001143456530597758
0.1684566,-0.001143456530597758
0.16894488,-0.001143456530597758
0.16943316,-0.001143456530597758
0.16992144,-0.001143456530597758
0.17040972,-0.001143456530597758
0.170898,-0.001143456530597758
0.17138628,-0.001143456530597758
0.17187456,-0.001143456530597758
0.17236284,-0.001143456530597758
0.17285112,-0.001143456530597758
0.1733394,-0.001143456530597758
0.17382768,-0.0008095127087391468
0.17431596,-0.0008095127087391468
0.17480424,-0.0008095127087391468
0.17529252,-0.001143456530597758
0.1757808,-0.0008095127087391468
0.17626908,-0.001143456530597758
0.17675736,-0.0008095127087391468
0.17724564,-0.001143456530597758
0.17773392,-0.001143456530597758
0.1782222,-0.001143456530597758
0.17871048,-0.001143456530597758
0.17919876,-0.001143456530597758
0.17968704,-0.001143456530597758
0.18017532,-0.001143456530597758
0.1806636,-0.001143456530597758
0.18115188,-0.001143456530597758
0.18164016,-0.001143456530597758
0.18212844,-0.001143456530597758
0.18261672,-0.001143456530597758
0.183105,-0.0008095127087391468
0.18359328,-0.0008095127087391468
0.18408156,-0.001143456530597758
0.18456984,-0.001143456530597758
0.18505812,-0.001143456530597758
0.1855464,-0.0008095127087391468
0.18603468,-0.001143456530597758
0.18652296,-0.001143456530597758
0.18701124,-0.001143456530597758
0.18749952,-0.001143456530597758
0.1879878,-0.001143456530597758
0.18847608,-0.0008095127087391468
0.18896436,-0.001143456530597758
0.18945264,-0.001143456530597758
0.18994092,-0.001143456530597758
0.1904292,-0.001143456530597758
0.19091748,-0.001143456530597758
0.19140576,-0.001143456530597758
0.19189404,-0.001143456530597758
0.19238232,-0.0008095127087391468
0.1928706,-0.0008095127087391468
0.19335888,-0.001143456530597758
0.19384716,-0.001143456530597758
0.19433544,-0.0008095127087391468
0.19482372,-0.0008095127087391468
0.195312,-0.0008095127087391468
0.19580028,-0.0008095127087391468
0.19628856,-0.001143456530597758
0.19677684,-0.001143456530597758
0.19726512,-0.001143456530597758
0.1977534,-0.0008095127087391468
0.19824168,-0.001143456530597758
0.19872996,-0.001143456530597758
0.19921824,-0.0008095127087391468
0.19970652,-0.001143456530597758
0.2001948,-0.001143456530597758
0.20068308,-0.001143456530597758
0.20117136,-0.0008095127087391468
0.20165964,-0.0008095127087391468
0.20214792,-0.0008095127087391468
0.2026362,-0.0008095127087391468
0.20312448,-0.0008095127087391468
0.20361276,-0.001143456530597758
0.20410104,-0.0008095127087391468
0.20458932,-0.001143456530597758
0.2050776,-0.0008095127087391468
0.20556588,-0.0008095127087391468
0.20605416,-0.001143456530597758
0.20654244,-0.001143456530597758
0.20703072,-0.001143456530597758
0.207519,-0.001143456530597758
0.20800728,-0.001143456530597758
0.20849556,-0.0008095127087391468
0.20898384,-0.0008095127087391468
0.20947212,-0.0008095127087391468
0.2099604,-0.001143456530597758
0.21044868,-0.0008095127087391468
0.21093696,-0.001143456530597758
0.21142524,-0.001143456530597758
0.21191352,-0.001143456530597758
0.2124018,-0.0008095127087391468
0.21289008,-0.0008095127087391468
0.21337836,-0.0008095127087391468
0.21386664,-0.0008095127087391468
0.21435492,-0.0008095127087391468
0.2148432,-0.0008095127087391468
0.21533148,-0.0008095127087391468
0.21581976,-0.0008095127087391468
0.21630804,-0.0008095127087391468
0.21679632,-0.0008095127087391468
0.2172846,-0.0008095127087391468
0.21777288,-0.001143456530597758
0.21826116,-0.0008095127087391468
0.21874944,-0.0008095127087391468
0.21923772,-0.001143456530597758
0.219726,-0.001143456530597758
0.22021428,-0.0008095127087391468
0.22070256,-0.0008095127087391468
0.22119084,-0.0008095127087391468
0.22167912,-0.001143456530597758
0.2221674,-0.001143456530597758
0.22265568,-0.001143456530597758
0.22314396,-0.001143456530597758
0.22363224,-0.001143456530597758
0.22412052,-0.001143456530597758
0.2246088,-0.001143456530597758
0.22509708,-0.001143456530597758
0.22558536,-0.001143456530597758
0.22607364,-0.0008095127087391468
0.22656192,-0.001143456530597758
0.2270502,-0.0008095127087391468
0.22753848,-0.001143456530597758
0.22802676,-0.0008095127087391468
0.22851504,-0.0008095127087391468
0.22900332,-0.001143456530597758
0.2294916,-0.0008095127087391468
0.22997988,-0.001143456530597758
0.23046816,-0.0008095127087391468
0.23095644,-0.0008095127087391468
0.23144472,-0.001143456530597758
0.231933,-0.001143456530597758
0.23242128,-0.001143456530597758
0.23290956,-0.001143456530597758
0.23339784,-0.001143456530597758
0.23388612,-0.0008095127087391468
0.2343744,-0.001143456530597758
0.23486268,-0.001143456530597758
0.23535096,-0.001143456530597758
0.23583924,-0.001143456530597758
0.23632752,-0.001143456530597758
0.2368158,-0.0008095127087391468
0.23730408,-0.001143456530597758
0.23779236,-0.0008095127087391468
0.23828064,-0.0008095127087391468
0.23876892,-0.001143456530597758
0.2392572,-0.0008095127087391468
0.23974548,-0.001143456530597758
0.24023376,-0.0008095127087391468
0.24072204,-0.001143456530597758
0.24121032,-0.001143456530597758
0.2416986,-0.0008095127087391468
0.24218688,-0.0008095127087391468
0.24267516,-0.001143456530597758
0.24316344,-0.001143456530597758
0.24365172,-0.0008095127087391468
0.24414,-0.0008095127087391468
0.24462828,-0.001143456530597758
0.24511656,-0.0008095127087391468
0.24560484,-0.001143456530597758
0.24609312,-0.001143456530597758
0.2465814,-0.001143456530597758
0.24706968,-0.001143456530597758
0.24755796,-0.001143456530597758
0.24804624,-0.001143456530597758
0.24853452,-0.001143456530597758
0.2490228,-0.0008095127087391468
0.24951108,-0.001143456530597758
0.24999936,-0.001143456530597758
0.25048764,-0.0008095127087391468
0.25097592,-0.001143456530597758
0.2514642,-0.001143456530597758
0.25195248,-0.0008095127087391468
0.25244076,-0.0008095127087391468
0.25292904,-0.0008095127087391468
0.25341732,-0.0008095127087391468
0.2539056,-0.001143456530597758
0.25439388,-0.0008095127087391468
0.25488216,-0.0008095127087391468
0.25537044,-0.0008095127087391468
0.25585872,-0.0008095127087391468
0.256347,-0.0008095127087391468
0.25683528,-0.001143456530597758
0.25732356,-0.001143456530597758
0.25781184,-0.0008095127087391468
0.25830012,-0.001143456530597758
0.2587884,-0.001143456530597758
0.25927668,-0.0008095127087391468
0.25976496,-0.0008095127087391468
0.26025324,-0.0008095127087391468
0.26074152,-0.001143456530597758
0.2612298,-0.001143456530597758
0.26171808,-0.001143456530597758
0.26220636,-0.001143456530597758
0.26269464,-0.001143456530597758
0.26318292,-0.001143456530597758
0.2636712,-0.001143456530597758
0.26415948,-0.0008095127087391468
0.26464776,-0.001143456530597758
0.26513604,-0.0008095127087391468
0.26562432,-0.0008095127087391468
0.2661126,-0.001143456530597758
0.26660088,-0.001143456530597758
0.26708916,-0.001143456530597758
0.26757744,-0.001143456530597758
0.26806572,-0.001143456530597758
0.268554,-0.001143456530597758
0.26904228,-0.0008095127087391468
0.26953056,-0.001143456530597758
0.27001884,-0.0008095127087391468
0.27050712,-0.001143456530597758
0.2709954,-0.0008095127087391468
0.27148368,-0.0008095127087391468
0.27197196,-0.0008095127087391468
0.27246024,-0.0008095127087391468
0.27294852,-0.001143456530597758
0.2734368,-0.0008095127087391468
0.27392508,-0.001143456530597758
0.27441336,-0.001143456530597758
0.27490164,-0.001143456530597758
0.27538992,-0.001143456530597758
0.2758782,-0.001143456530597758
0.27636648,-0.0008095127087391468
0.27685476,-0.0008095127087391468
0.27734304,-0.0008095127087391468
0.27783132,-0.001143456530597758
0.2783196,-0.001143456530597758
0.27880788,-0.001143456530597758
0.27929616,-0.001143456530597758
0.27978444,-0.0008095127087391468
0.28027272,-0.001143456530597758
0.280761,-0.001143456530597758
0.28124928,-0.001143456530597758
0.28173756,-0.001143456530597758
0.28222584,-0.001143456530597758
0.28271412,-0.001143456530597758
0.2832024,-0.001143456530597758
0.28369068,-0.001143456530597758
0.28417896,-0.001143456530597758
0.28466724,-0.001143456530597758
0.28515552,-0.001143456530597758
0.2856438,-0.001143456530597758
0.28613208,-0.001143456530597758
0.28662036,-0.001143456530597758
0.28710864,-0.001143456530597758
0.28759692,-0.001143456530597758
0.2880852,-0.001143456530597758
0.28857348,-0.001143456530597758
0.28906176,-0.001143456530597758
0.28955004,-0.0008095127087391468
0.29003832,-0.001143456530597758
0.2905266,-0.001143456530597758
0.29101488,-0.0008095127087391468
0.29150316,-0.001143456530597758
0.29199144,-0.001143456530597758
0.29247972,-0.001143456530597758
0.292968,-0.001143456530597758
0.29345628,-0.001143456530597758
0.29394456,-0.001143456530597758
0.29443284,-0.001143456530597758
0.29492112,-0.001143456530597758
0.2954094,-0.0008095127087391468
0.29589768,-0.0008095127087391468
0.29638596,-0.001143456530597758
0.29687424,-0.001143456530597758
0.29736252,-0.001143456530597758
0.2978508,-0.0008095127087391468
0.29833908,-0.001143456530597758
0.29882736,-0.0008095127087391468
0.29931564,-0.0008095127087391468
0.29980392,-0.001143456530597758
0.3002922,-0.0008095127087391468
0.30078048,-0.001143456530597758
0.30126876,-0.001143456530597758
0.30175704,-0.0008095127087391468
0.30224532,-0.001143456530597758
0.3027336,-0.001143456530597758
0.30322188,-0.001143456530597758
0.30371016,-0.0008095127087391468
0.30419844,-0.0008095127087391468
0.30468672,-0.001143456530597758
0.305175,-0.001143456530597758
0.30566328,-0.001143456530597758
0.30615156,-0.001143456530597758
0.30663984,-0.001143456530597758
0.30712812,-0.001143456530597758
0.3076164,-0.0008095127087391468
0.30810468,-0.001143456530597758
0.30859296,-0.001143456530597758
0.30908124,-0.001143456530597758
0.30956952,-0.001143456530597758
0.3100578,-0.001143456530597758
0.31054608,-0.0008095127087391468
0.31103436,-0.0008095127087391468
0.31152264,-0.0008095127087391468
0.31201092,-0.001143456530597758
0.3124992,-0.0008095127087391468
0.31298748,-0.0008095127087391468
0.31347576,-0.001143456530597758
0.31396404,-0.0008095127087391468
0.31445232,-0.001143456530597758
0.3149406,-0.001143456530597758
0.31542888,-0.001143456530597758
0.31591716,-0.0008095127087391468
0.31640544,-0.0008095127087391468
0.31689372,-0.0008095127087391468
0.317382,-0.0008095127087391468
0.31787028,-0.0008095127087391468
0.31835856,-0.0008095127087391468
0.31884684,-0.0008095127087391468
0.31933512,-0.001143456530597758
0.3198234,-0.0008095127087391468
0.32031168,-0.0008095127087391468
0.32079996,-0.0008095127087391468
0.32128824,-0.001143456530597758
0.32177652,-0.001143456530597758
0.3222648,-0.001143456530597758
0.32275308,-0.001143456530597758
0.32324136,-0.001143456530597758
0.32372964,-0.001143456530597758
0.32421792,-0.001143456530597758
0.3247062,-0.001143456530597758
0.32519448,-0.001143456530597758
0.32568276,-0.0008095127087391468
0.32617104,-0.001143456530597758
0.32665932,-0.001143456530597758
0.3271476,-0.001143456530597758
0.32763588,-0.001143456530597758
0.32812416,-0.001143456530597758
0.32861244,-0.001143456530597758
0.32910072,-0.001143456530597758
0.329589,-0.001143456530597758
0.33007728,-0.0008095127087391468
0.33056556,-0.001143456530597758
0.33105384,-0.001143456530597758
0.33154212,-0.0008095127087391468
0.3320304,-0.001143456530597758
0.33251868,-0.0008095127087391468
0.33300696,-0.001143456530597758
0.33349524,-0.001143456530597758
0.33398352,-0.001143456530597758
0.3344718,-0.0008095127087391468
0.33496008,-0.0008095127087391468
0.33544836,-0.001143456530597758
0.33593664,-0.0008095127087391468
0.33642492,-0.001143456530597758
0.3369132,-0.001143456530597758
0.33740148,-0.001143456530597758
0.33788976,-0.0008095127087391468
0.33837804,-0.001143456530597758
0.33886632,-0.0008095127087391468
0.3393546,-0.001143456530597758
0.33984288,-0.001143456530597758
0.34033116,-0.001143456530597758
0.34081944,-0.001143456530597758
0.34130772,-0.001143456530597758
0.341796,-0.001143456530597758
0.34228428,-0.001143456530597758
0.34277256,-0.001143456530597758
0.34326084,-0.001143456530597758
0.34374912,-0.001143456530597758
0.3442374,-0.001143456530597758
0.34472568,-0.001143456530597758
0.34521396,-0.001143456530597758
0.34570224,-0.001143456530597758
0.34619052,-0.001143456530597758
0.3466788,-0.001143456530597758
0.34716708,-0.001143456530597758
0.34765536,-0.001143456530597758
0.34814364,-0.001143456530597758
0.34863192,-0.001143456530597758
0.3491202,-0.001143456530597758
0.34960848,-0.0008095127087391468
0.35009676,-0.0008095127087391468
0.35058504,-0.001143456530597758
0.35107332,-0.001143456530597758
0.3515616,-0.0008095127087391468
0.35204988,-0.001143456530597758
0.35253816,-0.0008095127087391468
0.35302644,-0.0008095127087391468
0.35351472,-0.0008095127087391468
0.354003,-0.001143456530597758
0.35449128,-0.0008095127087391468
0.35497956,-0.001143456530597758
0.35546784,-0.0008095127087391468
0.35595612,-0.0008095127087391468
0.3564444,-0.0008095127087391468
0.35693268,-0.001143456530597758
0.35742096,-0.0008095127087391468
0.35790924,-0.0008095127087391468
0.35839752,-0.001143456530597758
0.3588858,-0.001143456530597758
0.35937408,-0.001143456530597758
0.35986236,-0.0008095127087391468
0.36035064,-0.001143456530597758
0.36083892,-0.001143456530597758
0.3613272,-0.001143456530597758
0.36181548,-0.001143456530597758
0.36230376,-0.001143456530597758
0.36279204,-0.001143456530597758
0.36328032,-0.0008095127087391468
0.3637686,-0.001143456530597758
0.36425688,-0.001143456530597758
0.36474516,-0.001143456530597758
0.36523344,-0.001143456530597758
0.36572172,-0.0008095127087391468
0.36621,-0.001143456530597758
0.36669828,-0.001143456530597758
0.36718656,-0.001143456530597758
0.36767484,-0.001143456530597758
0.36816312,-0.001143456530597758
0.3686514,-0.0008095127087391468
0.36913968,-0.0008095127087391468
0.36962796,-0.0008095127087391468
0.37011624,-0.0008095127087391468
0.37060452,-0.001143456530597758
0.3710928,-0.001143456530597758
0.37158108,-0.001143456530597758
0.37206936,-0.001143456530597758
0.37255764,-0.0008095127087391468
0.37304592,-0.0008095127087391468
0.3735342,-0.0008095127087391468
0.37402248,-0.0008095127087391468
0.37451076,-0.0008095127087391468
0.37499904,-0.001143456530597758
0.37548732,-0.001143456530597758
0.3759756,-0.001143456530597758
0.37646388,-0.0008095127087391468
0.37695216,-0.0008095127087391468
0.37744044,-0.001143456530597758
0.37792872,-0.001143456530597758
0.378417,-0.0008095127087391468
0.37890528,-0.001143456530597758
0.37939356,-0.0008095127087391468
0.37988184,-0.0008095127087391468
0.38037012,-0.001143456530597758
0.3808584,-0.001143456530597758
0.38134668,-0.001143456530597758
0.38183496,-0.001143456530597758
0.38232324,-0.0008095127087391468
0.38281152,-0.0008095127087391468
0.3832998,-0.0008095127087391468
0.38378808,-0.001143456530597758
0.38427636,-0.001143456530597758
0.38476464,-0.001143456530597758
0.38525292,-0.0008095127087391468
0.3857412,-0.0008095127087391468
0.38622948,-0.001143456530597758
0.38671776,-0.001143456530597758
0.38720604,-0.001143456530597758
0.38769432,-0.001143456530597758
0.3881826,-0.001143456530597758
0.38867088,-0.0008095127087391468
0.38915916,-0.001143456530597758
0.38964744,-0.001143456530597758
0.39013572,-0.0008095127087391468
0.390624,-0.001143456530597758
0.39111228,-0.001143456530597758
0.39160056,-0.001143456530597758
0.39208884,-0.001143456530597758
0.39257712,-0.001143456530597758
0.3930654,-0.001143456530597758
0.39355368,-0.001143456530597758
0.39404196,-0.001143456530597758
0.39453024,-0.001143456530597758
0.39501852,-0.001143456530597758
0.3955068,-0.001143456530597758
0.39599508,-0.001143456530597758
0.39648336,-0.001143456530597758
0.39697164,-0.0008095127087391468
0.39745992,-0.0008095127087391468
0.3979482,-0.001143456530597758
0.39843648,-0.001143456530597758
0.39892476,-0.0008095127087391468
0.39941304,-0.001143456530597758
0.39990132,-0.001143456530597758
0.4003896,-0.0008095127087391468
0.40087788,-0.0008095127087391468
0.40136616,-0.001143456530597758
0.40185444,-0.001143456530597758
0.40234272,-0.0008095127087391468
0.402831,-0.001143456530597758
0.40331928,-0.0008095127087391468
0.40380756,-0.0008095127087391468
0.40429584,-0.0008095127087391468
0.40478412,-0.0008095127087391468
0.4052724,-0.0008095127087391468
0.40576068,-0.0008095127087391468
0.40624896,-0.0008095127087391468
0.40673724,-0.001143456530597758
0.40722552,-0.001143456530597758
0.4077138,-0.001143456530597758
0.40820208,-0.0008095127087391468
0.40869036,-0.001143456530597758
0.40917864,-0.001143456530597758
0.40966692,-0.001143456530597758
0.4101552,-0.0008095127087391468
0.41064348,-0.0008095127087391468
0.41113176,-0.0008095127087391468
0.41162004,-0.0008095127087391468
0.41210832,-0.0008095127087391468
0.4125966,-0.0008095127087391468
0.41308488,-0.0008095127087391468
0.41357316,-0.0008095127087391468
0.41406144,-0.001143456530597758
0.41454972,-0.001143456530597758
0.415038,-0.0008095127087391468
0.41552628,-0.0008095127087391468
0.41601456,-0.0008095127087391468
0.41650284,-0.0008095127087391468
0.41699112,-0.001143456530597758
0.4174794,-0.001143456530597758
0.41796768,-0.0008095127087391468
0.41845596,-0.001143456530597758
0.41894424,-0.0008095127087391468
0.41943252,-0.0008095127087391468
0.4199208,-0.0008095127087391468
0.42040908,-0.001143456530597758
0.42089736,-0.001143456530597758
0.42138564,-0.0008095127087391468
0.42187392,-0.001143456530597758
0.4223622,-0.001143456530597758
0.42285048,-0.001143456530597758
0.42333876,-0.001143456530597758
0.42382704,-0.001143456530597758
0.42431532,-0.001143456530597758
0.4248036,-0.001143456530597758
0.42529188,-0.0008095127087391468
0.42578016,-0.001143456530597758
0.42626844,-0.001143456530597758
0.42675672,-0.001143456530597758
0.427245,-0.0008095127087391468
0.42773328,-0.001143456530597758
0.42822156,-0.001143456530597758
0.42870984,-0.001143456530597758
0.42919812,-0.0008095127087391468
0.4296864,-0.0008095127087391468
0.43017468,-0.0008095127087391468
0.43066296,-0.0008095127087391468
0.43115124,-0.0008095127087391468
0.43163952,-0.0008095127087391468
0.4321278,-0.0008095127087391468
0.43261608,-0.0008095127087391468
0.43310436,-0.001143456530597758
0.43359264,-0.0008095127087391468
0.43408092,-0.001143456530597758
0.4345692,-0.0008095127087391468
0.43505748,-0.0008095127087391468
0.43554576,-0.0008095127087391468
0.43603404,-0.001143456530597758
0.43652232,-0.001143456530597758
0.4370106,-0.001143456530597758
0.43749888,-0.0008095127087391468
0.43798716,-0.001143456530597758
0.43847544,-0.001143456530597758
0.43896372,-0.001143456530597758
0.439452,-0.0008095127087391468
0.43994028,-0.001143456530597758
0.44042856,-0.0008095127087391468
0.44091684,-0.001143456530597758
0.44140512,-0.001143456530597758
0.4418934,-0.001143456530597758
0.44238168,-0.001143456530597758
0.44286996,-0.001143456530597758
0.44335824,-0.001143456530597758
0.44384652,-0.001143456530597758
0.4443348,-0.001143456530597758
0.44482308,-0.001143456530597758
0.44531136,-0.001143456530597758
0.44579964,-0.001143456530597758
0.44628792,-0.001143456530597758
0.4467762,-0.001143456530597758
0.44726448,-0.001143456530597758
0.44775276,-0.001143456530597758
0.44824104,-0.001143456530597758
0.44872932,-0.001143456530597758
0.4492176,-0.001143456530597758
0.44970588,-0.0008095127087391468
0.45019416,-0.001143456530597758
0.45068244,-0.0008095127087391468
0.45117072,-0.001143456530597758
0.451659,-0.0008095127087391468
0.45214728,-0.0008095127087391468
0.45263556,-0.0008095127087391468
0.45312384,-0.001143456530597758
0.45361212,-0.0008095127087391468
0.4541004,-0.0008095127087391468
0.45458868,-0.0008095127087391468
0.45507696,-0.0008095127087391468
0.45556524,-0.0008095127087391468
0.45605352,-0.0008095127087391468
0.4565418,-0.0008095127087391468
0.45703008,-0.0008095127087391468
0.45751836,-0.0008095127087391468
0.45800664,-0.0008095127087391468
0.45849492,-0.0008095127087391468
0.4589832,-0.0008095127087391468
0.45947148,-0.0008095127087391468
0.45995976,-0.0008095127087391468
0.46044804,-0.0008095127087391468
0.46093632,-0.0008095127087391468
0.4614246,-0.0008095127087391468
0.46191288,-0.0008095127087391468
0.46240116,-0.0008095127087391468
0.46288944,-0.001143456530597758
0.46337772,-0.0008095127087391468
0.463866,-0.001143456530597758
0.46435428,-0.001143456530597758
0.46484256,-0.001143456530597758
0.46533084,-0.001143456530597758
0.46581912,-0.001143456530597758
0.4663074,-0.001143456530597758
0.46679568,-0.001143456530597758
0.46728396,-0.0008095127087391468
0.46777224,-0.0008095127087391468
0.46826052,-0.001143456530597758
0.4687488,-0.001143456530597758
0.46923708,-0.001143456530597758
0.46972536,-0.0008095127087391468
0.47021364,-0.0008095127087391468
0.47070192,-0.0008095127087391468
0.4711902,-0.0008095127087391468
0.47167848,-0.0008095127087391468
0.47216676,-0.001143456530597758
0.47265504,-0.001143456530597758
0.47314332,-0.0008095127087391468
0.4736316,-0.0008095127087391468
0.47411988,-0.001143456530597758
0.47460816,-0.001143456530597758
0.47509644,-0.0008095127087391468
0.47558472,-0.0008095127087391468
0.476073,-0.001143456530597758
0.47656128,-0.001143456530597758
0.47704956,-0.001143456530597758
0.47753784,-0.001143456530597758
0.47802612,-0.001143456530597758
0.4785144,-0.001143456530597758
0.47900268,-0.001143456530597758
0.47949096,-0.001143456530597758
0.47997924,-0.001143456530597758
0.48046752,-0.001143456530597758
0.4809558,-0.0008095127087391468
0.48144408,-0.0008095127087391468
0.48193236,-0.001143456530597758
0.48242064,-0.0008095127087391468
0.48290892,-0.001143456530597758
0.4833972,-0.001143456530597758
0.48388548,-0.0008095127087391468
0.48437376,-0.001143456530597758
0.48486204,-0.001143456530597758
0.48535032,-0.0008095127087391468
0.4858386,-0.0008095127087391468
0.48632688,-0.0008095127087391468
0.48681516,-0.0008095127087391468
0.48730344,-0.001143456530597758
0.48779172,-0.0008095127087391468
0.48828,-0.0008095127087391468
0.48876828,-0.0008095127087391468
0.48925656,-0.001143456530597758
0.48974484,-0.001143456530597758
0.49023312,-0.001143456530597758
0.4907214,-0.0008095127087391468
0.49120968,-0.001143456530597758
0.49169796,-0.0008095127087391468
0.49218624,-0.0008095127087391468
0.49267452,-0.0008095127087391468
0.4931628,-0.0008095127087391468
0.49365108,-0.001143456530597758
0.49413936,-0.0008095127087391468
0.49462764,-0.001143456530597758
0.49511592,-0.0008095127087391468
0.4956042,-0.0008095127087391468
0.49609248,-0.0008095127087391468
0.49658076,-0.0008095127087391468
0.49706904,-0.0008095127087391468
0.49755732,-0.001143456530597758
0.4980456,-0.0008095127087391468
0.49853388,-0.0008095127087391468
0.49902216,-0.0008095127087391468
0.49951044,-0.001143456530597758
0.49999872,-0.001143456530597758
0.500487,-0.001143456530597758
0.50097528,-0.001143456530597758
0.50146356,-0.001143456530597758
0.50195184,-0.001143456530597758
0.50244012,-0.001143456530597758
0.5029283999999999,-0.0008095127087391468
0.5034166799999999,-0.001143456530597758
0.50390496,-0.0008095127087391468
0.50439324,-0.001143456530597758
0.50488152,-0.0008095127087391468
0.5053698,-0.0008095127087391468
0.50585808,-0.0008095127087391468
0.50634636,-0.001143456530597758
0.50683464,-0.001143456530597758
0.50732292,-0.0008095127087391468
0.5078112,-0.0008095127087391468
0.50829948,-0.001143456530597758
0.50878776,-0.0008095127087391468
0.50927604,-0.0008095127087391468
0.5097643199999999,-0.0008095127087391468
0.5102525999999999,-0.0008095127087391468
0.51074088,-0.0008095127087391468
0.51122916,-0.0008095127087391468
0.51171744,-0.0008095127087391468
0.51220572,-0.0008095127087391468
0.512694,-0.0008095127087391468
0.51318228,-0.0008095127087391468
0.51367056,-0.0008095127087391468
0.51415884,-0.0008095127087391468
0.51464712,-0.0008095127087391468
0.5151354,-0.0008095127087391468
0.51562368,-0.0008095127087391468
0.51611196,-0.0008095127087391468
0.51660024,-0.0008095127087391468
0.5170885199999999,-0.0008095127087391468
0.5175767999999999,-0.0008095127087391468
0.51806508,-0.0008095127087391468
0.51855336,-0.0008095127087391468
0.51904164,-0.0008095127087391468
0.51952992,-0.0008095127087391468
0.5200182,-0.0008095127087391468
0.52050648,-0.0008095127087391468
0.52099476,-0.0008095127087391468
0.52148304,-0.0008095127087391468
0.52197132,-0.0008095127087391468
0.5224596,-0.0008095127087391468
0.52294788,-0.0008095127087391468
0.52343616,-0.0008095127087391468
0.52392444,-0.0008095127087391468
0.5244127199999999,-0.0008095127087391468
0.524901,-0.0008095127087391468
0.52538928,-0.0008095127087391468
0.52587756,-0.001143456530597758
0.52636584,-0.0008095127087391468
0.52685412,-0.0008095127087391468
0.5273424,-0.0008095127087391468
0.52783068,-0.0008095127087391468
0.52831896,-0.0008095127087391468
0.52880724,-0.0008095127087391468
0.52929552,-0.0008095127087391468
0.5297838,-0.0008095127087391468
0.53027208,-0.0008095127087391468
0.53076036,-0.0008095127087391468
0.5312486399999999,-0.0008095127087391468
0.5317369199999999,-0.0008095127087391468
0.5322252,-0.0008095127087391468
0.53271348,-0.0008095127087391468
0.53320176,-0.0008095127087391468
0.53369004,-0.0008095127087391468
0.53417832,-0.0008095127087391468
0.5346666,-0.0008095127087391468
0.53515488,-0.0008095127087391468
0.53564316,-0.0008095127087391468
0.53613144,-0.0008095127087391468
0.53661972,-0.0008095127087391468
0.537108,-0.0008095127087391468
0.53759628,-0.0008095127087391468
0.53808456,-0.0008095127087391468
0.5385728399999999,-0.0008095127087391468
0.5390611199999999,-0.0008095127087391468
0.5395494,-0.0008095127087391468
0.54003768,-0.0008095127087391468
0.54052596,-0.0008095127087391468
0.54101424,-0.0008095127087391468
0.54150252,-0.0008095127087391468
0.5419908,-0.0008095127087391468
0.54247908,-0.0008095127087391468
0.54296736,-0.0008095127087391468
0.54345564,-0.0008095127087391468
0.54394392,-0.0008095127087391468
0.5444322,-0.0008095127087391468
0.54492048,-0.0008095127087391468
0.5454087599999999,-0.0008095127087391468
0.5458970399999999,-0.0008095127087391468
0.54638532,-0.0008095127087391468
0.5468736,-0.0008095127087391468
0.54736188,-0.001143456530597758
0.54785016,-0.0008095127087391468
0.54833844,-0.0008095127087391468
0.54882672,-0.0008095127087391468
0.549315,-0.0008095127087391468
0.54980328,-0.0008095127087391468
0.55029156,-0.0008095127087391468
0.55077984,-0.0008095127087391468
0.55126812,-0.001143456530597758
0.5517564,-0.0008095127087391468
0.55224468,-0.0008095127087391468
0.5527329599999999,-0.0008095127087391468
0.5532212399999999,-0.0008095127087391468
0.55370952,-0.0008095127087391468
0.5541978,-0.0008095127087391468
0.55468608,-0.0008095127087391468
0.55517436,-0.0008095127087391468
0.55566264,-0.0008095127087391468
0.55615092,-0.0008095127087391468
0.5566392,-0.0008095127087391468
0.55712748,-0.0008095127087391468
0.55761576,-0.0008095127087391468
0.55810404,-0.0008095127087391468
0.55859232,-0.0008095127087391468
0.5590806,-0.0008095127087391468
0.55956888,-0.0008095127087391468
0.5600571599999999,-0.0008095127087391468
0.56054544,-0.0008095127087391468
0.56103372,-0.0008095127087391468
0.561522,-0.0008095127087391468
0.56201028,-0.0008095127087391468
0.56249856,-0.0008095127087391468
0.56298684,-0.0008095127087391468
0.56347512,-0.0008095127087391468
0.5639634,-0.0008095127087391468
0.56445168,-0.0008095127087391468
0.56493996,-0.0008095127087391468
0.56542824,-0.0008095127087391468
0.56591652,-0.0008095127087391468
0.5664048,-0.0008095127087391468
0.5668930799999999,-0.001143456530597758
0.5673813599999999,-0.0008095127087391468
0.56786964,-0.0008095127087391468
0.56835792,-0.0008095127087391468
0.5688462,-0.0008095127087391468
0.56933448,-0.0008095127087391468
0.56982276,-0.0008095127087391468
0.57031104,-0.0008095127087391468
0.57079932,-0.0008095127087391468
0.5712876,-0.0008095127087391468
0.57177588,-0.0008095127087391468
0.57226416,-0.0008095127087391468
0.57275244,-0.0008095127087391468
0.57324072,-0.0008095127087391468
0.573729,-0.0008095127087391468
0.5742172799999999,-0.0008095127087391468
0.5747055599999999,-0.0008095127087391468
0.57519384,-0.0008095127087391468
0.57568212,-0.0008095127087391468
0.5761704,-0.0008095127087391468
0.57665868,-0.0008095127087391468
0.57714696,-0.0008095127087391468
0.57763524,-0.001143456530597758
0.57812352,-0.0008095127087391468
0.5786118,-0.0008095127087391468
0.57910008,-0.0008095127087391468
0.57958836,-0.0008095127087391468
0.58007664,-0.0008095127087391468
0.58056492,-0.001143456530597758
0.5810531999999999,-0.0008095127087391468
0.5815414799999999,-0.0008095127087391468
0.58202976,-0.0008095127087391468
0.58251804,-0.0008095127087391468
0.58300632,-0.0008095127087391468
0.5834946,-0.0008095127087391468
0.58398288,-0.0008095127087391468
0.58447116,-0.0008095127087391468
0.58495944,-0.0008095127087391468
0.58544772,-0.0008095127087391468
0.585936,-0.0008095127087391468
0.58642428,-0.0008095127087391468
0.58691256,-0.0008095127087391468
0.58740084,-0.0008095127087391468
0.58788912,-0.0008095127087391468
0.5883773999999999,-0.0008095127087391468
0.5888656799999999,-0.0008095127087391468
0.58935396,-0.0008095127087391468
0.58984224,-0.0008095127087391468
0.59033052,-0.001143456530597758
0.5908188,-0.0008095127087391468
0.59130708,-0.0008095127087391468
0.59179536,-0.0008095127087391468
0.59228364,-0.0008095127087391468
0.59277192,-0.0008095127087391468
0.5932602,-0.0008095127087391468
0.59374848,-0.0008095127087391468
0.59423676,-0.0008095127087391468
0.59472504,-0.0008095127087391468
0.59521332,-0.0008095127087391468
0.5957015999999999,-0.0008095127087391468
0.5961898799999999,-0.0008095127087391468
0.59667816,-0.001143456530597758
0.59716644,-0.0008095127087391468
0.59765472,-0.0008095127087391468
0.598143,-0.001143456530597758
0.59863128,-0.0008095127087391468
0.59911956,-0.0008095127087391468
0.59960784,-0.0008095127087391468
0.60009612,-0.0008095127087391468
0.6005844,-0.0008095127087391468
0.60107268,-0.0008095127087391468
0.60156096,-0.0008095127087391468
0.60204924,-0.0008095127087391468
0.6025375199999999,-0.001143456530597758
0.6030257999999999,-0.0008095127087391468
0.60351408,-0.001143456530597758
0.60400236,-0.0008095127087391468
0.60449064,-0.0008095127087391468
0.60497892,-0.0008095127087391468
0.6054672,-0.0008095127087391468
0.60595548,-0.0008095127087391468
0.60644376,-0.0008095127087391468
0.60693204,-0.0008095127087391468
0.60742032,-0.0008095127087391468
0.6079086,-0.0008095127087391468
0.60839688,-0.0008095127087391468
0.60888516,-0.0008095127087391468
0.60937344,-0.0008095127087391468
0.6098617199999999,-0.0008095127087391468
0.6103499999999999,-0.0008095127087391468
0.61083828,-0.0008095127087391468
0.61132656,-0.0008095127087391468
0.61181484,-0.0008095127087391468
0.61230312,-0.0008095127087391468
0.6127914,-0.0008095127087391468
0.61327968,-0.0008095127087391468
0.61376796,-0.0008095127087391468
0.61425624,-0.0008095127087391468
0.61474452,-0.0008095127087391468
0.6152328,-0.0008095127087391468
0.61572108,-0.0008095127087391468
0.61620936,-0.0008095127087391468
0.6166976399999999,-0.0008095127087391468
0.6171859199999999,-0.0008095127087391468
0.6176742,-0.0008095127087391468
0.61816248,-0.0008095127087391468
0.61865076,-0.0008095127087391468
0.61913904,-0.0008095127087391468
0.61962732,-0.0008095127087391468
0.6201156,-0.0008095127087391468
0.62060388,-0.0008095127087391468
0.62109216,-0.0008095127087391468
0.62158044,-0.0008095127087391468
0.62206872,-0.0008095127087391468
0.622557,-0.0008095127087391468
0.62304528,-0.001143456530597758
0.62353356,-0.0008095127087391468
0.6240218399999999,-0.001143456530597758
0.6245101199999999,-0.0008095127087391468
0.6249984,-0.0008095127087391468
0.62548668,-0.001143456530597758
0.62597496,-0.0008095127087391468
0.62646324,-0.001143456530597758
0.62695152,-0.001143456530597758
0.6274398,-0.0008095127087391468
0.62792808,-0.0008095127087391468
0.62841636,-0.0008095127087391468
0.62890464,-0.0008095127087391468
0.62939292,-0.0008095127087391468
0.6298812,-0.0008095127087391468
0.63036948,-0.0008095127087391468
0.63085776,-0.0008095127087391468
0.6313460399999999,-0.0008095127087391468
0.6318343199999999,-0.0008095127087391468
0.6323226,-0.0008095127087391468
0.63281088,-0.0008095127087391468
0.63329916,-0.0008095127087391468
0.63378744,-0.0008095127087391468
0.63427572,-0.0008095127087391468
0.634764,-0.001143456530597758
0.63525228,-0.0008095127087391468
0.63574056,-0.001143456530597758
0.63622884,-0.0008095127087391468
0.63671712,-0.0008095127087391468
0.6372054,-0.0008095127087391468
0.63769368,-0.0008095127087391468
0.6381819599999999,-0.0008095127087391468
0.6386702399999999,-0.0008095127087391468
0.63915852,-0.0008095127087391468
0.6396468,-0.0008095127087391468
0.64013508,-0.0008095127087391468
0.64062336,-0.0008095127087391468
0.64111164,-0.0008095127087391468
0.64159992,-0.0008095127087391468
0.6420882,-0.0008095127087391468
0.64257648,-0.0008095127087391468
0.64306476,-0.0008095127087391468
0.64355304,-0.0008095127087391468
0.64404132,-0.0008095127087391468
0.6445296,-0.0008095127087391468
0.64501788,-0.0008095127087391468
0.6455061599999999,-0.0008095127087391468
0.6459944399999999,-0.0008095127087391468
0.64648272,-0.0008095127087391468
0.646971,-0.0008095127087391468
0.64745928,-0.0008095127087391468
0.64794756,-0.0008095127087391468
0.64843584,-0.0008095127087391468
0.64892412,-0.0008095127087391468
0.6494124,-0.0008095127087391468
0.64990068,-0.0008095127087391468
0.65038896,-0.0008095127087391468
0.65087724,-0.0008095127087391468
0.65136552,-0.0008095127087391468
0.6518538,-0.0008095127087391468
0.6523420799999999,-0.0008095127087391468
0.6528303599999999,-0.0008095127087391468
0.65331864,-0.0008095127087391468
0.65380692,-0.0008095127087391468
0.6542952,-0.0008095127087391468
0.65478348,-0.0008095127087391468
0.65527176,-0.0008095127087391468
0.65576004,-0.0008095127087391468
0.65624832,-0.0008095127087391468
0.6567366,-0.0008095127087391468
0.65722488,-0.0008095127087391468
0.65771316,-0.0008095127087391468
0.65820144,-0.0008095127087391468
0.65868972,-0.0008095127087391468
0.659178,-0.0008095127087391468
0.6596662799999999,-0.0008095127087391468
0.6601545599999999,-0.0008095127087391468
0.66064284,-0.0008095127087391468
0.66113112,-0.0008095127087391468
0.6616194,-0.0008095127087391468
0.66210768,-0.0008095127087391468
0.66259596,-0.0008095127087391468
0.66308424,-0.0008095127087391468
0.66357252,-0.0008095127087391468
0.6640608,-0.0008095127087391468
0.66454908,-0.0008095127087391468
0.66503736,-0.0008095127087391468
0.66552564,-0.0008095127087391468
0.66601392,-0.0008095127087391468
0.6665022,-0.0008095127087391468
0.6669904799999999,-0.0008095127087391468
0.6674787599999999,-0.0008095127087391468
0.66796704,-0.0008095127087391468
0.66845532,-0.0008095127087391468
0.6689436,-0.0008095127087391468
0.66943188,-0.0008095127087391468
0.66992016,-0.0008095127087391468
0.67040844,-0.0008095127087391468
0.67089672,-0.0008095127087391468
0.671385,-0.0008095127087391468
0.67187328,-0.0008095127087391468
0.67236156,-0.0008095127087391468
0.67284984,-0.0008095127087391468
0.67333812,-0.0008095127087391468
0.6738263999999999,-0.0008095127087391468
0.6743146799999999,-0.0008095127087391468
0.67480296,-0.0008095127087391468
0.67529124,-0.0008095127087391468
0.67577952,-0.0008095127087391468
0.6762678,-0.0008095127087391468
0.67675608,-0.0008095127087391468
0.67724436,-0.0008095127087391468
0.67773264,-0.0008095127087391468
0.67822092,-0.0008095127087391468
0.6787092,-0.0008095127087391468
0.67919748,-0.0008095127087391468
0.67968576,-0.0008095127087391468
0.68017404,-0.0008095127087391468
0.68066232,-0.0008095127087391468
0.6811505999999999,-0.0008095127087391468
0.6816388799999999,-0.0008095127087391468
0.68212716,-0.0008095127087391468
0.68261544,-0.0008095127087391468
0.68310372,-0.0008095127087391468
0.683592,-0.0008095127087391468
0.68408028,-0.0008095127087391468
0.68456856,-0.0008095127087391468
0.68505684,-0.0008095127087391468
0.68554512,-0.0008095127087391468
0.6860334,-0.0008095127087391468
0.68652168,-0.0008095127087391468
0.68700996,-0.0008095127087391468
0.68749824,-0.0008095127087391468
0.6879865199999999,-0.0008095127087391468
0.6884747999999999,-0.0008095127087391468
0.6889630799999999,-0.0008095127087391468
0.68945136,-0.0008095127087391468
0.68993964,-0.0008095127087391468
0.69042792,-0.0008095127087391468
0.6909162,-0.0008095127087391468
0.69140448,-0.0008095127087391468
0.69189276,-0.0008095127087391468
0.69238104,-0.0008095127087391468
0.69286932,-0.0008095127087391468
0.6933576,-0.0008095127087391468
0.69384588,-0.0008095127087391468
0.69433416,-0.0008095127087391468
0.69482244,-0.0008095127087391468
0.6953107199999999,-0.0008095127087391468
0.6957989999999999,-0.0008095127087391468
0.69628728,-0.0008095127087391468
0.69677556,-0.0008095127087391468
0.69726384,-0.0008095127087391468
0.69775212,-0.0008095127087391468
0.6982404,-0.0008095127087391468
0.69872868,-0.0008095127087391468
0.69921696,-0.0008095127087391468
0.69970524,-0.0008095127087391468
0.70019352,-0.0008095127087391468
0.7006818,-0.0008095127087391468
0.70117008,-0.0008095127087391468
0.70165836,-0.0008095127087391468
0.70214664,-0.0008095127087391468
0.7026349199999999,-0.0008095127087391468
0.7031231999999999,-0.0008095127087391468
0.70361148,-0.0008095127087391468
0.70409976,-0.0008095127087391468
0.70458804,-0.0008095127087391468
0.70507632,-0.0008095127087391468
0.7055646,-0.0008095127087391468
0.70605288,-0.0008095127087391468
0.70654116,-0.0008095127087391468
0.70702944,-0.0008095127087391468
0.70751772,-0.0008095127087391468
0.708006,-0.0008095127087391468
0.70849428,-0.0008095127087391468
0.70898256,-0.0008095127087391468
0.7094708399999999,-0.0008095127087391468
0.7099591199999999,-0.0008095127087391468
0.7104474,-0.0008095127087391468
0.71093568,-0.0008095127087391468
0.71142396,-0.0008095127087391468
0.71191224,-0.0008095127087391468
0.71240052,-0.0008095127087391468
0.7128888,-0.0008095127087391468
0.71337708,-0.0008095127087391468
0.71386536,-0.0008095127087391468
0.71435364,-0.0008095127087391468
0.71484192,-0.0008095127087391468
0.7153302,-0.0008095127087391468
0.71581848,-0.0008095127087391468
0.71630676,-0.0008095127087391468
0.7167950399999999,-0.0008095127087391468
0.7172833199999999,-0.0008095127087391468
0.7177716,-0.0008095127087391468
0.71825988,-0.0008095127087391468
0.71874816,-0.0008095127087391468
0.71923644,-0.0008095127087391468
0.71972472,-0.0008095127087391468
0.720213,-0.0008095127087391468
0.72070128,-0.0008095127087391468
0.72118956,-0.0008095127087391468
0.72167784,-0.0008095127087391468
0.72216612,-0.0008095127087391468
0.7226544,-0.0008095127087391468
0.72314268,-0.0008095127087391468
0.7236309599999999,-0.0008095127087391468
0.7241192399999999,-0.0008095127087391468
0.7246075199999999,-0.0008095127087391468
0.7250958,-0.0008095127087391468
0.72558408,-0.0008095127087391468
0.72607236,-0.0008095127087391468
0.72656064,-0.0008095127087391468
0.72704892,-0.0008095127087391468
0.7275372,-0.0008095127087391468
0.72802548,-0.0008095127087391468
0.72851376,-0.0008095127087391468
0.72900204,-0.0008095127087391468
0.72949032,-0.0008095127087391468
0.7299786,-0.0008095127087391468
0.73046688,-0.0008095127087391468
0.7309551599999999,-0.0008095127087391468
0.7314434399999999,-0.0008095127087391468
0.73193172,-0.0008095127087391468
0.73242,-0.0008095127087391468
0.73290828,-0.0008095127087391468
0.73339656,-0.0008095127087391468
0.73388484,-0.0008095127087391468
0.73437312,-0.0008095127087391468
0.7348614,-0.0008095127087391468
0.73534968,-0.0008095127087391468
0.73583796,-0.0008095127087391468
0.73632624,-0.0008095127087391468
0.73681452,-0.0008095127087391468
0.7373028,-0.0008095127087391468
0.73779108,-0.0008095127087391468
0.7382793599999999,-0.0008095127087391468
0.7387676399999999,-0.0008095127087391468
0.73925592,-0.0008095127087391468
0.7397442,-0.0008095127087391468
0.74023248,-0.0008095127087391468
0.74072076,-0.0008095127087391468
0.74120904,-0.0008095127087391468
0.74169732,-0.0008095127087391468
0.7421856,-0.0008095127087391468
0.74267388,-0.0008095127087391468
0.74316216,-0.0008095127087391468
0.74365044,-0.0008095127087391468
0.74413872,-0.0008095127087391468
0.744627,-0.0008095127087391468
0.7451152799999999,-0.0008095127087391468
0.7456035599999999,-0.0008095127087391468
0.74609184,-0.0008095127087391468
0.74658012,-0.0008095127087391468
0.7470684,-0.0008095127087391468
0.74755668,-0.0008095127087391468
0.74804496,-0.0008095127087391468
0.74853324,-0.0008095127087391468
0.74902152,-0.0008095127087391468
0.7495098,-0.0008095127087391468
0.74999808,-0.0008095127087391468
0.75048636,-0.0008095127087391468
0.75097464,-0.0008095127087391468
0.75146292,-0.0008095127087391468
0.7519512,-0.0008095127087391468
0.7524394799999999,-0.0008095127087391468
0.7529277599999999,-0.0008095127087391468
0.75341604,-0.0008095127087391468
0.75390432,-0.0008095127087391468
0.7543926,-0.0008095127087391468
0.75488088,-0.0008095127087391468
0.75536916,-0.0008095127087391468
0.75585744,-0.0008095127087391468
0.75634572,-0.0008095127087391468
0.756834,-0.0008095127087391468
0.75732228,-0.0008095127087391468
0.75781056,-0.0008095127087391468
0.75829884,-0.001143456530597758
0.75878712,-0.001143456530597758
0.7592753999999999,-0.0008095127087391468
0.7597636799999999,-0.0008095127087391468
0.7602519599999999,-0.0008095127087391468
0.76074024,-0.001143456530597758
0.76122852,-0.0008095127087391468
0.7617168,-0.0008095127087391468
0.76220508,-0.0008095127087391468
0.76269336,-0.0008095127087391468
0.76318164,-0.0008095127087391468
0.76366992,-0.0008095127087391468
0.7641582,-0.0008095127087391468
0.76464648,-0.0008095127087391468
0.76513476,-0.0008095127087391468
0.76562304,-0.0008095127087391468
0.76611132,-0.0008095127087391468
0.7665995999999999,-0.001143456530597758
0.7670878799999999,-0.001143456530597758
0.76757616,-0.0008095127087391468
0.76806444,-0.0008095127087391468
0.76855272,-0.0008095127087391468
0.769041,-0.0008095127087391468
0.76952928,-0.0008095127087391468
0.77001756,-0.0008095127087391468
0.77050584,-0.0008095127087391468
0.77099412,-0.0008095127087391468
0.7714824,-0.0008095127087391468
0.77197068,-0.0008095127087391468
0.77245896,-0.0008095127087391468
0.77294724,-0.0008095127087391468
0.77343552,-0.0008095127087391468
0.7739237999999999,-0.0008095127087391468
0.7744120799999999,-0.0008095127087391468
0.77490036,-0.0008095127087391468
0.77538864,-0.0008095127087391468
0.77587692,-0.0008095127087391468
0.7763652,-0.0008095127087391468
0.77685348,-0.0008095127087391468
0.77734176,-0.0008095127087391468
0.77783004,-0.0008095127087391468
0.77831832,-0.0008095127087391468
0.7788066,-0.0008095127087391468
0.77929488,-0.0008095127087391468
0.77978316,-0.0008095127087391468
0.78027144,-0.0008095127087391468
0.7807597199999999,-0.0008095127087391468
0.7812479999999999,-0.0008095127087391468
0.78173628,-0.0008095127087391468
0.78222456,-0.0008095127087391468
0.78271284,-0.0008095127087391468
0.78320112,-0.001143456530597758
0.7836894,-0.0008095127087391468
0.78417768,-0.0008095127087391468
0.78466596,-0.0008095127087391468
0.78515424,-0.001143456530597758
0.78564252,-0.0008095127087391468
0.7861308,-0.0008095127087391468
0.78661908,-0.0008095127087391468
0.78710736,-0.001143456530597758
0.78759564,-0.0008095127087391468
0.7880839199999999,-0.001143456530597758
0.7885721999999999,-0.001143456530597758
0.78906048,-0.001143456530597758
0.78954876,-0.0008095127087391468
0.79003704,-0.0008095127087391468
0.79052532,-0.0008095127087391468
0.7910136,-0.0008095127087391468
0.79150188,-0.0008095127087391468
0.79199016,-0.0008095127087391468
0.79247844,-0.0008095127087391468
0.79296672,-0.0008095127087391468
0.793455,-0.0008095127087391468
0.79394328,-0.001143456530597758
0.79443156,-0.0008095127087391468
0.7949198399999999,-0.0008095127087391468
0.7954081199999999,-0.001143456530597758
0.7958963999999999,-0.0008095127087391468
0.79638468,-0.0008095127087391468
0.79687296,-0.0008095127087391468
0.79736124,-0.001143456530597758
0.79784952,-0.0008095127087391468
0.7983378,-0.001143456530597758
0.79882608,-0.001143456530597758
0.79931436,-0.001143456530597758
0.79980264,-0.001143456530597758
0.80029092,-0.0008095127087391468
0.8007792,-0.001143456530597758
0.80126748,-0.0008095127087391468
0.80175576,-0.0008095127087391468
0.8022440399999999,-0.001143456530597758
0.8027323199999999,-0.0008095127087391468
0.8032206,-0.001143456530597758
0.80370888,-0.0008095127087391468
0.80419716,-0.0008095127087391468
0.80468544,-0.0008095127087391468
0.80517372,-0.0008095127087391468
0.805662,-0.0008095127087391468
0.80615028,-0.0008095127087391468
0.80663856,-0.0008095127087391468
0.80712684,-0.001143456530597758
0.80761512,-0.001143456530597758
0.8081034,-0.001143456530597758
0.80859168,-0.0008095127087391468
0.80907996,-0.001143456530597758
0.8095682399999999,-0.0008095127087391468
0.8100565199999999,-0.0008095127087391468
0.8105448,-0.0008095127087391468
0.81103308,-0.0008095127087391468
0.81152136,-0.0008095127087391468
0.81200964,-0.0008095127087391468
0.81249792,-0.0008095127087391468
0.8129862,-0.0008095127087391468
0.81347448,-0.0008095127087391468
0.81396276,-0.0008095127087391468
0.81445104,-0.0008095127087391468
0.81493932,-0.0008095127087391468
0.8154276,-0.0008095127087391468
0.81591588,-0.0008095127087391468
0.8164041599999999,-0.0008095127087391468
0.8168924399999999,-0.0008095127087391468
0.8173807199999999,-0.0008095127087391468
0.817869,-0.0008095127087391468
0.81835728,-0.0008095127087391468
0.81884556,-0.0008095127087391468
0.81933384,-0.0008095127087391468
0.81982212,-0.0008095127087391468
0.8203104,-0.0008095127087391468
0.82079868,-0.0008095127087391468
0.82128696,-0.0008095127087391468
0.82177524,-0.0008095127087391468
0.82226352,-0.0008095127087391468
0.8227518,-0.0008095127087391468
0.82324008,-0.001143456530597758
0.8237283599999999,-0.0008095127087391468
0.8242166399999999,-0.0008095127087391468
0.82470492,-0.0008095127087391468
0.8251932,-0.0008095127087391468
0.82568148,-0.0008095127087391468
0.82616976,-0.0008095127087391468
0.82665804,-0.0008095127087391468
0.82714632,-0.0008095127087391468
0.8276346,-0.0008095127087391468
0.82812288,-0.0008095127087391468
0.82861116,-0.001143456530597758
0.82909944,-0.0008095127087391468
0.82958772,-0.0008095127087391468
0.830076,-0.0008095127087391468
0.8305642799999999,-0.0008095127087391468
0.8310525599999999,-0.0008095127087391468
0.8315408399999999,-0.0008095127087391468
0.83202912,-0.0008095127087391468
0.8325174,-0.0008095127087391468
0.83300568,-0.0008095127087391468
0.83349396,-0.0008095127087391468
0.83398224,-0.0008095127087391468
0.83447052,-0.0008095127087391468
0.8349588,-0.0008095127087391468
0.83544708,-0.0008095127087391468
0.83593536,-0.0008095127087391468
0.83642364,-0.0008095127087391468
0.83691192,-0.0008095127087391468
0.8374002,-0.0008095127087391468
0.8378884799999999,-0.0008095127087391468
0.8383767599999999,-0.0008095127087391468
0.83886504,-0.0008095127087391468
0.83935332,-0.0008095127087391468
0.8398416,-0.0008095127087391468
0.84032988,-0.0008095127087391468
0.84081816,-0.0008095127087391468
0.84130644,-0.0008095127087391468
0.84179472,-0.0008095127087391468
0.842283,-0.0008095127087391468
0.84277128,-0.0008095127087391468
0.84325956,-0.0008095127087391468
0.84374784,-0.0008095127087391468
0.84423612,-0.0008095127087391468
0.8447244,-0.0008095127087391468
0.8452126799999999,-0.0008095127087391468
0.8457009599999999,-0.0008095127087391468
0.84618924,-0.0008095127087391468
0.84667752,-0.0008095127087391468
0.8471658,-0.0008095127087391468
0.84765408,-0.0008095127087391468
0.84814236,-0.0008095127087391468
0.84863064,-0.0008095127087391468
0.84911892,-0.0008095127087391468
0.8496072,-0.0008095127087391468
0.85009548,-0.0008095127087391468
0.85058376,-0.0008095127087391468
0.85107204,-0.0008095127087391468
0.85156032,-0.0008095127087391468
0.8520485999999999,-0.0008095127087391468
0.8525368799999999,-0.0008095127087391468
0.8530251599999999,-0.0008095127087391468
0.85351344,-0.0008095127087391468
0.85400172,-0.0008095127087391468
0.85449,-0.0008095127087391468
0.85497828,-0.0008095127087391468
0.85546656,-0.0008095127087391468
0.85595484,-0.0008095127087391468
0.85644312,-0.0008095127087391468
0.8569314,-0.0008095127087391468
0.85741968,-0.0008095127087391468
0.85790796,-0.0008095127087391468
0.85839624,-0.0008095127087391468
0.85888452,-0.0008095127087391468
0.8593727999999999,-0.0008095127087391468
0.8598610799999999,-0.0008095127087391468
0.86034936,-0.0008095127087391468
0.86083764,-0.0008095127087391468
0.86132592,-0.0008095127087391468
0.8618142,-0.0008095127087391468
0.86230248,-0.0008095127087391468
0.86279076,-0.0008095127087391468
0.86327904,-0.0008095127087391468
0.86376732,-0.0008095127087391468
0.8642556,-0.0008095127087391468
0.86474388,-0.0008095127087391468
0.86523216,-0.0008095127087391468
0.86572044,-0.0008095127087391468
0.8662087199999999,-0.0008095127087391468
0.8666969999999999,-0.0008095127087391468
0.8671852799999999,-0.001143456530597758
0.86767356,-0.001143456530597758
0.86816184,-0.0008095127087391468
0.86865012,-0.001143456530597758
0.8691384,-0.0008095127087391468
0.86962668,-0.0008095127087391468
0.87011496,-0.0008095127087391468
0.87060324,-0.0008095127087391468
0.87109152,-0.0008095127087391468
0.8715798,-0.0008095127087391468
0.87206808,-0.0008095127087391468
0.87255636,-0.0008095127087391468
0.87304464,-0.0008095127087391468
0.8735329199999999,-0.0008095127087391468
0.8740211999999999,-0.0008095127087391468
0.87450948,-0.0008095127087391468
0.87499776,-0.0008095127087391468
0.87548604,-0.0008095127087391468
0.87597432,-0.0008095127087391468
0.8764626,-0.0008095127087391468
0.87695088,-0.0008095127087391468
0.87743916,-0.0008095127087391468
0.87792744,-0.0008095127087391468
0.87841572,-0.0008095127087391468
0.878904,-0.0008095127087391468
0.87939228,-0.0008095127087391468
0.87988056,-0.0008095127087391468
0.88036884,-0.0008095127087391468
0.8808571199999999,-0.0008095127087391468
0.8813453999999999,-0.0008095127087391468
0.88183368,-0.0008095127087391468
0.88232196,-0.001143456530597758
0.88281024,-0.0008095127087391468
0.88329852,-0.0008095127087391468
0.8837868,-0.001143456530597758
0.88427508,-0.0008095127087391468
0.88476336,-0.0008095127087391468
0.88525164,-0.0008095127087391468
0.88573992,-0.0008095127087391468
0.8862282,-0.0008095127087391468
0.88671648,-0.0008095127087391468
0.88720476,-0.0008095127087391468
0.8876930399999999,-0.0008095127087391468
0.8881813199999999,-0.0008095127087391468
0.8886695999999999,-0.0008095127087391468
0.88915788,-0.0008095127087391468
0.88964616,-0.0008095127087391468
0.89013444,-0.0008095127087391468
0.89062272,-0.0008095127087391468
0.891111,-0.0008095127087391468
0.89159928,-0.0008095127087391468
0.89208756,-0.0008095127087391468
0.89257584,-0.0008095127087391468
0.89306412,-0.0008095127087391468
0.8935524,-0.0008095127087391468
0.89404068,-0.0008095127087391468
0.89452896,-0.0008095127087391468
0.8950172399999999,-0.0008095127087391468
0.8955055199999999,-0.0008095127087391468
0.8959938,-0.0008095127087391468
0.89648208,-0.0008095127087391468
0.89697036,-0.0008095127087391468
0.89745864,-0.0008095127087391468
0.89794692,-0.0008095127087391468
0.8984352,-0.0008095127087391468
0.89892348,-0.0008095127087391468
0.89941176,-0.0008095127087391468
0.89990004,-0.0008095127087391468
0.90038832,-0.0008095127087391468
0.9008766,-0.0008095127087391468
0.90136488,-0.0008095127087391468
0.9018531599999999,-0.0008095127087391468
0.9023414399999999,-0.0008095127087391468
0.9028297199999999,-0.0008095127087391468
0.903318,-0.0008095127087391468
0.90380628,-0.0008095127087391468
0.90429456,-0.0008095127087391468
0.90478284,-0.0008095127087391468
0.90527112,-0.0008095127087391468
0.9057594,-0.0008095127087391468
0.90624768,-0.0008095127087391468
0.90673596,-0.0008095127087391468
0.90722424,-0.001143456530597758
0.90771252,-0.0008095127087391468
0.9082008,-0.0008095127087391468
0.90868908,-0.0008095127087391468
0.9091773599999999,-0.001143456530597758
0.9096656399999999,-0.0008095127087391468
0.9101539199999999,-0.0008095127087391468
0.9106422,-0.0008095127087391468
0.91113048,-0.0008095127087391468
0.91161876,-0.0008095127087391468
0.91210704,-0.0008095127087391468
0.91259532,-0.0008095127087391468
0.9130836,-0.0008095127087391468
0.91357188,-0.0008095127087391468
0.91406016,-0.0008095127087391468
0.91454844,-0.0008095127087391468
0.91503672,-0.0008095127087391468
0.915525,-0.0008095127087391468
0.91601328,-0.0008095127087391468
0.9165015599999999,-0.0008095127087391468
0.9169898399999999,-0.0008095127087391468
0.91747812,-0.0008095127087391468
0.9179664,-0.0008095127087391468
0.91845468,-0.0008095127087391468
0.91894296,-0.001143456530597758
0.91943124,-0.0008095127087391468
0.91991952,-0.0008095127087391468
0.9204078,-0.0008095127087391468
0.92089608,-0.0008095127087391468
0.92138436,-0.0008095127087391468
0.92187264,-0.0008095127087391468
0.92236092,-0.0008095127087391468
0.9228492,-0.0008095127087391468
0.9233374799999999,-0.0008095127087391468
0.9238257599999999,-0.0008095127087391468
0.9243140399999999,-0.0008095127087391468
0.92480232,-0.001143456530597758
0.9252906,-0.0008095127087391468
0.92577888,-0.0008095127087391468
0.92626716,-0.001143456530597758
0.92675544,-0.001143456530597758
0.92724372,-0.001143456530597758
0.927732,-0.001143456530597758
0.92822028,-0.0008095127087391468
0.92870856,-0.001143456530597758
0.92919684,-0.0008095127087391468
0.92968512,-0.0008095127087391468
0.9301734,-0.0008095127087391468
0.9306616799999999,-0.001143456530597758
0.9311499599999999,-0.001143456530597758
0.93163824,-0.001143456530597758
0.93212652,-0.0008095127087391468
0.9326148,-0.001143456530597758
0.93310308,-0.0008095127087391468
0.93359136,-0.0008095127087391468
0.93407964,-0.001143456530597758
0.93456792,-0.0008095127087391468
0.9350562,-0.0008095127087391468
0.93554448,-0.0008095127087391468
0.93603276,-0.0008095127087391468
0.93652104,-0.0008095127087391468
0.93700932,-0.0008095127087391468
0.9374975999999999,-0.0008095127087391468
0.9379858799999999,-0.0008095127087391468
0.9384741599999999,-0.0008095127087391468
0.93896244,-0.0008095127087391468
0.93945072,-0.0008095127087391468
0.939939,-0.0008095127087391468
0.94042728,-0.001143456530597758
0.94091556,-0.0008095127087391468
0.94140384,-0.0008095127087391468
0.94189212,-0.0008095127087391468
0.9423804,-0.0008095127087391468
0.94286868,-0.0008095127087391468
0.94335696,-0.001143456530597758
0.94384524,-0.0008095127087391468
0.94433352,-0.0008095127087391468
0.9448217999999999,-0.0008095127087391468
0.9453100799999999,-0.0008095127087391468
0.9457983599999999,-0.0008095127087391468
0.94628664,-0.001143456530597758
0.94677492,-0.0008095127087391468
0.9472632,-0.001143456530597758
0.94775148,-0.001143456530597758
0.94823976,-0.0008095127087391468
0.94872804,-0.001143456530597758
0.94921632,-0.001143456530597758
0.9497046,-0.0008095127087391468
0.95019288,-0.0008095127087391468
0.95068116,-0.0008095127087391468
0.95116944,-0.0008095127087391468
0.95165772,-0.0008095127087391468
0.9521459999999999,-0.0008095127087391468
0.9526342799999999,-0.0008095127087391468
0.95312256,-0.0008095127087391468
0.95361084,-0.0008095127087391468
0.95409912,-0.001143456530597758
0.9545874,-0.0008095127087391468
0.95507568,-0.0008095127087391468
0.95556396,-0.0008095127087391468
0.95605224,-0.0008095127087391468
0.95654052,-0.0008095127087391468
0.9570288,-0.0008095127087391468
0.95751708,-0.001143456530597758
0.95800536,-0.001143456530597758
0.95849364,-0.0008095127087391468
0.9589819199999999,-0.0008095127087391468
0.9594701999999999,-0.0008095127087391468
0.9599584799999999,-0.0008095127087391468
0.96044676,-0.0008095127087391468
0.96093504,-0.0008095127087391468
0.96142332,-0.0008095127087391468
0.9619116,-0.0008095127087391468
0.96239988,-0.001143456530597758
0.96288816,-0.001143456530597758
0.96337644,-0.001143456530597758
0.96386472,-0.0008095127087391468
0.964353,-0.001143456530597758
0.96484128,-0.0008095127087391468
0.96532956,-0.001143456530597758
0.96581784,-0.001143456530597758
0.9663061199999999,-0.001143456530597758
0.9667943999999999,-0.001143456530597758
0.96728268,-0.001143456530597758
0.96777096,-0.001143456530597758
0.96825924,-0.0008095127087391468
0.96874752,-0.001143456530597758
0.9692358,-0.0008095127087391468
0.96972408,-0.001143456530597758
0.97021236,-0.0008095127087391468
0.97070064,-0.001143456530597758
0.97118892,-0.001143456530597758
0.9716772,-0.0008095127087391468
0.97216548,-0.001143456530597758
0.97265376,-0.001143456530597758
0.9731420399999999,-0.001143456530597758
0.9736303199999999,-0.001143456530597758
0.9741185999999999,-0.0008095127087391468
0.97460688,-0.0008095127087391468
0.97509516,-0.001143456530597758
0.97558344,-0.001143456530597758
0.97607172,-0.0008095127087391468
0.97656,-0.001143456530597758
0.97704828,-0.0008095127087391468
0.97753656,-0.001143456530597758
0.97802484,-0.001143456530597758
0.97851312,-0.001143456530597758
0.9790014,-0.001143456530597758
0.97948968,-0.001143456530597758
0.97997796,-0.001143456530597758
0.9804662399999999,-0.001143456530597758
0.9809545199999999,-0.001143456530597758
0.9814427999999999,-0.001143456530597758
0.98193108,-0.001143456530597758
0.98241936,-0.001143456530597758
0.98290764,-0.001143456530597758
0.98339592,-0.001143456530597758
0.9838842,-0.001143456530597758
0.98437248,-0.001143456530597758
0.98486076,-0.001143456530597758
0.98534904,-0.0008095127087391468
0.98583732,-0.0008095127087391468
0.9863256,-0.001143456530597758
0.98681388,-0.0008095127087391468
0.98730216,-0.001143456530597758
0.9877904399999999,-0.0008095127087391468
0.9882787199999999,-0.0008095127087391468
0.988767,-0.0008095127087391468
0.98925528,-0.0008095127087391468
0.98974356,-0.0008095127087391468
0.99023184,-0.0008095127087391468
0.99072012,-0.0008095127087391468
0.9912084,-0.0008095127087391468
0.99169668,-0.001143456530597758
0.99218496,-0.0008095127087391468
0.99267324,-0.0008095127087391468
0.99316152,-0.0008095127087391468
0.9936498,-0.0008095127087391468
0.99413808,-0.0008095127087391468
0.9946263599999999,-0.0008095127087391468
0.9951146399999999,-0.0008095127087391468
0.9956029199999999,-0.0008095127087391468
0.9960912,-0.0008095127087391468
0.99657948,-0.0008095127087391468
0.99706776,-0.0008095127087391468
0.99755604,-0.0008095127087391468
0.99804432,-0.0008095127087391468
0.9985326,-0.0008095127087391468
0.99902088,-0.0008095127087391468
0.99950916,-0.0008095127087391468
0.99999744,-0.0008095127087391468
1.00048572,-0.0008095127087391468
1.000974,-0.0008095127087391468
1.00146228,-0.0008095127087391468
1.00195056,-0.0008095127087391468
1.00243884,-0.0008095127087391468
1.00292712,-0.0008095127087391468
1.0034154,-0.0008095127087391468
1.00390368,-0.0008095127087391468
1.00439196,-0.0008095127087391468
1.00488024,-0.0008095127087391468
1.00536852,-0.0008095127087391468
1.0058568,-0.0008095127087391468
1.00634508,-0.0008095127087391468
1.00683336,-0.0008095127087391468
1.00732164,-0.0008095127087391468
1.00780992,-0.0008095127087391468
1.0082982,-0.0008095127087391468
1.00878648,-0.0008095127087391468
1.00927476,-0.0008095127087391468
1.00976304,-0.0008095127087391468
1.01025132,-0.0008095127087391468
1.0107396,-0.0008095127087391468
1.01122788,-0.0008095127087391468
1.01171616,-0.0008095127087391468
1.01220444,-0.0008095127087391468
1.01269272,-0.0008095127087391468
1.013181,-0.0008095127087391468
1.01366928,-0.0008095127087391468
1.01415756,-0.0008095127087391468
1.01464584,-0.0008095127087391468
1.01513412,-0.0008095127087391468
1.0156224,-0.0008095127087391468
1.01611068,-0.0008095127087391468
1.01659896,-0.001143456530597758
1.01708724,-0.0008095127087391468
1.01757552,-0.001143456530597758
1.0180638,-0.0008095127087391468
1.01855208,-0.0008095127087391468
1.01904036,-0.0008095127087391468
1.01952864,-0.0008095127087391468
1.02001692,-0.0008095127087391468
1.0205052,-0.0008095127087391468
1.02099348,-0.0008095127087391468
1.02148176,-0.0008095127087391468
1.02197004,-0.0008095127087391468
1.02245832,-0.0008095127087391468
1.0229466,-0.0008095127087391468
1.02343488,-0.0008095127087391468
1.02392316,-0.0008095127087391468
1.02441144,-0.0008095127087391468
1.02489972,-0.0008095127087391468
1.025388,-0.0008095127087391468
1.02587628,-0.0008095127087391468
1.02636456,-0.0008095127087391468
1.02685284,-0.0008095127087391468
1.02734112,-0.0008095127087391468
1.0278294,-0.0008095127087391468
1.02831768,-0.0008095127087391468
1.02880596,-0.0008095127087391468
1.02929424,-0.0008095127087391468
1.02978252,-0.0008095127087391468
1.0302708,-0.0008095127087391468
1.03075908,-0.0008095127087391468
1.03124736,-0.0008095127087391468
1.03173564,-0.0008095127087391468
1.03222392,-0.0008095127087391468
1.0327122,-0.0008095127087391468
1.03320048,-0.0008095127087391468
1.03368876,-0.0008095127087391468
1.03417704,-0.0008095127087391468
1.03466532,-0.0008095127087391468
1.0351536,-0.0008095127087391468
1.03564188,-0.0008095127087391468
1.03613016,-0.0008095127087391468
1.03661844,-0.0008095127087391468
1.03710672,-0.0008095127087391468
1.037595,-0.0008095127087391468
1.03808328,-0.0008095127087391468
1.03857156,-0.0008095127087391468
1.03905984,-0.001143456530597758
1.03954812,-0.0008095127087391468
1.0400364,-0.0008095127087391468
1.04052468,-0.0008095127087391468
1.04101296,-0.0008095127087391468
1.04150124,-0.0008095127087391468
1.04198952,-0.0008095127087391468
1.0424778,-0.0008095127087391468
1.04296608,-0.0008095127087391468
1.04345436,-0.0008095127087391468
1.04394264,-0.0008095127087391468
1.04443092,-0.0008095127087391468
1.0449192,-0.0008095127087391468
1.04540748,-0.0008095127087391468
1.04589576,-0.0008095127087391468
1.04638404,-0.0008095127087391468
1.04687232,-0.0008095127087391468
1.0473606,-0.0008095127087391468
1.04784888,-0.0008095127087391468
1.04833716,-0.0008095127087391468
1.04882544,-0.0008095127087391468
1.04931372,-0.0008095127087391468
1.049802,-0.0008095127087391468
1.05029028,-0.0008095127087391468
1.05077856,-0.0008095127087391468
1.05126684,-0.0008095127087391468
1.05175512,-0.0008095127087391468
1.0522434,-0.0008095127087391468
1.05273168,-0.0008095127087391468
1.05321996,-0.0008095127087391468
1.05370824,-0.0008095127087391468
1.05419652,-0.0008095127087391468
1.0546848,-0.0008095127087391468
1.05517308,-0.0008095127087391468
1.05566136,-0.0008095127087391468
1.05614964,-0.0008095127087391468
1.05663792,-0.0008095127087391468
1.0571262,-0.0008095127087391468
1.05761448,-0.0008095127087391468
1.05810276,-0.0008095127087391468
1.05859104,-0.0008095127087391468
1.05907932,-0.0008095127087391468
1.0595676,-0.0008095127087391468
1.06005588,-0.0008095127087391468
1.06054416,-0.0008095127087391468
1.06103244,-0.0008095127087391468
1.06152072,-0.0008095127087391468
1.062009,-0.0008095127087391468
1.06249728,-0.0008095127087391468
1.06298556,-0.0008095127087391468
1.06347384,-0.0008095127087391468
1.06396212,-0.0008095127087391468
1.0644504,-0.0008095127087391468
1.06493868,-0.0008095127087391468
1.06542696,-0.001143456530597758
1.06591524,-0.0008095127087391468
1.06640352,-0.0008095127087391468
1.0668918,-0.0008095127087391468
1.06738008,-0.0008095127087391468
1.06786836,-0.0008095127087391468
1.06835664,-0.001143456530597758
1.06884492,-0.0008095127087391468
1.0693332,-0.001143456530597758
1.06982148,-0.0008095127087391468
1.07030976,-0.0008095127087391468
1.07079804,-0.0008095127087391468
1.07128632,-0.0008095127087391468
1.0717746,-0.0008095127087391468
1.07226288,-0.0008095127087391468
1.07275116,-0.0008095127087391468
1.07323944,-0.0008095127087391468
1.07372772,-0.0008095127087391468
1.074216,-0.0008095127087391468
1.07470428,-0.0008095127087391468
1.07519256,-0.0008095127087391468
1.07568084,-0.0008095127087391468
1.07616912,-0.0008095127087391468
1.0766574,-0.0008095127087391468
1.07714568,-0.001143456530597758
1.07763396,-0.0008095127087391468
1.07812224,-0.001143456530597758
1.07861052,-0.001143456530597758
1.0790988,-0.001143456530597758
1.07958708,-0.0008095127087391468
1.08007536,-0.001143456530597758
1.08056364,-0.0008095127087391468
1.08105192,-0.001143456530597758
1.0815402,-0.001143456530597758
1.08202848,-0.001143456530597758
1.08251676,-0.001143456530597758
1.08300504,-0.001143456530597758
1.08349332,-0.001143456530597758
1.0839816,-0.001143456530597758
1.08446988,-0.001143456530597758
1.08495816,-0.001143456530597758
1.08544644,-0.0008095127087391468
1.08593472,-0.0008095127087391468
1.086423,-0.001143456530597758
1.08691128,-0.001143456530597758
1.08739956,-0.001143456530597758
1.08788784,-0.0008095127087391468
1.08837612,-0.0008095127087391468
1.0888644,-0.0008095127087391468
1.08935268,-0.0008095127087391468
1.08984096,-0.0008095127087391468
1.09032924,-0.0008095127087391468
1.09081752,-0.0008095127087391468
1.0913058,-0.0008095127087391468
1.09179408,-0.0008095127087391468
1.09228236,-0.0008095127087391468
1.09277064,-0.0008095127087391468
1.09325892,-0.0008095127087391468
1.0937472,-0.0008095127087391468
1.09423548,-0.0008095127087391468
1.09472376,-0.0008095127087391468
1.09521204,-0.001143456530597758
1.09570032,-0.0008095127087391468
1.0961886,-0.0008095127087391468
1.09667688,-0.0008095127087391468
1.09716516,-0.001143456530597758
1.09765344,-0.001143456530597758
1.09814172,-0.001143456530597758
1.09863,-0.0008095127087391468
1.09911828,-0.0008095127087391468
1.09960656,-0.0008095127087391468
1.10009484,-0.001143456530597758
1.10058312,-0.001143456530597758
1.1010714,-0.001143456530597758
1.10155968,-0.0008095127087391468
1.10204796,-0.0008095127087391468
1.10253624,-0.0008095127087391468
1.10302452,-0.0008095127087391468
1.1035128,-0.0008095127087391468
1.10400108,-0.001143456530597758
1.10448936,-0.0008095127087391468
1.10497764,-0.001143456530597758
1.10546592,-0.0008095127087391468
1.1059542,-0.0008095127087391468
1.10644248,-0.001143456530597758
1.10693076,-0.001143456530597758
1.10741904,-0.0008095127087391468
1.10790732,-0.001143456530597758
1.1083956,-0.001143456530597758
1.10888388,-0.001143456530597758
1.10937216,-0.001143456530597758
1.10986044,-0.0008095127087391468
1.11034872,-0.001143456530597758
1.110837,-0.0008095127087391468
1.11132528,-0.0008095127087391468
1.11181356,-0.0008095127087391468
1.11230184,-0.0008095127087391468
1.11279012,-0.0008095127087391468
1.1132784,-0.0008095127087391468
1.11376668,-0.0008095127087391468
1.11425496,-0.001143456530597758
1.11474324,-0.001143456530597758
1.11523152,-0.0008095127087391468
1.1157198,-0.0008095127087391468
1.11620808,-0.0008095127087391468
1.11669636,-0.0008095127087391468
1.11718464,-0.001143456530597758
1.11767292,-0.0008095127087391468
1.1181612,-0.001143456530597758
1.11864948,-0.0008095127087391468
1.11913776,-0.001143456530597758
1.11962604,-0.001143456530597758
1.12011432,-0.001143456530597758
1.1206026,-0.001143456530597758
1.12109088,-0.001143456530597758
1.12157916,-0.001143456530597758
1.12206744,-0.001143456530597758
1.12255572,-0.001143456530597758
1.123044,-0.001143456530597758
1.12353228,-0.001143456530597758
1.12402056,-0.0008095127087391468
1.12450884,-0.0008095127087391468
1.12499712,-0.001143456530597758
1.1254854,-0.0008095127087391468
1.12597368,-0.001143456530597758
1.12646196,-0.001143456530597758
1.12695024,-0.0008095127087391468
1.12743852,-0.001143456530597758
1.1279268,-0.001143456530597758
1.12841508,-0.001143456530597758
1.12890336,-0.0008095127087391468
1.12939164,-0.0008095127087391468
1.12987992,-0.001143456530597758
1.1303682,-0.0008095127087391468
1.13085648,-0.0008095127087391468
1.13134476,-0.0008095127087391468
1.13183304,-0.0008095127087391468
1.13232132,-0.0008095127087391468
1.1328096,-0.0008095127087391468
1.13329788,-0.0008095127087391468
1.13378616,-0.0008095127087391468
1.13427444,-0.0008095127087391468
1.13476272,-0.0008095127087391468
1.135251,-0.0008095127087391468
1.13573928,-0.0008095127087391468
1.13622756,-0.0008095127087391468
1.13671584,-0.0008095127087391468
1.13720412,-0.0008095127087391468
1.1376924,-0.0008095127087391468
1.13818068,-0.0008095127087391468
1.13866896,-0.0008095127087391468
1.13915724,-0.0008095127087391468
1.13964552,-0.0008095127087391468
1.1401338,-0.0008095127087391468
1.14062208,-0.0008095127087391468
1.14111036,-0.0008095127087391468
1.14159864,-0.0008095127087391468
1.14208692,-0.0008095127087391468
1.1425752,-0.0008095127087391468
1.14306348,-0.0008095127087391468
1.14355176,-0.0008095127087391468
1.14404004,-0.0008095127087391468
1.14452832,-0.0008095127087391468
1.1450166,-0.0008095127087391468
1.14550488,-0.0008095127087391468
1.14599316,-0.001143456530597758
1.14648144,-0.001143456530597758
1.14696972,-0.0008095127087391468
1.147458,-0.001143456530597758
1.14794628,-0.001143456530597758
1.14843456,-0.001143456530597758
1.14892284,-0.0008095127087391468
1.14941112,-0.0008095127087391468
1.1498994,-0.0008095127087391468
1.15038768,-0.0008095127087391468
1.15087596,-0.0008095127087391468
1.15136424,-0.0008095127087391468
1.15185252,-0.0008095127087391468
1.1523408,-0.0008095127087391468
1.15282908,-0.0008095127087391468
1.15331736,-0.0008095127087391468
1.15380564,-0.0008095127087391468
1.15429392,-0.0008095127087391468
1.1547822,-0.0008095127087391468
1.15527048,-0.0008095127087391468
1.15575876,-0.0008095127087391468
1.15624704,-0.001143456530597758
1.15673532,-0.0008095127087391468
1.1572236,-0.0008095127087391468
1.15771188,-0.0008095127087391468
1.15820016,-0.0008095127087391468
1.15868844,-0.0008095127087391468
1.15917672,-0.0008095127087391468
1.159665,-0.0008095127087391468
1.16015328,-0.0008095127087391468
1.16064156,-0.0008095127087391468
1.16112984,-0.0008095127087391468
1.16161812,-0.0008095127087391468
1.1621064,-0.0008095127087391468
1.16259468,-0.001143456530597758
1.16308296,-0.0008095127087391468
1.16357124,-0.0008095127087391468
1.16405952,-0.0008095127087391468
1.1645478,-0.0008095127087391468
1.16503608,-0.0008095127087391468
1.16552436,-0.0008095127087391468
1.16601264,-0.0008095127087391468
1.16650092,-0.001143456530597758
1.1669892,-0.0008095127087391468
1.16747748,-0.0008095127087391468
1.16796576,-0.0008095127087391468
1.16845404,-0.0008095127087391468
1.16894232,-0.0008095127087391468
1.1694306,-0.0008095127087391468
1.16991888,-0.001143456530597758
1.17040716,-0.001143456530597758
1.17089544,-0.0008095127087391468
1.17138372,-0.0008095127087391468
1.171872,-0.0008095127087391468
1.17236028,-0.0008095127087391468
1.17284856,-0.001143456530597758
1.17333684,-0.0008095127087391468
1.17382512,-0.0008095127087391468
1.1743134,-0.0008095127087391468
1.17480168,-0.0008095127087391468
1.17528996,-0.0008095127087391468
1.17577824,-0.0008095127087391468
1.17626652,-0.0008095127087391468
1.1767548,-0.0008095127087391468
1.17724308,-0.0008095127087391468
1.17773136,-0.0008095127087391468
1.17821964,-0.0008095127087391468
1.17870792,-0.0008095127087391468
1.1791962,-0.0008095127087391468
1.17968448,-0.0008095127087391468
1.18017276,-0.0008095127087391468
1.18066104,-0.0008095127087391468
1.18114932,-0.001143456530597758
1.1816376,-0.0008095127087391468
1.18212588,-0.0008095127087391468
1.18261416,-0.0008095127087391468
1.18310244,-0.0008095127087391468
1.18359072,-0.001143456530597758
1.184079,-0.001143456530597758
1.18456728,-0.0008095127087391468
1.18505556,-0.001143456530597758
1.18554384,-0.0008095127087391468
1.18603212,-0.001143456530597758
1.1865204,-0.001143456530597758
1.18700868,-0.001143456530597758
1.18749696,-0.0008095127087391468
1.18798524,-0.0008095127087391468
1.18847352,-0.001143456530597758
1.1889618,-0.0008095127087391468
1.18945008,-0.0008095127087391468
1.18993836,-0.0008095127087391468
1.19042664,-0.0008095127087391468
1.19091492,-0.0008095127087391468
1.1914032,-0.0008095127087391468
1.19189148,-0.0008095127087391468
1.19237976,-0.001143456530597758
1.19286804,-0.0008095127087391468
1.19335632,-0.0008095127087391468
1.1938446,-0.001143456530597758
1.19433288,-0.001143456530597758
1.19482116,-0.001143456530597758
1.19530944,-0.0008095127087391468
1.19579772,-0.0008095127087391468
1.196286,-0.001143456530597758
1.19677428,-0.0008095127087391468
1.19726256,-0.0008095127087391468
1.19775084,-0.001143456530597758
1.19823912,-0.001143456530597758
1.1987274,-0.0008095127087391468
1.19921568,-0.001143456530597758
1.19970396,-0.0008095127087391468
1.20019224,-0.0008095127087391468
1.20068052,-0.0008095127087391468
1.2011688,-0.0008095127087391468
1.20165708,-0.0008095127087391468
1.20214536,-0.001143456530597758
1.20263364,-0.0008095127087391468
1.20312192,-0.0008095127087391468
1.2036102,-0.0008095127087391468
1.20409848,-0.0008095127087391468
1.20458676,-0.0008095127087391468
1.20507504,-0.0008095127087391468
1.20556332,-0.0008095127087391468
1.2060516,-0.0008095127087391468
1.20653988,-0.0008095127087391468
1.20702816,-0.0008095127087391468
1.20751644,-0.0008095127087391468
1.20800472,-0.0008095127087391468
1.208493,-0.0008095127087391468
1.20898128,-0.0008095127087391468
1.20946956,-0.0008095127087391468
1.20995784,-0.0008095127087391468
1.21044612,-0.0008095127087391468
1.2109344,-0.0008095127087391468
1.21142268,-0.0008095127087391468
1.21191096,-0.0008095127087391468
1.21239924,-0.001143456530597758
1.21288752,-0.0008095127087391468
1.2133758,-0.0008095127087391468
1.21386408,-0.0008095127087391468
1.21435236,-0.0008095127087391468
1.21484064,-0.0008095127087391468
1.21532892,-0.0008095127087391468
1.2158172,-0.0008095127087391468
1.21630548,-0.0008095127087391468
1.21679376,-0.0008095127087391468
1.21728204,-0.0008095127087391468
1.21777032,-0.0008095127087391468
1.2182586,-0.0008095127087391468
1.21874688,-0.0008095127087391468
1.21923516,-0.0008095127087391468
1.21972344,-0.0008095127087391468
1.22021172,-0.0008095127087391468
1.2207,-0.0008095127087391468
1.22118828,-0.0008095127087391468
1.22167656,-0.001143456530597758
1.22216484,-0.0008095127087391468
1.22265312,-0.0008095127087391468
1.2231414,-0.0008095127087391468
1.22362968,-0.0008095127087391468
1.22411796,-0.0008095127087391468
1.22460624,-0.0008095127087391468
1.22509452,-0.0008095127087391468
1.2255828,-0.0008095127087391468
1.22607108,-0.0008095127087391468
1.22655936,-0.0008095127087391468
1.22704764,-0.0008095127087391468
1.22753592,-0.0008095127087391468
1.2280242,-0.0008095127087391468
1.22851248,-0.0008095127087391468
1.22900076,-0.0008095127087391468
1.22948904,-0.0008095127087391468
1.22997732,-0.0008095127087391468
1.2304656,-0.0008095127087391468
1.23095388,-0.0008095127087391468
1.23144216,-0.0008095127087391468
1.23193044,-0.0008095127087391468
1.23241872,-0.0008095127087391468
1.232907,-0.0008095127087391468
1.23339528,-0.0008095127087391468
1.23388356,-0.0008095127087391468
1.23437184,-0.0008095127087391468
1.23486012,-0.0008095127087391468
1.2353484,-0.0008095127087391468
1.23583668,-0.0008095127087391468
1.23632496,-0.0008095127087391468
1.23681324,-0.0008095127087391468
1.23730152,-0.0008095127087391468
1.2377898,-0.0008095127087391468
1.23827808,-0.0008095127087391468
1.23876636,-0.0008095127087391468
1.23925464,-0.0008095127087391468
1.23974292,-0.0008095127087391468
1.2402312,-0.0008095127087391468
1.24071948,-0.0008095127087391468
1.24120776,-0.0008095127087391468
1.24169604,-0.0008095127087391468
1.24218432,-0.0008095127087391468
1.2426726,-0.0008095127087391468
1.24316088,-0.0008095127087391468
1.24364916,-0.0008095127087391468
1.24413744,-0.0008095127087391468
1.24462572,-0.0008095127087391468
1.245114,-0.0008095127087391468
1.24560228,-0.0008095127087391468
1.24609056,-0.0008095127087391468
1.24657884,-0.0008095127087391468
1.24706712,-0.0008095127087391468
1.2475554,-0.0008095127087391468
1.24804368,-0.0008095127087391468
1.24853196,-0.0008095127087391468
1.24902024,-0.0008095127087391468
1.24950852,-0.0008095127087391468
1.2499968,-0.0008095127087391468
1.25048508,-0.0008095127087391468
1.25097336,-0.0008095127087391468
1.25146164,-0.0008095127087391468
1.25194992,-0.0008095127087391468
1.2524382,-0.0008095127087391468
1.25292648,-0.0008095127087391468
1.25341476,-0.0008095127087391468
1.25390304,-0.0008095127087391468
1.25439132,-0.0008095127087391468
1.2548796,-0.0008095127087391468
1.25536788,-0.0008095127087391468
1.25585616,-0.0008095127087391468
1.25634444,-0.0008095127087391468
1.25683272,-0.0008095127087391468
1.257321,-0.0008095127087391468
1.25780928,-0.0008095127087391468
1.25829756,-0.0008095127087391468
1.25878584,-0.001143456530597758
1.25927412,-0.0008095127087391468
1.2597624,-0.0008095127087391468
1.26025068,-0.001143456530597758
1.26073896,-0.0008095127087391468
1.26122724,-0.0008095127087391468
1.26171552,-0.0008095127087391468
1.2622038,-0.0008095127087391468
1.26269208,-0.0008095127087391468
1.26318036,-0.0008095127087391468
1.26366864,-0.0008095127087391468
1.26415692,-0.0008095127087391468
1.2646452,-0.0008095127087391468
1.26513348,-0.0008095127087391468
1.26562176,-0.0008095127087391468
1.26611004,-0.001143456530597758
1.26659832,-0.0008095127087391468
1.2670866,-0.0008095127087391468
1.26757488,-0.001143456530597758
1.26806316,-0.0008095127087391468
1.26855144,-0.001143456530597758
1.26903972,-0.0008095127087391468
1.269528,-0.001143456530597758
1.27001628,-0.0008095127087391468
1.27050456,-0.0008095127087391468
1.27099284,-0.0008095127087391468
1.27148112,-0.0008095127087391468
1.2719694,-0.0008095127087391468
1.27245768,-0.0008095127087391468
1.27294596,-0.0008095127087391468
1.27343424,-0.001143456530597758
1.27392252,-0.0008095127087391468
1.2744108,-0.0008095127087391468
1.27489908,-0.0008095127087391468
1.27538736,-0.0008095127087391468
1.27587564,-0.0008095127087391468
1.27636392,-0.0008095127087391468
1.2768522,-0.0008095127087391468
1.27734048,-0.0008095127087391468
1.27782876,-0.0008095127087391468
1.27831704,-0.0008095127087391468
1.27880532,-0.0008095127087391468
1.2792936,-0.0008095127087391468
1.27978188,-0.0008095127087391468
1.28027016,-0.001143456530597758
1.28075844,-0.001143456530597758
1.28124672,-0.0008095127087391468
1.281735,-0.0008095127087391468
1.28222328,-0.001143456530597758
1.28271156,-0.0008095127087391468
1.28319984,-0.0008095127087391468
1.28368812,-0.0008095127087391468
1.2841764,-0.0008095127087391468
1.28466468,-0.0008095127087391468
1.28515296,-0.0008095127087391468
1.28564124,-0.0008095127087391468
1.28612952,-0.0008095127087391468
1.2866178,-0.0008095127087391468
1.28710608,-0.0008095127087391468
1.28759436,-0.0008095127087391468
1.28808264,-0.0008095127087391468
1.28857092,-0.001143456530597758
1.2890592,-0.0008095127087391468
1.28954748,-0.001143456530597758
1.29003576,-0.0008095127087391468
1.29052404,-0.0008095127087391468
1.29101232,-0.0008095127087391468
1.2915006,-0.0008095127087391468
1.29198888,-0.0008095127087391468
1.29247716,-0.0008095127087391468
1.29296544,-0.0008095127087391468
1.29345372,-0.001143456530597758
1.293942,-0.0008095127087391468
1.29443028,-0.0008095127087391468
1.29491856,-0.0008095127087391468
1.29540684,-0.0008095127087391468
1.29589512,-0.0008095127087391468
1.2963834,-0.0008095127087391468
1.29687168,-0.0008095127087391468
1.29735996,-0.0008095127087391468
1.29784824,-0.0008095127087391468
1.29833652,-0.0008095127087391468
1.2988248,-0.0008095127087391468
1.29931308,-0.0008095127087391468
1.29980136,-0.0008095127087391468
1.30028964,-0.001143456530597758
1.30077792,-0.0008095127087391468
1.3012662,-0.0008095127087391468
1.30175448,-0.0008095127087391468
1.30224276,-0.0008095127087391468
1.30273104,-0.0008095127087391468
1.30321932,-0.001143456530597758
1.3037076,-0.001143456530597758
1.30419588,-0.001143456530597758
1.30468416,-0.0008095127087391468
1.30517244,-0.0008095127087391468
1.30566072,-0.0008095127087391468
1.306149,-0.0008095127087391468
1.30663728,-0.0008095127087391468
1.30712556,-0.0008095127087391468
1.30761384,-0.0008095127087391468
1.30810212,-0.0008095127087391468
1.3085904,-0.0008095127087391468
1.30907868,-0.0008095127087391468
1.30956696,-0.0008095127087391468
1.31005524,-0.0008095127087391468
1.31054352,-0.0008095127087391468
1.3110318,-0.0008095127087391468
1.31152008,-0.0008095127087391468
1.31200836,-0.0008095127087391468
1.31249664,-0.0008095127087391468
1.31298492,-0.0008095127087391468
1.3134732,-0.0008095127087391468
1.31396148,-0.0008095127087391468
1.31444976,-0.0008095127087391468
1.31493804,-0.0008095127087391468
1.31542632,-0.0008095127087391468
1.3159146,-0.0008095127087391468
1.31640288,-0.0008095127087391468
1.31689116,-0.001143456530597758
1.31737944,-0.0008095127087391468
1.31786772,-0.0008095127087391468
1.318356,-0.0008095127087391468
1.31884428,-0.001143456530597758
1.31933256,-0.0008095127087391468
1.31982084,-0.0008095127087391468
1.32030912,-0.0008095127087391468
1.3207974,-0.0008095127087391468
1.32128568,-0.0008095127087391468
1.32177396,-0.0008095127087391468
1.32226224,-0.001143456530597758
1.32275052,-0.001143456530597758
1.3232388,-0.001143456530597758
1.32372708,-0.001143456530597758
1.32421536,-0.001143456530597758
1.32470364,-0.001143456530597758
1.32519192,-0.0008095127087391468
1.3256802,-0.0008095127087391468
1.32616848,-0.0008095127087391468
1.32665676,-0.0008095127087391468
1.32714504,-0.001143456530597758
1.32763332,-0.001143456530597758
1.3281216,-0.0008095127087391468
1.32860988,-0.0008095127087391468
1.32909816,-0.0008095127087391468
1.32958644,-0.0008095127087391468
1.33007472,-0.0008095127087391468
1.330563,-0.0008095127087391468
1.33105128,-0.0008095127087391468
1.33153956,-0.0008095127087391468
1.33202784,-0.0008095127087391468
1.33251612,-0.0008095127087391468
1.3330044,-0.0008095127087391468
1.33349268,-0.0008095127087391468
1.33398096,-0.0008095127087391468
1.33446924,-0.0008095127087391468
1.33495752,-0.0008095127087391468
1.3354458,-0.0008095127087391468
1.33593408,-0.0008095127087391468
1.33642236,-0.0008095127087391468
1.33691064,-0.0008095127087391468
1.33739892,-0.001143456530597758
1.3378872,-0.0008095127087391468
1.33837548,-0.0008095127087391468
1.33886376,-0.0008095127087391468
1.33935204,-0.0008095127087391468
1.33984032,-0.001143456530597758
1.3403286,-0.001143456530597758
1.34081688,-0.0008095127087391468
1.34130516,-0.001143456530597758
1.34179344,-0.001143456530597758
1.34228172,-0.0008095127087391468
1.34277,-0.001143456530597758
1.34325828,-0.0008095127087391468
1.34374656,-0.0008095127087391468
1.34423484,-0.001143456530597758
1.34472312,-0.0008095127087391468
1.3452114,-0.0008095127087391468
1.34569968,-0.0008095127087391468
1.34618796,-0.0008095127087391468
1.34667624,-0.0008095127087391468
1.34716452,-0.0008095127087391468
1.3476528,-0.0008095127087391468
1.34814108,-0.0008095127087391468
1.34862936,-0.001143456530597758
1.34911764,-0.0008095127087391468
1.34960592,-0.0008095127087391468
1.3500942,-0.001143456530597758
1.35058248,-0.001143456530597758
1.35107076,-0.001143456530597758
1.35155904,-0.0008095127087391468
1.35204732,-0.001143456530597758
1.3525356,-0.001143456530597758
1.35302388,-0.001143456530597758
1.35351216,-0.0008095127087391468
1.35400044,-0.0008095127087391468
1.35448872,-0.0008095127087391468
1.354977,-0.001143456530597758
1.35546528,-0.0008095127087391468
1.35595356,-0.0008095127087391468
1.35644184,-0.0008095127087391468
1.35693012,-0.0008095127087391468
1.3574184,-0.0008095127087391468
1.35790668,-0.0008095127087391468
1.35839496,-0.001143456530597758
1.35888324,-0.001143456530597758
1.35937152,-0.001143456530597758
1.3598598,-0.0008095127087391468
1.36034808,-0.001143456530597758
1.36083636,-0.001143456530597758
1.36132464,-0.001143456530597758
1.36181292,-0.0008095127087391468
1.3623012,-0.0008095127087391468
1.36278948,-0.0008095127087391468
1.36327776,-0.001143456530597758
1.36376604,-0.001143456530597758
1.36425432,-0.001143456530597758
1.3647426,-0.0008095127087391468
1.36523088,-0.001143456530597758
1.36571916,-0.0008095127087391468
1.36620744,-0.001143456530597758
1.36669572,-0.001143456530597758
1.367184,-0.0008095127087391468
1.36767228,-0.001143456530597758
1.36816056,-0.001143456530597758
1.36864884,-0.001143456530597758
1.36913712,-0.0008095127087391468
1.3696254,-0.0008095127087391468
1.37011368,-0.001143456530597758
1.37060196,-0.0008095127087391468
1.37109024,-0.0008095127087391468
1.37157852,-0.0008095127087391468
1.3720668,-0.0008095127087391468
1.37255508,-0.0008095127087391468
1.37304336,-0.0008095127087391468
1.37353164,-0.001143456530597758
1.37401992,-0.001143456530597758
1.3745082,-0.0008095127087391468
1.37499648,-0.001143456530597758
1.37548476,-0.001143456530597758
1.37597304,-0.001143456530597758
1.37646132,-0.0008095127087391468
1.3769496,-0.001143456530597758
1.37743788,-0.0008095127087391468
1.37792616,-0.001143456530597758
1.37841444,-0.0008095127087391468
1.37890272,-0.0008095127087391468
1.379391,-0.0008095127087391468
1.37987928,-0.001143456530597758
1.38036756,-0.001143456530597758
1.38085584,-0.001143456530597758
1.38134412,-0.001143456530597758
1.3818324,-0.0008095127087391468
1.38232068,-0.0008095127087391468
1.38280896,-0.0008095127087391468
1.38329724,-0.0008095127087391468
1.38378552,-0.0008095127087391468
1.3842738,-0.0008095127087391468
1.38476208,-0.0008095127087391468
1.38525036,-0.0008095127087391468
1.38573864,-0.0008095127087391468
1.38622692,-0.0008095127087391468
1.3867152,-0.0008095127087391468
1.38720348,-0.001143456530597758
1.38769176,-0.001143456530597758
1.38818004,-0.0008095127087391468
1.38866832,-0.0008095127087391468
1.3891566,-0.0008095127087391468
1.38964488,-0.0008095127087391468
1.39013316,-0.0008095127087391468
1.39062144,-0.0008095127087391468
1.39110972,-0.0008095127087391468
1.391598,-0.0008095127087391468
1.39208628,-0.0008095127087391468
1.39257456,-0.0008095127087391468
1.39306284,-0.0008095127087391468
1.39355112,-0.0008095127087391468
1.3940394,-0.0008095127087391468
1.39452768,-0.0008095127087391468
1.39501596,-0.0008095127087391468
1.39550424,-0.0008095127087391468
1.39599252,-0.0008095127087391468
1.3964808,-0.0008095127087391468
1.39696908,-0.0008095127087391468
1.39745736,-0.0008095127087391468
1.39794564,-0.0008095127087391468
1.39843392,-0.0008095127087391468
1.3989222,-0.0008095127087391468
1.39941048,-0.0008095127087391468
1.39989876,-0.001143456530597758
1.40038704,-0.001143456530597758
1.40087532,-0.0008095127087391468
1.4013636,-0.0008095127087391468
1.40185188,-0.0008095127087391468
1.40234016,-0.001143456530597758
1.40282844,-0.001143456530597758
1.40331672,-0.0008095127087391468
1.403805,-0.001143456530597758
1.40429328,-0.001143456530597758
1.40478156,-0.0008095127087391468
1.40526984,-0.001143456530597758
1.40575812,-0.0008095127087391468
1.4062464,-0.0008095127087391468
1.40673468,-0.001143456530597758
1.40722296,-0.001143456530597758
1.40771124,-0.001143456530597758
1.40819952,-0.001143456530597758
1.4086878,-0.0008095127087391468
1.40917608,-0.0008095127087391468
1.40966436,-0.001143456530597758
1.41015264,-0.0008095127087391468
1.41064092,-0.001143456530597758
1.4111292,-0.0008095127087391468
1.41161748,-0.0008095127087391468
1.41210576,-0.0008095127087391468
1.41259404,-0.0008095127087391468
1.41308232,-0.0008095127087391468
1.4135706,-0.001143456530597758
1.41405888,-0.0008095127087391468
1.41454716,-0.001143456530597758
1.41503544,-0.0008095127087391468
1.41552372,-0.0008095127087391468
1.416012,-0.001143456530597758
1.41650028,-0.001143456530597758
1.41698856,-0.001143456530597758
1.41747684,-0.001143456530597758
1.41796512,-0.001143456530597758
1.4184534,-0.001143456530597758
1.41894168,-0.001143456530597758
1.41942996,-0.0008095127087391468
1.41991824,-0.001143456530597758
1.42040652,-0.001143456530597758
1.4208948,-0.001143456530597758
1.42138308,-0.001143456530597758
1.42187136,-0.001143456530597758
1.42235964,-0.001143456530597758
1.42284792,-0.001143456530597758
1.4233362,-0.001143456530597758
1.42382448,-0.001143456530597758
1.42431276,-0.001143456530597758
1.42480104,-0.001143456530597758
1.42528932,-0.001143456530597758
1.4257776,-0.001143456530597758
1.42626588,-0.001143456530597758
1.42675416,-0.001143456530597758
1.42724244,-0.001143456530597758
1.42773072,-0.001143456530597758
1.428219,-0.001143456530597758
1.42870728,-0.001143456530597758
1.42919556,-0.001143456530597758
1.42968384,-0.001143456530597758
1.43017212,-0.001143456530597758
1.4306604,-0.001143456530597758
1.43114868,-0.001143456530597758
1.43163696,-0.001143456530597758
1.43212524,-0.0008095127087391468
1.43261352,-0.001143456530597758
1.4331018,-0.001143456530597758
1.43359008,-0.0008095127087391468
1.43407836,-0.001143456530597758
1.43456664,-0.0008095127087391468
1.43505492,-0.0008095127087391468
1.4355432,-0.001143456530597758
1.43603148,-0.0008095127087391468
1.43651976,-0.001143456530597758
1.43700804,-0.0008095127087391468
1.43749632,-0.0008095127087391468
1.4379846,-0.0008095127087391468
1.43847288,-0.001143456530597758
1.43896116,-0.001143456530597758
1.43944944,-0.0008095127087391468
1.43993772,-0.0008095127087391468
1.440426,-0.001143456530597758
1.44091428,-0.001143456530597758
1.44140256,-0.001143456530597758
1.44189084,-0.0008095127087391468
1.44237912,-0.001143456530597758
1.4428674,-0.001143456530597758
1.44335568,-0.001143456530597758
1.44384396,-0.001143456530597758
1.44433224,-0.001143456530597758
1.44482052,-0.001143456530597758
1.4453088,-0.001143456530597758
1.44579708,-0.001143456530597758
1.44628536,-0.001143456530597758
1.44677364,-0.001143456530597758
1.44726192,-0.001143456530597758
1.4477502,-0.001143456530597758
1.44823848,-0.001143456530597758
1.44872676,-0.001143456530597758
1.44921504,-0.0008095127087391468
1.44970332,-0.001143456530597758
1.4501916,-0.001143456530597758
1.45067988,-0.001143456530597758
1.45116816,-0.001143456530597758
1.45165644,-0.001143456530597758
1.45214472,-0.0008095127087391468
1.452633,-0.0008095127087391468
1.45312128,-0.001143456530597758
1.45360956,-0.0008095127087391468
1.45409784,-0.001143456530597758
1.45458612,-0.001143456530597758
1.4550744,-0.001143456530597758
1.45556268,-0.001143456530597758
1.45605096,-0.001143456530597758
1.45653924,-0.0008095127087391468
1.45702752,-0.001143456530597758
1.4575158,-0.001143456530597758
1.45800408,-0.0008095127087391468
1.45849236,-0.0008095127087391468
1.45898064,-0.001143456530597758
1.45946892,-0.001143456530597758
1.4599572,-0.0008095127087391468
1.46044548,-0.0008095127087391468
1.46093376,-0.001143456530597758
1.46142204,-0.001143456530597758
1.46191032,-0.0008095127087391468
1.4623986,-0.001143456530597758
1.46288688,-0.001143456530597758
1.46337516,-0.0008095127087391468
1.46386344,-0.0008095127087391468
1.46435172,-0.0008095127087391468
1.46484,-0.001143456530597758
1.46532828,-0.001143456530597758
1.46581656,-0.001143456530597758
1.46630484,-0.001143456530597758
1.46679312,-0.001143456530597758
1.4672814,-0.001143456530597758
1.46776968,-0.001143456530597758
1.46825796,-0.001143456530597758
1.46874624,-0.001143456530597758
1.46923452,-0.001143456530597758
1.4697228,-0.0008095127087391468
1.47021108,-0.001143456530597758
1.47069936,-0.001143456530597758
1.47118764,-0.001143456530597758
1.47167592,-0.001143456530597758
1.4721642,-0.0008095127087391468
1.47265248,-0.0008095127087391468
1.47314076,-0.001143456530597758
1.47362904,-0.0008095127087391468
1.47411732,-0.0008095127087391468
1.4746056,-0.0008095127087391468
1.47509388,-0.0008095127087391468
1.47558216,-0.0008095127087391468
1.47607044,-0.0008095127087391468
1.47655872,-0.0008095127087391468
1.477047,-0.0008095127087391468
1.47753528,-0.0008095127087391468
1.47802356,-0.0008095127087391468
1.47851184,-0.0008095127087391468
1.47900012,-0.001143456530597758
1.4794884,-0.001143456530597758
1.47997668,-0.001143456530597758
1.48046496,-0.001143456530597758
1.48095324,-0.001143456530597758
1.48144152,-0.001143456530597758
1.4819298,-0.001143456530597758
1.48241808,-0.001143456530597758
1.48290636,-0.0008095127087391468
1.48339464,-0.0008095127087391468
1.48388292,-0.0008095127087391468
1.4843712,-0.0008095127087391468
1.48485948,-0.001143456530597758
1.48534776,-0.0008095127087391468
1.48583604,-0.0008095127087391468
1.48632432,-0.0008095127087391468
1.4868126,-0.001143456530597758
1.48730088,-0.0008095127087391468
1.48778916,-0.001143456530597758
1.48827744,-0.0008095127087391468
1.48876572,-0.0008095127087391468
1.489254,-0.001143456530597758
1.48974228,-0.001143456530597758
1.49023056,-0.0008095127087391468
1.49071884,-0.001143456530597758
1.49120712,-0.0008095127087391468
1.4916954,-0.001143456530597758
1.49218368,-0.0008095127087391468
1.49267196,-0.0008095127087391468
1.49316024,-0.0008095127087391468
1.49364852,-0.0008095127087391468
1.4941368,-0.0008095127087391468
1.49462508,-0.0008095127087391468
1.49511336,-0.001143456530597758
1.49560164,-0.001143456530597758
1.49608992,-0.0008095127087391468
1.4965782,-0.001143456530597758
1.49706648,-0.001143456530597758
1.49755476,-0.0008095127087391468
1.49804304,-0.001143456530597758
1.49853132,-0.0008095127087391468
1.4990196,-0.0008095127087391468
1.49950788,-0.001143456530597758
1.49999616,-0.001143456530597758
1.50048444,-0.0008095127087391468
1.50097272,-0.0008095127087391468
1.501461,-0.0008095127087391468
1.50194928,-0.001143456530597758
1.50243756,-0.001143456530597758
1.50292584,-0.001143456530597758
1.50341412,-0.001143456530597758
1.5039024,-0.001143456530597758
1.50439068,-0.001143456530597758
1.50487896,-0.001143456530597758
1.50536724,-0.001143456530597758
1.50585552,-0.001143456530597758
1.5063438,-0.001143456530597758
1.50683208,-0.0008095127087391468
1.50732036,-0.001143456530597758
1.50780864,-0.001143456530597758
1.50829692,-0.001143456530597758
1.5087852,-0.001143456530597758
1.50927348,-0.001143456530597758
1.50976176,-0.0008095127087391468
1.51025004,-0.0008095127087391468
1.51073832,-0.001143456530597758
1.5112266,-0.001143456530597758
1.51171488,-0.001143456530597758
1.51220316,-0.0008095127087391468
1.51269144,-0.0008095127087391468
1.51317972,-0.0008095127087391468
1.513668,-0.001143456530597758
1.51415628,-0.001143456530597758
1.51464456,-0.001143456530597758
1.51513284,-0.001143456530597758
1.51562112,-0.001143456530597758
1.5161094,-0.0008095127087391468
1.51659768,-0.001143456530597758
1.51708596,-0.001143456530597758
1.51757424,-0.001143456530597758
1.51806252,-0.001143456530597758
1.5185508,-0.001143456530597758
1.51903908,-0.001143456530597758
1.51952736,-0.001143456530597758
1.52001564,-0.001143456530597758
1.52050392,-0.001143456530597758
1.5209922,-0.0008095127087391468
1.52148048,-0.001143456530597758
1.52196876,-0.001143456530597758
1.52245704,-0.001143456530597758
1.52294532,-0.001143456530597758
1.5234336,-0.001143456530597758
1.52392188,-0.001143456530597758
1.52441016,-0.001143456530597758
1.52489844,-0.001143456530597758
1.52538672,-0.001143456530597758
1.525875,-0.001143456530597758
1.52636328,-0.001143456530597758
1.52685156,-0.001143456530597758
1.52733984,-0.001143456530597758
1.52782812,-0.001143456530597758
1.5283164,-0.001143456530597758
1.52880468,-0.001143456530597758
1.52929296,-0.001143456530597758
1.52978124,-0.001143456530597758
1.53026952,-0.001143456530597758
1.5307578,-0.001143456530597758
1.53124608,-0.001143456530597758
1.53173436,-0.001143456530597758
1.53222264,-0.001143456530597758
1.53271092,-0.001143456530597758
1.5331992,-0.0008095127087391468
1.53368748,-0.0008095127087391468
1.53417576,-0.001143456530597758
1.53466404,-0.0008095127087391468
1.53515232,-0.001143456530597758
1.5356406,-0.0008095127087391468
1.53612888,-0.0008095127087391468
1.53661716,-0.001143456530597758
1.53710544,-0.001143456530597758
1.53759372,-0.001143456530597758
1.538082,-0.001143456530597758
1.53857028,-0.001143456530597758
1.53905856,-0.001143456530597758
1.53954684,-0.001143456530597758
1.54003512,-0.0008095127087391468
1.5405234,-0.001143456530597758
1.54101168,-0.001143456530597758
1.54149996,-0.001143456530597758
1.54198824,-0.001143456530597758
1.54247652,-0.001143456530597758
1.5429648,-0.001143456530597758
1.54345308,-0.001143456530597758
1.54394136,-0.001143456530597758
1.54442964,-0.001143456530597758
1.54491792,-0.001143456530597758
1.5454062,-0.001143456530597758
1.54589448,-0.001143456530597758
1.54638276,-0.001143456530597758
1.54687104,-0.001143456530597758
1.54735932,-0.001143456530597758
1.5478476,-0.001143456530597758
1.54833588,-0.001143456530597758
1.54882416,-0.001143456530597758
1.54931244,-0.001143456530597758
1.54980072,-0.001143456530597758
1.550289,-0.001143456530597758
1.55077728,-0.001143456530597758
1.55126556,-0.001143456530597758
1.55175384,-0.0008095127087391468
1.55224212,-0.0008095127087391468
1.5527304,-0.0008095127087391468
1.55321868,-0.0008095127087391468
1.55370696,-0.001143456530597758
1.55419524,-0.001143456530597758
1.55468352,-0.001143456530597758
1.5551718,-0.001143456530597758
1.55566008,-0.0008095127087391468
1.55614836,-0.0008095127087391468
1.55663664,-0.0008095127087391468
1.55712492,-0.001143456530597758
1.5576132,-0.001143456530597758
1.55810148,-0.001143456530597758
1.55858976,-0.001143456530597758
1.55907804,-0.001143456530597758
1.55956632,-0.001143456530597758
1.5600546,-0.001143456530597758
1.56054288,-0.001143456530597758
1.56103116,-0.001143456530597758
1.56151944,-0.001143456530597758
1.56200772,-0.001143456530597758
1.562496,-0.001143456530597758
1.56298428,-0.001143456530597758
1.56347256,-0.001143456530597758
1.56396084,-0.001143456530597758
1.56444912,-0.001143456530597758
1.5649374,-0.001143456530597758
1.56542568,-0.001143456530597758
1.56591396,-0.001143456530597758
1.56640224,-0.001143456530597758
1.56689052,-0.001143456530597758
1.5673788,-0.001143456530597758
1.56786708,-0.001143456530597758
1.56835536,-0.001143456530597758
1.56884364,-0.001143456530597758
1.56933192,-0.001143456530597758
1.5698202,-0.001143456530597758
1.57030848,-0.001143456530597758
1.57079676,-0.001143456530597758
1.57128504,-0.0008095127087391468
1.57177332,-0.0008095127087391468
1.5722616,-0.001143456530597758
1.57274988,-0.001143456530597758
1.57323816,-0.001143456530597758
1.57372644,-0.001143456530597758
1.57421472,-0.001143456530597758
1.574703,-0.0008095127087391468
1.57519128,-0.001143456530597758
1.57567956,-0.0008095127087391468
1.57616784,-0.0008095127087391468
1.57665612,-0.0008095127087391468
1.5771444,-0.0008095127087391468
1.57763268,-0.0008095127087391468
1.57812096,-0.001143456530597758
1.57860924,-0.0008095127087391468
1.57909752,-0.0008095127087391468
1.5795858,-0.001143456530597758
1.58007408,-0.001143456530597758
1.58056236,-0.001143456530597758
1.58105064,-0.0008095127087391468
1.58153892,-0.0008095127087391468
1.5820272,-0.0008095127087391468
1.58251548,-0.001143456530597758
1.58300376,-0.0008095127087391468
1.58349204,-0.0008095127087391468
1.58398032,-0.001143456530597758
1.5844686,-0.001143456530597758
1.58495688,-0.0008095127087391468
1.58544516,-0.001143456530597758
1.58593344,-0.001143456530597758
1.58642172,-0.001143456530597758
1.58691,-0.001143456530597758
1.58739828,-0.001143456530597758
1.58788656,-0.001143456530597758
1.58837484,-0.001143456530597758
1.58886312,-0.001143456530597758
1.5893514,-0.001143456530597758
1.58983968,-0.001143456530597758
1.59032796,-0.0008095127087391468
1.59081624,-0.001143456530597758
1.59130452,-0.0008095127087391468
1.5917928,-0.001143456530597758
1.59228108,-0.001143456530597758
1.59276936,-0.001143456530597758
1.59325764,-0.001143456530597758
1.59374592,-0.001143456530597758
1.5942342,-0.0008095127087391468
1.59472248,-0.001143456530597758
1.59521076,-0.0008095127087391468
1.59569904,-0.0008095127087391468
1.59618732,-0.0008095127087391468
1.5966756,-0.0008095127087391468
1.59716388,-0.001143456530597758
1.59765216,-0.001143456530597758
1.59814044,-0.001143456530597758
1.59862872,-0.0008095127087391468
1.599117,-0.001143456530597758
1.59960528,-0.001143456530597758
1.60009356,-0.001143456530597758
1.60058184,-0.001143456530597758
1.60107012,-0.001143456530597758
1.6015584,-0.001143456530597758
1.60204668,-0.001143456530597758
1.60253496,-0.0008095127087391468
1.60302324,-0.0008095127087391468
1.60351152,-0.0008095127087391468
1.6039998,-0.001143456530597758
1.60448808,-0.001143456530597758
1.60497636,-0.001143456530597758
1.60546464,-0.001143456530597758
1.60595292,-0.001143456530597758
1.6064412,-0.001143456530597758
1.60692948,-0.001143456530597758
1.60741776,-0.001143456530597758
1.60790604,-0.001143456530597758
1.60839432,-0.0008095127087391468
1.6088826,-0.0008095127087391468
1.60937088,-0.0008095127087391468
1.60985916,-0.0008095127087391468
1.61034744,-0.0008095127087391468
1.61083572,-0.001143456530597758
1.611324,-0.0008095127087391468
1.61181228,-0.001143456530597758
1.61230056,-0.0008095127087391468
1.61278884,-0.0008095127087391468
1.61327712,-0.001143456530597758
1.6137654,-0.0008095127087391468
1.61425368,-0.001143456530597758
1.61474196,-0.0008095127087391468
1.61523024,-0.001143456530597758
1.61571852,-0.001143456530597758
1.6162068,-0.0008095127087391468
1.61669508,-0.001143456530597758
1.61718336,-0.0008095127087391468
1.61767164,-0.001143456530597758
1.61815992,-0.001143456530597758
1.6186482,-0.001143456530597758
1.61913648,-0.0008095127087391468
1.61962476,-0.001143456530597758
1.62011304,-0.0008095127087391468
1.62060132,-0.001143456530597758
1.6210896,-0.001143456530597758
1.62157788,-0.001143456530597758
1.62206616,-0.001143456530597758
1.62255444,-0.0008095127087391468
1.62304272,-0.001143456530597758
1.623531,-0.001143456530597758
1.62401928,-0.0008095127087391468
1.62450756,-0.001143456530597758
1.62499584,-0.001143456530597758
1.62548412,-0.001143456530597758
1.6259724,-0.0008095127087391468
1.62646068,-0.0008095127087391468
1.62694896,-0.0008095127087391468
1.62743724,-0.001143456530597758
1.62792552,-0.0008095127087391468
1.6284138,-0.0008095127087391468
1.62890208,-0.0008095127087391468
1.62939036,-0.0008095127087391468
1.62987864,-0.001143456530597758
1.63036692,-0.0008095127087391468
1.6308552,-0.0008095127087391468
1.63134348,-0.0008095127087391468
1.63183176,-0.001143456530597758
1.63232004,-0.0008095127087391468
1.63280832,-0.0008095127087391468
1.6332966,-0.0008095127087391468
1.63378488,-0.0008095127087391468
1.63427316,-0.001143456530597758
1.63476144,-0.0008095127087391468
1.63524972,-0.0008095127087391468
1.635738,-0.0008095127087391468
1.63622628,-0.0008095127087391468
1.63671456,-0.001143456530597758
1.63720284,-0.0008095127087391468
1.63769112,-0.0008095127087391468
1.6381794,-0.001143456530597758
1.63866768,-0.0008095127087391468
1.63915596,-0.0008095127087391468
1.63964424,-0.001143456530597758
1.64013252,-0.001143456530597758
1.6406208,-0.001143456530597758
1.64110908,-0.0008095127087391468
1.64159736,-0.0008095127087391468
1.64208564,-0.0008095127087391468
1.64257392,-0.001143456530597758
1.6430622,-0.001143456530597758
1.64355048,-0.001143456530597758
1.64403876,-0.001143456530597758
1.64452704,-0.001143456530597758
1.64501532,-0.001143456530597758
1.6455036,-0.0008095127087391468
1.64599188,-0.0008095127087391468
1.64648016,-0.001143456530597758
1.64696844,-0.001143456530597758
1.64745672,-0.0008095127087391468
1.647945,-0.001143456530597758
1.64843328,-0.0008095127087391468
1.64892156,-0.001143456530597758
1.64940984,-0.0008095127087391468
1.64989812,-0.001143456530597758
1.6503864,-0.001143456530597758
1.65087468,-0.0008095127087391468
1.65136296,-0.0008095127087391468
1.65185124,-0.0008095127087391468
1.65233952,-0.0008095127087391468
1.6528278,-0.0008095127087391468
1.65331608,-0.0008095127087391468
1.65380436,-0.0008095127087391468
1.65429264,-0.0008095127087391468
1.65478092,-0.001143456530597758
1.6552692,-0.0008095127087391468
1.65575748,-0.0008095127087391468
1.65624576,-0.0008095127087391468
1.65673404,-0.0008095127087391468
1.65722232,-0.0008095127087391468
1.6577106,-0.001143456530597758
1.65819888,-0.001143456530597758
1.65868716,-0.001143456530597758
1.65917544,-0.001143456530597758
1.65966372,-0.001143456530597758
1.660152,-0.001143456530597758
1.66064028,-0.0008095127087391468
1.66112856,-0.001143456530597758
1.66161684,-0.001143456530597758
1.66210512,-0.001143456530597758
1.6625934,-0.001143456530597758
1.66308168,-0.001143456530597758
1.66356996,-0.001143456530597758
1.66405824,-0.001143456530597758
1.66454652,-0.001143456530597758
1.6650348,-0.0008095127087391468
1.66552308,-0.0008095127087391468
1.66601136,-0.0008095127087391468
1.66649964,-0.001143456530597758
1.66698792,-0.001143456530597758
1.6674762,-0.001143456530597758
1.66796448,-0.0008095127087391468
1.66845276,-0.001143456530597758
1.66894104,-0.001143456530597758
1.66942932,-0.0008095127087391468
1.6699176,-0.001143456530597758
1.67040588,-0.0008095127087391468
1.67089416,-0.0008095127087391468
1.67138244,-0.001143456530597758
1.67187072,-0.001143456530597758
1.672359,-0.0008095127087391468
1.67284728,-0.001143456530597758
1.67333556,-0.001143456530597758
1.67382384,-0.001143456530597758
1.67431212,-0.001143456530597758
1.6748004,-0.001143456530597758
1.67528868,-0.001143456530597758
1.67577696,-0.001143456530597758
1.67626524,-0.0008095127087391468
1.67675352,-0.001143456530597758
1.6772418,-0.0008095127087391468
1.67773008,-0.001143456530597758
1.67821836,-0.001143456530597758
1.67870664,-0.001143456530597758
1.67919492,-0.001143456530597758
1.6796832,-0.001143456530597758
1.68017148,-0.001143456530597758
1.68065976,-0.001143456530597758
1.68114804,-0.001143456530597758
1.68163632,-0.0008095127087391468
1.6821246,-0.0008095127087391468
1.68261288,-0.001143456530597758
1.68310116,-0.001143456530597758
1.68358944,-0.001143456530597758
1.68407772,-0.001143456530597758
1.684566,-0.001143456530597758
1.68505428,-0.001143456530597758
1.68554256,-0.0008095127087391468
1.68603084,-0.0008095127087391468
1.68651912,-0.001143456530597758
1.6870074,-0.001143456530597758
1.68749568,-0.001143456530597758
1.68798396,-0.001143456530597758
1.68847224,-0.001143456530597758
1.68896052,-0.001143456530597758
1.6894488,-0.001143456530597758
1.68993708,-0.0008095127087391468
1.69042536,-0.001143456530597758
1.69091364,-0.001143456530597758
1.69140192,-0.001143456530597758
1.6918902,-0.001143456530597758
1.69237848,-0.001143456530597758
1.69286676,-0.001143456530597758
1.69335504,-0.0008095127087391468
1.69384332,-0.0008095127087391468
1.6943316,-0.0008095127087391468
1.69481988,-0.0008095127087391468
1.69530816,-0.0008095127087391468
1.69579644,-0.0008095127087391468
1.69628472,-0.0008095127087391468
1.696773,-0.001143456530597758
1.69726128,-0.0008095127087391468
1.69774956,-0.001143456530597758
1.69823784,-0.001143456530597758
1.69872612,-0.0008095127087391468
1.6992144,-0.0008095127087391468
1.69970268,-0.0008095127087391468
1.70019096,-0.001143456530597758
1.70067924,-0.0008095127087391468
1.70116752,-0.0008095127087391468
1.7016558,-0.0008095127087391468
1.70214408,-0.0008095127087391468
1.70263236,-0.0008095127087391468
1.70312064,-0.001143456530597758
1.70360892,-0.001143456530597758
1.7040972,-0.0008095127087391468
1.70458548,-0.001143456530597758
1.70507376,-0.001143456530597758
1.70556204,-0.001143456530597758
1.70605032,-0.0008095127087391468
1.7065386,-0.001143456530597758
1.70702688,-0.0008095127087391468
1.70751516,-0.001143456530597758
1.70800344,-0.0008095127087391468
1.70849172,-0.0008095127087391468
1.70898,-0.001143456530597758
1.70946828,-0.0008095127087391468
1.70995656,-0.0008095127087391468
1.71044484,-0.0008095127087391468
1.71093312,-0.0008095127087391468
1.7114214,-0.0008095127087391468
1.71190968,-0.0008095127087391468
1.71239796,-0.0008095127087391468
1.71288624,-0.0008095127087391468
1.71337452,-0.0008095127087391468
1.7138628,-0.0008095127087391468
1.71435108,-0.0008095127087391468
1.71483936,-0.0008095127087391468
1.71532764,-0.0008095127087391468
1.71581592,-0.0008095127087391468
1.7163042,-0.0008095127087391468
1.71679248,-0.0008095127087391468
1.71728076,-0.0008095127087391468
1.71776904,-0.0008095127087391468
1.71825732,-0.0008095127087391468
1.7187456,-0.0008095127087391468
1.71923388,-0.0008095127087391468
1.71972216,-0.0008095127087391468
1.72021044,-0.0008095127087391468
1.72069872,-0.0008095127087391468
1.721187,-0.0008095127087391468
1.72167528,-0.0008095127087391468
1.72216356,-0.0008095127087391468
1.72265184,-0.0008095127087391468
1.72314012,-0.0008095127087391468
1.7236284,-0.0008095127087391468
1.72411668,-0.0008095127087391468
1.72460496,-0.0008095127087391468
1.72509324,-0.0008095127087391468
1.72558152,-0.0008095127087391468
1.7260698,-0.0008095127087391468
1.72655808,-0.0008095127087391468
1.72704636,-0.0008095127087391468
1.72753464,-0.0008095127087391468
1.72802292,-0.0008095127087391468
1.7285112,-0.0008095127087391468
1.72899948,-0.001143456530597758
1.72948776,-0.0008095127087391468
1.72997604,-0.001143456530597758
1.73046432,-0.001143456530597758
1.7309526,-0.0008095127087391468
1.73144088,-0.0008095127087391468
1.73192916,-0.0008095127087391468
1.73241744,-0.0008095127087391468
1.73290572,-0.0008095127087391468
1.733394,-0.0008095127087391468
1.73388228,-0.0008095127087391468
1.73437056,-0.0008095127087391468
1.73485884,-0.0008095127087391468
1.73534712,-0.0008095127087391468
1.7358354,-0.0008095127087391468
1.73632368,-0.0008095127087391468
1.73681196,-0.0008095127087391468
1.73730024,-0.0008095127087391468
1.73778852,-0.0008095127087391468
1.7382768,-0.0008095127087391468
1.73876508,-0.0008095127087391468
1.73925336,-0.0008095127087391468
1.73974164,-0.0008095127087391468
1.74022992,-0.0008095127087391468
1.7407182,-0.0008095127087391468
1.74120648,-0.0008095127087391468
1.74169476,-0.0008095127087391468
1.74218304,-0.0008095127087391468
1.74267132,-0.0008095127087391468
1.7431596,-0.0008095127087391468
1.74364788,-0.0008095127087391468
1.74413616,-0.0008095127087391468
1.74462444,-0.0008095127087391468
1.74511272,-0.0008095127087391468
1.745601,-0.0008095127087391468
1.74608928,-0.0008095127087391468
1.74657756,-0.001143456530597758
1.74706584,-0.0008095127087391468
1.74755412,-0.001143456530597758
1.7480424,-0.0008095127087391468
1.74853068,-0.0008095127087391468
1.74901896,-0.0008095127087391468
1.74950724,-0.0008095127087391468
1.74999552,-0.0008095127087391468
1.7504838,-0.0008095127087391468
1.75097208,-0.0008095127087391468
1.75146036,-0.0008095127087391468
1.75194864,-0.0008095127087391468
1.75243692,-0.0008095127087391468
1.7529252,-0.0008095127087391468
1.75341348,-0.0008095127087391468
1.75390176,-0.0008095127087391468
1.75439004,-0.0008095127087391468
1.75487832,-0.0008095127087391468
1.7553666,-0.0008095127087391468
1.75585488,-0.0008095127087391468
1.75634316,-0.0008095127087391468
1.75683144,-0.001143456530597758
1.75731972,-0.0008095127087391468
1.757808,-0.0008095127087391468
1.75829628,-0.0008095127087391468
1.75878456,-0.0008095127087391468
1.75927284,-0.0008095127087391468
1.75976112,-0.0008095127087391468
1.7602494,-0.0008095127087391468
1.76073768,-0.0008095127087391468
1.76122596,-0.0008095127087391468
1.76171424,-0.0008095127087391468
1.76220252,-0.0008095127087391468
1.7626908,-0.0008095127087391468
1.76317908,-0.0008095127087391468
1.76366736,-0.0008095127087391468
1.76415564,-0.0008095127087391468
1.76464392,-0.0008095127087391468
1.7651322,-0.0008095127087391468
1.76562048,-0.001143456530597758
1.76610876,-0.0008095127087391468
1.76659704,-0.0008095127087391468
1.76708532,-0.0008095127087391468
1.7675736,-0.0008095127087391468
1.76806188,-0.0008095127087391468
1.76855016,-0.0008095127087391468
1.76903844,-0.0008095127087391468
1.76952672,-0.0008095127087391468
1.770015,-0.0008095127087391468
1.77050328,-0.0008095127087391468
1.77099156,-0.0008095127087391468
1.77147984,-0.0008095127087391468
1.77196812,-0.0008095127087391468
1.7724564,-0.0008095127087391468
1.77294468,-0.0008095127087391468
1.77343296,-0.0008095127087391468
1.77392124,-0.0008095127087391468
1.77440952,-0.0008095127087391468
1.7748978,-0.0008095127087391468
1.77538608,-0.0008095127087391468
1.77587436,-0.0008095127087391468
1.77636264,-0.0008095127087391468
1.77685092,-0.0008095127087391468
1.7773392,-0.0008095127087391468
1.77782748,-0.0008095127087391468
1.77831576,-0.0008095127087391468
1.77880404,-0.0008095127087391468
1.77929232,-0.0008095127087391468
1.7797806,-0.0008095127087391468
1.78026888,-0.0008095127087391468
1.78075716,-0.0008095127087391468
1.78124544,-0.0008095127087391468
1.78173372,-0.0008095127087391468
1.782222,-0.0008095127087391468
1.78271028,-0.0008095127087391468
1.78319856,-0.0008095127087391468
1.78368684,-0.0008095127087391468
1.78417512,-0.0008095127087391468
1.7846634,-0.0008095127087391468
1.78515168,-0.0008095127087391468
1.78563996,-0.0008095127087391468
1.78612824,-0.0008095127087391468
1.78661652,-0.0008095127087391468
1.7871048,-0.0008095127087391468
1.78759308,-0.0008095127087391468
1.78808136,-0.0008095127087391468
1.78856964,-0.0008095127087391468
1.78905792,-0.0008095127087391468
1.7895462,-0.0008095127087391468
1.79003448,-0.0008095127087391468
1.79052276,-0.0008095127087391468
1.79101104,-0.0008095127087391468
1.79149932,-0.0008095127087391468
1.7919876,-0.0008095127087391468
1.79247588,-0.0008095127087391468
1.79296416,-0.0008095127087391468
1.79345244,-0.0008095127087391468
1.79394072,-0.0008095127087391468
1.794429,-0.0008095127087391468
1.79491728,-0.0008095127087391468
1.79540556,-0.0008095127087391468
1.79589384,-0.0008095127087391468
1.79638212,-0.0008095127087391468
1.7968704,-0.0008095127087391468
1.79735868,-0.0008095127087391468
1.79784696,-0.0008095127087391468
1.79833524,-0.0008095127087391468
1.79882352,-0.0008095127087391468
1.7993118,-0.0008095127087391468
1.79980008,-0.0008095127087391468
1.80028836,-0.0008095127087391468
1.80077664,-0.0008095127087391468
1.80126492,-0.0008095127087391468
1.8017532,-0.0008095127087391468
1.80224148,-0.0008095127087391468
1.80272976,-0.0008095127087391468
1.80321804,-0.0008095127087391468
1.80370632,-0.0008095127087391468
1.8041946,-0.0008095127087391468
1.80468288,-0.0008095127087391468
1.80517116,-0.0008095127087391468
1.80565944,-0.0008095127087391468
1.80614772,-0.0008095127087391468
1.806636,-0.0008095127087391468
1.80712428,-0.0008095127087391468
1.80761256,-0.0008095127087391468
1.80810084,-0.0008095127087391468
1.80858912,-0.0008095127087391468
1.8090774,-0.0008095127087391468
1.80956568,-0.0008095127087391468
1.81005396,-0.0008095127087391468
1.81054224,-0.0008095127087391468
1.81103052,-0.0008095127087391468
1.8115188,-0.0008095127087391468
1.81200708,-0.0008095127087391468
1.81249536,-0.0008095127087391468
1.81298364,-0.0008095127087391468
1.81347192,-0.0008095127087391468
1.8139602,-0.0008095127087391468
1.81444848,-0.0008095127087391468
1.81493676,-0.0008095127087391468
1.81542504,-0.0008095127087391468
1.81591332,-0.0008095127087391468
1.8164016,-0.0008095127087391468
1.81688988,-0.0008095127087391468
1.81737816,-0.001143456530597758
1.81786644,-0.0008095127087391468
1.81835472,-0.0008095127087391468
1.818843,-0.0008095127087391468
1.81933128,-0.0008095127087391468
1.81981956,-0.0008095127087391468
1.82030784,-0.0008095127087391468
1.82079612,-0.0008095127087391468
1.8212844,-0.0008095127087391468
1.82177268,-0.0008095127087391468
1.82226096,-0.0008095127087391468
1.82274924,-0.0008095127087391468
1.82323752,-0.0008095127087391468
1.8237258,-0.0008095127087391468
1.82421408,-0.0008095127087391468
1.82470236,-0.0008095127087391468
1.82519064,-0.0008095127087391468
1.82567892,-0.0008095127087391468
1.8261672,-0.001143456530597758
1.82665548,-0.0008095127087391468
1.82714376,-0.0008095127087391468
1.82763204,-0.0008095127087391468
1.82812032,-0.0008095127087391468
1.8286086,-0.0008095127087391468
1.82909688,-0.0008095127087391468
1.82958516,-0.0008095127087391468
1.83007344,-0.0008095127087391468
1.83056172,-0.0008095127087391468
1.83105,-0.0008095127087391468
1.83153828,-0.0008095127087391468
1.83202656,-0.0008095127087391468
1.83251484,-0.001143456530597758
1.83300312,-0.0008095127087391468
1.8334914,-0.0008095127087391468
1.83397968,-0.0008095127087391468
1.83446796,-0.0008095127087391468
1.83495624,-0.0008095127087391468
1.83544452,-0.0008095127087391468
1.8359328,-0.0008095127087391468
1.83642108,-0.001143456530597758
1.83690936,-0.001143456530597758
1.83739764,-0.0008095127087391468
1.83788592,-0.0008095127087391468
1.8383742,-0.0008095127087391468
1.83886248,-0.0008095127087391468
1.83935076,-0.0008095127087391468
1.83983904,-0.0008095127087391468
1.84032732,-0.001143456530597758
1.8408156,-0.0008095127087391468
1.84130388,-0.0008095127087391468
1.84179216,-0.0008095127087391468
1.84228044,-0.0008095127087391468
1.84276872,-0.0008095127087391468
1.843257,-0.0008095127087391468
1.84374528,-0.001143456530597758
1.84423356,-0.0008095127087391468
1.84472184,-0.0008095127087391468
1.84521012,-0.001143456530597758
1.8456984,-0.0008095127087391468
1.84618668,-0.0008095127087391468
1.84667496,-0.0008095127087391468
1.84716324,-0.0008095127087391468
1.84765152,-0.0008095127087391468
1.8481398,-0.0008095127087391468
1.84862808,-0.0008095127087391468
1.84911636,-0.0008095127087391468
1.84960464,-0.0008095127087391468
1.85009292,-0.0008095127087391468
1.8505812,-0.0008095127087391468
1.85106948,-0.0008095127087391468
1.85155776,-0.0008095127087391468
1.85204604,-0.0008095127087391468
1.85253432,-0.0008095127087391468
1.8530226,-0.0008095127087391468
1.85351088,-0.0008095127087391468
1.85399916,-0.0008095127087391468
1.85448744,-0.0008095127087391468
1.85497572,-0.0008095127087391468
1.855464,-0.0008095127087391468
1.85595228,-0.0008095127087391468
1.85644056,-0.0008095127087391468
1.85692884,-0.0008095127087391468
1.85741712,-0.0008095127087391468
1.8579054,-0.0008095127087391468
1.85839368,-0.0008095127087391468
1.85888196,-0.0008095127087391468
1.85937024,-0.0008095127087391468
1.85985852,-0.0008095127087391468
1.8603468,-0.0008095127087391468
1.86083508,-0.0008095127087391468
1.86132336,-0.0008095127087391468
1.86181164,-0.0008095127087391468
1.86229992,-0.0008095127087391468
1.8627882,-0.0008095127087391468
1.86327648,-0.0008095127087391468
1.86376476,-0.0008095127087391468
1.86425304,-0.0008095127087391468
1.86474132,-0.0008095127087391468
1.8652296,-0.0008095127087391468
1.86571788,-0.0008095127087391468
1.86620616,-0.0008095127087391468
1.86669444,-0.0008095127087391468
1.86718272,-0.0008095127087391468
1.867671,-0.001143456530597758
1.86815928,-0.0008095127087391468
1.86864756,-0.0008095127087391468
1.86913584,-0.0008095127087391468
1.86962412,-0.0008095127087391468
1.8701124,-0.0008095127087391468
1.87060068,-0.0008095127087391468
1.87108896,-0.0008095127087391468
1.87157724,-0.0008095127087391468
1.87206552,-0.0008095127087391468
1.8725538,-0.0008095127087391468
1.87304208,-0.0008095127087391468
1.87353036,-0.0008095127087391468
1.87401864,-0.0008095127087391468
1.87450692,-0.0008095127087391468
1.8749952,-0.0008095127087391468
1.87548348,-0.0008095127087391468
1.87597176,-0.0008095127087391468
1.87646004,-0.0008095127087391468
1.87694832,-0.0008095127087391468
1.8774366,-0.0008095127087391468
1.87792488,-0.0008095127087391468
1.87841316,-0.0008095127087391468
1.87890144,-0.0008095127087391468
1.87938972,-0.0008095127087391468
1.879878,-0.0008095127087391468
1.88036628,-0.0008095127087391468
1.88085456,-0.0008095127087391468
1.88134284,-0.0008095127087391468
1.88183112,-0.0008095127087391468
1.8823194,-0.0008095127087391468
1.88280768,-0.0008095127087391468
1.88329596,-0.0008095127087391468
1.88378424,-0.0008095127087391468
1.88427252,-0.001143456530597758
1.8847608,-0.0008095127087391468
1.88524908,-0.0008095127087391468
1.88573736,-0.0008095127087391468
1.88622564,-0.001143456530597758
1.88671392,-0.0008095127087391468
1.8872022,-0.0008095127087391468
1.88769048,-0.001143456530597758
1.88817876,-0.0008095127087391468
1.88866704,-0.0008095127087391468
1.88915532,-0.0008095127087391468
1.8896436,-0.0008095127087391468
1.89013188,-0.0008095127087391468
1.89062016,-0.0008095127087391468
1.89110844,-0.0008095127087391468
1.89159672,-0.0008095127087391468
1.892085,-0.001143456530597758
1.89257328,-0.001143456530597758
1.89306156,-0.0008095127087391468
1.89354984,-0.0008095127087391468
1.89403812,-0.001143456530597758
1.8945264,-0.0008095127087391468
1.89501468,-0.0008095127087391468
1.89550296,-0.0008095127087391468
1.89599124,-0.0008095127087391468
1.89647952,-0.0008095127087391468
1.8969678,-0.0008095127087391468
1.89745608,-0.001143456530597758
1.89794436,-0.001143456530597758
1.89843264,-0.001143456530597758
1.89892092,-0.0008095127087391468
1.8994092,-0.0008095127087391468
1.89989748,-0.0008095127087391468
1.90038576,-0.0008095127087391468
1.90087404,-0.001143456530597758
1.90136232,-0.001143456530597758
1.9018506,-0.001143456530597758
1.90233888,-0.001143456530597758
1.90282716,-0.0008095127087391468
1.90331544,-0.0008095127087391468
1.90380372,-0.0008095127087391468
1.904292,-0.001143456530597758
1.90478028,-0.001143456530597758
1.90526856,-0.001143456530597758
1.90575684,-0.001143456530597758
1.90624512,-0.001143456530597758
1.9067334,-0.001143456530597758
1.90722168,-0.001143456530597758
1.90770996,-0.001143456530597758
1.90819824,-0.001143456530597758
1.90868652,-0.0008095127087391468
1.9091748,-0.0008095127087391468
1.90966308,-0.0008095127087391468
1.91015136,-0.0008095127087391468
1.91063964,-0.0008095127087391468
1.91112792,-0.0008095127087391468
1.9116162,-0.0008095127087391468
1.91210448,-0.0008095127087391468
1.91259276,-0.001143456530597758
1.91308104,-0.001143456530597758
1.91356932,-0.001143456530597758
1.9140576,-0.001143456530597758
1.91454588,-0.0008095127087391468
1.91503416,-0.001143456530597758
1.91552244,-0.0008095127087391468
1.91601072,-0.0008095127087391468
1.916499,-0.0008095127087391468
1.91698728,-0.001143456530597758
1.91747556,-0.0008095127087391468
1.91796384,-0.001143456530597758
1.91845212,-0.001143456530597758
1.9189404,-0.001143456530597758
1.91942868,-0.0008095127087391468
1.91991696,-0.0008095127087391468
1.92040524,-0.0008095127087391468
1.92089352,-0.001143456530597758
1.9213818,-0.001143456530597758
1.92187008,-0.001143456530597758
1.92235836,-0.001143456530597758
1.92284664,-0.001143456530597758
1.92333492,-0.001143456530597758
1.9238232,-0.001143456530597758
1.92431148,-0.001143456530597758
1.92479976,-0.001143456530597758
1.92528804,-0.001143456530597758
1.92577632,-0.0008095127087391468
1.9262646,-0.001143456530597758
1.92675288,-0.001143456530597758
1.92724116,-0.001143456530597758
1.92772944,-0.001143456530597758
1.92821772,-0.001143456530597758
1.928706,-0.001143456530597758
1.92919428,-0.001143456530597758
1.92968256,-0.001143456530597758
1.93017084,-0.0008095127087391468
1.93065912,-0.001143456530597758
1.9311474,-0.001143456530597758
1.93163568,-0.001143456530597758
1.93212396,-0.0008095127087391468
1.93261224,-0.001143456530597758
1.93310052,-0.001143456530597758
1.9335888,-0.001143456530597758
1.93407708,-0.0008095127087391468
1.93456536,-0.0008095127087391468
1.93505364,-0.001143456530597758
1.93554192,-0.0008095127087391468
1.9360302,-0.0008095127087391468
1.93651848,-0.001143456530597758
1.93700676,-0.001143456530597758
1.93749504,-0.001143456530597758
1.93798332,-0.001143456530597758
1.9384716,-0.0008095127087391468
1.93895988,-0.0008095127087391468
1.93944816,-0.001143456530597758
1.93993644,-0.0008095127087391468
1.94042472,-0.001143456530597758
1.940913,-0.001143456530597758
1.94140128,-0.0008095127087391468
1.94188956,-0.0008095127087391468
1.94237784,-0.001143456530597758
1.94286612,-0.001143456530597758
1.9433544,-0.001143456530597758
1.94384268,-0.0008095127087391468
1.94433096,-0.001143456530597758
1.94481924,-0.001143456530597758
1.94530752,-0.0008095127087391468
1.9457958,-0.0008095127087391468
1.94628408,-0.001143456530597758
1.94677236,-0.0008095127087391468
1.94726064,-0.0008095127087391468
1.94774892,-0.0008095127087391468
1.9482372,-0.0008095127087391468
1.94872548,-0.0008095127087391468
1.94921376,-0.0008095127087391468
1.94970204,-0.0008095127087391468
1.95019032,-0.0008095127087391468
1.9506786,-0.0008095127087391468
1.95116688,-0.0008095127087391468
1.95165516,-0.0008095127087391468
1.95214344,-0.0008095127087391468
1.95263172,-0.0008095127087391468
1.95312,-0.0008095127087391468
1.95360828,-0.0008095127087391468
1.95409656,-0.0008095127087391468
1.95458484,-0.0008095127087391468
1.95507312,-0.001143456530597758
1.9555614,-0.0008095127087391468
1.95604968,-0.0008095127087391468
1.95653796,-0.0008095127087391468
1.95702624,-0.0008095127087391468
1.95751452,-0.001143456530597758
1.9580028,-0.0008095127087391468
1.95849108,-0.0008095127087391468
1.95897936,-0.0008095127087391468
1.95946764,-0.0008095127087391468
1.95995592,-0.0008095127087391468
1.9604442,-0.0008095127087391468
1.96093248,-0.0008095127087391468
1.96142076,-0.001143456530597758
1.96190904,-0.0008095127087391468
1.96239732,-0.001143456530597758
1.9628856,-0.001143456530597758
1.96337388,-0.001143456530597758
1.96386216,-0.0008095127087391468
1.96435044,-0.0008095127087391468
1.96483872,-0.0008095127087391468
1.965327,-0.0008095127087391468
1.96581528,-0.0008095127087391468
1.96630356,-0.0008095127087391468
1.96679184,-0.0008095127087391468
1.96728012,-0.0008095127087391468
1.9677684,-0.0008095127087391468
1.96825668,-0.0008095127087391468
1.96874496,-0.001143456530597758
1.96923324,-0.0008095127087391468
1.96972152,-0.0008095127087391468
1.9702098,-0.001143456530597758
1.97069808,-0.0008095127087391468
1.97118636,-0.0008095127087391468
1.97167464,-0.0008095127087391468
1.97216292,-0.0008095127087391468
1.9726512,-0.0008095127087391468
1.97313948,-0.0008095127087391468
1.97362776,-0.0008095127087391468
1.97411604,-0.0008095127087391468
1.97460432,-0.001143456530597758
1.9750926,-0.0008095127087391468
1.97558088,-0.0008095127087391468
1.97606916,-0.0008095127087391468
1.97655744,-0.0008095127087391468
1.97704572,-0.0008095127087391468
1.977534,-0.0008095127087391468
1.97802228,-0.0008095127087391468
1.97851056,-0.0008095127087391468
1.97899884,-0.0008095127087391468
1.97948712,-0.001143456530597758
1.9799754,-0.0008095127087391468
1.98046368,-0.001143456530597758
1.98095196,-0.0008095127087391468
1.98144024,-0.0008095127087391468
1.98192852,-0.001143456530597758
1.9824168,-0.0008095127087391468
1.98290508,-0.001143456530597758
1.98339336,-0.001143456530597758
1.98388164,-0.0008095127087391468
1.98436992,-0.001143456530597758
1.9848582,-0.0008095127087391468
1.98534648,-0.001143456530597758
1.98583476,-0.001143456530597758
1.98632304,-0.001143456530597758
1.98681132,-0.001143456530597758
1.9872996,-0.0008095127087391468
1.98778788,-0.0008095127087391468
1.98827616,-0.0008095127087391468
1.98876444,-0.001143456530597758
1.98925272,-0.001143456530597758
1.989741,-0.0008095127087391468
1.99022928,-0.0008095127087391468
1.99071756,-0.0008095127087391468
1.99120584,-0.0008095127087391468
1.99169412,-0.0008095127087391468
1.9921824,-0.0008095127087391468
1.99267068,-0.0008095127087391468
1.99315896,-0.0008095127087391468
1.99364724,-0.0008095127087391468
1.99413552,-0.0008095127087391468
1.9946238,-0.0008095127087391468
1.99511208,-0.0008095127087391468
1.99560036,-0.0008095127087391468
1.99608864,-0.0008095127087391468
1.99657692,-0.0008095127087391468
1.9970652,-0.0008095127087391468
1.99755348,-0.0008095127087391468
1.99804176,-0.0008095127087391468
1.99853004,-0.0008095127087391468
1.99901832,-0.0008095127087391468
1.9995066,-0.0008095127087391468
