Time (s),Channel 1 (V)
-0.01024,1.660894944859709
-0.0102375,1.661228888681568
-0.010235,1.660894944859709
-0.0102325,1.660894944859709
-0.01023,1.660894944859709
-0.0102275,1.660894944859709
-0.010225,1.660894944859709
-0.0102225,1.661228888681568
-0.01022,1.660894944859709
-0.0102175,1.660894944859709
-0.010215,1.661228888681568
-0.0102125,1.661228888681568
-0.01021,1.660894944859709
-0.0102075,1.660561001037851
-0.010205,1.660894944859709
-0.0102025,1.660894944859709
-0.0102,1.660894944859709
-0.0101975,1.661228888681568
-0.010195,1.660894944859709
-0.0101925,1.661228888681568
-0.01019,1.660894944859709
-0.0101875,1.661228888681568
-0.010185,1.661228888681568
-0.0101825,1.661228888681568
-0.01018,1.660894944859709
-0.0101775,1.661228888681568
-0.010175,1.661228888681568
-0.0101725,1.661562832503426
-0.01017,1.661228888681568
-0.0101675,1.661228888681568
-0.010165,1.661562832503426
-0.0101625,1.661228888681568
-0.01016,1.660894944859709
-0.0101575,1.661228888681568
-0.010155,1.661562832503426
-0.0101525,1.660894944859709
-0.01015,1.661228888681568
-0.0101475,1.660894944859709
-0.010145,1.661228888681568
-0.0101425,1.660894944859709
-0.01014,1.661228888681568
-0.0101375,1.660894944859709
-0.010135,1.661228888681568
-0.0101325,1.661228888681568
-0.01013,1.661228888681568
-0.0101275,1.661562832503426
-0.010125,1.661228888681568
-0.0101225,1.660561001037851
-0.01012,1.661562832503426
-0.0101175,1.661228888681568
-0.010115,1.661228888681568
-0.0101125,1.661562832503426
-0.01011,1.661562832503426
-0.0101075,1.661228888681568
-0.010105,1.661228888681568
-0.0101025,1.660894944859709
-0.0101,1.661228888681568
-0.0100975,1.660894944859709
-0.010095,1.661228888681568
-0.0100925,1.661228888681568
-0.01009,1.660894944859709
-0.0100875,1.661228888681568
-0.010085,1.661228888681568
-0.0100825,1.661562832503426
-0.01008,1.661228888681568
-0.0100775,1.661228888681568
-0.010075,1.661228888681568
-0.0100725,1.661228888681568
-0.01007,1.660561001037851
-0.0100675,1.661228888681568
-0.010065,1.661228888681568
-0.0100625,1.660894944859709
-0.01006,1.661228888681568
-0.0100575,1.661228888681568
-0.010055,1.661562832503426
-0.0100525,1.661228888681568
-0.01005,1.661228888681568
-0.0100475,1.661228888681568
-0.010045,1.661228888681568
-0.0100425,1.661562832503426
-0.01004,1.661228888681568
-0.0100375,1.661896776325285
-0.010035,1.661228888681568
-0.0100325,1.661228888681568
-0.01003,1.661228888681568
-0.0100275,1.661228888681568
-0.010025,1.660894944859709
-0.0100225,1.661562832503426
-0.01002,1.661562832503426
-0.0100175,1.661562832503426
-0.010015,1.661228888681568
-0.0100125,1.660894944859709
-0.01001,1.661562832503426
-0.0100075,1.661562832503426
-0.010005,1.660894944859709
-0.0100025,1.661228888681568
-0.01,1.661562832503426
-0.009997499999999999,1.661562832503426
-0.009995,1.660894944859709
-0.0099925,1.661562832503426
-0.009990000000000001,1.661562832503426
-0.0099875,1.661562832503426
-0.009985000000000001,1.661562832503426
-0.0099825,1.660894944859709
-0.009979999999999999,1.661228888681568
-0.0099775,1.661228888681568
-0.009974999999999999,1.660894944859709
-0.0099725,1.660894944859709
-0.00997,1.661228888681568
-0.009967500000000001,1.661228888681568
-0.009965,1.661562832503426
-0.009962499999999999,1.661896776325285
-0.00996,1.661562832503426
-0.009957499999999999,1.661228888681568
-0.009955,1.661228888681568
-0.0099525,1.660894944859709
-0.009950000000000001,1.660894944859709
-0.0099475,1.661562832503426
-0.009945000000000001,1.661562832503426
-0.0099425,1.661228888681568
-0.009939999999999999,1.660894944859709
-0.0099375,1.660894944859709
-0.009934999999999999,1.660894944859709
-0.0099325,1.661228888681568
-0.00993,1.660894944859709
-0.009927500000000001,1.661228888681568
-0.009925,1.661562832503426
-0.009922500000000001,1.661228888681568
-0.00992,1.661228888681568
-0.009917499999999999,1.661228888681568
-0.009915,1.661228888681568
-0.009912499999999999,1.660894944859709
-0.00991,1.660894944859709
-0.0099075,1.661228888681568
-0.009905000000000001,1.661228888681568
-0.0099025,1.661228888681568
-0.009900000000000001,1.661228888681568
-0.0098975,1.660894944859709
-0.009894999999999999,1.661228888681568
-0.0098925,1.661228888681568
-0.009889999999999999,1.661228888681568
-0.0098875,1.660894944859709
-0.009885,1.661228888681568
-0.009882500000000001,1.661228888681568
-0.00988,1.661562832503426
-0.009877500000000001,1.661228888681568
-0.009875,1.660561001037851
-0.009872499999999999,1.660894944859709
-0.00987,1.661228888681568
-0.0098675,1.660894944859709
-0.009865000000000001,1.661228888681568
-0.0098625,1.661562832503426
-0.009860000000000001,1.661228888681568
-0.0098575,1.661228888681568
-0.009854999999999999,1.661228888681568
-0.0098525,1.661228888681568
-0.009849999999999999,1.661562832503426
-0.0098475,1.660894944859709
-0.009845,1.661228888681568
-0.009842500000000001,1.661228888681568
-0.00984,1.660894944859709
-0.009837500000000001,1.661228888681568
-0.009835,1.661228888681568
-0.009832499999999999,1.661228888681568
-0.00983,1.661562832503426
-0.009827499999999999,1.660561001037851
-0.009825,1.660894944859709
-0.0098225,1.661228888681568
-0.009820000000000001,1.660894944859709
-0.0098175,1.660894944859709
-0.009815000000000001,1.660894944859709
-0.0098125,1.661228888681568
-0.009809999999999999,1.661562832503426
-0.0098075,1.661562832503426
-0.009804999999999999,1.661562832503426
-0.0098025,1.660894944859709
-0.0098,1.661228888681568
-0.009797500000000001,1.660894944859709
-0.009795,1.660894944859709
-0.009792500000000001,1.660894944859709
-0.00979,1.661228888681568
-0.009787499999999999,1.661228888681568
-0.009785,1.661562832503426
-0.0097825,1.661228888681568
-0.00978,1.661228888681568
-0.0097775,1.661228888681568
-0.009775000000000001,1.661228888681568
-0.0097725,1.661562832503426
-0.009769999999999999,1.661228888681568
-0.0097675,1.660894944859709
-0.009764999999999999,1.661228888681568
-0.0097625,1.661228888681568
-0.00976,1.660894944859709
-0.009757500000000001,1.660894944859709
-0.009755,1.660894944859709
-0.009752500000000001,1.661228888681568
-0.00975,1.661562832503426
-0.009747499999999999,1.661228888681568
-0.009745,1.661562832503426
-0.009742499999999999,1.660894944859709
-0.00974,1.660894944859709
-0.0097375,1.660894944859709
-0.009735000000000001,1.661562832503426
-0.0097325,1.661228888681568
-0.009730000000000001,1.661562832503426
-0.0097275,1.661228888681568
-0.009724999999999999,1.661562832503426
-0.0097225,1.661228888681568
-0.009719999999999999,1.661228888681568
-0.0097175,1.660894944859709
-0.009715,1.661562832503426
-0.009712500000000001,1.661228888681568
-0.00971,1.661562832503426
-0.009707500000000001,1.661562832503426
-0.009705,1.661896776325285
-0.009702499999999999,1.660894944859709
-0.0097,1.661228888681568
-0.0096975,1.661228888681568
-0.009695,1.661228888681568
-0.0096925,1.661228888681568
-0.009690000000000001,1.661228888681568
-0.0096875,1.661228888681568
-0.009684999999999999,1.661228888681568
-0.0096825,1.661562832503426
-0.009679999999999999,1.661562832503426
-0.0096775,1.660894944859709
-0.009675,1.661228888681568
-0.009672500000000001,1.661228888681568
-0.00967,1.661228888681568
-0.009667500000000001,1.661562832503426
-0.009665,1.661228888681568
-0.009662499999999999,1.660894944859709
-0.00966,1.661228888681568
-0.009657499999999999,1.661228888681568
-0.009655,1.660894944859709
-0.0096525,1.661228888681568
-0.009650000000000001,1.661562832503426
-0.0096475,1.661562832503426
-0.009645000000000001,1.661228888681568
-0.0096425,1.661562832503426
-0.009639999999999999,1.661562832503426
-0.0096375,1.661228888681568
-0.009634999999999999,1.660894944859709
-0.0096325,1.661228888681568
-0.00963,1.661228888681568
-0.009627500000000001,1.661228888681568
-0.009625,1.661228888681568
-0.009622500000000001,1.661562832503426
-0.00962,1.660894944859709
-0.009617499999999999,1.661228888681568
-0.009615,1.661228888681568
-0.0096125,1.661562832503426
-0.00961,1.661228888681568
-0.0096075,1.661228888681568
-0.009605000000000001,1.661228888681568
-0.0096025,1.660894944859709
-0.009599999999999999,1.661228888681568
-0.0095975,1.661562832503426
-0.009594999999999999,1.661228888681568
-0.0095925,1.661228888681568
-0.00959,1.661228888681568
-0.009587500000000001,1.661562832503426
-0.009585,1.661562832503426
-0.009582500000000001,1.661228888681568
-0.00958,1.660894944859709
-0.009577499999999999,1.661228888681568
-0.009575,1.661228888681568
-0.009572499999999999,1.661228888681568
-0.00957,1.660894944859709
-0.0095675,1.661562832503426
-0.009565000000000001,1.660894944859709
-0.0095625,1.661228888681568
-0.009560000000000001,1.660894944859709
-0.0095575,1.661562832503426
-0.009554999999999999,1.660894944859709
-0.0095525,1.661228888681568
-0.009549999999999999,1.661228888681568
-0.0095475,1.661228888681568
-0.009545,1.661562832503426
-0.009542500000000001,1.661228888681568
-0.00954,1.661228888681568
-0.009537500000000001,1.661228888681568
-0.009535,1.661228888681568
-0.009532499999999999,1.661228888681568
-0.00953,1.661562832503426
-0.0095275,1.661562832503426
-0.009525,1.661228888681568
-0.0095225,1.661562832503426
-0.009520000000000001,1.661228888681568
-0.0095175,1.661228888681568
-0.009514999999999999,1.661562832503426
-0.0095125,1.661228888681568
-0.009509999999999999,1.661562832503426
-0.0095075,1.661562832503426
-0.009505,1.661228888681568
-0.009502500000000001,1.661228888681568
-0.0095,1.661228888681568
-0.009497500000000001,1.661228888681568
-0.009495,1.661896776325285
-0.009492499999999999,1.661562832503427
-0.00949,1.661896776325285
-0.009487499999999999,1.660894944859709
-0.009485,1.661228888681568
-0.0094825,1.661228888681568
-0.009480000000000001,1.661228888681568
-0.0094775,1.661228888681568
-0.009475000000000001,1.661562832503426
-0.0094725,1.660894944859709
-0.009469999999999999,1.661562832503427
-0.0094675,1.661896776325285
-0.009464999999999999,1.661562832503426
-0.0094625,1.660894944859709
-0.00946,1.661228888681568
-0.009457500000000001,1.661228888681568
-0.009455,1.660894944859709
-0.009452500000000001,1.661228888681568
-0.00945,1.661228888681568
-0.009447499999999999,1.660894944859709
-0.009445,1.661228888681568
-0.0094425,1.660561001037851
-0.00944,1.661228888681568
-0.0094375,1.660894944859709
-0.009435000000000001,1.661562832503426
-0.0094325,1.661562832503426
-0.009429999999999999,1.660894944859709
-0.0094275,1.660894944859709
-0.009424999999999999,1.661228888681568
-0.0094225,1.661228888681568
-0.00942,1.661228888681568
-0.009417500000000001,1.661228888681568
-0.009415,1.661562832503426
-0.009412500000000001,1.661896776325285
-0.00941,1.661562832503426
-0.009407499999999999,1.661228888681568
-0.009405,1.660894944859709
-0.009402499999999999,1.661228888681568
-0.0094,1.660561001037851
-0.0093975,1.661228888681568
-0.009395000000000001,1.661562832503426
-0.0093925,1.661896776325285
-0.009390000000000001,1.661228888681568
-0.0093875,1.660894944859709
-0.009384999999999999,1.661228888681568
-0.0093825,1.661562832503426
-0.009379999999999999,1.661228888681568
-0.0093775,1.661228888681568
-0.009375,1.661228888681568
-0.009372500000000001,1.661228888681568
-0.00937,1.661562832503426
-0.009367500000000001,1.661562832503426
-0.009365,1.660894944859709
-0.009362499999999999,1.661562832503426
-0.00936,1.661228888681568
-0.009357499999999999,1.661228888681568
-0.009355,1.661228888681568
-0.0093525,1.661562832503426
-0.009350000000000001,1.661228888681568
-0.0093475,1.661228888681568
-0.009344999999999999,1.661228888681568
-0.0093425,1.661562832503426
-0.009339999999999999,1.661228888681568
-0.0093375,1.661228888681568
-0.009335,1.661562832503426
-0.009332500000000001,1.661228888681568
-0.00933,1.661562832503426
-0.009327500000000001,1.660894944859709
-0.009325,1.660894944859709
-0.009322499999999999,1.661562832503426
-0.00932,1.660894944859709
-0.009317499999999999,1.660894944859709
-0.009315,1.661228888681568
-0.0093125,1.660561001037851
-0.009310000000000001,1.661228888681568
-0.0093075,1.661228888681568
-0.009305000000000001,1.661228888681568
-0.0093025,1.661228888681568
-0.009299999999999999,1.661228888681568
-0.0092975,1.661896776325285
-0.009294999999999999,1.661228888681568
-0.0092925,1.661228888681568
-0.00929,1.661228888681568
-0.009287500000000001,1.661228888681568
-0.009285,1.661228888681568
-0.009282500000000001,1.661562832503426
-0.00928,1.661562832503426
-0.009277499999999999,1.661562832503427
-0.009275,1.661896776325285
-0.009272499999999999,1.661228888681568
-0.00927,1.661228888681568
-0.0092675,1.660894944859709
-0.009265000000000001,1.660894944859709
-0.0092625,1.660894944859709
-0.009259999999999999,1.661228888681568
-0.0092575,1.661562832503426
-0.009254999999999999,1.661562832503426
-0.0092525,1.661228888681568
-0.00925,1.661228888681568
-0.009247500000000001,1.661562832503426
-0.009245,1.661228888681568
-0.009242500000000001,1.661228888681568
-0.00924,1.661228888681568
-0.009237499999999999,1.661228888681568
-0.009235,1.661228888681568
-0.009232499999999999,1.661228888681568
-0.00923,1.661228888681568
-0.0092275,1.661228888681568
-0.009225000000000001,1.661228888681568
-0.0092225,1.661228888681568
-0.009220000000000001,1.660894944859709
-0.0092175,1.660894944859709
-0.009214999999999999,1.660894944859709
-0.0092125,1.660894944859709
-0.009209999999999999,1.660894944859709
-0.0092075,1.661228888681568
-0.009205,1.661228888681568
-0.009202500000000001,1.661562832503426
-0.0092,1.661228888681568
-0.009197500000000001,1.661228888681568
-0.009195,1.660894944859709
-0.009192499999999999,1.661228888681568
-0.00919,1.661228888681568
-0.009187499999999999,1.661228888681568
-0.009185,1.661562832503426
-0.0091825,1.661562832503426
-0.009180000000000001,1.661562832503426
-0.0091775,1.661228888681568
-0.009175000000000001,1.660894944859709
-0.0091725,1.661228888681568
-0.009169999999999999,1.661228888681568
-0.0091675,1.661228888681568
-0.009165,1.661228888681568
-0.009162500000000001,1.661562832503426
-0.00916,1.661562832503426
-0.009157500000000001,1.661228888681568
-0.009155,1.661562832503426
-0.009152499999999999,1.661228888681568
-0.00915,1.661228888681568
-0.009147499999999999,1.661228888681568
-0.009145,1.661228888681568
-0.0091425,1.661562832503426
-0.009140000000000001,1.661562832503426
-0.0091375,1.661562832503426
-0.009135000000000001,1.660894944859709
-0.0091325,1.660561001037851
-0.009129999999999999,1.661228888681568
-0.0091275,1.661228888681568
-0.009124999999999999,1.661228888681568
-0.0091225,1.661562832503426
-0.00912,1.660894944859709
-0.009117500000000001,1.661228888681568
-0.009115,1.661228888681568
-0.009112500000000001,1.661228888681568
-0.00911,1.661228888681568
-0.009107499999999999,1.660894944859709
-0.009105,1.661228888681568
-0.009102499999999999,1.661228888681568
-0.0091,1.661228888681568
-0.0090975,1.661228888681568
-0.009095000000000001,1.661562832503426
-0.0090925,1.660894944859709
-0.009090000000000001,1.660894944859709
-0.0090875,1.661228888681568
-0.009084999999999999,1.661228888681568
-0.0090825,1.661562832503426
-0.00908,1.660894944859709
-0.0090775,1.660894944859709
-0.009075,1.660894944859709
-0.009072500000000001,1.660894944859709
-0.00907,1.660894944859709
-0.009067499999999999,1.661228888681568
-0.009065,1.661896776325285
-0.009062499999999999,1.661562832503426
-0.00906,1.661562832503426
-0.0090575,1.661228888681568
-0.009055000000000001,1.660894944859709
-0.0090525,1.661228888681568
-0.009050000000000001,1.661228888681568
-0.0090475,1.661228888681568
-0.009044999999999999,1.660894944859709
-0.0090425,1.660894944859709
-0.009039999999999999,1.661228888681568
-0.0090375,1.661228888681568
-0.009035,1.661228888681568
-0.009032500000000001,1.660561001037851
-0.00903,1.660894944859709
-0.009027500000000001,1.660894944859709
-0.009025,1.661228888681568
-0.009022499999999999,1.661228888681568
-0.00902,1.661228888681568
-0.009017499999999999,1.661228888681568
-0.009015,1.660894944859709
-0.0090125,1.660894944859709
-0.009010000000000001,1.661562832503426
-0.0090075,1.660894944859709
-0.009005000000000001,1.661228888681568
-0.0090025,1.661228888681568
-0.008999999999999999,1.661228888681568
-0.0089975,1.660894944859709
-0.008995,1.661562832503426
-0.0089925,1.660894944859709
-0.00899,1.660894944859709
-0.008987500000000001,1.661228888681568
-0.008985,1.661228888681568
-0.008982499999999999,1.661228888681568
-0.00898,1.660894944859709
-0.008977499999999999,1.660894944859709
-0.008975,1.660894944859709
-0.0089725,1.661228888681568
-0.008970000000000001,1.661228888681568
-0.0089675,1.661562832503426
-0.008965000000000001,1.661562832503426
-0.0089625,1.661562832503426
-0.008959999999999999,1.661228888681568
-0.0089575,1.660894944859709
-0.008954999999999999,1.660561001037851
-0.0089525,1.661228888681568
-0.00895,1.660894944859709
-0.008947500000000001,1.661228888681568
-0.008945,1.661228888681568
-0.008942500000000001,1.661228888681568
-0.00894,1.661228888681568
-0.008937499999999999,1.661228888681568
-0.008935,1.661228888681568
-0.008932499999999999,1.661228888681568
-0.00893,1.660894944859709
-0.0089275,1.661562832503426
-0.008925000000000001,1.661562832503426
-0.0089225,1.661562832503426
-0.008920000000000001,1.661228888681568
-0.0089175,1.661228888681568
-0.008914999999999999,1.661228888681568
-0.0089125,1.661228888681568
-0.00891,1.661562832503426
-0.0089075,1.661228888681568
-0.008905,1.661228888681568
-0.008902500000000001,1.661228888681568
-0.0089,1.661228888681568
-0.008897499999999999,1.661228888681568
-0.008895,1.660561001037851
-0.008892499999999999,1.660894944859709
-0.00889,1.661228888681568
-0.0088875,1.661562832503426
-0.008885000000000001,1.661562832503426
-0.0088825,1.661562832503426
-0.008880000000000001,1.661562832503426
-0.0088775,1.660894944859709
-0.008874999999999999,1.661228888681568
-0.0088725,1.660894944859709
-0.008869999999999999,1.661228888681568
-0.0088675,1.660561001037851
-0.008865,1.661228888681568
-0.008862500000000001,1.661562832503426
-0.00886,1.661562832503426
-0.008857500000000001,1.661228888681568
-0.008855,1.661562832503426
-0.008852499999999999,1.661228888681568
-0.00885,1.661228888681568
-0.008847499999999999,1.661228888681568
-0.008845,1.661228888681568
-0.0088425,1.661228888681568
-0.008840000000000001,1.660561001037851
-0.0088375,1.660894944859709
-0.008835000000000001,1.661228888681568
-0.0088325,1.661562832503426
-0.008829999999999999,1.661562832503426
-0.0088275,1.661562832503426
-0.008825,1.661228888681568
-0.0088225,1.660894944859709
-0.00882,1.660894944859709
-0.008817500000000001,1.660894944859709
-0.008815,1.660894944859709
-0.008812499999999999,1.661228888681568
-0.00881,1.661228888681568
-0.008807499999999999,1.661228888681568
-0.008805,1.661562832503426
-0.0088025,1.661228888681568
-0.008800000000000001,1.661228888681568
-0.0087975,1.660894944859709
-0.008795000000000001,1.661562832503426
-0.0087925,1.661562832503426
-0.008789999999999999,1.661562832503426
-0.0087875,1.660894944859709
-0.008784999999999999,1.661228888681568
-0.0087825,1.661228888681568
-0.00878,1.660894944859709
-0.008777500000000001,1.660894944859709
-0.008775,1.661228888681568
-0.008772500000000001,1.661228888681568
-0.00877,1.661228888681568
-0.008767499999999999,1.661562832503426
-0.008765,1.661228888681568
-0.008762499999999999,1.661228888681568
-0.00876,1.660894944859709
-0.0087575,1.661228888681568
-0.008755000000000001,1.661228888681568
-0.0087525,1.661896776325285
-0.008750000000000001,1.661562832503427
-0.0087475,1.660894944859709
-0.008744999999999999,1.660894944859709
-0.0087425,1.660894944859709
-0.00874,1.660561001037851
-0.0087375,1.661228888681568
-0.008735,1.661228888681568
-0.008732500000000001,1.661228888681568
-0.00873,1.661228888681568
-0.008727499999999999,1.661228888681568
-0.008725,1.661562832503426
-0.008722499999999999,1.661562832503426
-0.00872,1.661228888681568
-0.0087175,1.660894944859709
-0.008715000000000001,1.661228888681568
-0.0087125,1.661228888681568
-0.008710000000000001,1.661562832503426
-0.0087075,1.661562832503426
-0.008704999999999999,1.661228888681568
-0.0087025,1.660894944859709
-0.008699999999999999,1.661228888681568
-0.0086975,1.660894944859709
-0.008695,1.661228888681568
-0.008692500000000001,1.661228888681568
-0.00869,1.661562832503426
-0.008687500000000001,1.661228888681568
-0.008685,1.661228888681568
-0.008682499999999999,1.661562832503426
-0.00868,1.661228888681568
-0.008677499999999999,1.661228888681568
-0.008675,1.661228888681568
-0.0086725,1.661228888681568
-0.008670000000000001,1.660894944859709
-0.0086675,1.661228888681568
-0.008665000000000001,1.661562832503426
-0.0086625,1.660894944859709
-0.008659999999999999,1.660894944859709
-0.0086575,1.660894944859709
-0.008654999999999999,1.661228888681568
-0.0086525,1.661562832503426
-0.00865,1.661228888681568
-0.008647500000000001,1.661228888681568
-0.008645,1.661228888681568
-0.008642499999999999,1.660894944859709
-0.00864,1.661228888681568
-0.008637499999999999,1.661228888681568
-0.008635,1.661562832503426
-0.0086325,1.660894944859709
-0.008630000000000001,1.661228888681568
-0.0086275,1.661228888681568
-0.008625000000000001,1.661562832503426
-0.0086225,1.660894944859709
-0.008619999999999999,1.661228888681568
-0.0086175,1.661562832503426
-0.008614999999999999,1.661562832503426
-0.0086125,1.661562832503426
-0.00861,1.661228888681568
-0.008607500000000001,1.661228888681568
-0.008605,1.660894944859709
-0.008602500000000001,1.660894944859709
-0.0086,1.660894944859709
-0.008597499999999999,1.660894944859709
-0.008595,1.660894944859709
-0.008592499999999999,1.660894944859709
-0.00859,1.660894944859709
-0.0085875,1.661228888681568
-0.008585000000000001,1.661562832503426
-0.0085825,1.661228888681568
-0.008580000000000001,1.660894944859709
-0.0085775,1.661228888681568
-0.008574999999999999,1.661562832503426
-0.0085725,1.660894944859709
-0.008569999999999999,1.660894944859709
-0.0085675,1.661228888681568
-0.008565,1.661228888681568
-0.008562500000000001,1.660894944859709
-0.00856,1.661228888681568
-0.008557499999999999,1.661562832503426
-0.008555,1.661228888681568
-0.008552499999999999,1.660894944859709
-0.00855,1.660561001037851
-0.0085475,1.660894944859709
-0.008545000000000001,1.660894944859709
-0.0085425,1.660894944859709
-0.008540000000000001,1.661562832503426
-0.0085375,1.661228888681568
-0.008534999999999999,1.661228888681568
-0.0085325,1.660894944859709
-0.008529999999999999,1.660894944859709
-0.0085275,1.660894944859709
-0.008525,1.660894944859709
-0.008522500000000001,1.661228888681568
-0.00852,1.660894944859709
-0.008517500000000001,1.660894944859709
-0.008515,1.661228888681568
-0.008512499999999999,1.661228888681568
-0.00851,1.661228888681568
-0.008507499999999999,1.661228888681568
-0.008505,1.661228888681568
-0.0085025,1.661228888681568
-0.008500000000000001,1.661228888681568
-0.0084975,1.661228888681568
-0.008495000000000001,1.661228888681568
-0.0084925,1.661562832503426
-0.008489999999999999,1.661228888681568
-0.0084875,1.661228888681568
-0.008484999999999999,1.660894944859709
-0.0084825,1.660894944859709
-0.00848,1.661228888681568
-0.008477500000000001,1.661562832503426
-0.008475,1.661562832503426
-0.008472500000000001,1.661228888681568
-0.00847,1.661896776325285
-0.008467499999999999,1.661228888681568
-0.008465,1.660561001037851
-0.0084625,1.660894944859709
-0.008460000000000001,1.661228888681568
-0.0084575,1.661562832503426
-0.008455000000000001,1.661228888681568
-0.0084525,1.661562832503426
-0.008449999999999999,1.661228888681568
-0.0084475,1.661228888681568
-0.008444999999999999,1.661228888681568
-0.0084425,1.661228888681568
-0.00844,1.660894944859709
-0.008437500000000001,1.661562832503426
-0.008435,1.660894944859709
-0.008432500000000001,1.661228888681568
-0.00843,1.660894944859709
-0.008427499999999999,1.660894944859709
-0.008425,1.661228888681568
-0.008422499999999999,1.661228888681568
-0.00842,1.661228888681568
-0.0084175,1.661228888681568
-0.008415000000000001,1.661562832503426
-0.0084125,1.661228888681568
-0.008410000000000001,1.660894944859709
-0.0084075,1.660894944859709
-0.008404999999999999,1.661228888681568
-0.0084025,1.661228888681568
-0.008399999999999999,1.660894944859709
-0.0083975,1.661562832503426
-0.008395,1.661562832503426
-0.008392500000000001,1.661562832503426
-0.00839,1.661228888681568
-0.008387500000000001,1.661228888681568
-0.008385,1.661562832503426
-0.008382499999999999,1.661228888681568
-0.00838,1.661228888681568
-0.0083775,1.660894944859709
-0.008375,1.661228888681568
-0.0083725,1.661228888681568
-0.008370000000000001,1.661228888681568
-0.0083675,1.661228888681568
-0.008364999999999999,1.661228888681568
-0.0083625,1.661228888681568
-0.008359999999999999,1.661228888681568
-0.0083575,1.661562832503426
-0.008355,1.661228888681568
-0.008352500000000001,1.661562832503426
-0.00835,1.660894944859709
-0.008347500000000001,1.660894944859709
-0.008345,1.661228888681568
-0.008342499999999999,1.660894944859709
-0.00834,1.661228888681568
-0.008337499999999999,1.661562832503426
-0.008335,1.661228888681568
-0.0083325,1.660894944859709
-0.008330000000000001,1.661228888681568
-0.0083275,1.661562832503426
-0.008325000000000001,1.661228888681568
-0.0083225,1.660894944859709
-0.008319999999999999,1.661562832503426
-0.0083175,1.661562832503426
-0.008314999999999999,1.661562832503426
-0.0083125,1.661228888681568
-0.00831,1.661228888681568
-0.008307500000000001,1.660894944859709
-0.008305,1.661228888681568
-0.008302500000000001,1.661228888681568
-0.0083,1.661562832503426
-0.008297499999999999,1.661896776325285
-0.008295,1.661562832503426
-0.0082925,1.660894944859709
-0.00829,1.660894944859709
-0.0082875,1.661228888681568
-0.008285000000000001,1.661228888681568
-0.0082825,1.661562832503426
-0.008279999999999999,1.661562832503426
-0.0082775,1.661228888681568
-0.008274999999999999,1.660894944859709
-0.0082725,1.661228888681568
-0.00827,1.661228888681568
-0.008267500000000001,1.660894944859709
-0.008265,1.661228888681568
-0.008262500000000001,1.661562832503426
-0.00826,1.661562832503426
-0.008257499999999999,1.661228888681568
-0.008255,1.661562832503426
-0.008252499999999999,1.661228888681568
-0.00825,1.660894944859709
-0.0082475,1.660894944859709
-0.008245000000000001,1.661228888681568
-0.0082425,1.660894944859709
-0.008240000000000001,1.661228888681568
-0.0082375,1.661562832503426
-0.008234999999999999,1.661228888681568
-0.0082325,1.660894944859709
-0.008229999999999999,1.661228888681568
-0.0082275,1.661228888681568
-0.008225,1.661228888681568
-0.008222500000000001,1.661562832503426
-0.00822,1.661228888681568
-0.008217500000000001,1.661228888681568
-0.008215,1.661228888681568
-0.008212499999999999,1.660894944859709
-0.00821,1.661228888681568
-0.0082075,1.661228888681568
-0.008205,1.661228888681568
-0.0082025,1.661228888681568
-0.008200000000000001,1.661228888681568
-0.0081975,1.660894944859709
-0.008194999999999999,1.660894944859709
-0.0081925,1.660894944859709
-0.008189999999999999,1.660894944859709
-0.0081875,1.660894944859709
-0.008185,1.661228888681568
-0.008182500000000001,1.661228888681568
-0.00818,1.660894944859709
-0.008177500000000001,1.661562832503426
-0.008175,1.661562832503426
-0.008172499999999999,1.661228888681568
-0.00817,1.661228888681568
-0.008167499999999999,1.661562832503426
-0.008165,1.661228888681568
-0.0081625,1.661228888681568
-0.008160000000000001,1.661228888681568
-0.0081575,1.661228888681568
-0.008155000000000001,1.661228888681568
-0.0081525,1.661228888681568
-0.008149999999999999,1.661228888681568
-0.0081475,1.661228888681568
-0.008144999999999999,1.661228888681568
-0.0081425,1.661228888681568
-0.00814,1.661896776325285
-0.008137500000000001,1.661896776325285
-0.008135,1.661228888681568
-0.008132500000000001,1.661562832503426
-0.00813,1.661228888681568
-0.008127499999999999,1.661228888681568
-0.008125,1.660894944859709
-0.0081225,1.661228888681568
-0.00812,1.661562832503426
-0.0081175,1.660894944859709
-0.008115000000000001,1.661228888681568
-0.0081125,1.661228888681568
-0.008109999999999999,1.661228888681568
-0.0081075,1.661562832503426
-0.008104999999999999,1.660894944859709
-0.0081025,1.661228888681568
-0.0081,1.661562832503426
-0.008097500000000001,1.661228888681568
-0.008095,1.660561001037851
-0.008092500000000001,1.661228888681568
-0.00809,1.661228888681568
-0.008087499999999999,1.661228888681568
-0.008085,1.661562832503426
-0.008082499999999999,1.661228888681568
-0.00808,1.661228888681568
-0.0080775,1.661228888681568
-0.008075000000000001,1.661562832503426
-0.0080725,1.661562832503426
-0.008070000000000001,1.661228888681568
-0.0080675,1.661562832503426
-0.008064999999999999,1.661228888681568
-0.0080625,1.661228888681568
-0.008059999999999999,1.661562832503426
-0.0080575,1.660894944859709
-0.008055,1.660894944859709
-0.008052500000000001,1.660894944859709
-0.00805,1.660894944859709
-0.008047500000000001,1.661228888681568
-0.008045,1.660894944859709
-0.008042499999999999,1.661228888681568
-0.00804,1.661228888681568
-0.0080375,1.660894944859709
-0.008035,1.661562832503426
-0.0080325,1.661562832503426
-0.008030000000000001,1.661228888681568
-0.0080275,1.661228888681568
-0.008024999999999999,1.661228888681568
-0.0080225,1.661228888681568
-0.008019999999999999,1.661228888681568
-0.0080175,1.660894944859709
-0.008015,1.661228888681568
-0.008012500000000001,1.661562832503426
-0.00801,1.661228888681568
-0.008007500000000001,1.661562832503426
-0.008005,1.661228888681568
-0.008002499999999999,1.661228888681568
-0.008,1.661228888681568
-0.007997499999999999,1.660894944859709
-0.007995,1.661228888681568
-0.0079925,1.661228888681568
-0.007990000000000001,1.660894944859709
-0.0079875,1.660894944859709
-0.007985000000000001,1.660894944859709
-0.0079825,1.661228888681568
-0.007979999999999999,1.660894944859709
-0.0079775,1.661228888681568
-0.007974999999999999,1.661228888681568
-0.0079725,1.660894944859709
-0.00797,1.660561001037851
-0.007967500000000001,1.661562832503426
-0.007965,1.661228888681568
-0.007962500000000001,1.660894944859709
-0.00796,1.660894944859709
-0.007957499999999999,1.660894944859709
-0.007955,1.660894944859709
-0.007952499999999999,1.661562832503426
-0.00795,1.660894944859709
-0.0079475,1.660894944859709
-0.007945000000000001,1.660894944859709
-0.0079425,1.661228888681568
-0.007939999999999999,1.661562832503426
-0.0079375,1.660894944859709
-0.007934999999999999,1.661228888681568
-0.0079325,1.661562832503426
-0.00793,1.660894944859709
-0.007927500000000001,1.660894944859709
-0.007925,1.661228888681568
-0.007922500000000001,1.661228888681568
-0.00792,1.661228888681568
-0.007917499999999999,1.661228888681568
-0.007915,1.661228888681568
-0.007912499999999999,1.660894944859709
-0.00791,1.661228888681568
-0.0079075,1.661562832503426
-0.007905000000000001,1.661228888681568
-0.0079025,1.661562832503426
-0.007900000000000001,1.660894944859709
-0.0078975,1.660894944859709
-0.007894999999999999,1.660894944859709
-0.0078925,1.660894944859709
-0.007889999999999999,1.661228888681568
-0.0078875,1.661562832503426
-0.007885,1.661562832503426
-0.007882500000000001,1.661562832503426
-0.00788,1.660894944859709
-0.007877500000000001,1.661228888681568
-0.007875,1.661228888681568
-0.007872499999999999,1.661228888681568
-0.00787,1.661228888681568
-0.007867499999999999,1.661228888681568
-0.007865,1.661228888681568
-0.0078625,1.660894944859709
-0.007860000000000001,1.660894944859709
-0.0078575,1.660894944859709
-0.007854999999999999,1.661228888681568
-0.0078525,1.660894944859709
-0.007849999999999999,1.661228888681568
-0.0078475,1.661562832503426
-0.007845,1.661562832503426
-0.007842500000000001,1.661228888681568
-0.00784,1.660894944859709
-0.007837500000000001,1.661228888681568
-0.007835,1.661228888681568
-0.007832499999999999,1.660894944859709
-0.00783,1.661228888681568
-0.007827499999999999,1.661228888681568
-0.007825,1.661228888681568
-0.0078225,1.661228888681568
-0.007820000000000001,1.661562832503426
-0.0078175,1.660894944859709
-0.007815000000000001,1.661228888681568
-0.0078125,1.660894944859709
-0.00781,1.661562832503426
-0.0078075,1.661228888681568
-0.007805,1.660894944859709
-0.0078025,1.660894944859709
-0.0078,1.660894944859709
-0.0077975,1.660894944859709
-0.007795,1.661228888681568
-0.0077925,1.661228888681568
-0.00779,1.660561001037851
-0.0077875,1.660894944859709
-0.007785,1.661228888681568
-0.0077825,1.660894944859709
-0.00778,1.660894944859709
-0.0077775,1.660894944859709
-0.007775,1.660894944859709
-0.0077725,1.660894944859709
-0.00777,1.661562832503426
-0.0077675,1.661228888681568
-0.007765,1.661228888681568
-0.0077625,1.661228888681568
-0.00776,1.660894944859709
-0.0077575,1.660561001037851
-0.007755,1.660894944859709
-0.0077525,1.660894944859709
-0.00775,1.660894944859709
-0.0077475,1.661228888681568
-0.007745,1.661562832503426
-0.0077425,1.661562832503426
-0.00774,1.661228888681568
-0.0077375,1.660894944859709
-0.007735,1.660894944859709
-0.0077325,1.660894944859709
-0.00773,1.661228888681568
-0.0077275,1.661228888681568
-0.007725,1.661228888681568
-0.0077225,1.660894944859709
-0.00772,1.661228888681568
-0.0077175,1.661228888681568
-0.007715,1.661228888681568
-0.0077125,1.661228888681568
-0.00771,1.661228888681568
-0.0077075,1.661228888681568
-0.007705,1.661228888681568
-0.0077025,1.661228888681568
-0.0077,1.661228888681568
-0.0076975,1.660894944859709
-0.007695,1.660894944859709
-0.0076925,1.661228888681568
-0.00769,1.661228888681568
-0.0076875,1.661228888681568
-0.007685,1.660894944859709
-0.0076825,1.661228888681568
-0.00768,1.661228888681568
-0.0076775,1.660894944859709
-0.007675,1.661228888681568
-0.0076725,1.661228888681568
-0.00767,1.661228888681568
-0.0076675,1.661228888681568
-0.007665,1.660894944859709
-0.0076625,1.661228888681568
-0.00766,1.661228888681568
-0.0076575,1.661228888681568
-0.007655,1.660894944859709
-0.0076525,1.661228888681568
-0.00765,1.660561001037851
-0.0076475,1.661562832503426
-0.007645,1.660894944859709
-0.0076425,1.661228888681568
-0.00764,1.661228888681568
-0.0076375,1.661562832503426
-0.007635,1.661228888681568
-0.0076325,1.661562832503426
-0.00763,1.661228888681568
-0.0076275,1.661228888681568
-0.007625,1.660894944859709
-0.0076225,1.660894944859709
-0.00762,1.661228888681568
-0.0076175,1.661228888681568
-0.007615,1.661228888681568
-0.0076125,1.660894944859709
-0.00761,1.660894944859709
-0.0076075,1.660894944859709
-0.007605,1.661228888681568
-0.0076025,1.661228888681568
-0.0076,1.660894944859709
-0.0075975,1.661562832503426
-0.007595,1.661228888681568
-0.0075925,1.661228888681568
-0.00759,1.661228888681568
-0.0075875,1.660894944859709
-0.007585,1.661228888681568
-0.0075825,1.660894944859709
-0.00758,1.660894944859709
-0.0075775,1.661228888681568
-0.007575,1.661228888681568
-0.0075725,1.661228888681568
-0.00757,1.661228888681568
-0.0075675,1.661228888681568
-0.007565,1.661228888681568
-0.0075625,1.661228888681568
-0.00756,1.661228888681568
-0.0075575,1.661228888681568
-0.007555,1.660894944859709
-0.0075525,1.661562832503426
-0.00755,1.661228888681568
-0.0075475,1.661228888681568
-0.007545,1.661228888681568
-0.0075425,1.661228888681568
-0.00754,1.661228888681568
-0.0075375,1.661228888681568
-0.007535,1.661228888681568
-0.0075325,1.661562832503426
-0.00753,1.661562832503426
-0.0075275,1.661562832503426
-0.007525,1.661562832503426
-0.0075225,1.661562832503426
-0.00752,1.661562832503426
-0.0075175,1.661228888681568
-0.007515,1.661228888681568
-0.0075125,1.661228888681568
-0.00751,1.661228888681568
-0.0075075,1.661228888681568
-0.007505,1.660561001037851
-0.0075025,1.660894944859709
-0.0075,1.661228888681568
-0.0074975,1.661562832503426
-0.007495,1.661562832503426
-0.0074925,1.661562832503426
-0.00749,1.660894944859709
-0.0074875,1.661228888681568
-0.007485,1.661228888681568
-0.0074825,1.661228888681568
-0.00748,1.661562832503426
-0.0074775,1.661562832503426
-0.007475,1.661562832503426
-0.0074725,1.661562832503426
-0.00747,1.661562832503426
-0.0074675,1.661228888681568
-0.007465,1.661228888681568
-0.0074625,1.661228888681568
-0.00746,1.661896776325285
-0.0074575,1.661896776325285
-0.007455,1.661562832503426
-0.0074525,1.661896776325285
-0.00745,1.661228888681568
-0.0074475,1.660894944859709
-0.007445,1.660561001037851
-0.0074425,1.660894944859709
-0.00744,1.661562832503426
-0.0074375,1.661228888681568
-0.007435,1.661228888681568
-0.0074325,1.660894944859709
-0.00743,1.660894944859709
-0.0074275,1.661228888681568
-0.007425,1.661228888681568
-0.0074225,1.661228888681568
-0.00742,1.661562832503426
-0.0074175,1.660894944859709
-0.007415,1.661228888681568
-0.0074125,1.660894944859709
-0.00741,1.661228888681568
-0.0074075,1.661228888681568
-0.007405,1.661228888681568
-0.0074025,1.661562832503426
-0.0074,1.661896776325285
-0.0073975,1.661228888681568
-0.007395,1.661228888681568
-0.0073925,1.661562832503426
-0.00739,1.661562832503426
-0.0073875,1.661562832503426
-0.007385,1.661228888681568
-0.0073825,1.661228888681568
-0.00738,1.661562832503426
-0.0073775,1.661562832503426
-0.007375,1.661228888681568
-0.0073725,1.661562832503426
-0.00737,1.660894944859709
-0.0073675,1.660894944859709
-0.007365,1.660894944859709
-0.0073625,1.661228888681568
-0.00736,1.661562832503426
-0.0073575,1.661562832503426
-0.007355,1.661228888681568
-0.0073525,1.661562832503426
-0.00735,1.661228888681568
-0.0073475,1.661228888681568
-0.007345,1.661228888681568
-0.0073425,1.661228888681568
-0.00734,1.661562832503426
-0.0073375,1.661228888681568
-0.007335,1.660894944859709
-0.0073325,1.661562832503426
-0.00733,1.661228888681568
-0.0073275,1.661228888681568
-0.007325,1.660894944859709
-0.0073225,1.660894944859709
-0.00732,1.661562832503426
-0.0073175,1.661562832503426
-0.007315,1.660894944859709
-0.0073125,1.661228888681568
-0.00731,1.660894944859709
-0.0073075,1.661228888681568
-0.007305,1.661562832503426
-0.0073025,1.661228888681568
-0.0073,1.661228888681568
-0.0072975,1.661562832503426
-0.007295,1.660894944859709
-0.0072925,1.661228888681568
-0.00729,1.661562832503426
-0.0072875,1.661228888681568
-0.007285,1.661562832503426
-0.0072825,1.660894944859709
-0.00728,1.661228888681568
-0.0072775,1.660894944859709
-0.007275,1.660894944859709
-0.0072725,1.661228888681568
-0.00727,1.660894944859709
-0.0072675,1.661562832503426
-0.007265,1.661228888681568
-0.0072625,1.661228888681568
-0.00726,1.661228888681568
-0.0072575,1.661228888681568
-0.007255,1.660894944859709
-0.0072525,1.660894944859709
-0.00725,1.661228888681568
-0.0072475,1.661228888681568
-0.007245,1.660894944859709
-0.0072425,1.661562832503426
-0.00724,1.661562832503426
-0.0072375,1.660894944859709
-0.007235,1.661228888681568
-0.0072325,1.661228888681568
-0.00723,1.660894944859709
-0.0072275,1.661228888681568
-0.007225,1.661228888681568
-0.0072225,1.661228888681568
-0.00722,1.661562832503426
-0.0072175,1.660894944859709
-0.007215,1.660894944859709
-0.0072125,1.660894944859709
-0.00721,1.661228888681568
-0.0072075,1.661228888681568
-0.007205,1.661228888681568
-0.0072025,1.661562832503426
-0.0072,1.661228888681568
-0.0071975,1.660894944859709
-0.007195,1.661228888681568
-0.0071925,1.660561001037851
-0.00719,1.660894944859709
-0.0071875,1.660894944859709
-0.007185,1.661562832503426
-0.0071825,1.661228888681568
-0.00718,1.661228888681568
-0.0071775,1.661228888681568
-0.007175,1.661228888681568
-0.0071725,1.661562832503426
-0.00717,1.661228888681568
-0.0071675,1.661228888681568
-0.007165,1.661562832503426
-0.0071625,1.661228888681568
-0.00716,1.660894944859709
-0.0071575,1.660894944859709
-0.007155,1.661228888681568
-0.0071525,1.661228888681568
-0.00715,1.661228888681568
-0.0071475,1.661228888681568
-0.007145,1.661228888681568
-0.0071425,1.661228888681568
-0.00714,1.660894944859709
-0.0071375,1.660894944859709
-0.007135,1.660561001037851
-0.0071325,1.660894944859709
-0.00713,1.660561001037851
-0.0071275,1.660894944859709
-0.007125,1.660894944859709
-0.0071225,1.661228888681568
-0.00712,1.660894944859709
-0.0071175,1.660894944859709
-0.007115,1.661228888681568
-0.0071125,1.661228888681568
-0.00711,1.660561001037851
-0.0071075,1.660561001037851
-0.007105,1.661228888681568
-0.0071025,1.661228888681568
-0.0071,1.660894944859709
-0.0070975,1.660894944859709
-0.007095,1.661228888681568
-0.0070925,1.661228888681568
-0.00709,1.660561001037851
-0.0070875,1.661228888681568
-0.007085,1.661228888681568
-0.0070825,1.661562832503426
-0.00708,1.661228888681568
-0.0070775,1.661228888681568
-0.007075,1.661228888681568
-0.0070725,1.660894944859709
-0.00707,1.660561001037851
-0.0070675,1.661228888681568
-0.007065,1.661228888681568
-0.0070625,1.660894944859709
-0.00706,1.661228888681568
-0.0070575,1.660894944859709
-0.007055,1.661228888681568
-0.0070525,1.661228888681568
-0.00705,1.661228888681568
-0.0070475,1.661228888681568
-0.007045,1.661228888681568
-0.0070425,1.661562832503426
-0.00704,1.661228888681568
-0.0070375,1.661562832503426
-0.007035,1.660894944859709
-0.0070325,1.660894944859709
-0.00703,1.661228888681568
-0.0070275,1.661228888681568
-0.007025,1.660894944859709
-0.0070225,1.661228888681568
-0.00702,1.660894944859709
-0.0070175,1.660894944859709
-0.007015,1.660894944859709
-0.0070125,1.660894944859709
-0.00701,1.661562832503426
-0.0070075,1.661228888681568
-0.007005,1.661228888681568
-0.0070025,1.661228888681568
-0.007,1.661228888681568
-0.0069975,1.660894944859709
-0.006995,1.661228888681568
-0.0069925,1.660894944859709
-0.00699,1.660561001037851
-0.0069875,1.661228888681568
-0.006985,1.661228888681568
-0.0069825,1.661562832503426
-0.00698,1.660894944859709
-0.0069775,1.660894944859709
-0.006975,1.661228888681568
-0.0069725,1.660894944859709
-0.00697,1.661228888681568
-0.0069675,1.660894944859709
-0.006965,1.661228888681568
-0.0069625,1.661228888681568
-0.00696,1.660894944859709
-0.0069575,1.660894944859709
-0.006955,1.661228888681568
-0.0069525,1.661228888681568
-0.00695,1.661896776325285
-0.0069475,1.661228888681568
-0.006945,1.661562832503426
-0.0069425,1.661228888681568
-0.00694,1.660894944859709
-0.0069375,1.661228888681568
-0.006935,1.660894944859709
-0.0069325,1.661228888681568
-0.00693,1.661228888681568
-0.0069275,1.660894944859709
-0.006925,1.661228888681568
-0.0069225,1.661228888681568
-0.00692,1.661228888681568
-0.0069175,1.661228888681568
-0.006915,1.660894944859709
-0.0069125,1.660894944859709
-0.00691,1.660894944859709
-0.0069075,1.661228888681568
-0.006905,1.661228888681568
-0.0069025,1.661562832503426
-0.0069,1.661228888681568
-0.0068975,1.660561001037851
-0.006895,1.661228888681568
-0.0068925,1.661562832503426
-0.00689,1.661228888681568
-0.0068875,1.661228888681568
-0.006885,1.661228888681568
-0.0068825,1.661228888681568
-0.00688,1.661562832503426
-0.0068775,1.661228888681568
-0.006875,1.660894944859709
-0.0068725,1.661228888681568
-0.00687,1.660894944859709
-0.0068675,1.660894944859709
-0.006865,1.660894944859709
-0.0068625,1.661228888681568
-0.00686,1.660561001037851
-0.0068575,1.661228888681568
-0.006855,1.661228888681568
-0.0068525,1.661228888681568
-0.00685,1.661228888681568
-0.0068475,1.661228888681568
-0.006845,1.660894944859709
-0.0068425,1.660561001037851
-0.00684,1.661228888681568
-0.0068375,1.660894944859709
-0.006835,1.660894944859709
-0.0068325,1.660894944859709
-0.00683,1.661228888681568
-0.0068275,1.661228888681568
-0.006825,1.661228888681568
-0.0068225,1.660561001037851
-0.00682,1.660894944859709
-0.0068175,1.661228888681568
-0.006815,1.660894944859709
-0.0068125,1.661228888681568
-0.00681,1.661228888681568
-0.0068075,1.661228888681568
-0.006805,1.660894944859709
-0.0068025,1.660894944859709
-0.0068,1.660561001037851
-0.0067975,1.661228888681568
-0.006795,1.661562832503426
-0.0067925,1.661562832503426
-0.00679,1.661228888681568
-0.0067875,1.661562832503426
-0.006785,1.661228888681568
-0.0067825,1.661228888681568
-0.00678,1.661228888681568
-0.0067775,1.661896776325285
-0.006775,1.661228888681568
-0.0067725,1.661228888681568
-0.00677,1.661562832503426
-0.0067675,1.661562832503426
-0.006765,1.661562832503426
-0.0067625,1.661228888681568
-0.00676,1.661228888681568
-0.0067575,1.661228888681568
-0.006755,1.661228888681568
-0.0067525,1.661228888681568
-0.00675,1.661228888681568
-0.0067475,1.661228888681568
-0.006745,1.660894944859709
-0.0067425,1.661562832503426
-0.00674,1.660894944859709
-0.0067375,1.661228888681568
-0.006735,1.660894944859709
-0.0067325,1.661562832503426
-0.00673,1.661228888681568
-0.0067275,1.660894944859709
-0.006725,1.661562832503426
-0.0067225,1.661562832503426
-0.00672,1.661562832503426
-0.0067175,1.661228888681568
-0.006715,1.661228888681568
-0.0067125,1.661562832503426
-0.00671,1.661228888681568
-0.0067075,1.660894944859709
-0.006705,1.660894944859709
-0.0067025,1.661228888681568
-0.0067,1.661228888681568
-0.0066975,1.660894944859709
-0.006695,1.660894944859709
-0.0066925,1.661228888681568
-0.00669,1.661228888681568
-0.0066875,1.660894944859709
-0.006685,1.660894944859709
-0.0066825,1.661228888681568
-0.00668,1.660894944859709
-0.0066775,1.661228888681568
-0.006675,1.661562832503426
-0.0066725,1.661228888681568
-0.00667,1.661228888681568
-0.0066675,1.661228888681568
-0.006665,1.661228888681568
-0.0066625,1.661562832503426
-0.00666,1.661228888681568
-0.0066575,1.661562832503426
-0.006655,1.661228888681568
-0.0066525,1.661228888681568
-0.00665,1.661228888681568
-0.0066475,1.660894944859709
-0.006645,1.660894944859709
-0.0066425,1.661228888681568
-0.00664,1.660894944859709
-0.0066375,1.661228888681568
-0.006635,1.661228888681568
-0.0066325,1.660894944859709
-0.00663,1.661228888681568
-0.0066275,1.661562832503426
-0.006625,1.661562832503426
-0.0066225,1.661228888681568
-0.00662,1.661228888681568
-0.0066175,1.661562832503426
-0.006615,1.661562832503426
-0.0066125,1.661562832503426
-0.00661,1.661228888681568
-0.0066075,1.661228888681568
-0.006605,1.661228888681568
-0.0066025,1.661228888681568
-0.0066,1.661228888681568
-0.0065975,1.661228888681568
-0.006595,1.661228888681568
-0.0065925,1.661562832503426
-0.00659,1.660894944859709
-0.0065875,1.661562832503426
-0.006585,1.661562832503426
-0.0065825,1.661228888681568
-0.00658,1.661228888681568
-0.0065775,1.661228888681568
-0.006575,1.661228888681568
-0.0065725,1.661562832503426
-0.00657,1.661228888681568
-0.0065675,1.661228888681568
-0.006565,1.661228888681568
-0.0065625,1.661228888681568
-0.00656,1.661228888681568
-0.0065575,1.661228888681568
-0.006555,1.661228888681568
-0.0065525,1.661562832503426
-0.00655,1.661228888681568
-0.0065475,1.661228888681568
-0.006545,1.661228888681568
-0.0065425,1.661562832503426
-0.00654,1.661228888681568
-0.0065375,1.661562832503426
-0.006535,1.661562832503426
-0.0065325,1.661562832503426
-0.00653,1.660894944859709
-0.0065275,1.661228888681568
-0.006525,1.661228888681568
-0.0065225,1.661228888681568
-0.00652,1.661228888681568
-0.0065175,1.661562832503426
-0.006515,1.661228888681568
-0.0065125,1.661228888681568
-0.00651,1.661228888681568
-0.0065075,1.661228888681568
-0.006505,1.661228888681568
-0.0065025,1.661228888681568
-0.0065,1.661228888681568
-0.0064975,1.661562832503426
-0.006495,1.661562832503426
-0.0064925,1.661228888681568
-0.00649,1.660894944859709
-0.0064875,1.661562832503426
-0.006485,1.661228888681568
-0.0064825,1.660894944859709
-0.00648,1.661228888681568
-0.0064775,1.661228888681568
-0.006475,1.661228888681568
-0.0064725,1.661562832503426
-0.00647,1.661228888681568
-0.0064675,1.661228888681568
-0.006465,1.661562832503426
-0.0064625,1.661562832503426
-0.00646,1.661562832503426
-0.0064575,1.661228888681568
-0.006455,1.661228888681568
-0.0064525,1.660894944859709
-0.00645,1.660894944859709
-0.0064475,1.661228888681568
-0.006445,1.661228888681568
-0.0064425,1.661228888681568
-0.00644,1.661228888681568
-0.0064375,1.661562832503426
-0.006435,1.661562832503426
-0.0064325,1.661228888681568
-0.00643,1.661228888681568
-0.0064275,1.661228888681568
-0.006425,1.661228888681568
-0.0064225,1.661228888681568
-0.00642,1.661562832503426
-0.0064175,1.661228888681568
-0.006415,1.661562832503426
-0.0064125,1.661228888681568
-0.00641,1.661228888681568
-0.0064075,1.660894944859709
-0.006405,1.661228888681568
-0.0064025,1.661562832503426
-0.0064,1.661562832503426
-0.0063975,1.660894944859709
-0.006395,1.660894944859709
-0.0063925,1.660894944859709
-0.00639,1.660561001037851
-0.0063875,1.661228888681568
-0.006385,1.661228888681568
-0.0063825,1.661228888681568
-0.00638,1.660561001037851
-0.0063775,1.661562832503426
-0.006375,1.661228888681568
-0.0063725,1.660894944859709
-0.00637,1.661228888681568
-0.0063675,1.660894944859709
-0.006365,1.660894944859709
-0.0063625,1.661228888681568
-0.00636,1.661228888681568
-0.0063575,1.660894944859709
-0.006355,1.660894944859709
-0.0063525,1.660894944859709
-0.00635,1.660894944859709
-0.0063475,1.661228888681568
-0.006345,1.661228888681568
-0.0063425,1.660894944859709
-0.00634,1.660894944859709
-0.0063375,1.661562832503426
-0.006335,1.660894944859709
-0.0063325,1.661562832503426
-0.00633,1.660894944859709
-0.0063275,1.660561001037851
-0.006325,1.661562832503426
-0.0063225,1.661228888681568
-0.00632,1.661228888681568
-0.0063175,1.661562832503426
-0.006315,1.661562832503426
-0.0063125,1.661228888681568
-0.00631,1.661228888681568
-0.0063075,1.660894944859709
-0.006305,1.661562832503426
-0.0063025,1.661228888681568
-0.0063,1.661228888681568
-0.0062975,1.661562832503426
-0.006295,1.660894944859709
-0.0062925,1.661228888681568
-0.00629,1.661228888681568
-0.0062875,1.661228888681568
-0.006285,1.661228888681568
-0.0062825,1.660894944859709
-0.00628,1.660894944859709
-0.0062775,1.661228888681568
-0.006275,1.661228888681568
-0.0062725,1.660894944859709
-0.00627,1.660894944859709
-0.0062675,1.660894944859709
-0.006265,1.661228888681568
-0.0062625,1.661228888681568
-0.00626,1.661228888681568
-0.0062575,1.661228888681568
-0.006255,1.660894944859709
-0.0062525,1.660894944859709
-0.00625,1.661228888681568
-0.0062475,1.661228888681568
-0.006245,1.661228888681568
-0.0062425,1.661228888681568
-0.00624,1.661562832503426
-0.0062375,1.660894944859709
-0.006235,1.661228888681568
-0.0062325,1.660561001037851
-0.00623,1.660894944859709
-0.0062275,1.661228888681568
-0.006225,1.661896776325285
-0.0062225,1.661228888681568
-0.00622,1.661228888681568
-0.0062175,1.661228888681568
-0.006215,1.661228888681568
-0.0062125,1.660561001037851
-0.00621,1.660894944859709
-0.0062075,1.660894944859709
-0.006205,1.660894944859709
-0.0062025,1.661228888681568
-0.0062,1.660894944859709
-0.0061975,1.661228888681568
-0.006195,1.661228888681568
-0.0061925,1.660894944859709
-0.00619,1.660894944859709
-0.0061875,1.660894944859709
-0.006185,1.661228888681568
-0.0061825,1.661228888681568
-0.00618,1.661562832503426
-0.0061775,1.660894944859709
-0.006175,1.660894944859709
-0.0061725,1.660894944859709
-0.00617,1.660894944859709
-0.0061675,1.660894944859709
-0.006165,1.661228888681568
-0.0061625,1.660894944859709
-0.00616,1.660561001037851
-0.0061575,1.661228888681568
-0.006155,1.661562832503426
-0.0061525,1.661228888681568
-0.00615,1.660894944859709
-0.0061475,1.661228888681568
-0.006145,1.661562832503426
-0.0061425,1.661228888681568
-0.00614,1.661228888681568
-0.0061375,1.660894944859709
-0.006135,1.660894944859709
-0.0061325,1.660894944859709
-0.00613,1.661562832503426
-0.0061275,1.661228888681568
-0.006125,1.661228888681568
-0.0061225,1.661228888681568
-0.00612,1.661228888681568
-0.0061175,1.661228888681568
-0.006115,1.661562832503426
-0.0061125,1.661228888681568
-0.00611,1.661228888681568
-0.0061075,1.661228888681568
-0.006105,1.661228888681568
-0.0061025,1.661896776325285
-0.0061,1.661228888681568
-0.0060975,1.661228888681568
-0.006095,1.661562832503426
-0.0060925,1.661562832503426
-0.00609,1.661228888681568
-0.0060875,1.660894944859709
-0.006085,1.660894944859709
-0.0060825,1.661228888681568
-0.00608,1.661562832503426
-0.0060775,1.660894944859709
-0.006075,1.660894944859709
-0.0060725,1.661228888681568
-0.00607,1.660894944859709
-0.0060675,1.661562832503426
-0.006065,1.661228888681568
-0.0060625,1.661228888681568
-0.00606,1.661228888681568
-0.0060575,1.661228888681568
-0.006055,1.661228888681568
-0.0060525,1.661562832503426
-0.00605,1.661228888681568
-0.0060475,1.661562832503426
-0.006045,1.661562832503426
-0.0060425,1.661228888681568
-0.00604,1.660894944859709
-0.0060375,1.661562832503426
-0.006035,1.661562832503426
-0.0060325,1.660894944859709
-0.00603,1.661228888681568
-0.0060275,1.660894944859709
-0.006025,1.661562832503426
-0.0060225,1.660894944859709
-0.00602,1.660561001037851
-0.0060175,1.661228888681568
-0.006015,1.661562832503426
-0.0060125,1.661228888681568
-0.00601,1.661228888681568
-0.0060075,1.661562832503426
-0.006005,1.660894944859709
-0.0060025,1.661228888681568
-0.006,1.660894944859709
-0.0059975,1.661228888681568
-0.005995,1.661228888681568
-0.0059925,1.660894944859709
-0.00599,1.660894944859709
-0.0059875,1.661228888681568
-0.005985,1.660894944859709
-0.0059825,1.661228888681568
-0.00598,1.661228888681568
-0.0059775,1.660894944859709
-0.005975,1.660894944859709
-0.0059725,1.660894944859709
-0.00597,1.661562832503426
-0.0059675,1.661562832503426
-0.005965,1.661562832503426
-0.0059625,1.660894944859709
-0.00596,1.660561001037851
-0.0059575,1.661228888681568
-0.005955,1.660561001037851
-0.0059525,1.661228888681568
-0.00595,1.661896776325285
-0.0059475,1.661562832503426
-0.005945,1.660894944859709
-0.0059425,1.660894944859709
-0.00594,1.660894944859709
-0.0059375,1.660894944859709
-0.005935,1.661228888681568
-0.0059325,1.660561001037851
-0.00593,1.661228888681568
-0.0059275,1.661228888681568
-0.005925,1.661228888681568
-0.0059225,1.661228888681568
-0.00592,1.661228888681568
-0.0059175,1.660894944859709
-0.005915,1.660894944859709
-0.0059125,1.661228888681568
-0.00591,1.661562832503426
-0.0059075,1.661228888681568
-0.005905,1.661228888681568
-0.0059025,1.661228888681568
-0.0059,1.660894944859709
-0.0058975,1.660894944859709
-0.005895,1.660894944859709
-0.0058925,1.660894944859709
-0.00589,1.661228888681568
-0.0058875,1.661228888681568
-0.005885,1.660894944859709
-0.0058825,1.660894944859709
-0.00588,1.661228888681568
-0.0058775,1.660894944859709
-0.005875,1.661228888681568
-0.0058725,1.660894944859709
-0.00587,1.660894944859709
-0.0058675,1.661228888681568
-0.005865,1.661562832503426
-0.0058625,1.661228888681568
-0.00586,1.661562832503426
-0.0058575,1.661228888681568
-0.005855,1.660894944859709
-0.0058525,1.661228888681568
-0.00585,1.660894944859709
-0.0058475,1.661562832503426
-0.005845,1.660894944859709
-0.0058425,1.660561001037851
-0.00584,1.660894944859709
-0.0058375,1.660894944859709
-0.005835,1.661228888681568
-0.0058325,1.661562832503426
-0.00583,1.661228888681568
-0.0058275,1.661562832503426
-0.005825,1.661896776325285
-0.0058225,1.661228888681568
-0.00582,1.660894944859709
-0.0058175,1.661228888681568
-0.005815,1.660894944859709
-0.0058125,1.661562832503426
-0.00581,1.661562832503426
-0.0058075,1.661562832503426
-0.005805,1.661228888681568
-0.0058025,1.661562832503426
-0.0058,1.660894944859709
-0.0057975,1.661228888681568
-0.005795,1.661228888681568
-0.0057925,1.661896776325285
-0.00579,1.661228888681568
-0.0057875,1.661562832503426
-0.005785,1.661562832503426
-0.0057825,1.660894944859709
-0.00578,1.660894944859709
-0.0057775,1.660894944859709
-0.005775,1.661228888681568
-0.0057725,1.661228888681568
-0.00577,1.661228888681568
-0.0057675,1.661228888681568
-0.005765,1.661228888681568
-0.0057625,1.660894944859709
-0.00576,1.660894944859709
-0.0057575,1.661562832503426
-0.005755,1.661228888681568
-0.0057525,1.661228888681568
-0.00575,1.660894944859709
-0.0057475,1.660894944859709
-0.005745,1.660894944859709
-0.0057425,1.661228888681568
-0.00574,1.661228888681568
-0.0057375,1.661228888681568
-0.005735,1.661228888681568
-0.0057325,1.661562832503426
-0.00573,1.661562832503426
-0.0057275,1.661228888681568
-0.005725,1.661228888681568
-0.0057225,1.661228888681568
-0.00572,1.661228888681568
-0.0057175,1.661228888681568
-0.005715,1.661562832503426
-0.0057125,1.660894944859709
-0.00571,1.660894944859709
-0.0057075,1.661228888681568
-0.005705,1.661228888681568
-0.0057025,1.661228888681568
-0.0057,1.661228888681568
-0.0056975,1.661562832503426
-0.005695,1.661228888681568
-0.0056925,1.661228888681568
-0.00569,1.661228888681568
-0.0056875,1.661228888681568
-0.005685,1.660894944859709
-0.0056825,1.660894944859709
-0.00568,1.660894944859709
-0.0056775,1.661228888681568
-0.005675,1.661228888681568
-0.0056725,1.661228888681568
-0.00567,1.661228888681568
-0.0056675,1.661228888681568
-0.005665,1.661228888681568
-0.0056625,1.660894944859709
-0.00566,1.660894944859709
-0.0056575,1.661562832503426
-0.005655,1.661562832503426
-0.0056525,1.661228888681568
-0.00565,1.661228888681568
-0.0056475,1.661228888681568
-0.005645,1.661228888681568
-0.0056425,1.661228888681568
-0.00564,1.661896776325285
-0.0056375,1.661228888681568
-0.005635,1.661562832503426
-0.0056325,1.661562832503426
-0.00563,1.661562832503426
-0.0056275,1.661228888681568
-0.005625,1.660894944859709
-0.0056225,1.661562832503426
-0.00562,1.661228888681568
-0.0056175,1.661562832503426
-0.005615,1.661562832503426
-0.0056125,1.661562832503426
-0.00561,1.661228888681568
-0.0056075,1.661562832503426
-0.005605,1.660894944859709
-0.0056025,1.661228888681568
-0.0056,1.661228888681568
-0.0055975,1.661562832503426
-0.005595,1.661228888681568
-0.0055925,1.661562832503426
-0.00559,1.661228888681568
-0.0055875,1.661228888681568
-0.005585,1.661228888681568
-0.0055825,1.661228888681568
-0.00558,1.661562832503426
-0.0055775,1.661562832503426
-0.005575,1.661562832503426
-0.0055725,1.661562832503426
-0.00557,1.661562832503426
-0.0055675,1.661562832503426
-0.005565,1.661562832503426
-0.0055625,1.661562832503426
-0.00556,1.661562832503426
-0.0055575,1.661228888681568
-0.005555,1.661562832503426
-0.0055525,1.661562832503426
-0.00555,1.661228888681568
-0.0055475,1.661228888681568
-0.005545,1.661228888681568
-0.0055425,1.661228888681568
-0.00554,1.661562832503426
-0.0055375,1.661562832503426
-0.005535,1.661562832503426
-0.0055325,1.661228888681568
-0.00553,1.661228888681568
-0.0055275,1.660894944859709
-0.005525,1.661562832503426
-0.0055225,1.661562832503426
-0.00552,1.661228888681568
-0.0055175,1.661562832503426
-0.005515,1.661896776325285
-0.0055125,1.661562832503426
-0.00551,1.660894944859709
-0.0055075,1.661562832503426
-0.005505,1.661562832503426
-0.0055025,1.661228888681568
-0.0055,1.661562832503426
-0.0054975,1.661228888681568
-0.005495,1.661562832503426
-0.0054925,1.661228888681568
-0.00549,1.661228888681568
-0.0054875,1.661228888681568
-0.005485,1.661562832503426
-0.0054825,1.661562832503426
-0.00548,1.661896776325285
-0.0054775,1.661562832503426
-0.005475,1.661562832503426
-0.0054725,1.660894944859709
-0.00547,1.660894944859709
-0.0054675,1.661562832503426
-0.005465,1.661228888681568
-0.0054625,1.661562832503426
-0.00546,1.661228888681568
-0.0054575,1.661896776325285
-0.005455,1.661228888681568
-0.0054525,1.660894944859709
-0.00545,1.661228888681568
-0.0054475,1.661228888681568
-0.005445,1.660894944859709
-0.0054425,1.661228888681568
-0.00544,1.661562832503426
-0.0054375,1.661228888681568
-0.005435,1.661228888681568
-0.0054325,1.661228888681568
-0.00543,1.661228888681568
-0.0054275,1.661228888681568
-0.005425,1.661228888681568
-0.0054225,1.661562832503426
-0.00542,1.661562832503426
-0.0054175,1.661562832503426
-0.005415,1.661562832503426
-0.0054125,1.661228888681568
-0.00541,1.661228888681568
-0.0054075,1.661228888681568
-0.005405,1.661562832503426
-0.0054025,1.661896776325285
-0.0054,1.661896776325285
-0.0053975,1.661228888681568
-0.005395,1.661228888681568
-0.0053925,1.661228888681568
-0.00539,1.661562832503426
-0.0053875,1.661228888681568
-0.005385,1.661562832503426
-0.0053825,1.661228888681568
-0.00538,1.661562832503426
-0.0053775,1.661228888681568
-0.005375,1.661228888681568
-0.0053725,1.660894944859709
-0.00537,1.661562832503426
-0.0053675,1.661562832503426
-0.005365,1.661562832503426
-0.0053625,1.661562832503426
-0.00536,1.661228888681568
-0.0053575,1.661228888681568
-0.005355,1.661562832503426
-0.0053525,1.661228888681568
-0.00535,1.661562832503426
-0.0053475,1.661228888681568
-0.005345,1.660894944859709
-0.0053425,1.661562832503426
-0.00534,1.661562832503426
-0.0053375,1.661228888681568
-0.005335,1.660894944859709
-0.0053325,1.660894944859709
-0.00533,1.660894944859709
-0.0053275,1.661562832503426
-0.005325,1.661562832503426
-0.0053225,1.661562832503426
-0.00532,1.661562832503426
-0.0053175,1.661562832503426
-0.005315,1.661228888681568
-0.0053125,1.661228888681568
-0.00531,1.661562832503426
-0.0053075,1.661562832503426
-0.005305,1.661562832503426
-0.0053025,1.660894944859709
-0.0053,1.661562832503426
-0.0052975,1.661228888681568
-0.005295,1.661228888681568
-0.0052925,1.660894944859709
-0.00529,1.661228888681568
-0.0052875,1.661562832503426
-0.005285,1.661228888681568
-0.0052825,1.661562832503426
-0.00528,1.661228888681568
-0.0052775,1.661562832503426
-0.005275,1.661228888681568
-0.0052725,1.660894944859709
-0.00527,1.660561001037851
-0.0052675,1.660894944859709
-0.005265,1.661228888681568
-0.0052625,1.661562832503426
-0.00526,1.660894944859709
-0.0052575,1.661228888681568
-0.005255,1.661228888681568
-0.0052525,1.660894944859709
-0.00525,1.661562832503426
-0.0052475,1.661562832503426
-0.005245,1.660894944859709
-0.0052425,1.661562832503426
-0.00524,1.661562832503426
-0.0052375,1.661562832503426
-0.005235,1.660894944859709
-0.0052325,1.661228888681568
-0.00523,1.661228888681568
-0.0052275,1.661228888681568
-0.005225,1.661562832503426
-0.0052225,1.661562832503426
-0.00522,1.661228888681568
-0.0052175,1.661228888681568
-0.005215,1.661228888681568
-0.0052125,1.661228888681568
-0.00521,1.661562832503426
-0.0052075,1.661562832503426
-0.005205,1.661562832503426
-0.0052025,1.661896776325285
-0.0052,1.661228888681568
-0.0051975,1.661228888681568
-0.005195,1.661562832503426
-0.0051925,1.661228888681568
-0.00519,1.660894944859709
-0.0051875,1.661228888681568
-0.005185,1.661228888681568
-0.0051825,1.661228888681568
-0.00518,1.660894944859709
-0.0051775,1.661228888681568
-0.005175,1.661228888681568
-0.0051725,1.661228888681568
-0.00517,1.661228888681568
-0.0051675,1.661228888681568
-0.005165,1.661228888681568
-0.0051625,1.661562832503426
-0.00516,1.661228888681568
-0.0051575,1.661228888681568
-0.005155,1.661228888681568
-0.0051525,1.661228888681568
-0.00515,1.661228888681568
-0.0051475,1.660894944859709
-0.005145,1.661228888681568
-0.0051425,1.661228888681568
-0.00514,1.661228888681568
-0.0051375,1.660894944859709
-0.005135,1.661562832503426
-0.0051325,1.661228888681568
-0.00513,1.661228888681568
-0.0051275,1.661562832503426
-0.005125,1.660894944859709
-0.0051225,1.661562832503426
-0.00512,1.661228888681568
-0.0051175,1.661228888681568
-0.005115,1.661228888681568
-0.0051125,1.661228888681568
-0.00511,1.661228888681568
-0.0051075,1.661896776325285
-0.005105,1.661562832503426
-0.0051025,1.661228888681568
-0.0051,1.661228888681568
-0.0050975,1.661228888681568
-0.005095,1.661228888681568
-0.0050925,1.661228888681568
-0.00509,1.661562832503426
-0.0050875,1.661896776325285
-0.005085,1.661228888681568
-0.0050825,1.661228888681568
-0.00508,1.661562832503426
-0.0050775,1.660894944859709
-0.005075,1.660894944859709
-0.0050725,1.661228888681568
-0.00507,1.661562832503426
-0.0050675,1.661562832503426
-0.005065,1.661228888681568
-0.0050625,1.661228888681568
-0.00506,1.661228888681568
-0.0050575,1.661228888681568
-0.005055,1.661228888681568
-0.0050525,1.661228888681568
-0.00505,1.661562832503426
-0.0050475,1.661228888681568
-0.005045,1.660894944859709
-0.0050425,1.661228888681568
-0.00504,1.661228888681568
-0.0050375,1.661228888681568
-0.005035,1.661562832503426
-0.0050325,1.661562832503426
-0.00503,1.661562832503426
-0.0050275,1.660894944859709
-0.005025,1.661562832503426
-0.0050225,1.661562832503426
-0.00502,1.661562832503426
-0.0050175,1.661228888681568
-0.005015,1.661228888681568
-0.0050125,1.661228888681568
-0.00501,1.661562832503426
-0.0050075,1.661228888681568
-0.005005,1.661562832503426
-0.0050025,1.661228888681568
-0.005,1.660894944859709
-0.0049975,1.660894944859709
-0.004995,1.661228888681568
-0.0049925,1.661228888681568
-0.00499,1.660894944859709
-0.0049875,1.660894944859709
-0.004985,1.660894944859709
-0.0049825,1.661228888681568
-0.00498,1.661228888681568
-0.0049775,1.661228888681568
-0.004975,1.661228888681568
-0.0049725,1.661228888681568
-0.00497,1.661228888681568
-0.0049675,1.661562832503426
-0.004965,1.661228888681568
-0.0049625,1.661228888681568
-0.00496,1.661562832503426
-0.0049575,1.660894944859709
-0.004955,1.661228888681568
-0.0049525,1.661228888681568
-0.00495,1.660894944859709
-0.0049475,1.661228888681568
-0.004945,1.661562832503426
-0.0049425,1.660894944859709
-0.00494,1.661228888681568
-0.0049375,1.661228888681568
-0.004935,1.661562832503426
-0.0049325,1.661228888681568
-0.00493,1.661228888681568
-0.0049275,1.661562832503426
-0.004925,1.661562832503426
-0.0049225,1.660894944859709
-0.00492,1.661562832503426
-0.0049175,1.661228888681568
-0.004915,1.660894944859709
-0.0049125,1.661228888681568
-0.00491,1.661228888681568
-0.0049075,1.661228888681568
-0.004905,1.661228888681568
-0.0049025,1.660561001037851
-0.0049,1.660894944859709
-0.0048975,1.660561001037851
-0.004895,1.661228888681568
-0.0048925,1.661228888681568
-0.00489,1.661228888681568
-0.0048875,1.661562832503426
-0.004885,1.661228888681568
-0.0048825,1.660894944859709
-0.00488,1.661228888681568
-0.0048775,1.660561001037851
-0.004875,1.660894944859709
-0.0048725,1.661228888681568
-0.00487,1.661228888681568
-0.0048675,1.661228888681568
-0.004865,1.661228888681568
-0.0048625,1.661228888681568
-0.00486,1.661228888681568
-0.0048575,1.661228888681568
-0.004855,1.660894944859709
-0.0048525,1.661228888681568
-0.00485,1.661562832503426
-0.0048475,1.661228888681568
-0.004845,1.660561001037851
-0.0048425,1.660561001037851
-0.00484,1.661228888681568
-0.0048375,1.661228888681568
-0.004835,1.661228888681568
-0.0048325,1.661228888681568
-0.00483,1.661228888681568
-0.0048275,1.661228888681568
-0.004825,1.660894944859709
-0.0048225,1.661228888681568
-0.00482,1.660894944859709
-0.0048175,1.661228888681568
-0.004815,1.661228888681568
-0.0048125,1.661228888681568
-0.00481,1.661228888681568
-0.0048075,1.661228888681568
-0.004805,1.660894944859709
-0.0048025,1.661228888681568
-0.0048,1.661228888681568
-0.0047975,1.661228888681568
-0.004795,1.660894944859709
-0.0047925,1.661562832503426
-0.00479,1.661562832503426
-0.0047875,1.661228888681568
-0.004785,1.661228888681568
-0.0047825,1.661228888681568
-0.00478,1.661228888681568
-0.0047775,1.661562832503426
-0.004775,1.661562832503426
-0.0047725,1.661562832503426
-0.00477,1.660894944859709
-0.0047675,1.661228888681568
-0.004765,1.661228888681568
-0.0047625,1.661228888681568
-0.00476,1.661228888681568
-0.0047575,1.661562832503426
-0.004755,1.661562832503426
-0.0047525,1.661896776325285
-0.00475,1.661562832503426
-0.0047475,1.661562832503426
-0.004745,1.660894944859709
-0.0047425,1.661228888681568
-0.00474,1.661228888681568
-0.0047375,1.660894944859709
-0.004735,1.661228888681568
-0.0047325,1.661562832503426
-0.00473,1.661562832503426
-0.0047275,1.661228888681568
-0.004725,1.661228888681568
-0.0047225,1.661228888681568
-0.00472,1.660894944859709
-0.0047175,1.661228888681568
-0.004715,1.661228888681568
-0.0047125,1.661562832503426
-0.00471,1.661228888681568
-0.0047075,1.660894944859709
-0.004705,1.661228888681568
-0.0047025,1.661228888681568
-0.0047,1.660894944859709
-0.0046975,1.661228888681568
-0.004695,1.661562832503426
-0.0046925,1.661228888681568
-0.00469,1.661228888681568
-0.0046875,1.660894944859709
-0.004685,1.661228888681568
-0.0046825,1.661228888681568
-0.00468,1.661228888681568
-0.0046775,1.660894944859709
-0.004675,1.661228888681568
-0.0046725,1.661228888681568
-0.00467,1.661228888681568
-0.0046675,1.660894944859709
-0.004665,1.661228888681568
-0.0046625,1.660894944859709
-0.00466,1.661228888681568
-0.0046575,1.661228888681568
-0.004655,1.661228888681568
-0.0046525,1.660894944859709
-0.00465,1.660894944859709
-0.0046475,1.661228888681568
-0.004645,1.661228888681568
-0.0046425,1.661228888681568
-0.00464,1.660894944859709
-0.0046375,1.660894944859709
-0.004635,1.661562832503426
-0.0046325,1.661562832503426
-0.00463,1.661228888681568
-0.0046275,1.660561001037851
-0.004625,1.661228888681568
-0.0046225,1.660561001037851
-0.00462,1.660894944859709
-0.0046175,1.661562832503426
-0.004615,1.661562832503426
-0.0046125,1.661228888681568
-0.00461,1.661228888681568
-0.0046075,1.660894944859709
-0.004605,1.661228888681568
-0.0046025,1.661228888681568
-0.0046,1.661228888681568
-0.0045975,1.661228888681568
-0.004595,1.661228888681568
-0.0045925,1.661228888681568
-0.00459,1.661228888681568
-0.0045875,1.660894944859709
-0.004585,1.661228888681568
-0.0045825,1.660894944859709
-0.00458,1.661228888681568
-0.0045775,1.661228888681568
-0.004575,1.660894944859709
-0.0045725,1.661228888681568
-0.00457,1.661228888681568
-0.0045675,1.661228888681568
-0.004565,1.660561001037851
-0.0045625,1.660894944859709
-0.00456,1.660894944859709
-0.0045575,1.661228888681568
-0.004555,1.661562832503426
-0.0045525,1.661228888681568
-0.00455,1.661228888681568
-0.0045475,1.660894944859709
-0.004545,1.660894944859709
-0.0045425,1.660894944859709
-0.00454,1.661228888681568
-0.0045375,1.661228888681568
-0.004535,1.661228888681568
-0.0045325,1.661228888681568
-0.00453,1.661228888681568
-0.0045275,1.660894944859709
-0.004525,1.660894944859709
-0.0045225,1.661228888681568
-0.00452,1.660894944859709
-0.0045175,1.660894944859709
-0.004515,1.661228888681568
-0.0045125,1.661228888681568
-0.00451,1.661228888681568
-0.0045075,1.661228888681568
-0.004505,1.661562832503426
-0.0045025,1.661228888681568
-0.0045,1.661228888681568
-0.0044975,1.660894944859709
-0.004495,1.661562832503426
-0.0044925,1.661228888681568
-0.00449,1.660894944859709
-0.0044875,1.660894944859709
-0.004485,1.661228888681568
-0.0044825,1.661562832503426
-0.00448,1.661562832503426
-0.0044775,1.661228888681568
-0.004475,1.660894944859709
-0.0044725,1.660894944859709
-0.00447,1.660894944859709
-0.0044675,1.660894944859709
-0.004465,1.661228888681568
-0.0044625,1.660894944859709
-0.00446,1.660894944859709
-0.0044575,1.660894944859709
-0.004455,1.660894944859709
-0.0044525,1.661228888681568
-0.00445,1.660894944859709
-0.0044475,1.660894944859709
-0.004445,1.661228888681568
-0.0044425,1.661228888681568
-0.00444,1.661562832503426
-0.0044375,1.661228888681568
-0.004435,1.661562832503426
-0.0044325,1.661228888681568
-0.00443,1.661562832503426
-0.0044275,1.661562832503426
-0.004425,1.661562832503426
-0.0044225,1.660894944859709
-0.00442,1.660894944859709
-0.0044175,1.661228888681568
-0.004415,1.661562832503426
-0.0044125,1.660894944859709
-0.00441,1.661228888681568
-0.0044075,1.661228888681568
-0.004405,1.660894944859709
-0.0044025,1.661562832503426
-0.0044,1.661562832503426
-0.0043975,1.661562832503426
-0.004395,1.661228888681568
-0.0043925,1.661228888681568
-0.00439,1.661228888681568
-0.0043875,1.660894944859709
-0.004385,1.660894944859709
-0.0043825,1.661228888681568
-0.00438,1.661228888681568
-0.0043775,1.661228888681568
-0.004375,1.661562832503426
-0.0043725,1.661562832503426
-0.00437,1.661228888681568
-0.0043675,1.661228888681568
-0.004365,1.661228888681568
-0.0043625,1.661228888681568
-0.00436,1.661562832503426
-0.0043575,1.661228888681568
-0.004355,1.661228888681568
-0.0043525,1.660894944859709
-0.00435,1.660894944859709
-0.0043475,1.661562832503426
-0.004345,1.660894944859709
-0.0043425,1.660894944859709
-0.00434,1.660894944859709
-0.0043375,1.661228888681568
-0.004335,1.661228888681568
-0.0043325,1.660894944859709
-0.00433,1.660894944859709
-0.0043275,1.661228888681568
-0.004325,1.661228888681568
-0.0043225,1.661562832503426
-0.00432,1.661562832503426
-0.0043175,1.661228888681568
-0.004315,1.661562832503426
-0.0043125,1.660561001037851
-0.00431,1.660561001037851
-0.0043075,1.661562832503426
-0.004305,1.660894944859709
-0.0043025,1.660894944859709
-0.0043,1.660561001037851
-0.0042975,1.661228888681568
-0.004295,1.660894944859709
-0.0042925,1.660894944859709
-0.00429,1.660561001037851
-0.0042875,1.660894944859709
-0.004285,1.661228888681568
-0.0042825,1.661228888681568
-0.00428,1.661562832503426
-0.0042775,1.661562832503426
-0.004275,1.661562832503426
-0.0042725,1.661228888681568
-0.00427,1.661562832503426
-0.0042675,1.661228888681568
-0.004265,1.661228888681568
-0.0042625,1.661562832503426
-0.00426,1.661562832503426
-0.0042575,1.661228888681568
-0.004255,1.661228888681568
-0.0042525,1.661228888681568
-0.00425,1.661228888681568
-0.0042475,1.661228888681568
-0.004245,1.660894944859709
-0.0042425,1.661228888681568
-0.00424,1.661896776325285
-0.0042375,1.661228888681568
-0.004235,1.661228888681568
-0.0042325,1.660894944859709
-0.00423,1.661228888681568
-0.0042275,1.661228888681568
-0.004225,1.661228888681568
-0.0042225,1.660561001037851
-0.00422,1.660894944859709
-0.0042175,1.661228888681568
-0.004215,1.661228888681568
-0.0042125,1.660894944859709
-0.00421,1.661228888681568
-0.0042075,1.661228888681568
-0.004205,1.661228888681568
-0.0042025,1.660894944859709
-0.0042,1.660894944859709
-0.0041975,1.660894944859709
-0.004195,1.660894944859709
-0.0041925,1.660894944859709
-0.00419,1.661228888681568
-0.0041875,1.661228888681568
-0.004185,1.661228888681568
-0.0041825,1.660894944859709
-0.00418,1.660894944859709
-0.0041775,1.661228888681568
-0.004175,1.660894944859709
-0.0041725,1.660894944859709
-0.00417,1.661228888681568
-0.0041675,1.661228888681568
-0.004165,1.661228888681568
-0.0041625,1.660894944859709
-0.00416,1.661228888681568
-0.0041575,1.660894944859709
-0.004155,1.660894944859709
-0.0041525,1.660561001037851
-0.00415,1.660894944859709
-0.0041475,1.661228888681568
-0.004145,1.661896776325285
-0.0041425,1.661562832503426
-0.00414,1.660894944859709
-0.0041375,1.661228888681568
-0.004135,1.661228888681568
-0.0041325,1.661228888681568
-0.00413,1.660894944859709
-0.0041275,1.661228888681568
-0.004125,1.661228888681568
-0.0041225,1.661228888681568
-0.00412,1.661562832503426
-0.0041175,1.661228888681568
-0.004115,1.660894944859709
-0.0041125,1.661228888681568
-0.00411,1.660894944859709
-0.0041075,1.661562832503426
-0.004105,1.661228888681568
-0.0041025,1.660894944859709
-0.0041,1.660894944859709
-0.0040975,1.661228888681568
-0.004095,1.661562832503426
-0.0040925,1.660894944859709
-0.00409,1.661228888681568
-0.0040875,1.661562832503426
-0.004085,1.661562832503426
-0.0040825,1.661228888681568
-0.00408,1.660894944859709
-0.0040775,1.661562832503426
-0.004075,1.661228888681568
-0.0040725,1.660894944859709
-0.00407,1.660894944859709
-0.0040675,1.661228888681568
-0.004065,1.660894944859709
-0.0040625,1.661228888681568
-0.00406,1.660894944859709
-0.0040575,1.660894944859709
-0.004055,1.661228888681568
-0.0040525,1.660894944859709
-0.00405,1.661228888681568
-0.0040475,1.661228888681568
-0.004045,1.661228888681568
-0.0040425,1.661228888681568
-0.00404,1.660894944859709
-0.0040375,1.661562832503426
-0.004035,1.661562832503426
-0.0040325,1.661228888681568
-0.00403,1.661228888681568
-0.0040275,1.661562832503426
-0.004025,1.661228888681568
-0.0040225,1.660894944859709
-0.00402,1.660894944859709
-0.0040175,1.660894944859709
-0.004015,1.661228888681568
-0.0040125,1.661228888681568
-0.00401,1.661228888681568
-0.0040075,1.661562832503426
-0.004005,1.661228888681568
-0.0040025,1.661228888681568
-0.004,1.661228888681568
-0.0039975,1.661228888681568
-0.003995,1.661228888681568
-0.0039925,1.661228888681568
-0.00399,1.661228888681568
-0.0039875,1.660894944859709
-0.003985,1.661228888681568
-0.0039825,1.661562832503426
-0.00398,1.660894944859709
-0.0039775,1.661228888681568
-0.003975,1.661228888681568
-0.0039725,1.661228888681568
-0.00397,1.661562832503426
-0.0039675,1.661228888681568
-0.003965,1.661228888681568
-0.0039625,1.661228888681568
-0.00396,1.660894944859709
-0.0039575,1.660894944859709
-0.003955,1.660894944859709
-0.0039525,1.660561001037851
-0.00395,1.660561001037851
-0.0039475,1.661228888681568
-0.003945,1.661562832503426
-0.0039425,1.660894944859709
-0.00394,1.661228888681568
-0.0039375,1.661228888681568
-0.003935,1.661228888681568
-0.0039325,1.661562832503426
-0.00393,1.661228888681568
-0.0039275,1.661228888681568
-0.003925,1.661228888681568
-0.0039225,1.660894944859709
-0.00392,1.661228888681568
-0.0039175,1.661228888681568
-0.003915,1.661896776325285
-0.0039125,1.661896776325285
-0.00391,1.661228888681568
-0.0039075,1.661228888681568
-0.003905,1.660894944859709
-0.0039025,1.660894944859709
-0.0039,1.661228888681568
-0.0038975,1.660894944859709
-0.003895,1.660894944859709
-0.0038925,1.660894944859709
-0.00389,1.660894944859709
-0.0038875,1.660894944859709
-0.003885,1.660894944859709
-0.0038825,1.660894944859709
-0.00388,1.661228888681568
-0.0038775,1.660894944859709
-0.003875,1.660894944859709
-0.0038725,1.660894944859709
-0.00387,1.660894944859709
-0.0038675,1.661228888681568
-0.003865,1.660894944859709
-0.0038625,1.661228888681568
-0.00386,1.660894944859709
-0.0038575,1.660894944859709
-0.003855,1.660894944859709
-0.0038525,1.660227057215992
-0.00385,1.661228888681568
-0.0038475,1.661562832503426
-0.003845,1.660894944859709
-0.0038425,1.660894944859709
-0.00384,1.660894944859709
-0.0038375,1.660894944859709
-0.003835,1.660894944859709
-0.0038325,1.660561001037851
-0.00383,1.661228888681568
-0.0038275,1.661228888681568
-0.003825,1.661562832503426
-0.0038225,1.661228888681568
-0.00382,1.660894944859709
-0.0038175,1.660894944859709
-0.003815,1.660894944859709
-0.0038125,1.661228888681568
-0.00381,1.660894944859709
-0.0038075,1.660894944859709
-0.003805,1.660561001037851
-0.0038025,1.660894944859709
-0.0038,1.660561001037851
-0.0037975,1.660894944859709
-0.003795,1.661228888681568
-0.0037925,1.661228888681568
-0.00379,1.661228888681568
-0.0037875,1.660894944859709
-0.003785,1.661228888681568
-0.0037825,1.660894944859709
-0.00378,1.661228888681568
-0.0037775,1.661228888681568
-0.003775,1.660894944859709
-0.0037725,1.660894944859709
-0.00377,1.661228888681568
-0.0037675,1.660894944859709
-0.003765,1.660894944859709
-0.0037625,1.660894944859709
-0.00376,1.661562832503426
-0.0037575,1.660894944859709
-0.003755,1.660894944859709
-0.0037525,1.661562832503426
-0.00375,1.660894944859709
-0.0037475,1.661228888681568
-0.003745,1.661562832503426
-0.0037425,1.661228888681568
-0.00374,1.660894944859709
-0.0037375,1.661562832503426
-0.003735,1.660894944859709
-0.0037325,1.661562832503426
-0.00373,1.661228888681568
-0.0037275,1.660894944859709
-0.003725,1.660561001037851
-0.0037225,1.660894944859709
-0.00372,1.660894944859709
-0.0037175,1.661228888681568
-0.003715,1.660894944859709
-0.0037125,1.660894944859709
-0.00371,1.661228888681568
-0.0037075,1.661228888681568
-0.003705,1.660561001037851
-0.0037025,1.660561001037851
-0.0037,1.661228888681568
-0.0036975,1.661228888681568
-0.003695,1.661228888681568
-0.0036925,1.660894944859709
-0.00369,1.660894944859709
-0.0036875,1.661228888681568
-0.003685,1.661228888681568
-0.0036825,1.661228888681568
-0.00368,1.661228888681568
-0.0036775,1.661228888681568
-0.003675,1.660894944859709
-0.0036725,1.660894944859709
-0.00367,1.661562832503426
-0.0036675,1.660561001037851
-0.003665,1.660894944859709
-0.0036625,1.661228888681568
-0.00366,1.661228888681568
-0.0036575,1.661228888681568
-0.003655,1.661228888681568
-0.0036525,1.661228888681568
-0.00365,1.661228888681568
-0.0036475,1.661228888681568
-0.003645,1.660894944859709
-0.0036425,1.661228888681568
-0.00364,1.660894944859709
-0.0036375,1.661228888681568
-0.003635,1.661228888681568
-0.0036325,1.661228888681568
-0.00363,1.661228888681568
-0.0036275,1.661228888681568
-0.003625,1.661228888681568
-0.0036225,1.660894944859709
-0.00362,1.660894944859709
-0.0036175,1.660894944859709
-0.003615,1.661562832503426
-0.0036125,1.661562832503426
-0.00361,1.660894944859709
-0.0036075,1.661228888681568
-0.003605,1.660561001037851
-0.0036025,1.660894944859709
-0.0036,1.661228888681568
-0.0035975,1.661228888681568
-0.003595,1.660894944859709
-0.0035925,1.660894944859709
-0.00359,1.660894944859709
-0.0035875,1.660894944859709
-0.003585,1.660894944859709
-0.0035825,1.660561001037851
-0.00358,1.660561001037851
-0.0035775,1.661228888681568
-0.003575,1.661228888681568
-0.0035725,1.661228888681568
-0.00357,1.660894944859709
-0.0035675,1.660894944859709
-0.003565,1.661228888681568
-0.0035625,1.661228888681568
-0.00356,1.660894944859709
-0.0035575,1.661562832503426
-0.003555,1.660894944859709
-0.0035525,1.661228888681568
-0.00355,1.661228888681568
-0.0035475,1.661228888681568
-0.003545,1.661228888681568
-0.0035425,1.661228888681568
-0.00354,1.661562832503426
-0.0035375,1.661228888681568
-0.003535,1.661228888681568
-0.0035325,1.660894944859709
-0.00353,1.660561001037851
-0.0035275,1.660894944859709
-0.003525,1.660894944859709
-0.0035225,1.660894944859709
-0.00352,1.661228888681568
-0.0035175,1.661228888681568
-0.003515,1.661228888681568
-0.0035125,1.661228888681568
-0.00351,1.661228888681568
-0.0035075,1.660894944859709
-0.003505,1.660894944859709
-0.0035025,1.660894944859709
-0.0035,1.661228888681568
-0.0034975,1.661228888681568
-0.003495,1.661562832503426
-0.0034925,1.661562832503426
-0.00349,1.661228888681568
-0.0034875,1.660561001037851
-0.003485,1.661228888681568
-0.0034825,1.660894944859709
-0.00348,1.661228888681568
-0.0034775,1.660894944859709
-0.003475,1.661228888681568
-0.0034725,1.661562832503426
-0.00347,1.661228888681568
-0.0034675,1.660894944859709
-0.003465,1.661228888681568
-0.0034625,1.661228888681568
-0.00346,1.661228888681568
-0.0034575,1.661228888681568
-0.003455,1.661228888681568
-0.0034525,1.660894944859709
-0.00345,1.661228888681568
-0.0034475,1.660894944859709
-0.003445,1.660894944859709
-0.0034425,1.661228888681568
-0.00344,1.660894944859709
-0.0034375,1.660894944859709
-0.003435,1.661228888681568
-0.0034325,1.661896776325285
-0.00343,1.661562832503426
-0.0034275,1.661562832503426
-0.003425,1.661562832503426
-0.0034225,1.661228888681568
-0.00342,1.660894944859709
-0.0034175,1.661562832503426
-0.003415,1.661562832503426
-0.0034125,1.660894944859709
-0.00341,1.660894944859709
-0.0034075,1.661228888681568
-0.003405,1.661228888681568
-0.0034025,1.661562832503426
-0.0034,1.660894944859709
-0.0033975,1.661228888681568
-0.003395,1.661228888681568
-0.0033925,1.660894944859709
-0.00339,1.660894944859709
-0.0033875,1.661228888681568
-0.003385,1.661562832503426
-0.0033825,1.661562832503426
-0.00338,1.661228888681568
-0.0033775,1.661228888681568
-0.003375,1.661228888681568
-0.0033725,1.660894944859709
-0.00337,1.661228888681568
-0.0033675,1.661228888681568
-0.003365,1.661562832503426
-0.0033625,1.661228888681568
-0.00336,1.661562832503426
-0.0033575,1.661228888681568
-0.003355,1.660894944859709
-0.0033525,1.661228888681568
-0.00335,1.661228888681568
-0.0033475,1.661562832503426
-0.003345,1.661228888681568
-0.0033425,1.661228888681568
-0.00334,1.661228888681568
-0.0033375,1.661228888681568
-0.003335,1.660894944859709
-0.0033325,1.660894944859709
-0.00333,1.661228888681568
-0.0033275,1.660894944859709
-0.003325,1.661228888681568
-0.0033225,1.661562832503426
-0.00332,1.661562832503426
-0.0033175,1.661228888681568
-0.003315,1.661562832503426
-0.0033125,1.661228888681568
-0.00331,1.660894944859709
-0.0033075,1.661228888681568
-0.003305,1.661228888681568
-0.0033025,1.661562832503426
-0.0033,1.661228888681568
-0.0032975,1.661562832503426
-0.003295,1.661562832503426
-0.0032925,1.661228888681568
-0.00329,1.661228888681568
-0.0032875,1.660894944859709
-0.003285,1.661562832503426
-0.0032825,1.661228888681568
-0.00328,1.661562832503426
-0.0032775,1.661228888681568
-0.003275,1.661228888681568
-0.0032725,1.661228888681568
-0.00327,1.661228888681568
-0.0032675,1.661562832503426
-0.003265,1.661562832503426
-0.0032625,1.661562832503426
-0.00326,1.661562832503426
-0.0032575,1.661228888681568
-0.003255,1.660894944859709
-0.0032525,1.660894944859709
-0.00325,1.661228888681568
-0.0032475,1.661228888681568
-0.003245,1.661228888681568
-0.0032425,1.661228888681568
-0.00324,1.661228888681568
-0.0032375,1.661228888681568
-0.003235,1.661562832503426
-0.0032325,1.661228888681568
-0.00323,1.661228888681568
-0.0032275,1.660894944859709
-0.003225,1.661562832503426
-0.0032225,1.661228888681568
-0.00322,1.661228888681568
-0.0032175,1.661228888681568
-0.003215,1.660894944859709
-0.0032125,1.660894944859709
-0.00321,1.661228888681568
-0.0032075,1.661228888681568
-0.003205,1.660894944859709
-0.0032025,1.660894944859709
-0.0032,1.661228888681568
-0.0031975,1.661228888681568
-0.003195,1.660894944859709
-0.0031925,1.660894944859709
-0.00319,1.661228888681568
-0.0031875,1.661228888681568
-0.003185,1.661228888681568
-0.0031825,1.661562832503426
-0.00318,1.661562832503426
-0.0031775,1.660894944859709
-0.003175,1.660894944859709
-0.0031725,1.661228888681568
-0.00317,1.661228888681568
-0.0031675,1.661228888681568
-0.003165,1.661562832503426
-0.0031625,1.661228888681568
-0.00316,1.661228888681568
-0.0031575,1.661228888681568
-0.003155,1.661228888681568
-0.0031525,1.661228888681568
-0.00315,1.661228888681568
-0.0031475,1.661228888681568
-0.003145,1.661228888681568
-0.0031425,1.660894944859709
-0.00314,1.660894944859709
-0.0031375,1.661228888681568
-0.003135,1.660894944859709
-0.0031325,1.661228888681568
-0.00313,1.660894944859709
-0.0031275,1.661228888681568
-0.003125,1.661896776325285
-0.0031225,1.661228888681568
-0.00312,1.661228888681568
-0.0031175,1.661562832503426
-0.003115,1.660894944859709
-0.0031125,1.661228888681568
-0.00311,1.660894944859709
-0.0031075,1.660894944859709
-0.003105,1.661228888681568
-0.0031025,1.660894944859709
-0.0031,1.661228888681568
-0.0030975,1.661228888681568
-0.003095,1.661228888681568
-0.0030925,1.661228888681568
-0.00309,1.660894944859709
-0.0030875,1.661562832503426
-0.003085,1.661562832503426
-0.0030825,1.661896776325285
-0.00308,1.661562832503426
-0.0030775,1.661228888681568
-0.003075,1.661562832503426
-0.0030725,1.661562832503426
-0.00307,1.661562832503426
-0.0030675,1.661228888681568
-0.003065,1.661896776325285
-0.0030625,1.661562832503426
-0.00306,1.660894944859709
-0.0030575,1.661228888681568
-0.003055,1.661228888681568
-0.0030525,1.661562832503426
-0.00305,1.661562832503426
-0.0030475,1.661228888681568
-0.003045,1.661562832503426
-0.0030425,1.661228888681568
-0.00304,1.661562832503426
-0.0030375,1.660894944859709
-0.003035,1.660894944859709
-0.0030325,1.661228888681568
-0.00303,1.660894944859709
-0.0030275,1.660894944859709
-0.003025,1.660894944859709
-0.0030225,1.661562832503426
-0.00302,1.661562832503426
-0.0030175,1.661228888681568
-0.003015,1.660894944859709
-0.0030125,1.660894944859709
-0.00301,1.660894944859709
-0.0030075,1.661228888681568
-0.003005,1.660894944859709
-0.0030025,1.660894944859709
-0.003,1.661228888681568
-0.0029975,1.661228888681568
-0.002995,1.661228888681568
-0.0029925,1.661228888681568
-0.00299,1.660894944859709
-0.0029875,1.660561001037851
-0.002985,1.660894944859709
-0.0029825,1.661562832503426
-0.00298,1.661228888681568
-0.0029775,1.661228888681568
-0.002975,1.661228888681568
-0.0029725,1.661228888681568
-0.00297,1.661228888681568
-0.0029675,1.661228888681568
-0.002965,1.661228888681568
-0.0029625,1.661562832503426
-0.00296,1.661228888681568
-0.0029575,1.661228888681568
-0.002955,1.661228888681568
-0.0029525,1.661228888681568
-0.00295,1.661562832503426
-0.0029475,1.661228888681568
-0.002945,1.661228888681568
-0.0029425,1.661228888681568
-0.00294,1.661228888681568
-0.0029375,1.660894944859709
-0.002935,1.660894944859709
-0.0029325,1.660894944859709
-0.00293,1.660894944859709
-0.0029275,1.660894944859709
-0.002925,1.660894944859709
-0.0029225,1.660894944859709
-0.00292,1.660894944859709
-0.0029175,1.661228888681568
-0.002915,1.660894944859709
-0.0029125,1.661228888681568
-0.00291,1.660894944859709
-0.0029075,1.661228888681568
-0.002905,1.661228888681568
-0.0029025,1.661228888681568
-0.0029,1.660561001037851
-0.0028975,1.660894944859709
-0.002895,1.660894944859709
-0.0028925,1.660894944859709
-0.00289,1.661562832503426
-0.0028875,1.660894944859709
-0.002885,1.660894944859709
-0.0028825,1.660894944859709
-0.00288,1.660894944859709
-0.0028775,1.661562832503426
-0.002875,1.661562832503426
-0.0028725,1.661228888681568
-0.00287,1.661562832503426
-0.0028675,1.661228888681568
-0.002865,1.661228888681568
-0.0028625,1.660894944859709
-0.00286,1.661228888681568
-0.0028575,1.661228888681568
-0.002855,1.661228888681568
-0.0028525,1.661562832503426
-0.00285,1.661228888681568
-0.0028475,1.661562832503426
-0.002845,1.661562832503426
-0.0028425,1.661228888681568
-0.00284,1.661228888681568
-0.0028375,1.660894944859709
-0.002835,1.661562832503426
-0.0028325,1.661228888681568
-0.00283,1.660561001037851
-0.0028275,1.661228888681568
-0.002825,1.661228888681568
-0.0028225,1.661228888681568
-0.00282,1.660561001037851
-0.0028175,1.661228888681568
-0.002815,1.660894944859709
-0.0028125,1.660894944859709
-0.00281,1.660894944859709
-0.0028075,1.661228888681568
-0.002805,1.661562832503426
-0.0028025,1.661228888681568
-0.0028,1.661228888681568
-0.0027975,1.661228888681568
-0.002795,1.661228888681568
-0.0027925,1.661228888681568
-0.00279,1.661228888681568
-0.0027875,1.660894944859709
-0.002785,1.660894944859709
-0.0027825,1.661228888681568
-0.00278,1.661228888681568
-0.0027775,1.660561001037851
-0.002775,1.660561001037851
-0.0027725,1.660894944859709
-0.00277,1.661228888681568
-0.0027675,1.661562832503426
-0.002765,1.660894944859709
-0.0027625,1.660894944859709
-0.00276,1.660894944859709
-0.0027575,1.661228888681568
-0.002755,1.661228888681568
-0.0027525,1.661228888681568
-0.00275,1.660894944859709
-0.0027475,1.660894944859709
-0.002745,1.660894944859709
-0.0027425,1.660894944859709
-0.00274,1.660894944859709
-0.0027375,1.660894944859709
-0.002735,1.661228888681568
-0.0027325,1.661228888681568
-0.00273,1.660894944859709
-0.0027275,1.661228888681568
-0.002725,1.660561001037851
-0.0027225,1.660894944859709
-0.00272,1.661228888681568
-0.0027175,1.660894944859709
-0.002715,1.660894944859709
-0.0027125,1.661228888681568
-0.00271,1.660894944859709
-0.0027075,1.660561001037851
-0.002705,1.660561001037851
-0.0027025,1.660894944859709
-0.0027,1.660894944859709
-0.0026975,1.661562832503426
-0.002695,1.661562832503426
-0.0026925,1.661228888681568
-0.00269,1.661228888681568
-0.0026875,1.660894944859709
-0.002685,1.660894944859709
-0.0026825,1.660894944859709
-0.00268,1.660894944859709
-0.0026775,1.661228888681568
-0.002675,1.660561001037851
-0.0026725,1.661228888681568
-0.00267,1.661228888681568
-0.0026675,1.660894944859709
-0.002665,1.661228888681568
-0.0026625,1.660894944859709
-0.00266,1.661228888681568
-0.0026575,1.661228888681568
-0.002655,1.660894944859709
-0.0026525,1.660561001037851
-0.00265,1.660894944859709
-0.0026475,1.660561001037851
-0.002645,1.660894944859709
-0.0026425,1.661228888681568
-0.00264,1.661228888681568
-0.0026375,1.661228888681568
-0.002635,1.661228888681568
-0.0026325,1.661228888681568
-0.00263,1.660894944859709
-0.0026275,1.660894944859709
-0.002625,1.660561001037851
-0.0026225,1.660894944859709
-0.00262,1.660561001037851
-0.0026175,1.661228888681568
-0.002615,1.661228888681568
-0.0026125,1.661228888681568
-0.00261,1.660561001037851
-0.0026075,1.660561001037851
-0.002605,1.660894944859709
-0.0026025,1.660894944859709
-0.0026,1.660561001037851
-0.0025975,1.660894944859709
-0.002595,1.660894944859709
-0.0025925,1.660894944859709
-0.00259,1.660894944859709
-0.0025875,1.660894944859709
-0.002585,1.660561001037851
-0.0025825,1.660894944859709
-0.00258,1.660894944859709
-0.0025775,1.660894944859709
-0.002575,1.661228888681568
-0.0025725,1.660894944859709
-0.00257,1.660894944859709
-0.0025675,1.660894944859709
-0.002565,1.660561001037851
-0.0025625,1.661228888681568
-0.00256,1.660894944859709
-0.0025575,1.660894944859709
-0.002555,1.660894944859709
-0.0025525,1.660894944859709
-0.00255,1.660561001037851
-0.0025475,1.660561001037851
-0.002545,1.660894944859709
-0.0025425,1.660894944859709
-0.00254,1.661228888681568
-0.0025375,1.661228888681568
-0.002535,1.660894944859709
-0.0025325,1.660894944859709
-0.00253,1.660894944859709
-0.0025275,1.660561001037851
-0.002525,1.660227057215992
-0.0025225,1.660894944859709
-0.00252,1.661228888681568
-0.0025175,1.660894944859709
-0.002515,1.660894944859709
-0.0025125,1.660894944859709
-0.00251,1.660561001037851
-0.0025075,1.660561001037851
-0.002505,1.660561001037851
-0.0025025,1.660894944859709
-0.0025,1.660894944859709
-0.0024975,1.660894944859709
-0.002495,1.660561001037851
-0.0024925,1.660561001037851
-0.00249,1.660894944859709
-0.0024875,1.660561001037851
-0.002485,1.660561001037851
-0.0024825,1.660894944859709
-0.00248,1.661228888681568
-0.0024775,1.660894944859709
-0.002475,1.660894944859709
-0.0024725,1.660894944859709
-0.00247,1.660894944859709
-0.0024675,1.661228888681568
-0.002465,1.660894944859709
-0.0024625,1.660894944859709
-0.00246,1.660561001037851
-0.0024575,1.660894944859709
-0.002455,1.661228888681568
-0.0024525,1.660561001037851
-0.00245,1.661228888681568
-0.0024475,1.660894944859709
-0.002445,1.661562832503426
-0.0024425,1.661562832503426
-0.00244,1.661228888681568
-0.0024375,1.660894944859709
-0.002435,1.661562832503426
-0.0024325,1.661228888681568
-0.00243,1.660894944859709
-0.0024275,1.661228888681568
-0.002425,1.661228888681568
-0.0024225,1.661228888681568
-0.00242,1.661228888681568
-0.0024175,1.661228888681568
-0.002415,1.661228888681568
-0.0024125,1.661228888681568
-0.00241,1.661228888681568
-0.0024075,1.661228888681568
-0.002405,1.660894944859709
-0.0024025,1.661228888681568
-0.0024,1.660894944859709
-0.0023975,1.661228888681568
-0.002395,1.661228888681568
-0.0023925,1.661228888681568
-0.00239,1.661228888681568
-0.0023875,1.661228888681568
-0.002385,1.661228888681568
-0.0023825,1.661228888681568
-0.00238,1.661228888681568
-0.0023775,1.661562832503426
-0.002375,1.661228888681568
-0.0023725,1.661562832503426
-0.00237,1.661562832503426
-0.0023675,1.661228888681568
-0.002365,1.661228888681568
-0.0023625,1.661228888681568
-0.00236,1.660894944859709
-0.0023575,1.661228888681568
-0.002355,1.660894944859709
-0.0023525,1.661228888681568
-0.00235,1.661228888681568
-0.0023475,1.661228888681568
-0.002345,1.661228888681568
-0.0023425,1.660894944859709
-0.00234,1.661896776325285
-0.0023375,1.661228888681568
-0.002335,1.661562832503426
-0.0023325,1.661562832503426
-0.00233,1.661228888681568
-0.0023275,1.661228888681568
-0.002325,1.661228888681568
-0.0023225,1.661228888681568
-0.00232,1.661228888681568
-0.0023175,1.661228888681568
-0.002315,1.661228888681568
-0.0023125,1.661228888681568
-0.00231,1.661228888681568
-0.0023075,1.660894944859709
-0.002305,1.660894944859709
-0.0023025,1.661228888681568
-0.0023,1.660894944859709
-0.0022975,1.660894944859709
-0.002295,1.660894944859709
-0.0022925,1.660894944859709
-0.00229,1.660894944859709
-0.0022875,1.660894944859709
-0.002285,1.661228888681568
-0.0022825,1.660894944859709
-0.00228,1.661228888681568
-0.0022775,1.661228888681568
-0.002275,1.661228888681568
-0.0022725,1.661228888681568
-0.00227,1.660894944859709
-0.0022675,1.661562832503426
-0.002265,1.661228888681568
-0.0022625,1.661228888681568
-0.00226,1.661228888681568
-0.0022575,1.660894944859709
-0.002255,1.660894944859709
-0.0022525,1.660561001037851
-0.00225,1.660894944859709
-0.0022475,1.661562832503426
-0.002245,1.660894944859709
-0.0022425,1.661228888681568
-0.00224,1.661228888681568
-0.0022375,1.661228888681568
-0.002235,1.660894944859709
-0.0022325,1.661228888681568
-0.00223,1.660561001037851
-0.0022275,1.660894944859709
-0.002225,1.661228888681568
-0.0022225,1.660894944859709
-0.00222,1.660894944859709
-0.0022175,1.661562832503426
-0.002215,1.660894944859709
-0.0022125,1.661562832503426
-0.00221,1.661228888681568
-0.0022075,1.661228888681568
-0.002205,1.661228888681568
-0.0022025,1.661228888681568
-0.0022,1.661562832503426
-0.0021975,1.660894944859709
-0.002195,1.660561001037851
-0.0021925,1.660894944859709
-0.00219,1.661228888681568
-0.0021875,1.660894944859709
-0.002185,1.661562832503426
-0.0021825,1.661562832503426
-0.00218,1.661562832503426
-0.0021775,1.661228888681568
-0.002175,1.660894944859709
-0.0021725,1.661228888681568
-0.00217,1.661228888681568
-0.0021675,1.661228888681568
-0.002165,1.661228888681568
-0.0021625,1.661228888681568
-0.00216,1.661228888681568
-0.0021575,1.661228888681568
-0.002155,1.661228888681568
-0.0021525,1.660894944859709
-0.00215,1.660894944859709
-0.0021475,1.661228888681568
-0.002145,1.661228888681568
-0.0021425,1.660894944859709
-0.00214,1.661228888681568
-0.0021375,1.661228888681568
-0.002135,1.660894944859709
-0.0021325,1.660894944859709
-0.00213,1.661228888681568
-0.0021275,1.661562832503426
-0.002125,1.661562832503426
-0.0021225,1.661228888681568
-0.00212,1.661562832503426
-0.0021175,1.661228888681568
-0.002115,1.660894944859709
-0.0021125,1.661228888681568
-0.00211,1.661228888681568
-0.0021075,1.661228888681568
-0.002105,1.661562832503426
-0.0021025,1.661562832503426
-0.0021,1.661228888681568
-0.0020975,1.661228888681568
-0.002095,1.660894944859709
-0.0020925,1.660894944859709
-0.00209,1.661562832503426
-0.0020875,1.661562832503426
-0.002085,1.661228888681568
-0.0020825,1.660894944859709
-0.00208,1.660561001037851
-0.0020775,1.661228888681568
-0.002075,1.661228888681568
-0.0020725,1.661562832503426
-0.00207,1.661228888681568
-0.0020675,1.661228888681568
-0.002065,1.660894944859709
-0.0020625,1.660894944859709
-0.00206,1.661228888681568
-0.0020575,1.661228888681568
-0.002055,1.661228888681568
-0.0020525,1.661228888681568
-0.00205,1.661228888681568
-0.0020475,1.660894944859709
-0.002045,1.661562832503426
-0.0020425,1.661228888681568
-0.00204,1.660561001037851
-0.0020375,1.660894944859709
-0.002035,1.661228888681568
-0.0020325,1.661562832503426
-0.00203,1.661562832503426
-0.0020275,1.661228888681568
-0.002025,1.660894944859709
-0.0020225,1.660894944859709
-0.00202,1.660894944859709
-0.0020175,1.660561001037851
-0.002015,1.660561001037851
-0.0020125,1.661228888681568
-0.00201,1.660894944859709
-0.0020075,1.660894944859709
-0.002005,1.660894944859709
-0.0020025,1.660894944859709
-0.002,1.660894944859709
-0.0019975,1.660894944859709
-0.001995,1.661228888681568
-0.0019925,1.661228888681568
-0.00199,1.661228888681568
-0.0019875,1.660894944859709
-0.001985,1.661228888681568
-0.0019825,1.661228888681568
-0.00198,1.660561001037851
-0.0019775,1.660894944859709
-0.001975,1.660561001037851
-0.0019725,1.660894944859709
-0.00197,1.660894944859709
-0.0019675,1.661228888681568
-0.001965,1.660894944859709
-0.0019625,1.660894944859709
-0.00196,1.660894944859709
-0.0019575,1.660561001037851
-0.001955,1.660561001037851
-0.0019525,1.660894944859709
-0.00195,1.661562832503426
-0.0019475,1.660894944859709
-0.001945,1.661228888681568
-0.0019425,1.661228888681568
-0.00194,1.661228888681568
-0.0019375,1.660894944859709
-0.001935,1.660894944859709
-0.0019325,1.660894944859709
-0.00193,1.661228888681568
-0.0019275,1.660894944859709
-0.001925,1.660894944859709
-0.0019225,1.661228888681568
-0.00192,1.661562832503426
-0.0019175,1.661228888681568
-0.001915,1.661228888681568
-0.0019125,1.661228888681568
-0.00191,1.661228888681568
-0.0019075,1.660894944859709
-0.001905,1.661228888681568
-0.0019025,1.661228888681568
-0.0019,1.661228888681568
-0.0018975,1.661562832503426
-0.001895,1.661228888681568
-0.0018925,1.661228888681568
-0.00189,1.660894944859709
-0.0018875,1.661228888681568
-0.001885,1.661228888681568
-0.0018825,1.660894944859709
-0.00188,1.660894944859709
-0.0018775,1.660894944859709
-0.001875,1.661228888681568
-0.0018725,1.660894944859709
-0.00187,1.660894944859709
-0.0018675,1.660894944859709
-0.001865,1.660894944859709
-0.0018625,1.660894944859709
-0.00186,1.660894944859709
-0.0018575,1.660894944859709
-0.001855,1.660894944859709
-0.0018525,1.661228888681568
-0.00185,1.661228888681568
-0.0018475,1.660894944859709
-0.001845,1.661228888681568
-0.0018425,1.660894944859709
-0.00184,1.660894944859709
-0.0018375,1.660894944859709
-0.001835,1.661228888681568
-0.0018325,1.661228888681568
-0.00183,1.660894944859709
-0.0018275,1.660894944859709
-0.001825,1.660894944859709
-0.0018225,1.660894944859709
-0.00182,1.660894944859709
-0.0018175,1.661228888681568
-0.001815,1.661228888681568
-0.0018125,1.660894944859709
-0.00181,1.661562832503426
-0.0018075,1.660894944859709
-0.001805,1.660561001037851
-0.0018025,1.660894944859709
-0.0018,1.661228888681568
-0.0017975,1.661228888681568
-0.001795,1.661228888681568
-0.0017925,1.661228888681568
-0.00179,1.661228888681568
-0.0017875,1.660894944859709
-0.001785,1.661562832503426
-0.0017825,1.660561001037851
-0.00178,1.660894944859709
-0.0017775,1.660561001037851
-0.001775,1.660894944859709
-0.0017725,1.661562832503426
-0.00177,1.660894944859709
-0.0017675,1.661228888681568
-0.001765,1.661228888681568
-0.0017625,1.661228888681568
-0.00176,1.660894944859709
-0.0017575,1.661228888681568
-0.001755,1.661228888681568
-0.0017525,1.661562832503426
-0.00175,1.661228888681568
-0.0017475,1.660894944859709
-0.001745,1.661228888681568
-0.0017425,1.661228888681568
-0.00174,1.660894944859709
-0.0017375,1.661228888681568
-0.001735,1.661228888681568
-0.0017325,1.660894944859709
-0.00173,1.660894944859709
-0.0017275,1.660894944859709
-0.001725,1.660894944859709
-0.0017225,1.660894944859709
-0.00172,1.661228888681568
-0.0017175,1.661228888681568
-0.001715,1.660227057215992
-0.0017125,1.660894944859709
-0.00171,1.661228888681568
-0.0017075,1.661228888681568
-0.001705,1.660894944859709
-0.0017025,1.661228888681568
-0.0017,1.660894944859709
-0.0016975,1.661228888681568
-0.001695,1.661228888681568
-0.0016925,1.660894944859709
-0.00169,1.660894944859709
-0.0016875,1.660561001037851
-0.001685,1.660561001037851
-0.0016825,1.660894944859709
-0.00168,1.660894944859709
-0.0016775,1.661228888681568
-0.001675,1.661228888681568
-0.0016725,1.660894944859709
-0.00167,1.660894944859709
-0.0016675,1.660894944859709
-0.001665,1.660561001037851
-0.0016625,1.661228888681568
-0.00166,1.660894944859709
-0.0016575,1.661228888681568
-0.001655,1.661228888681568
-0.0016525,1.661228888681568
-0.00165,1.661228888681568
-0.0016475,1.660894944859709
-0.001645,1.660894944859709
-0.0016425,1.660894944859709
-0.00164,1.661228888681568
-0.0016375,1.661228888681568
-0.001635,1.660894944859709
-0.0016325,1.660894944859709
-0.00163,1.660561001037851
-0.0016275,1.660561001037851
-0.001625,1.660894944859709
-0.0016225,1.660894944859709
-0.00162,1.660561001037851
-0.0016175,1.660894944859709
-0.001615,1.661228888681568
-0.0016125,1.660894944859709
-0.00161,1.660561001037851
-0.0016075,1.660894944859709
-0.001605,1.661228888681568
-0.0016025,1.660894944859709
-0.0016,1.660894944859709
-0.0015975,1.661228888681568
-0.001595,1.660894944859709
-0.0015925,1.661228888681568
-0.00159,1.661228888681568
-0.0015875,1.661228888681568
-0.001585,1.661228888681568
-0.0015825,1.660894944859709
-0.00158,1.661228888681568
-0.0015775,1.661228888681568
-0.001575,1.661228888681568
-0.0015725,1.660894944859709
-0.00157,1.660894944859709
-0.0015675,1.660561001037851
-0.001565,1.660894944859709
-0.0015625,1.661228888681568
-0.00156,1.660894944859709
-0.0015575,1.661228888681568
-0.001555,1.661562832503426
-0.0015525,1.661228888681568
-0.00155,1.660894944859709
-0.0015475,1.660894944859709
-0.001545,1.660894944859709
-0.0015425,1.661228888681568
-0.00154,1.661562832503426
-0.0015375,1.660894944859709
-0.001535,1.661228888681568
-0.0015325,1.660894944859709
-0.00153,1.661228888681568
-0.0015275,1.661228888681568
-0.001525,1.660894944859709
-0.0015225,1.660894944859709
-0.00152,1.660894944859709
-0.0015175,1.661228888681568
-0.001515,1.660894944859709
-0.0015125,1.661228888681568
-0.00151,1.661228888681568
-0.0015075,1.661228888681568
-0.001505,1.661228888681568
-0.0015025,1.661228888681568
-0.0015,1.661228888681568
-0.0014975,1.660894944859709
-0.001495,1.660894944859709
-0.0014925,1.660894944859709
-0.00149,1.660561001037851
-0.0014875,1.660894944859709
-0.001485,1.660894944859709
-0.0014825,1.661228888681568
-0.00148,1.660561001037851
-0.0014775,1.660894944859709
-0.001475,1.660894944859709
-0.0014725,1.661562832503426
-0.00147,1.661228888681568
-0.0014675,1.660561001037851
-0.001465,1.660561001037851
-0.0014625,1.660894944859709
-0.00146,1.661228888681568
-0.0014575,1.660894944859709
-0.001455,1.661228888681568
-0.0014525,1.661228888681568
-0.00145,1.660894944859709
-0.0014475,1.661228888681568
-0.001445,1.661228888681568
-0.0014425,1.661562832503426
-0.00144,1.661228888681568
-0.0014375,1.661228888681568
-0.001435,1.661228888681568
-0.0014325,1.660894944859709
-0.00143,1.661228888681568
-0.0014275,1.661228888681568
-0.001425,1.660561001037851
-0.0014225,1.661228888681568
-0.00142,1.661228888681568
-0.0014175,1.661228888681568
-0.001415,1.660894944859709
-0.0014125,1.660894944859709
-0.00141,1.661228888681568
-0.0014075,1.660894944859709
-0.001405,1.660894944859709
-0.0014025,1.660894944859709
-0.0014,1.661562832503426
-0.0013975,1.661562832503426
-0.001395,1.661228888681568
-0.0013925,1.661228888681568
-0.00139,1.661228888681568
-0.0013875,1.661562832503426
-0.001385,1.661228888681568
-0.0013825,1.660894944859709
-0.00138,1.660894944859709
-0.0013775,1.661228888681568
-0.001375,1.660894944859709
-0.0013725,1.661228888681568
-0.00137,1.661228888681568
-0.0013675,1.661228888681568
-0.001365,1.661228888681568
-0.0013625,1.661228888681568
-0.00136,1.661228888681568
-0.0013575,1.661228888681568
-0.001355,1.660894944859709
-0.0013525,1.661562832503426
-0.00135,1.661228888681568
-0.0013475,1.660894944859709
-0.001345,1.660894944859709
-0.0013425,1.660894944859709
-0.00134,1.661562832503426
-0.0013375,1.661228888681568
-0.001335,1.661228888681568
-0.0013325,1.660894944859709
-0.00133,1.661228888681568
-0.0013275,1.661228888681568
-0.001325,1.661228888681568
-0.0013225,1.661562832503426
-0.00132,1.661562832503426
-0.0013175,1.660894944859709
-0.001315,1.660894944859709
-0.0013125,1.660894944859709
-0.00131,1.660894944859709
-0.0013075,1.660894944859709
-0.001305,1.660561001037851
-0.0013025,1.661228888681568
-0.0013,1.661228888681568
-0.0012975,1.661228888681568
-0.001295,1.661228888681568
-0.0012925,1.661228888681568
-0.00129,1.661228888681568
-0.0012875,1.660894944859709
-0.001285,1.661228888681568
-0.0012825,1.661228888681568
-0.00128,1.661562832503426
-0.0012775,1.661228888681568
-0.001275,1.660894944859709
-0.0012725,1.661228888681568
-0.00127,1.661228888681568
-0.0012675,1.661562832503426
-0.001265,1.661228888681568
-0.0012625,1.661228888681568
-0.00126,1.661228888681568
-0.0012575,1.661228888681568
-0.001255,1.661228888681568
-0.0012525,1.661228888681568
-0.00125,1.661228888681568
-0.0012475,1.661228888681568
-0.001245,1.660894944859709
-0.0012425,1.660894944859709
-0.00124,1.661228888681568
-0.0012375,1.660894944859709
-0.001235,1.660894944859709
-0.0012325,1.661228888681568
-0.00123,1.661228888681568
-0.0012275,1.661228888681568
-0.001225,1.661228888681568
-0.0012225,1.660894944859709
-0.00122,1.661228888681568
-0.0012175,1.661228888681568
-0.001215,1.660894944859709
-0.0012125,1.660894944859709
-0.00121,1.661562832503426
-0.0012075,1.661562832503426
-0.001205,1.661228888681568
-0.0012025,1.661228888681568
-0.0012,1.661228888681568
-0.0011975,1.660894944859709
-0.001195,1.661228888681568
-0.0011925,1.661562832503426
-0.00119,1.661228888681568
-0.0011875,1.661228888681568
-0.001185,1.661228888681568
-0.0011825,1.660894944859709
-0.00118,1.660894944859709
-0.0011775,1.660561001037851
-0.001175,1.660894944859709
-0.0011725,1.660894944859709
-0.00117,1.660894944859709
-0.0011675,1.661562832503426
-0.001165,1.661228888681568
-0.0011625,1.660561001037851
-0.00116,1.661228888681568
-0.0011575,1.661228888681568
-0.001155,1.660561001037851
-0.0011525,1.660894944859709
-0.00115,1.661562832503426
-0.0011475,1.661228888681568
-0.001145,1.661228888681568
-0.0011425,1.661228888681568
-0.00114,1.661228888681568
-0.0011375,1.660894944859709
-0.001135,1.660894944859709
-0.0011325,1.661228888681568
-0.00113,1.661562832503426
-0.0011275,1.661228888681568
-0.001125,1.661562832503426
-0.0011225,1.661228888681568
-0.00112,1.661562832503426
-0.0011175,1.661228888681568
-0.001115,1.661228888681568
-0.0011125,1.661562832503426
-0.00111,1.661562832503426
-0.0011075,1.661228888681568
-0.001105,1.661562832503426
-0.0011025,1.661228888681568
-0.0011,1.661228888681568
-0.0010975,1.661228888681568
-0.001095,1.661228888681568
-0.0010925,1.661228888681568
-0.00109,1.660894944859709
-0.0010875,1.661228888681568
-0.001085,1.661228888681568
-0.0010825,1.661228888681568
-0.00108,1.661228888681568
-0.0010775,1.660894944859709
-0.001075,1.661562832503426
-0.0010725,1.660894944859709
-0.00107,1.661228888681568
-0.0010675,1.661562832503426
-0.001065,1.661228888681568
-0.0010625,1.661228888681568
-0.00106,1.661228888681568
-0.0010575,1.661228888681568
-0.001055,1.661228888681568
-0.0010525,1.660894944859709
-0.00105,1.661228888681568
-0.0010475,1.661228888681568
-0.001045,1.660894944859709
-0.0010425,1.660894944859709
-0.00104,1.660894944859709
-0.0010375,1.661228888681568
-0.001035,1.661228888681568
-0.0010325,1.661228888681568
-0.00103,1.661562832503426
-0.0010275,1.661896776325285
-0.001025,1.661228888681568
-0.0010225,1.661228888681568
-0.00102,1.660894944859709
-0.0010175,1.660561001037851
-0.001015,1.661228888681568
-0.0010125,1.660894944859709
-0.00101,1.660894944859709
-0.0010075,1.661228888681568
-0.001005,1.661228888681568
-0.0010025,1.660894944859709
-0.001,1.661228888681568
-0.0009974999999999999,1.660894944859709
-0.000995,1.661228888681568
-0.0009924999999999999,1.661562832503426
-0.00099,1.661228888681568
-0.0009875000000000001,1.661228888681568
-0.000985,1.660894944859709
-0.0009825000000000001,1.660894944859709
-0.00098,1.660894944859709
-0.0009775000000000001,1.661562832503426
-0.000975,1.661562832503426
-0.0009724999999999999,1.661562832503426
-0.0009700000000000001,1.661562832503426
-0.0009675,1.660894944859709
-0.000965,1.661228888681568
-0.0009625,1.660561001037851
-0.00096,1.660894944859709
-0.0009575,1.660894944859709
-0.000955,1.661228888681568
-0.0009525,1.661228888681568
-0.00095,1.661228888681568
-0.0009475,1.660894944859709
-0.000945,1.660894944859709
-0.0009425,1.660894944859709
-0.00094,1.660561001037851
-0.0009375,1.660894944859709
-0.000935,1.661562832503426
-0.0009325,1.661228888681568
-0.0009300000000000001,1.661562832503426
-0.0009275,1.661228888681568
-0.000925,1.661228888681568
-0.0009225,1.660894944859709
-0.00092,1.660561001037851
-0.0009175,1.661228888681568
-0.000915,1.660894944859709
-0.0009125,1.661228888681568
-0.00091,1.661562832503426
-0.0009075,1.661228888681568
-0.000905,1.660894944859709
-0.0009025,1.660894944859709
-0.0009,1.660227057215992
-0.0008975,1.661228888681568
-0.000895,1.661228888681568
-0.0008925,1.660561001037851
-0.0008899999999999999,1.660894944859709
-0.0008875000000000001,1.661228888681568
-0.000885,1.660894944859709
-0.0008825,1.661228888681568
-0.00088,1.660894944859709
-0.0008775,1.660894944859709
-0.000875,1.661228888681568
-0.0008725,1.661228888681568
-0.00087,1.660894944859709
-0.0008675,1.660561001037851
-0.000865,1.660561001037851
-0.0008625,1.660894944859709
-0.00086,1.660894944859709
-0.0008575,1.661228888681568
-0.000855,1.661228888681568
-0.0008525,1.661228888681568
-0.00085,1.661228888681568
-0.0008474999999999999,1.661228888681568
-0.000845,1.661228888681568
-0.0008425,1.660561001037851
-0.00084,1.660561001037851
-0.0008375,1.660894944859709
-0.000835,1.660894944859709
-0.0008325,1.661562832503426
-0.00083,1.661228888681568
-0.0008275,1.661228888681568
-0.000825,1.660894944859709
-0.0008225,1.660894944859709
-0.00082,1.660894944859709
-0.0008175,1.660894944859709
-0.000815,1.661228888681568
-0.0008125,1.661228888681568
-0.00081,1.661228888681568
-0.0008074999999999999,1.661228888681568
-0.0008050000000000001,1.660894944859709
-0.0008025,1.660561001037851
-0.0008,1.660894944859709
-0.0007975,1.661228888681568
-0.000795,1.661562832503426
-0.0007925,1.661562832503426
-0.00079,1.661228888681568
-0.0007875,1.661228888681568
-0.000785,1.661228888681568
-0.0007825,1.660894944859709
-0.00078,1.661228888681568
-0.0007775,1.661228888681568
-0.000775,1.660894944859709
-0.0007725,1.661228888681568
-0.00077,1.660894944859709
-0.0007675,1.661228888681568
-0.0007649999999999999,1.661228888681568
-0.0007625,1.661228888681568
-0.00076,1.661562832503426
-0.0007575,1.661228888681568
-0.000755,1.661228888681568
-0.0007525,1.661228888681568
-0.00075,1.661228888681568
-0.0007475,1.660894944859709
-0.000745,1.660561001037851
-0.0007425,1.660894944859709
-0.00074,1.660894944859709
-0.0007375,1.660894944859709
-0.000735,1.660561001037851
-0.0007325,1.661228888681568
-0.00073,1.661228888681568
-0.0007275,1.661562832503426
-0.000725,1.661228888681568
-0.0007225000000000001,1.661228888681568
-0.00072,1.660894944859709
-0.0007175,1.661228888681568
-0.000715,1.661228888681568
-0.0007125,1.661228888681568
-0.00071,1.660561001037851
-0.0007075,1.660894944859709
-0.000705,1.661228888681568
-0.0007025,1.661562832503426
-0.0007,1.661228888681568
-0.0006975,1.661228888681568
-0.000695,1.661228888681568
-0.0006925,1.661228888681568
-0.00069,1.660894944859709
-0.0006875,1.660894944859709
-0.000685,1.661228888681568
-0.0006824999999999999,1.661228888681568
-0.00068,1.661228888681568
-0.0006775,1.661562832503426
-0.000675,1.661562832503426
-0.0006725,1.661228888681568
-0.00067,1.661228888681568
-0.0006675,1.661228888681568
-0.000665,1.660894944859709
-0.0006625,1.661228888681568
-0.00066,1.660894944859709
-0.0006575,1.661228888681568
-0.000655,1.661562832503426
-0.0006525,1.661228888681568
-0.00065,1.660894944859709
-0.0006475,1.660894944859709
-0.000645,1.660894944859709
-0.0006425,1.660894944859709
-0.0006400000000000001,1.661228888681568
-0.0006375,1.661228888681568
-0.000635,1.661562832503426
-0.0006325,1.661228888681568
-0.00063,1.661228888681568
-0.0006275,1.660894944859709
-0.000625,1.661228888681568
-0.0006225,1.661228888681568
-0.00062,1.661228888681568
-0.0006175,1.660894944859709
-0.000615,1.661228888681568
-0.0006125,1.661228888681568
-0.00061,1.660894944859709
-0.0006075,1.660894944859709
-0.000605,1.661228888681568
-0.0006025,1.661562832503426
-0.0005999999999999999,1.661228888681568
-0.0005975,1.661228888681568
-0.000595,1.661228888681568
-0.0005925,1.661228888681568
-0.00059,1.661228888681568
-0.0005875,1.661228888681568
-0.000585,1.660894944859709
-0.0005825,1.660894944859709
-0.00058,1.661562832503426
-0.0005775,1.661562832503426
-0.000575,1.661228888681568
-0.0005725,1.661228888681568
-0.00057,1.660894944859709
-0.0005675,1.661228888681568
-0.000565,1.661562832503426
-0.0005625,1.661228888681568
-0.00056,1.660894944859709
-0.0005575000000000001,1.661562832503426
-0.000555,1.660894944859709
-0.0005525,1.660894944859709
-0.00055,1.661228888681568
-0.0005475,1.660894944859709
-0.000545,1.661228888681568
-0.0005425,1.660894944859709
-0.00054,1.660894944859709
-0.0005375,1.661562832503426
-0.000535,1.661228888681568
-0.0005325,1.661562832503426
-0.00053,1.660894944859709
-0.0005275,1.660894944859709
-0.000525,1.660894944859709
-0.0005225,1.661228888681568
-0.00052,1.660894944859709
-0.0005174999999999999,1.661228888681568
-0.000515,1.660894944859709
-0.0005125,1.661228888681568
-0.00051,1.661228888681568
-0.0005075,1.660894944859709
-0.000505,1.661228888681568
-0.0005025,1.661228888681568
-0.0005,1.661228888681568
-0.0004975,1.661228888681568
-0.000495,1.660894944859709
-0.0004925,1.660894944859709
-0.00049,1.660894944859709
-0.0004875,1.660894944859709
-0.000485,1.661562832503426
-0.0004825,1.661562832503426
-0.00048,1.661562832503426
-0.0004775,1.661562832503426
-0.000475,1.661562832503426
-0.0004725,1.660894944859709
-0.00047,1.661228888681568
-0.0004675,1.661228888681568
-0.000465,1.661562832503426
-0.0004625,1.661228888681568
-0.00046,1.661562832503426
-0.0004575,1.661228888681568
-0.000455,1.660894944859709
-0.0004525,1.661228888681568
-0.00045,1.660894944859709
-0.0004475,1.661228888681568
-0.000445,1.660894944859709
-0.0004425,1.661228888681568
-0.00044,1.661562832503426
-0.0004375,1.661228888681568
-0.000435,1.661228888681568
-0.0004325,1.660894944859709
-0.00043,1.660561001037851
-0.0004275,1.660894944859709
-0.000425,1.661562832503426
-0.0004225,1.661562832503426
-0.00042,1.661896776325285
-0.0004175,1.661228888681568
-0.000415,1.660894944859709
-0.0004125,1.661228888681568
-0.00041,1.661228888681568
-0.0004075,1.660894944859709
-0.000405,1.661228888681568
-0.0004025,1.661228888681568
-0.0004,1.661228888681568
-0.0003975,1.661228888681568
-0.000395,1.661228888681568
-0.0003925,1.661562832503426
-0.00039,1.661228888681568
-0.0003875,1.661228888681568
-0.000385,1.661228888681568
-0.0003825,1.661228888681568
-0.00038,1.661562832503426
-0.0003775,1.660894944859709
-0.000375,1.661228888681568
-0.0003725,1.660894944859709
-0.00037,1.660894944859709
-0.0003675,1.660894944859709
-0.000365,1.661228888681568
-0.0003625,1.661228888681568
-0.00036,1.661228888681568
-0.0003575,1.661228888681568
-0.000355,1.661896776325285
-0.0003525,1.661562832503426
-0.00035,1.661228888681568
-0.0003475,1.660894944859709
-0.000345,1.661228888681568
-0.0003425,1.661562832503426
-0.00034,1.661228888681568
-0.0003375,1.661562832503426
-0.000335,1.661228888681568
-0.0003325,1.660894944859709
-0.00033,1.661562832503426
-0.0003275,1.661228888681568
-0.000325,1.661228888681568
-0.0003225,1.661228888681568
-0.00032,1.661228888681568
-0.0003175,1.660894944859709
-0.000315,1.661228888681568
-0.0003125,1.660894944859709
-0.00031,1.660894944859709
-0.0003075,1.660894944859709
-0.000305,1.661896776325285
-0.0003025,1.661228888681568
-0.0003,1.661228888681568
-0.0002975,1.660894944859709
-0.000295,1.661228888681568
-0.0002925,1.661228888681568
-0.00029,1.660894944859709
-0.0002875,1.661228888681568
-0.000285,1.661228888681568
-0.0002825,1.661228888681568
-0.00028,1.661228888681568
-0.0002775,1.661228888681568
-0.000275,1.660894944859709
-0.0002725,1.661228888681568
-0.00027,1.661228888681568
-0.0002675,1.661562832503426
-0.000265,1.661896776325285
-0.0002625,1.661228888681568
-0.00026,1.661228888681568
-0.0002575,1.660561001037851
-0.000255,1.660894944859709
-0.0002525,1.660894944859709
-0.00025,1.660894944859709
-0.0002475,1.661228888681568
-0.000245,1.661228888681568
-0.0002425,1.661228888681568
-0.00024,1.660894944859709
-0.0002375,1.660894944859709
-0.000235,1.660894944859709
-0.0002325,1.661562832503426
-0.00023,1.660894944859709
-0.0002275,1.660894944859709
-0.000225,1.661228888681568
-0.0002225,1.661228888681568
-0.00022,1.660894944859709
-0.0002175,1.660894944859709
-0.000215,1.660894944859709
-0.0002125,1.660894944859709
-0.00021,1.661228888681568
-0.0002075,1.660894944859709
-0.000205,1.661562832503426
-0.0002025,1.661228888681568
-0.0002,1.661228888681568
-0.0001975,1.661562832503426
-0.000195,1.661228888681568
-0.0001925,1.661228888681568
-0.00019,1.661228888681568
-0.0001875,1.660894944859709
-0.000185,1.660894944859709
-0.0001825,1.661228888681568
-0.00018,1.660561001037851
-0.0001775,1.661562832503426
-0.000175,1.661228888681568
-0.0001725,1.661228888681568
-0.00017,1.661228888681568
-0.0001675,1.661896776325285
-0.000165,1.661228888681568
-0.0001625,1.660894944859709
-0.00016,1.661228888681568
-0.0001575,1.661228888681568
-0.000155,1.660894944859709
-0.0001525,1.661228888681568
-0.00015,1.660894944859709
-0.0001475,1.661228888681568
-0.000145,1.661228888681568
-0.0001425,1.661228888681568
-0.00014,1.661228888681568
-0.0001375,1.661228888681568
-0.000135,1.661228888681568
-0.0001325,1.661228888681568
-0.00013,1.661562832503426
-0.0001275,1.661228888681568
-0.000125,1.661228888681568
-0.0001225,1.661896776325285
-0.00012,1.661228888681568
-0.0001175,1.660894944859709
-0.000115,1.660894944859709
-0.0001125,1.661228888681568
-0.00011,1.660894944859709
-0.0001075,1.661228888681568
-0.000105,1.661228888681568
-0.0001025,1.661562832503426
-0.0001,1.661228888681568
-9.75e-05,1.660894944859709
-9.500000000000001e-05,1.661228888681568
-9.25e-05,1.661228888681568
-9.000000000000001e-05,1.661562832503426
-8.75e-05,1.661228888681568
-8.500000000000001e-05,1.661228888681568
-8.25e-05,1.661562832503426
-8.000000000000001e-05,1.661228888681568
-7.75e-05,1.661228888681568
-7.499999999999999e-05,1.661228888681568
-7.25e-05,1.661228888681568
-6.999999999999999e-05,1.661228888681568
-6.75e-05,1.660894944859709
-6.499999999999999e-05,1.661228888681568
-6.25e-05,1.661228888681568
-6e-05,1.660894944859709
-5.75e-05,1.661228888681568
-5.5e-05,1.661228888681568
-5.25e-05,1.661228888681568
-5e-05,1.661228888681568
-4.75e-05,1.661562832503426
-4.5e-05,1.661228888681568
-4.25e-05,1.661562832503426
-4e-05,1.661228888681568
-3.75e-05,1.661562832503426
-3.5e-05,1.661228888681568
-3.25e-05,1.661562832503426
-3e-05,1.661562832503426
-2.75e-05,1.661228888681568
-2.5e-05,1.661228888681568
-2.25e-05,1.661228888681568
-2e-05,1.661228888681568
-1.75e-05,1.661228888681568
-1.5e-05,1.661228888681568
-1.25e-05,1.661228888681568
-1e-05,1.661228888681568
-7.5e-06,1.661228888681568
-5e-06,1.660894944859709
-2.5e-06,1.660894944859709
0,1.661228888681568
2.5e-06,1.660894944859709
5e-06,1.660894944859709
7.5e-06,1.661562832503426
1e-05,1.661562832503426
1.25e-05,1.661562832503426
1.5e-05,1.661228888681568
1.75e-05,1.661228888681568
2e-05,1.661562832503426
2.25e-05,1.661228888681568
2.5e-05,1.660894944859709
2.75e-05,1.661562832503426
3e-05,1.661562832503426
3.25e-05,1.661562832503426
3.5e-05,1.661228888681568
3.75e-05,1.661228888681568
4e-05,1.661228888681568
4.25e-05,1.661562832503426
4.5e-05,1.661228888681568
4.75e-05,1.661228888681568
5e-05,1.661228888681568
5.25e-05,1.661562832503426
5.5e-05,1.661228888681568
5.75e-05,1.661228888681568
6e-05,1.661228888681568
6.25e-05,1.661562832503426
6.499999999999999e-05,1.661562832503426
6.75e-05,1.661562832503426
6.999999999999999e-05,1.661562832503426
7.25e-05,1.661228888681568
7.499999999999999e-05,1.660894944859709
7.75e-05,1.661228888681568
8.000000000000001e-05,1.661562832503426
8.25e-05,1.661562832503426
8.500000000000001e-05,1.661228888681568
8.75e-05,1.661228888681568
9.000000000000001e-05,1.661228888681568
9.25e-05,1.660894944859709
9.500000000000001e-05,1.661228888681568
9.75e-05,1.661562832503426
0.0001,1.661896776325285
0.0001025,1.661228888681568
0.000105,1.661228888681568
0.0001075,1.661562832503426
0.00011,1.661228888681568
0.0001125,1.660894944859709
0.000115,1.661228888681568
0.0001175,1.661228888681568
0.00012,1.661562832503426
0.0001225,1.661562832503426
0.000125,1.661562832503426
0.0001275,1.661562832503426
0.00013,1.661228888681568
0.0001325,1.661228888681568
0.000135,1.661228888681568
0.0001375,1.661562832503426
0.00014,1.661562832503426
0.0001425,1.661562832503426
0.000145,1.661228888681568
0.0001475,1.661228888681568
0.00015,1.661228888681568
0.0001525,1.661562832503426
0.000155,1.661228888681568
0.0001575,1.661228888681568
0.00016,1.660894944859709
0.0001625,1.660894944859709
0.000165,1.661562832503426
0.0001675,1.660894944859709
0.00017,1.661228888681568
0.0001725,1.661228888681568
0.000175,1.661228888681568
0.0001775,1.661228888681568
0.00018,1.661562832503426
0.0001825,1.661562832503426
0.000185,1.661562832503426
0.0001875,1.661228888681568
0.00019,1.661228888681568
0.0001925,1.661228888681568
0.000195,1.661562832503426
0.0001975,1.661228888681568
0.0002,1.661228888681568
0.0002025,1.660894944859709
0.000205,1.661562832503426
0.0002075,1.661562832503426
0.00021,1.661562832503426
0.0002125,1.661562832503426
0.000215,1.660894944859709
0.0002175,1.661228888681568
0.00022,1.661562832503426
0.0002225,1.661562832503426
0.000225,1.661228888681568
0.0002275,1.661562832503426
0.00023,1.661228888681568
0.0002325,1.660894944859709
0.000235,1.661228888681568
0.0002375,1.661228888681568
0.00024,1.661562832503426
0.0002425,1.661562832503426
0.000245,1.661562832503426
0.0002475,1.661228888681568
0.00025,1.661228888681568
0.0002525,1.661228888681568
0.000255,1.661228888681568
0.0002575,1.660894944859709
0.00026,1.660894944859709
0.0002625,1.661896776325285
0.000265,1.661562832503426
0.0002675,1.661228888681568
0.00027,1.661228888681568
0.0002725,1.661228888681568
0.000275,1.660894944859709
0.0002775,1.661228888681568
0.00028,1.661562832503426
0.0002825,1.661896776325285
0.000285,1.661562832503426
0.0002875,1.661562832503426
0.00029,1.661562832503426
0.0002925,1.660894944859709
0.000295,1.661228888681568
0.0002975,1.660894944859709
0.0003,1.661896776325285
0.0003025,1.661562832503426
0.000305,1.661562832503426
0.0003075,1.661228888681568
0.00031,1.661228888681568
0.0003125,1.660894944859709
0.000315,1.661228888681568
0.0003175,1.661562832503426
0.00032,1.661562832503426
0.0003225,1.661228888681568
0.000325,1.661228888681568
0.0003275,1.660561001037851
0.00033,1.660561001037851
0.0003325,1.661228888681568
0.000335,1.661228888681568
0.0003375,1.661228888681568
0.00034,1.661228888681568
0.0003425,1.661228888681568
0.000345,1.661228888681568
0.0003475,1.661228888681568
0.00035,1.661228888681568
0.0003525,1.661228888681568
0.000355,1.661228888681568
0.0003575,1.660894944859709
0.00036,1.661228888681568
0.0003625,1.661228888681568
0.000365,1.661562832503426
0.0003675,1.661228888681568
0.00037,1.661562832503426
0.0003725,1.660894944859709
0.000375,1.661228888681568
0.0003775,1.660894944859709
0.00038,1.660894944859709
0.0003825,1.661562832503426
0.000385,1.661228888681568
0.0003875,1.661228888681568
0.00039,1.660894944859709
0.0003925,1.661228888681568
0.000395,1.661228888681568
0.0003975,1.661228888681568
0.0004,1.661562832503426
0.0004025,1.661228888681568
0.000405,1.661228888681568
0.0004075,1.661228888681568
0.00041,1.661228888681568
0.0004125,1.660561001037851
0.000415,1.660561001037851
0.0004175,1.661228888681568
0.00042,1.661228888681568
0.0004225,1.661228888681568
0.000425,1.661228888681568
0.0004275,1.661228888681568
0.00043,1.660894944859709
0.0004325,1.660561001037851
0.000435,1.661228888681568
0.0004375,1.660894944859709
0.00044,1.660894944859709
0.0004425,1.661228888681568
0.000445,1.660894944859709
0.0004475,1.660894944859709
0.00045,1.660561001037851
0.0004525,1.661228888681568
0.000455,1.661228888681568
0.0004575,1.661228888681568
0.00046,1.660894944859709
0.0004625,1.661228888681568
0.000465,1.661228888681568
0.0004675,1.660894944859709
0.00047,1.660894944859709
0.0004725,1.660894944859709
0.000475,1.660894944859709
0.0004775,1.660894944859709
0.00048,1.661228888681568
0.0004825,1.661562832503426
0.000485,1.661228888681568
0.0004875,1.661228888681568
0.00049,1.661228888681568
0.0004925,1.661896776325285
0.000495,1.661228888681568
0.0004975,1.661228888681568
0.0005,1.661228888681568
0.0005025,1.661228888681568
0.000505,1.661228888681568
0.0005075,1.660894944859709
0.00051,1.660894944859709
0.0005125,1.661228888681568
0.000515,1.661228888681568
0.0005174999999999999,1.661228888681568
0.00052,1.661228888681568
0.0005225,1.661228888681568
0.000525,1.661228888681568
0.0005275,1.660894944859709
0.00053,1.660894944859709
0.0005325,1.661228888681568
0.000535,1.661228888681568
0.0005375,1.661228888681568
0.00054,1.661562832503426
0.0005425,1.661228888681568
0.000545,1.661228888681568
0.0005475,1.661228888681568
0.00055,1.660894944859709
0.0005525,1.661228888681568
0.000555,1.661228888681568
0.0005575000000000001,1.660894944859709
0.00056,1.661228888681568
0.0005625,1.661228888681568
0.000565,1.661228888681568
0.0005675,1.660894944859709
0.00057,1.661562832503426
0.0005725,1.660894944859709
0.000575,1.660894944859709
0.0005775,1.661228888681568
0.00058,1.661562832503426
0.0005825,1.661228888681568
0.000585,1.660894944859709
0.0005875,1.660894944859709
0.00059,1.661228888681568
0.0005925,1.661228888681568
0.000595,1.660894944859709
0.0005975,1.661228888681568
0.0005999999999999999,1.661228888681568
0.0006025,1.661896776325285
0.000605,1.660894944859709
0.0006075,1.661228888681568
0.00061,1.660894944859709
0.0006125,1.661228888681568
0.000615,1.661228888681568
0.0006175,1.661228888681568
0.00062,1.661228888681568
0.0006225,1.660894944859709
0.000625,1.661228888681568
0.0006275,1.661228888681568
0.00063,1.661228888681568
0.0006325,1.660894944859709
0.000635,1.661228888681568
0.0006375,1.661228888681568
0.0006400000000000001,1.661228888681568
0.0006425,1.661228888681568
0.000645,1.661228888681568
0.0006475,1.660894944859709
0.00065,1.660894944859709
0.0006525,1.660894944859709
0.000655,1.661562832503426
0.0006575,1.661228888681568
0.00066,1.661228888681568
0.0006625,1.660894944859709
0.000665,1.660894944859709
0.0006675,1.661228888681568
0.00067,1.660894944859709
0.0006725,1.661228888681568
0.000675,1.661228888681568
0.0006775,1.660894944859709
0.00068,1.660894944859709
0.0006824999999999999,1.660561001037851
0.000685,1.661228888681568
0.0006875,1.661228888681568
0.00069,1.661228888681568
0.0006925,1.661228888681568
0.000695,1.661562832503426
0.0006975,1.661896776325285
0.0007,1.661562832503426
0.0007025,1.661228888681568
0.000705,1.661562832503426
0.0007075,1.661228888681568
0.00071,1.661562832503426
0.0007125,1.661562832503426
0.000715,1.661228888681568
0.0007175,1.661562832503426
0.00072,1.661228888681568
0.0007225000000000001,1.661562832503426
0.000725,1.661562832503426
0.0007275,1.661562832503426
0.00073,1.661228888681568
0.0007325,1.660894944859709
0.000735,1.661228888681568
0.0007375,1.661562832503426
0.00074,1.661562832503426
0.0007425,1.661562832503426
0.000745,1.661228888681568
0.0007475,1.660894944859709
0.00075,1.661228888681568
0.0007525,1.661228888681568
0.000755,1.661562832503426
0.0007575,1.661562832503426
0.00076,1.661228888681568
0.0007625,1.661562832503426
0.0007649999999999999,1.661562832503426
0.0007675,1.661228888681568
0.00077,1.661228888681568
0.0007725,1.661228888681568
0.000775,1.661228888681568
0.0007775,1.661562832503426
0.00078,1.661228888681568
0.0007825,1.661562832503426
0.000785,1.661228888681568
0.0007875,1.660894944859709
0.00079,1.661228888681568
0.0007925,1.661562832503426
0.000795,1.661228888681568
0.0007975,1.661228888681568
0.0008,1.661228888681568
0.0008025,1.661562832503426
0.0008050000000000001,1.661896776325285
0.0008074999999999999,1.661562832503426
0.00081,1.661228888681568
0.0008125,1.660894944859709
0.000815,1.661562832503426
0.0008175,1.661228888681568
0.00082,1.661228888681568
0.0008225,1.661228888681568
0.000825,1.661896776325285
0.0008275,1.661228888681568
0.00083,1.660894944859709
0.0008325,1.660894944859709
0.000835,1.661228888681568
0.0008375,1.661562832503426
0.00084,1.661228888681568
0.0008425,1.661228888681568
0.000845,1.660894944859709
0.0008474999999999999,1.660894944859709
0.00085,1.661228888681568
0.0008525,1.661228888681568
0.000855,1.661228888681568
0.0008575,1.661228888681568
0.00086,1.661228888681568
0.0008625,1.661562832503426
0.000865,1.661562832503426
0.0008675,1.661228888681568
0.00087,1.661228888681568
0.0008725,1.661562832503426
0.000875,1.661896776325285
0.0008775,1.661228888681568
0.00088,1.660894944859709
0.0008825,1.660894944859709
0.000885,1.661228888681568
0.0008875000000000001,1.661562832503426
0.0008899999999999999,1.661228888681568
0.0008925,1.661562832503426
0.000895,1.661228888681568
0.0008975,1.660894944859709
0.0009,1.661228888681568
0.0009025,1.661562832503426
0.000905,1.661228888681568
0.0009075,1.661228888681568
0.00091,1.661562832503426
0.0009125,1.661228888681568
0.000915,1.661562832503426
0.0009175,1.661562832503426
0.00092,1.661228888681568
0.0009225,1.661228888681568
0.000925,1.661562832503426
0.0009275,1.661228888681568
0.0009300000000000001,1.661228888681568
0.0009325,1.661562832503426
0.000935,1.661228888681568
0.0009375,1.660894944859709
0.00094,1.660894944859709
0.0009425,1.661562832503426
0.000945,1.661562832503426
0.0009475,1.661228888681568
0.00095,1.661228888681568
0.0009525,1.661228888681568
0.000955,1.661228888681568
0.0009575,1.661228888681568
0.00096,1.660894944859709
0.0009625,1.661228888681568
0.000965,1.661228888681568
0.0009675,1.660894944859709
0.0009700000000000001,1.661562832503426
0.0009724999999999999,1.661228888681568
0.000975,1.661562832503426
0.0009775000000000001,1.661228888681568
0.00098,1.661228888681568
0.0009825000000000001,1.660894944859709
0.000985,1.661228888681568
0.0009875000000000001,1.661562832503426
0.00099,1.660894944859709
0.0009924999999999999,1.660894944859709
0.000995,1.660894944859709
0.0009974999999999999,1.661228888681568
0.001,1.660561001037851
0.0010025,1.661228888681568
0.001005,1.661562832503426
0.0010075,1.661228888681568
0.00101,1.661228888681568
0.0010125,1.661228888681568
0.001015,1.661228888681568
0.0010175,1.661562832503426
0.00102,1.660894944859709
0.0010225,1.661228888681568
0.001025,1.661228888681568
0.0010275,1.661228888681568
0.00103,1.661228888681568
0.0010325,1.661228888681568
0.001035,1.660894944859709
0.0010375,1.660894944859709
0.00104,1.660894944859709
0.0010425,1.660894944859709
0.001045,1.661228888681568
0.0010475,1.661228888681568
0.00105,1.661228888681568
0.0010525,1.661228888681568
0.001055,1.660894944859709
0.0010575,1.660894944859709
0.00106,1.661228888681568
0.0010625,1.661228888681568
0.001065,1.661228888681568
0.0010675,1.661562832503426
0.00107,1.661562832503426
0.0010725,1.661228888681568
0.001075,1.660894944859709
0.0010775,1.661228888681568
0.00108,1.661228888681568
0.0010825,1.661562832503426
0.001085,1.661562832503426
0.0010875,1.661228888681568
0.00109,1.660894944859709
0.0010925,1.660561001037851
0.001095,1.661228888681568
0.0010975,1.661228888681568
0.0011,1.660894944859709
0.0011025,1.660894944859709
0.001105,1.661562832503426
0.0011075,1.661228888681568
0.00111,1.661228888681568
0.0011125,1.660894944859709
0.001115,1.661228888681568
0.0011175,1.660894944859709
0.00112,1.660894944859709
0.0011225,1.661228888681568
0.001125,1.661228888681568
0.0011275,1.661228888681568
0.00113,1.661228888681568
0.0011325,1.661228888681568
0.001135,1.661562832503426
0.0011375,1.660894944859709
0.00114,1.661228888681568
0.0011425,1.660894944859709
0.001145,1.661228888681568
0.0011475,1.661562832503426
0.00115,1.661562832503426
0.0011525,1.661228888681568
0.001155,1.661896776325285
0.0011575,1.660894944859709
0.00116,1.661228888681568
0.0011625,1.661228888681568
0.001165,1.661562832503426
0.0011675,1.661562832503426
0.00117,1.661228888681568
0.0011725,1.660894944859709
0.001175,1.661228888681568
0.0011775,1.661228888681568
0.00118,1.661228888681568
0.0011825,1.661562832503426
0.001185,1.660894944859709
0.0011875,1.661228888681568
0.00119,1.660894944859709
0.0011925,1.660894944859709
0.001195,1.660894944859709
0.0011975,1.661228888681568
0.0012,1.660894944859709
0.0012025,1.661228888681568
0.001205,1.661562832503426
0.0012075,1.661228888681568
0.00121,1.660894944859709
0.0012125,1.661228888681568
0.001215,1.660894944859709
0.0012175,1.661228888681568
0.00122,1.661562832503426
0.0012225,1.661562832503426
0.001225,1.661562832503426
0.0012275,1.661228888681568
0.00123,1.661562832503426
0.0012325,1.661228888681568
0.001235,1.660894944859709
0.0012375,1.660894944859709
0.00124,1.661228888681568
0.0012425,1.661562832503426
0.001245,1.661228888681568
0.0012475,1.661562832503426
0.00125,1.661228888681568
0.0012525,1.661228888681568
0.001255,1.661228888681568
0.0012575,1.661228888681568
0.00126,1.661228888681568
0.0012625,1.661562832503426
0.001265,1.661562832503426
0.0012675,1.661228888681568
0.00127,1.661562832503426
0.0012725,1.661228888681568
0.001275,1.661228888681568
0.0012775,1.661562832503426
0.00128,1.661228888681568
0.0012825,1.661228888681568
0.001285,1.661228888681568
0.0012875,1.660894944859709
0.00129,1.661228888681568
0.0012925,1.661228888681568
0.001295,1.661562832503426
0.0012975,1.661228888681568
0.0013,1.661228888681568
0.0013025,1.661562832503426
0.001305,1.661562832503426
0.0013075,1.660894944859709
0.00131,1.661562832503426
0.0013125,1.661228888681568
0.001315,1.661562832503426
0.0013175,1.661228888681568
0.00132,1.661562832503426
0.0013225,1.661562832503426
0.001325,1.661228888681568
0.0013275,1.661562832503426
0.00133,1.661228888681568
0.0013325,1.661562832503426
0.001335,1.661562832503426
0.0013375,1.660894944859709
0.00134,1.661228888681568
0.0013425,1.661562832503426
0.001345,1.661562832503426
0.0013475,1.661228888681568
0.00135,1.661228888681568
0.0013525,1.661228888681568
0.001355,1.661228888681568
0.0013575,1.661562832503426
0.00136,1.661562832503426
0.0013625,1.661896776325285
0.001365,1.661896776325285
0.0013675,1.661562832503426
0.00137,1.661228888681568
0.0013725,1.661562832503426
0.001375,1.661228888681568
0.0013775,1.661562832503426
0.00138,1.661228888681568
0.0013825,1.661228888681568
0.001385,1.660894944859709
0.0013875,1.661562832503426
0.00139,1.661562832503426
0.0013925,1.661228888681568
0.001395,1.661228888681568
0.0013975,1.661562832503426
0.0014,1.661228888681568
0.0014025,1.661228888681568
0.001405,1.661228888681568
0.0014075,1.661228888681568
0.00141,1.661562832503426
0.0014125,1.661562832503426
0.001415,1.661228888681568
0.0014175,1.661562832503426
0.00142,1.661562832503426
0.0014225,1.661562832503426
0.001425,1.661896776325285
0.0014275,1.661228888681568
0.00143,1.661562832503426
0.0014325,1.661562832503426
0.001435,1.661228888681568
0.0014375,1.661562832503426
0.00144,1.661562832503426
0.0014425,1.661562832503426
0.001445,1.661228888681568
0.0014475,1.661228888681568
0.00145,1.661562832503426
0.0014525,1.661562832503426
0.001455,1.661228888681568
0.0014575,1.661228888681568
0.00146,1.661562832503426
0.0014625,1.661228888681568
0.001465,1.661562832503426
0.0014675,1.661228888681568
0.00147,1.661562832503426
0.0014725,1.661228888681568
0.001475,1.661562832503426
0.0014775,1.661562832503426
0.00148,1.661896776325285
0.0014825,1.661896776325285
0.001485,1.661228888681568
0.0014875,1.660894944859709
0.00149,1.661562832503426
0.0014925,1.661562832503426
0.001495,1.661228888681568
0.0014975,1.661562832503426
0.0015,1.661228888681568
0.0015025,1.661228888681568
0.001505,1.661228888681568
0.0015075,1.660894944859709
0.00151,1.660894944859709
0.0015125,1.660894944859709
0.001515,1.660894944859709
0.0015175,1.660894944859709
0.00152,1.661896776325285
0.0015225,1.661228888681568
0.001525,1.660894944859709
0.0015275,1.660894944859709
0.00153,1.661562832503426
0.0015325,1.661228888681568
0.001535,1.661228888681568
0.0015375,1.661228888681568
0.00154,1.660894944859709
0.0015425,1.661562832503426
0.001545,1.661228888681568
0.0015475,1.661228888681568
0.00155,1.661228888681568
0.0015525,1.661228888681568
0.001555,1.661896776325285
0.0015575,1.661562832503426
0.00156,1.661228888681568
0.0015625,1.661228888681568
0.001565,1.660894944859709
0.0015675,1.660894944859709
0.00157,1.661562832503426
0.0015725,1.661228888681568
0.001575,1.661228888681568
0.0015775,1.661562832503426
0.00158,1.661562832503426
0.0015825,1.661228888681568
0.001585,1.661228888681568
0.0015875,1.660894944859709
0.00159,1.661228888681568
0.0015925,1.660894944859709
0.001595,1.661228888681568
0.0015975,1.661228888681568
0.0016,1.661228888681568
0.0016025,1.661228888681568
0.001605,1.661228888681568
0.0016075,1.661562832503426
0.00161,1.661562832503426
0.0016125,1.660894944859709
0.001615,1.661562832503426
0.0016175,1.661562832503426
0.00162,1.661562832503426
0.0016225,1.661228888681568
0.001625,1.660894944859709
0.0016275,1.661228888681568
0.00163,1.660894944859709
0.0016325,1.661228888681568
0.001635,1.661562832503426
0.0016375,1.661562832503426
0.00164,1.661228888681568
0.0016425,1.661228888681568
0.001645,1.660894944859709
0.0016475,1.661228888681568
0.00165,1.661562832503426
0.0016525,1.661562832503426
0.001655,1.661562832503426
0.0016575,1.661228888681568
0.00166,1.661562832503426
0.0016625,1.660894944859709
0.001665,1.661228888681568
0.0016675,1.661562832503426
0.00167,1.661228888681568
0.0016725,1.661228888681568
0.001675,1.661562832503426
0.0016775,1.661228888681568
0.00168,1.661562832503426
0.0016825,1.660894944859709
0.001685,1.661228888681568
0.0016875,1.660894944859709
0.00169,1.661228888681568
0.0016925,1.661562832503426
0.001695,1.661896776325285
0.0016975,1.661228888681568
0.0017,1.660894944859709
0.0017025,1.661562832503426
0.001705,1.661228888681568
0.0017075,1.661228888681568
0.00171,1.660894944859709
0.0017125,1.661228888681568
0.001715,1.661228888681568
0.0017175,1.661228888681568
0.00172,1.661228888681568
0.0017225,1.660894944859709
0.001725,1.661228888681568
0.0017275,1.661228888681568
0.00173,1.661562832503426
0.0017325,1.661228888681568
0.001735,1.661562832503426
0.0017375,1.661562832503426
0.00174,1.661228888681568
0.0017425,1.660894944859709
0.001745,1.660894944859709
0.0017475,1.661228888681568
0.00175,1.661228888681568
0.0017525,1.661228888681568
0.001755,1.661228888681568
0.0017575,1.661228888681568
0.00176,1.661228888681568
0.0017625,1.660894944859709
0.001765,1.661228888681568
0.0017675,1.661562832503426
0.00177,1.661228888681568
0.0017725,1.661562832503426
0.001775,1.661562832503426
0.0017775,1.661228888681568
0.00178,1.661228888681568
0.0017825,1.661228888681568
0.001785,1.660894944859709
0.0017875,1.660894944859709
0.00179,1.661228888681568
0.0017925,1.661228888681568
0.001795,1.661228888681568
0.0017975,1.661228888681568
0.0018,1.661228888681568
0.0018025,1.661228888681568
0.001805,1.661228888681568
0.0018075,1.660894944859709
0.00181,1.660894944859709
0.0018125,1.661562832503426
0.001815,1.661228888681568
0.0018175,1.661562832503426
0.00182,1.661228888681568
0.0018225,1.660894944859709
0.001825,1.661228888681568
0.0018275,1.661228888681568
0.00183,1.661562832503426
0.0018325,1.661228888681568
0.001835,1.661228888681568
0.0018375,1.661228888681568
0.00184,1.661228888681568
0.0018425,1.661228888681568
0.001845,1.661228888681568
0.0018475,1.661562832503426
0.00185,1.660894944859709
0.0018525,1.661228888681568
0.001855,1.661228888681568
0.0018575,1.661228888681568
0.00186,1.661562832503426
0.0018625,1.661228888681568
0.001865,1.661228888681568
0.0018675,1.661562832503426
0.00187,1.661228888681568
0.0018725,1.661562832503426
0.001875,1.661228888681568
0.0018775,1.661562832503426
0.00188,1.661228888681568
0.0018825,1.661562832503426
0.001885,1.661562832503426
0.0018875,1.661228888681568
0.00189,1.661562832503426
0.0018925,1.661228888681568
0.001895,1.661228888681568
0.0018975,1.661228888681568
0.0019,1.661562832503426
0.0019025,1.661562832503426
0.001905,1.661228888681568
0.0019075,1.661562832503426
0.00191,1.661562832503426
0.0019125,1.661562832503426
0.001915,1.661228888681568
0.0019175,1.661228888681568
0.00192,1.661228888681568
0.0019225,1.661228888681568
0.001925,1.661228888681568
0.0019275,1.661228888681568
0.00193,1.661562832503426
0.0019325,1.660894944859709
0.001935,1.660894944859709
0.0019375,1.661228888681568
0.00194,1.661228888681568
0.0019425,1.661562832503426
0.001945,1.661228888681568
0.0019475,1.661562832503426
0.00195,1.661228888681568
0.0019525,1.661228888681568
0.001955,1.661228888681568
0.0019575,1.661228888681568
0.00196,1.660894944859709
0.0019625,1.661228888681568
0.001965,1.661228888681568
0.0019675,1.661228888681568
0.00197,1.661228888681568
0.0019725,1.661562832503426
0.001975,1.661562832503426
0.0019775,1.660894944859709
0.00198,1.661228888681568
0.0019825,1.661228888681568
0.001985,1.661228888681568
0.0019875,1.661228888681568
0.00199,1.660894944859709
0.0019925,1.661562832503426
0.001995,1.660894944859709
0.0019975,1.661228888681568
0.002,1.660894944859709
0.0020025,1.661228888681568
0.002005,1.660894944859709
0.0020075,1.660894944859709
0.00201,1.660894944859709
0.0020125,1.661562832503426
0.002015,1.661562832503426
0.0020175,1.661562832503426
0.00202,1.661896776325285
0.0020225,1.660894944859709
0.002025,1.661228888681568
0.0020275,1.661228888681568
0.00203,1.661228888681568
0.0020325,1.661562832503426
0.002035,1.661228888681568
0.0020375,1.661228888681568
0.00204,1.661228888681568
0.0020425,1.661228888681568
0.002045,1.660894944859709
0.0020475,1.661228888681568
0.00205,1.661562832503426
0.0020525,1.660894944859709
0.002055,1.661228888681568
0.0020575,1.661228888681568
0.00206,1.660894944859709
0.0020625,1.661228888681568
0.002065,1.661228888681568
0.0020675,1.661228888681568
0.00207,1.661228888681568
0.0020725,1.660894944859709
0.002075,1.660894944859709
0.0020775,1.660894944859709
0.00208,1.661228888681568
0.0020825,1.660894944859709
0.002085,1.661228888681568
0.0020875,1.661228888681568
0.00209,1.660894944859709
0.0020925,1.661228888681568
0.002095,1.660894944859709
0.0020975,1.660894944859709
0.0021,1.661228888681568
0.0021025,1.661228888681568
0.002105,1.661562832503426
0.0021075,1.661562832503426
0.00211,1.661562832503426
0.0021125,1.660894944859709
0.002115,1.661228888681568
0.0021175,1.661562832503426
0.00212,1.661228888681568
0.0021225,1.661562832503426
0.002125,1.661562832503426
0.0021275,1.661228888681568
0.00213,1.661228888681568
0.0021325,1.661228888681568
0.002135,1.660894944859709
0.0021375,1.661228888681568
0.00214,1.660894944859709
0.0021425,1.661228888681568
0.002145,1.661228888681568
0.0021475,1.661228888681568
0.00215,1.661228888681568
0.0021525,1.661228888681568
0.002155,1.661228888681568
0.0021575,1.661228888681568
0.00216,1.661228888681568
0.0021625,1.660894944859709
0.002165,1.661228888681568
0.0021675,1.661228888681568
0.00217,1.661228888681568
0.0021725,1.661228888681568
0.002175,1.660894944859709
0.0021775,1.661228888681568
0.00218,1.661228888681568
0.0021825,1.661228888681568
0.002185,1.661228888681568
0.0021875,1.661228888681568
0.00219,1.660894944859709
0.0021925,1.660894944859709
0.002195,1.661228888681568
0.0021975,1.661228888681568
0.0022,1.660894944859709
0.0022025,1.661228888681568
0.002205,1.660894944859709
0.0022075,1.661228888681568
0.00221,1.661228888681568
0.0022125,1.661228888681568
0.002215,1.661228888681568
0.0022175,1.661562832503426
0.00222,1.661562832503426
0.0022225,1.661228888681568
0.002225,1.661228888681568
0.0022275,1.660561001037851
0.00223,1.661562832503426
0.0022325,1.661228888681568
0.002235,1.660894944859709
0.0022375,1.660894944859709
0.00224,1.661228888681568
0.0022425,1.661228888681568
0.002245,1.660894944859709
0.0022475,1.661562832503426
0.00225,1.661228888681568
0.0022525,1.661228888681568
0.002255,1.661228888681568
0.0022575,1.660894944859709
0.00226,1.661228888681568
0.0022625,1.660894944859709
0.002265,1.661228888681568
0.0022675,1.661228888681568
0.00227,1.660894944859709
0.0022725,1.660561001037851
0.002275,1.660561001037851
0.0022775,1.661228888681568
0.00228,1.660894944859709
0.0022825,1.660894944859709
0.002285,1.660894944859709
0.0022875,1.660561001037851
0.00229,1.660561001037851
0.0022925,1.661228888681568
0.002295,1.660561001037851
0.0022975,1.660894944859709
0.0023,1.661562832503426
0.0023025,1.661228888681568
0.002305,1.660894944859709
0.0023075,1.660894944859709
0.00231,1.661228888681568
0.0023125,1.660894944859709
0.002315,1.660894944859709
0.0023175,1.661228888681568
0.00232,1.661562832503426
0.0023225,1.661228888681568
0.002325,1.661228888681568
0.0023275,1.660894944859709
0.00233,1.660894944859709
0.0023325,1.660561001037851
0.002335,1.660894944859709
0.0023375,1.661228888681568
0.00234,1.661562832503426
0.0023425,1.660894944859709
0.002345,1.661228888681568
0.0023475,1.660894944859709
0.00235,1.660561001037851
0.0023525,1.660561001037851
0.002355,1.660894944859709
0.0023575,1.660894944859709
0.00236,1.661228888681568
0.0023625,1.661228888681568
0.002365,1.661228888681568
0.0023675,1.661228888681568
0.00237,1.660894944859709
0.0023725,1.661228888681568
0.002375,1.660894944859709
0.0023775,1.661228888681568
0.00238,1.661562832503426
0.0023825,1.661228888681568
0.002385,1.660561001037851
0.0023875,1.660561001037851
0.00239,1.660894944859709
0.0023925,1.660561001037851
0.002395,1.661228888681568
0.0023975,1.661228888681568
0.0024,1.661228888681568
0.0024025,1.661228888681568
0.002405,1.661228888681568
0.0024075,1.660894944859709
0.00241,1.661228888681568
0.0024125,1.660894944859709
0.002415,1.661228888681568
0.0024175,1.660894944859709
0.00242,1.661562832503426
0.0024225,1.661228888681568
0.002425,1.661228888681568
0.0024275,1.661228888681568
0.00243,1.661228888681568
0.0024325,1.661228888681568
0.002435,1.661228888681568
0.0024375,1.660894944859709
0.00244,1.661228888681568
0.0024425,1.661562832503426
0.002445,1.661228888681568
0.0024475,1.660894944859709
0.00245,1.660894944859709
0.0024525,1.660894944859709
0.002455,1.660894944859709
0.0024575,1.660894944859709
0.00246,1.661228888681568
0.0024625,1.661562832503426
0.002465,1.661228888681568
0.0024675,1.661562832503426
0.00247,1.661228888681568
0.0024725,1.661228888681568
0.002475,1.661228888681568
0.0024775,1.661562832503426
0.00248,1.661562832503426
0.0024825,1.661228888681568
0.002485,1.661228888681568
0.0024875,1.661228888681568
0.00249,1.661228888681568
0.0024925,1.661228888681568
0.002495,1.661228888681568
0.0024975,1.661562832503426
0.0025,1.661562832503426
0.0025025,1.661562832503426
0.002505,1.661228888681568
0.0025075,1.661228888681568
0.00251,1.661228888681568
0.0025125,1.661228888681568
0.002515,1.661228888681568
0.0025175,1.661562832503426
0.00252,1.661562832503426
0.0025225,1.661228888681568
0.002525,1.661228888681568
0.0025275,1.660894944859709
0.00253,1.661228888681568
0.0025325,1.661228888681568
0.002535,1.661228888681568
0.0025375,1.661562832503426
0.00254,1.661228888681568
0.0025425,1.661562832503426
0.002545,1.661562832503426
0.0025475,1.661228888681568
0.00255,1.661562832503426
0.0025525,1.661562832503426
0.002555,1.661562832503426
0.0025575,1.661896776325285
0.00256,1.661896776325285
0.0025625,1.661562832503426
0.002565,1.661228888681568
0.0025675,1.661228888681568
0.00257,1.660894944859709
0.0025725,1.661228888681568
0.002575,1.661896776325285
0.0025775,1.661562832503426
0.00258,1.661562832503426
0.0025825,1.661228888681568
0.002585,1.661562832503426
0.0025875,1.661228888681568
0.00259,1.661562832503426
0.0025925,1.661562832503426
0.002595,1.661896776325285
0.0025975,1.661562832503426
0.0026,1.661562832503426
0.0026025,1.661562832503426
0.002605,1.661562832503426
0.0026075,1.661562832503426
0.00261,1.661562832503426
0.0026125,1.661228888681568
0.002615,1.661228888681568
0.0026175,1.661562832503426
0.00262,1.661228888681568
0.0026225,1.661228888681568
0.002625,1.661562832503426
0.0026275,1.661562832503426
0.00263,1.661562832503426
0.0026325,1.661562832503426
0.002635,1.661562832503426
0.0026375,1.661562832503426
0.00264,1.661228888681568
0.0026425,1.661228888681568
0.002645,1.661562832503426
0.0026475,1.661562832503426
0.00265,1.661896776325285
0.0026525,1.661896776325285
0.002655,1.661896776325285
0.0026575,1.661896776325285
0.00266,1.661228888681568
0.0026625,1.661896776325285
0.002665,1.660894944859709
0.0026675,1.661228888681568
0.00267,1.661228888681568
0.0026725,1.661228888681568
0.002675,1.661562832503426
0.0026775,1.661562832503426
0.00268,1.661228888681568
0.0026825,1.660894944859709
0.002685,1.661228888681568
0.0026875,1.661228888681568
0.00269,1.661228888681568
0.0026925,1.661562832503426
0.002695,1.661562832503426
0.0026975,1.660894944859709
0.0027,1.661228888681568
0.0027025,1.660894944859709
0.002705,1.660561001037851
0.0027075,1.661228888681568
0.00271,1.661228888681568
0.0027125,1.661562832503426
0.002715,1.661562832503426
0.0027175,1.661228888681568
0.00272,1.661228888681568
0.0027225,1.661228888681568
0.002725,1.661562832503426
0.0027275,1.661562832503426
0.00273,1.660894944859709
0.0027325,1.661562832503426
0.002735,1.661562832503426
0.0027375,1.661562832503426
0.00274,1.661228888681568
0.0027425,1.661228888681568
0.002745,1.661228888681568
0.0027475,1.661228888681568
0.00275,1.661228888681568
0.0027525,1.661228888681568
0.002755,1.661228888681568
0.0027575,1.661562832503426
0.00276,1.661228888681568
0.0027625,1.661228888681568
0.002765,1.660894944859709
0.0027675,1.661228888681568
0.00277,1.661228888681568
0.0027725,1.661562832503426
0.002775,1.661896776325285
0.0027775,1.661228888681568
0.00278,1.661228888681568
0.0027825,1.661562832503426
0.002785,1.661896776325285
0.0027875,1.661228888681568
0.00279,1.661562832503426
0.0027925,1.661896776325285
0.002795,1.661562832503426
0.0027975,1.661228888681568
0.0028,1.660894944859709
0.0028025,1.661228888681568
0.002805,1.661562832503426
0.0028075,1.661562832503426
0.00281,1.661896776325285
0.0028125,1.661562832503426
0.002815,1.661228888681568
0.0028175,1.660894944859709
0.00282,1.660561001037851
0.0028225,1.661228888681568
0.002825,1.661228888681568
0.0028275,1.661228888681568
0.00283,1.661228888681568
0.0028325,1.661228888681568
0.002835,1.661228888681568
0.0028375,1.661228888681568
0.00284,1.661228888681568
0.0028425,1.661228888681568
0.002845,1.660894944859709
0.0028475,1.661228888681568
0.00285,1.661228888681568
0.0028525,1.661562832503426
0.002855,1.661228888681568
0.0028575,1.660894944859709
0.00286,1.661562832503426
0.0028625,1.661228888681568
0.002865,1.660894944859709
0.0028675,1.661228888681568
0.00287,1.661228888681568
0.0028725,1.661228888681568
0.002875,1.661228888681568
0.0028775,1.661562832503426
0.00288,1.661562832503426
0.0028825,1.661228888681568
0.002885,1.661228888681568
0.0028875,1.661562832503426
0.00289,1.661228888681568
0.0028925,1.660894944859709
0.002895,1.661228888681568
0.0028975,1.660894944859709
0.0029,1.660894944859709
0.0029025,1.661228888681568
0.002905,1.661228888681568
0.0029075,1.661228888681568
0.00291,1.661228888681568
0.0029125,1.661228888681568
0.002915,1.660894944859709
0.0029175,1.661228888681568
0.00292,1.661228888681568
0.0029225,1.660894944859709
0.002925,1.660894944859709
0.0029275,1.661228888681568
0.00293,1.661228888681568
0.0029325,1.660894944859709
0.002935,1.661228888681568
0.0029375,1.661562832503426
0.00294,1.661562832503426
0.0029425,1.661228888681568
0.002945,1.661228888681568
0.0029475,1.661228888681568
0.00295,1.660894944859709
0.0029525,1.660894944859709
0.002955,1.660894944859709
0.0029575,1.661228888681568
0.00296,1.661562832503426
0.0029625,1.661228888681568
0.002965,1.661228888681568
0.0029675,1.661562832503426
0.00297,1.661228888681568
0.0029725,1.661228888681568
0.002975,1.661228888681568
0.0029775,1.661228888681568
0.00298,1.661228888681568
0.0029825,1.661228888681568
0.002985,1.661228888681568
0.0029875,1.661228888681568
0.00299,1.661562832503426
0.0029925,1.660894944859709
0.002995,1.660894944859709
0.0029975,1.660894944859709
0.003,1.660894944859709
0.0030025,1.660894944859709
0.003005,1.660894944859709
0.0030075,1.661228888681568
0.00301,1.661228888681568
0.0030125,1.661228888681568
0.003015,1.661228888681568
0.0030175,1.661228888681568
0.00302,1.660561001037851
0.0030225,1.661562832503426
0.003025,1.661228888681568
0.0030275,1.660894944859709
0.00303,1.660894944859709
0.0030325,1.661228888681568
0.003035,1.661228888681568
0.0030375,1.660894944859709
0.00304,1.661228888681568
0.0030425,1.660894944859709
0.003045,1.661228888681568
0.0030475,1.661228888681568
0.00305,1.661228888681568
0.0030525,1.661228888681568
0.003055,1.660894944859709
0.0030575,1.660894944859709
0.00306,1.661562832503426
0.0030625,1.660561001037851
0.003065,1.661228888681568
0.0030675,1.661228888681568
0.00307,1.661228888681568
0.0030725,1.660894944859709
0.003075,1.661228888681568
0.0030775,1.661228888681568
0.00308,1.660894944859709
0.0030825,1.661228888681568
0.003085,1.661228888681568
0.0030875,1.661228888681568
0.00309,1.661228888681568
0.0030925,1.661228888681568
0.003095,1.661228888681568
0.0030975,1.661228888681568
0.0031,1.660894944859709
0.0031025,1.661228888681568
0.003105,1.661562832503426
0.0031075,1.661228888681568
0.00311,1.661228888681568
0.0031125,1.661228888681568
0.003115,1.660894944859709
0.0031175,1.660561001037851
0.00312,1.661228888681568
0.0031225,1.660894944859709
0.003125,1.661228888681568
0.0031275,1.660894944859709
0.00313,1.661562832503426
0.0031325,1.661228888681568
0.003135,1.661228888681568
0.0031375,1.661228888681568
0.00314,1.661228888681568
0.0031425,1.661228888681568
0.003145,1.661562832503426
0.0031475,1.661228888681568
0.00315,1.660561001037851
0.0031525,1.660894944859709
0.003155,1.660894944859709
0.0031575,1.660894944859709
0.00316,1.661228888681568
0.0031625,1.661228888681568
0.003165,1.660894944859709
0.0031675,1.660894944859709
0.00317,1.661228888681568
0.0031725,1.660894944859709
0.003175,1.660894944859709
0.0031775,1.661228888681568
0.00318,1.661228888681568
0.0031825,1.661228888681568
0.003185,1.661562832503426
0.0031875,1.661562832503426
0.00319,1.661228888681568
0.0031925,1.661228888681568
0.003195,1.661228888681568
0.0031975,1.661562832503426
0.0032,1.661228888681568
0.0032025,1.661896776325285
0.003205,1.661562832503426
0.0032075,1.661562832503426
0.00321,1.660894944859709
0.0032125,1.661228888681568
0.003215,1.661228888681568
0.0032175,1.660894944859709
0.00322,1.660894944859709
0.0032225,1.661562832503426
0.003225,1.661562832503426
0.0032275,1.661562832503426
0.00323,1.661228888681568
0.0032325,1.660894944859709
0.003235,1.660894944859709
0.0032375,1.661228888681568
0.00324,1.661228888681568
0.0032425,1.661228888681568
0.003245,1.660894944859709
0.0032475,1.660894944859709
0.00325,1.660894944859709
0.0032525,1.661228888681568
0.003255,1.661228888681568
0.0032575,1.661228888681568
0.00326,1.660894944859709
0.0032625,1.660894944859709
0.003265,1.661562832503426
0.0032675,1.660894944859709
0.00327,1.660894944859709
0.0032725,1.661562832503426
0.003275,1.661228888681568
0.0032775,1.661228888681568
0.00328,1.660561001037851
0.0032825,1.661228888681568
0.003285,1.661562832503426
0.0032875,1.661562832503426
0.00329,1.661228888681568
0.0032925,1.660894944859709
0.003295,1.661228888681568
0.0032975,1.661228888681568
0.0033,1.661228888681568
0.0033025,1.661228888681568
0.003305,1.661228888681568
0.0033075,1.660894944859709
0.00331,1.660894944859709
0.0033125,1.661228888681568
0.003315,1.661228888681568
0.0033175,1.660561001037851
0.00332,1.660561001037851
0.0033225,1.661228888681568
0.003325,1.661228888681568
0.0033275,1.660894944859709
0.00333,1.660894944859709
0.0033325,1.661228888681568
0.003335,1.661228888681568
0.0033375,1.661228888681568
0.00334,1.661228888681568
0.0033425,1.661228888681568
0.003345,1.661562832503426
0.0033475,1.660894944859709
0.00335,1.661228888681568
0.0033525,1.661228888681568
0.003355,1.660894944859709
0.0033575,1.661228888681568
0.00336,1.661228888681568
0.0033625,1.661562832503426
0.003365,1.661562832503426
0.0033675,1.660894944859709
0.00337,1.661228888681568
0.0033725,1.661228888681568
0.003375,1.661228888681568
0.0033775,1.661228888681568
0.00338,1.661228888681568
0.0033825,1.661562832503426
0.003385,1.661562832503426
0.0033875,1.660894944859709
0.00339,1.660894944859709
0.0033925,1.660894944859709
0.003395,1.661228888681568
0.0033975,1.661228888681568
0.0034,1.661228888681568
0.0034025,1.661562832503426
0.003405,1.661228888681568
0.0034075,1.661228888681568
0.00341,1.661562832503426
0.0034125,1.661562832503426
0.003415,1.661228888681568
0.0034175,1.660894944859709
0.00342,1.660894944859709
0.0034225,1.661228888681568
0.003425,1.661228888681568
0.0034275,1.661228888681568
0.00343,1.661228888681568
0.0034325,1.661228888681568
0.003435,1.661562832503426
0.0034375,1.661228888681568
0.00344,1.661228888681568
0.0034425,1.661228888681568
0.003445,1.661228888681568
0.0034475,1.661228888681568
0.00345,1.661228888681568
0.0034525,1.661562832503426
0.003455,1.661562832503426
0.0034575,1.661228888681568
0.00346,1.661562832503426
0.0034625,1.660894944859709
0.003465,1.661228888681568
0.0034675,1.661562832503426
0.00347,1.661228888681568
0.0034725,1.661562832503426
0.003475,1.661228888681568
0.0034775,1.661228888681568
0.00348,1.661562832503426
0.0034825,1.661562832503426
0.003485,1.661228888681568
0.0034875,1.660894944859709
0.00349,1.661228888681568
0.0034925,1.661562832503426
0.003495,1.661562832503426
0.0034975,1.661562832503426
0.0035,1.661228888681568
0.0035025,1.661562832503426
0.003505,1.661228888681568
0.0035075,1.661228888681568
0.00351,1.661228888681568
0.0035125,1.661896776325285
0.003515,1.661562832503426
0.0035175,1.661562832503426
0.00352,1.661228888681568
0.0035225,1.661228888681568
0.003525,1.660894944859709
0.0035275,1.660894944859709
0.00353,1.661562832503426
0.0035325,1.661562832503426
0.003535,1.661562832503426
0.0035375,1.661562832503426
0.00354,1.661562832503426
0.0035425,1.661228888681568
0.003545,1.661228888681568
0.0035475,1.661228888681568
0.00355,1.661896776325285
0.0035525,1.661228888681568
0.003555,1.661228888681568
0.0035575,1.661228888681568
0.00356,1.661228888681568
0.0035625,1.661228888681568
0.003565,1.661228888681568
0.0035675,1.661228888681568
0.00357,1.660894944859709
0.0035725,1.661228888681568
0.003575,1.660561001037851
0.0035775,1.661562832503426
0.00358,1.661562832503426
0.0035825,1.661228888681568
0.003585,1.660894944859709
0.0035875,1.661228888681568
0.00359,1.661228888681568
0.0035925,1.661228888681568
0.003595,1.661228888681568
0.0035975,1.661562832503426
0.0036,1.661228888681568
0.0036025,1.660894944859709
0.003605,1.660561001037851
0.0036075,1.660894944859709
0.00361,1.660894944859709
0.0036125,1.661562832503426
0.003615,1.661228888681568
0.0036175,1.661896776325285
0.00362,1.661562832503426
0.0036225,1.660894944859709
0.003625,1.661228888681568
0.0036275,1.661228888681568
0.00363,1.661228888681568
0.0036325,1.661562832503426
0.003635,1.661228888681568
0.0036375,1.661562832503426
0.00364,1.660561001037851
0.0036425,1.661228888681568
0.003645,1.661228888681568
0.0036475,1.661228888681568
0.00365,1.661228888681568
0.0036525,1.661228888681568
0.003655,1.661228888681568
0.0036575,1.661228888681568
0.00366,1.661562832503426
0.0036625,1.661228888681568
0.003665,1.661228888681568
0.0036675,1.661562832503426
0.00367,1.661228888681568
0.0036725,1.661562832503426
0.003675,1.661562832503426
0.0036775,1.661562832503426
0.00368,1.661228888681568
0.0036825,1.661228888681568
0.003685,1.660894944859709
0.0036875,1.661228888681568
0.00369,1.661228888681568
0.0036925,1.661228888681568
0.003695,1.661228888681568
0.0036975,1.661228888681568
0.0037,1.661228888681568
0.0037025,1.661562832503426
0.003705,1.661228888681568
0.0037075,1.661228888681568
0.00371,1.661228888681568
0.0037125,1.660894944859709
0.003715,1.661228888681568
0.0037175,1.660894944859709
0.00372,1.661228888681568
0.0037225,1.661228888681568
0.003725,1.661228888681568
0.0037275,1.661562832503426
0.00373,1.661228888681568
0.0037325,1.660894944859709
0.003735,1.661562832503426
0.0037375,1.661228888681568
0.00374,1.661228888681568
0.0037425,1.661562832503426
0.003745,1.660561001037851
0.0037475,1.661228888681568
0.00375,1.661228888681568
0.0037525,1.661562832503426
0.003755,1.661228888681568
0.0037575,1.661228888681568
0.00376,1.660894944859709
0.0037625,1.661228888681568
0.003765,1.661562832503426
0.0037675,1.661562832503426
0.00377,1.661228888681568
0.0037725,1.661228888681568
0.003775,1.661562832503426
0.0037775,1.661228888681568
0.00378,1.661228888681568
0.0037825,1.660894944859709
0.003785,1.661228888681568
0.0037875,1.661562832503426
0.00379,1.661562832503426
0.0037925,1.661228888681568
0.003795,1.661228888681568
0.0037975,1.660894944859709
0.0038,1.660894944859709
0.0038025,1.661228888681568
0.003805,1.660894944859709
0.0038075,1.661228888681568
0.00381,1.661228888681568
0.0038125,1.661228888681568
0.003815,1.661228888681568
0.0038175,1.661228888681568
0.00382,1.661228888681568
0.0038225,1.661228888681568
0.003825,1.661228888681568
0.0038275,1.661228888681568
0.00383,1.660894944859709
0.0038325,1.661228888681568
0.003835,1.661228888681568
0.0038375,1.660894944859709
0.00384,1.661562832503426
0.0038425,1.660894944859709
0.003845,1.661228888681568
0.0038475,1.660894944859709
0.00385,1.661228888681568
0.0038525,1.660894944859709
0.003855,1.661228888681568
0.0038575,1.661228888681568
0.00386,1.660894944859709
0.0038625,1.660894944859709
0.003865,1.661228888681568
0.0038675,1.661228888681568
0.00387,1.661562832503426
0.0038725,1.661228888681568
0.003875,1.661562832503426
0.0038775,1.661228888681568
0.00388,1.661562832503426
0.0038825,1.661228888681568
0.003885,1.661228888681568
0.0038875,1.661228888681568
0.00389,1.661228888681568
0.0038925,1.661228888681568
0.003895,1.661228888681568
0.0038975,1.661228888681568
0.0039,1.660894944859709
0.0039025,1.660894944859709
0.003905,1.661562832503426
0.0039075,1.661228888681568
0.00391,1.661228888681568
0.0039125,1.661562832503426
0.003915,1.661228888681568
0.0039175,1.661562832503426
0.00392,1.661228888681568
0.0039225,1.661228888681568
0.003925,1.660894944859709
0.0039275,1.661562832503426
0.00393,1.661562832503426
0.0039325,1.661562832503426
0.003935,1.660894944859709
0.0039375,1.661228888681568
0.00394,1.661562832503426
0.0039425,1.661228888681568
0.003945,1.661562832503426
0.0039475,1.661228888681568
0.00395,1.661228888681568
0.0039525,1.660894944859709
0.003955,1.660894944859709
0.0039575,1.660894944859709
0.00396,1.661228888681568
0.0039625,1.660894944859709
0.003965,1.661228888681568
0.0039675,1.661562832503426
0.00397,1.661228888681568
0.0039725,1.661228888681568
0.003975,1.661228888681568
0.0039775,1.661228888681568
0.00398,1.660894944859709
0.0039825,1.661228888681568
0.003985,1.661562832503426
0.0039875,1.661228888681568
0.00399,1.661228888681568
0.0039925,1.661228888681568
0.003995,1.660894944859709
0.0039975,1.660894944859709
0.004,1.660894944859709
0.0040025,1.661228888681568
0.004005,1.661228888681568
0.0040075,1.661228888681568
0.00401,1.661562832503426
0.0040125,1.661228888681568
0.004015,1.661228888681568
0.0040175,1.661228888681568
0.00402,1.661228888681568
0.0040225,1.661228888681568
0.004025,1.661228888681568
0.0040275,1.661562832503426
0.00403,1.661228888681568
0.0040325,1.661228888681568
0.004035,1.661228888681568
0.0040375,1.661562832503426
0.00404,1.660894944859709
0.0040425,1.660894944859709
0.004045,1.661562832503426
0.0040475,1.661228888681568
0.00405,1.661562832503426
0.0040525,1.661228888681568
0.004055,1.661228888681568
0.0040575,1.661228888681568
0.00406,1.661228888681568
0.0040625,1.661562832503426
0.004065,1.661228888681568
0.0040675,1.661228888681568
0.00407,1.661228888681568
0.0040725,1.661228888681568
0.004075,1.661562832503426
0.0040775,1.661228888681568
0.00408,1.661228888681568
0.0040825,1.660894944859709
0.004085,1.661562832503426
0.0040875,1.661228888681568
0.00409,1.661228888681568
0.0040925,1.660894944859709
0.004095,1.661228888681568
0.0040975,1.661228888681568
0.0041,1.660894944859709
0.0041025,1.661228888681568
0.004105,1.661228888681568
0.0041075,1.661896776325285
0.00411,1.661228888681568
0.0041125,1.661228888681568
0.004115,1.660894944859709
0.0041175,1.660894944859709
0.00412,1.661228888681568
0.0041225,1.660894944859709
0.004125,1.661228888681568
0.0041275,1.661228888681568
0.00413,1.661228888681568
0.0041325,1.661228888681568
0.004135,1.661562832503426
0.0041375,1.661562832503426
0.00414,1.661562832503426
0.0041425,1.661228888681568
0.004145,1.661228888681568
0.0041475,1.661228888681568
0.00415,1.660894944859709
0.0041525,1.660894944859709
0.004155,1.660894944859709
0.0041575,1.661228888681568
0.00416,1.661228888681568
0.0041625,1.661228888681568
0.004165,1.661562832503426
0.0041675,1.660894944859709
0.00417,1.661228888681568
0.0041725,1.661228888681568
0.004175,1.660894944859709
0.0041775,1.661562832503426
0.00418,1.661228888681568
0.0041825,1.660894944859709
0.004185,1.661228888681568
0.0041875,1.661562832503426
0.00419,1.661228888681568
0.0041925,1.661562832503426
0.004195,1.661562832503426
0.0041975,1.661228888681568
0.0042,1.661228888681568
0.0042025,1.661228888681568
0.004205,1.661228888681568
0.0042075,1.661228888681568
0.00421,1.661228888681568
0.0042125,1.661562832503426
0.004215,1.661228888681568
0.0042175,1.661562832503426
0.00422,1.661562832503426
0.0042225,1.661228888681568
0.004225,1.661562832503426
0.0042275,1.661228888681568
0.00423,1.661228888681568
0.0042325,1.660894944859709
0.004235,1.660561001037851
0.0042375,1.661228888681568
0.00424,1.661562832503426
0.0042425,1.661562832503426
0.004245,1.661228888681568
0.0042475,1.661228888681568
0.00425,1.660894944859709
0.0042525,1.661228888681568
0.004255,1.660561001037851
0.0042575,1.660894944859709
0.00426,1.661228888681568
0.0042625,1.661562832503426
0.004265,1.661228888681568
0.0042675,1.660894944859709
0.00427,1.661228888681568
0.0042725,1.660561001037851
0.004275,1.660894944859709
0.0042775,1.661562832503426
0.00428,1.660894944859709
0.0042825,1.661228888681568
0.004285,1.661228888681568
0.0042875,1.661228888681568
0.00429,1.660894944859709
0.0042925,1.661228888681568
0.004295,1.661228888681568
0.0042975,1.661562832503426
0.0043,1.661562832503426
0.0043025,1.661562832503426
0.004305,1.661562832503426
0.0043075,1.661562832503426
0.00431,1.661228888681568
0.0043125,1.660894944859709
0.004315,1.660894944859709
0.0043175,1.661228888681568
0.00432,1.661228888681568
0.0043225,1.661896776325285
0.004325,1.661562832503426
0.0043275,1.661228888681568
0.00433,1.661228888681568
0.0043325,1.661562832503426
0.004335,1.661562832503426
0.0043375,1.660894944859709
0.00434,1.660894944859709
0.0043425,1.661896776325285
0.004345,1.661562832503426
0.0043475,1.660894944859709
0.00435,1.661228888681568
0.0043525,1.661228888681568
0.004355,1.660561001037851
0.0043575,1.661228888681568
0.00436,1.660894944859709
0.0043625,1.661228888681568
0.004365,1.660894944859709
0.0043675,1.661228888681568
0.00437,1.660894944859709
0.0043725,1.661228888681568
0.004375,1.661562832503426
0.0043775,1.661228888681568
0.00438,1.661228888681568
0.0043825,1.661562832503426
0.004385,1.661228888681568
0.0043875,1.660894944859709
0.00439,1.661228888681568
0.0043925,1.660894944859709
0.004395,1.661228888681568
0.0043975,1.661562832503426
0.0044,1.661562832503426
0.0044025,1.661228888681568
0.004405,1.661228888681568
0.0044075,1.661228888681568
0.00441,1.661228888681568
0.0044125,1.660894944859709
0.004415,1.661228888681568
0.0044175,1.660894944859709
0.00442,1.661228888681568
0.0044225,1.661228888681568
0.004425,1.661228888681568
0.0044275,1.661562832503426
0.00443,1.661228888681568
0.0044325,1.661562832503426
0.004435,1.661562832503426
0.0044375,1.661228888681568
0.00444,1.661228888681568
0.0044425,1.661228888681568
0.004445,1.660894944859709
0.0044475,1.661562832503426
0.00445,1.661228888681568
0.0044525,1.661228888681568
0.004455,1.661228888681568
0.0044575,1.660894944859709
0.00446,1.660894944859709
0.0044625,1.661228888681568
0.004465,1.661228888681568
0.0044675,1.660894944859709
0.00447,1.660894944859709
0.0044725,1.660894944859709
0.004475,1.660894944859709
0.0044775,1.661228888681568
0.00448,1.660894944859709
0.0044825,1.661228888681568
0.004485,1.660894944859709
0.0044875,1.661228888681568
0.00449,1.661228888681568
0.0044925,1.660894944859709
0.004495,1.661228888681568
0.0044975,1.661228888681568
0.0045,1.661228888681568
0.0045025,1.660894944859709
0.004505,1.660894944859709
0.0045075,1.661228888681568
0.00451,1.661228888681568
0.0045125,1.660894944859709
0.004515,1.661228888681568
0.0045175,1.660894944859709
0.00452,1.661228888681568
0.0045225,1.661228888681568
0.004525,1.661562832503426
0.0045275,1.660894944859709
0.00453,1.660561001037851
0.0045325,1.661228888681568
0.004535,1.661228888681568
0.0045375,1.661228888681568
0.00454,1.661228888681568
0.0045425,1.660894944859709
0.004545,1.661228888681568
0.0045475,1.661228888681568
0.00455,1.661228888681568
0.0045525,1.661562832503426
0.004555,1.661562832503426
0.0045575,1.660894944859709
0.00456,1.661228888681568
0.0045625,1.660894944859709
0.004565,1.660894944859709
0.0045675,1.660894944859709
0.00457,1.661228888681568
0.0045725,1.661228888681568
0.004575,1.661228888681568
0.0045775,1.661228888681568
0.00458,1.661228888681568
0.0045825,1.660894944859709
0.004585,1.660894944859709
0.0045875,1.660894944859709
0.00459,1.661562832503426
0.0045925,1.661562832503426
0.004595,1.661228888681568
0.0045975,1.661562832503426
0.0046,1.661562832503426
0.0046025,1.661228888681568
0.004605,1.661228888681568
0.0046075,1.660894944859709
0.00461,1.661562832503426
0.0046125,1.661228888681568
0.004615,1.661228888681568
0.0046175,1.661562832503426
0.00462,1.661562832503426
0.0046225,1.661562832503426
0.004625,1.661562832503426
0.0046275,1.660894944859709
0.00463,1.661562832503426
0.0046325,1.661562832503426
0.004635,1.661896776325285
0.0046375,1.661228888681568
0.00464,1.661228888681568
0.0046425,1.661228888681568
0.004645,1.661562832503426
0.0046475,1.661228888681568
0.00465,1.661562832503426
0.0046525,1.661228888681568
0.004655,1.661228888681568
0.0046575,1.660894944859709
0.00466,1.661228888681568
0.0046625,1.661228888681568
0.004665,1.660894944859709
0.0046675,1.661562832503426
0.00467,1.661562832503426
0.0046725,1.661228888681568
0.004675,1.661228888681568
0.0046775,1.661228888681568
0.00468,1.660894944859709
0.0046825,1.661228888681568
0.004685,1.661228888681568
0.0046875,1.660894944859709
0.00469,1.661562832503426
0.0046925,1.661228888681568
0.004695,1.660894944859709
0.0046975,1.661228888681568
0.0047,1.660894944859709
0.0047025,1.660894944859709
0.004705,1.660894944859709
0.0047075,1.661228888681568
0.00471,1.661228888681568
0.0047125,1.661228888681568
0.004715,1.661228888681568
0.0047175,1.660894944859709
0.00472,1.661228888681568
0.0047225,1.660894944859709
0.004725,1.660894944859709
0.0047275,1.660894944859709
0.00473,1.660894944859709
0.0047325,1.661228888681568
0.004735,1.660561001037851
0.0047375,1.660894944859709
0.00474,1.661228888681568
0.0047425,1.661228888681568
0.004745,1.660894944859709
0.0047475,1.660894944859709
0.00475,1.661228888681568
0.0047525,1.661562832503426
0.004755,1.661562832503426
0.0047575,1.660894944859709
0.00476,1.661228888681568
0.0047625,1.660894944859709
0.004765,1.660894944859709
0.0047675,1.661228888681568
0.00477,1.661228888681568
0.0047725,1.661228888681568
0.004775,1.661228888681568
0.0047775,1.661562832503426
0.00478,1.660894944859709
0.0047825,1.660894944859709
0.004785,1.661228888681568
0.0047875,1.661562832503426
0.00479,1.661562832503426
0.0047925,1.661228888681568
0.004795,1.661228888681568
0.0047975,1.661228888681568
0.0048,1.661228888681568
0.0048025,1.661228888681568
0.004805,1.661562832503426
0.0048075,1.661228888681568
0.00481,1.661562832503426
0.0048125,1.661562832503426
0.004815,1.661228888681568
0.0048175,1.661228888681568
0.00482,1.660894944859709
0.0048225,1.660894944859709
0.004825,1.661228888681568
0.0048275,1.661562832503426
0.00483,1.661562832503426
0.0048325,1.661562832503426
0.004835,1.660894944859709
0.0048375,1.660894944859709
0.00484,1.660894944859709
0.0048425,1.661228888681568
0.004845,1.661228888681568
0.0048475,1.661228888681568
0.00485,1.661228888681568
0.0048525,1.661228888681568
0.004855,1.661228888681568
0.0048575,1.661228888681568
0.00486,1.660894944859709
0.0048625,1.661228888681568
0.004865,1.661228888681568
0.0048675,1.661228888681568
0.00487,1.661228888681568
0.0048725,1.661228888681568
0.004875,1.661228888681568
0.0048775,1.660894944859709
0.00488,1.660894944859709
0.0048825,1.660894944859709
0.004885,1.661228888681568
0.0048875,1.661562832503426
0.00489,1.661562832503426
0.0048925,1.661562832503426
0.004895,1.660894944859709
0.0048975,1.660894944859709
0.0049,1.661228888681568
0.0049025,1.661228888681568
0.004905,1.660894944859709
0.0049075,1.661562832503426
0.00491,1.661896776325285
0.0049125,1.661228888681568
0.004915,1.660894944859709
0.0049175,1.661228888681568
0.00492,1.660894944859709
0.0049225,1.660894944859709
0.004925,1.661228888681568
0.0049275,1.660894944859709
0.00493,1.661228888681568
0.0049325,1.661228888681568
0.004935,1.660894944859709
0.0049375,1.660894944859709
0.00494,1.661228888681568
0.0049425,1.660894944859709
0.004945,1.661228888681568
0.0049475,1.661228888681568
0.00495,1.661562832503426
0.0049525,1.661562832503426
0.004955,1.661228888681568
0.0049575,1.660894944859709
0.00496,1.661562832503426
0.0049625,1.661562832503426
0.004965,1.660561001037851
0.0049675,1.661228888681568
0.00497,1.661228888681568
0.0049725,1.661562832503426
0.004975,1.660894944859709
0.0049775,1.660894944859709
0.00498,1.661228888681568
0.0049825,1.661562832503426
0.004985,1.661228888681568
0.0049875,1.660894944859709
0.00499,1.660894944859709
0.0049925,1.660894944859709
0.004995,1.661228888681568
0.0049975,1.660894944859709
0.005,1.661562832503426
0.0050025,1.661896776325285
0.005005,1.661896776325285
0.0050075,1.661228888681568
0.00501,1.661228888681568
0.0050125,1.661228888681568
0.005015,1.661228888681568
0.0050175,1.661562832503426
0.00502,1.661562832503426
0.0050225,1.661228888681568
0.005025,1.661228888681568
0.0050275,1.661228888681568
0.00503,1.660894944859709
0.0050325,1.660894944859709
0.005035,1.661228888681568
0.0050375,1.661228888681568
0.00504,1.660894944859709
0.0050425,1.660894944859709
0.005045,1.660894944859709
0.0050475,1.660894944859709
0.00505,1.660561001037851
0.0050525,1.660894944859709
0.005055,1.661228888681568
0.0050575,1.661228888681568
0.00506,1.661228888681568
0.0050625,1.661562832503426
0.005065,1.661228888681568
0.0050675,1.661228888681568
0.00507,1.661228888681568
0.0050725,1.661228888681568
0.005075,1.660894944859709
0.0050775,1.661562832503426
0.00508,1.661228888681568
0.0050825,1.661228888681568
0.005085,1.661562832503426
0.0050875,1.661562832503426
0.00509,1.661228888681568
0.0050925,1.660894944859709
0.005095,1.661228888681568
0.0050975,1.661228888681568
0.0051,1.660227057215992
0.0051025,1.661228888681568
0.005105,1.660894944859709
0.0051075,1.661228888681568
0.00511,1.660561001037851
0.0051125,1.660561001037851
0.005115,1.660894944859709
0.0051175,1.660894944859709
0.00512,1.661562832503426
0.0051225,1.661562832503426
0.005125,1.661562832503426
0.0051275,1.661228888681568
0.00513,1.661228888681568
0.0051325,1.660894944859709
0.005135,1.660894944859709
0.0051375,1.660561001037851
0.00514,1.661228888681568
0.0051425,1.661228888681568
0.005145,1.661228888681568
0.0051475,1.661228888681568
0.00515,1.660894944859709
0.0051525,1.660561001037851
0.005155,1.660561001037851
0.0051575,1.660894944859709
0.00516,1.661228888681568
0.0051625,1.661562832503426
0.005165,1.661228888681568
0.0051675,1.660894944859709
0.00517,1.661228888681568
0.0051725,1.660894944859709
0.005175,1.661228888681568
0.0051775,1.660894944859709
0.00518,1.661228888681568
0.0051825,1.661228888681568
0.005185,1.661228888681568
0.0051875,1.661228888681568
0.00519,1.660894944859709
0.0051925,1.660561001037851
0.005195,1.660894944859709
0.0051975,1.660894944859709
0.0052,1.661228888681568
0.0052025,1.661228888681568
0.005205,1.661562832503426
0.0052075,1.661228888681568
0.00521,1.661228888681568
0.0052125,1.661228888681568
0.005215,1.660894944859709
0.0052175,1.661228888681568
0.00522,1.660894944859709
0.0052225,1.660894944859709
0.005225,1.661228888681568
0.0052275,1.660894944859709
0.00523,1.661228888681568
0.0052325,1.660894944859709
0.005235,1.661228888681568
0.0052375,1.661228888681568
0.00524,1.661228888681568
0.0052425,1.660894944859709
0.005245,1.661228888681568
0.0052475,1.660894944859709
0.00525,1.660894944859709
0.0052525,1.660894944859709
0.005255,1.661228888681568
0.0052575,1.661228888681568
0.00526,1.661228888681568
0.0052625,1.661228888681568
0.005265,1.661228888681568
0.0052675,1.661228888681568
0.00527,1.661228888681568
0.0052725,1.661228888681568
0.005275,1.660894944859709
0.0052775,1.660561001037851
0.00528,1.661228888681568
0.0052825,1.660894944859709
0.005285,1.660561001037851
0.0052875,1.661228888681568
0.00529,1.661228888681568
0.0052925,1.661228888681568
0.005295,1.661228888681568
0.0052975,1.661228888681568
0.0053,1.661228888681568
0.0053025,1.661228888681568
0.005305,1.661228888681568
0.0053075,1.660561001037851
0.00531,1.660894944859709
0.0053125,1.660561001037851
0.005315,1.661228888681568
0.0053175,1.661562832503426
0.00532,1.661228888681568
0.0053225,1.661228888681568
0.005325,1.661228888681568
0.0053275,1.661228888681568
0.00533,1.660894944859709
0.0053325,1.660894944859709
0.005335,1.660894944859709
0.0053375,1.661228888681568
0.00534,1.660894944859709
0.0053425,1.661228888681568
0.005345,1.661228888681568
0.0053475,1.660894944859709
0.00535,1.661562832503426
0.0053525,1.661228888681568
0.005355,1.660894944859709
0.0053575,1.661228888681568
0.00536,1.661228888681568
0.0053625,1.661228888681568
0.005365,1.661228888681568
0.0053675,1.660894944859709
0.00537,1.660894944859709
0.0053725,1.660894944859709
0.005375,1.661228888681568
0.0053775,1.661228888681568
0.00538,1.661228888681568
0.0053825,1.661228888681568
0.005385,1.660561001037851
0.0053875,1.660894944859709
0.00539,1.660894944859709
0.0053925,1.660894944859709
0.005395,1.660894944859709
0.0053975,1.661228888681568
0.0054,1.661228888681568
0.0054025,1.660894944859709
0.005405,1.661228888681568
0.0054075,1.660894944859709
0.00541,1.660561001037851
0.0054125,1.661228888681568
0.005415,1.661228888681568
0.0054175,1.661228888681568
0.00542,1.661228888681568
0.0054225,1.661228888681568
0.005425,1.660894944859709
0.0054275,1.660894944859709
0.00543,1.661228888681568
0.0054325,1.661228888681568
0.005435,1.660894944859709
0.0054375,1.661228888681568
0.00544,1.661228888681568
0.0054425,1.661228888681568
0.005445,1.661562832503426
0.0054475,1.661228888681568
0.00545,1.661228888681568
0.0054525,1.661228888681568
0.005455,1.661228888681568
0.0054575,1.661228888681568
0.00546,1.661228888681568
0.0054625,1.661228888681568
0.005465,1.660894944859709
0.0054675,1.661228888681568
0.00547,1.661562832503426
0.0054725,1.661562832503426
0.005475,1.660894944859709
0.0054775,1.661228888681568
0.00548,1.661562832503426
0.0054825,1.661228888681568
0.005485,1.661228888681568
0.0054875,1.660894944859709
0.00549,1.661228888681568
0.0054925,1.661228888681568
0.005495,1.661228888681568
0.0054975,1.661228888681568
0.0055,1.661228888681568
0.0055025,1.661228888681568
0.005505,1.661562832503426
0.0055075,1.660894944859709
0.00551,1.661562832503426
0.0055125,1.661562832503426
0.005515,1.661562832503426
0.0055175,1.661228888681568
0.00552,1.661228888681568
0.0055225,1.661228888681568
0.005525,1.661228888681568
0.0055275,1.661228888681568
0.00553,1.661228888681568
0.0055325,1.660894944859709
0.005535,1.661228888681568
0.0055375,1.660894944859709
0.00554,1.661228888681568
0.0055425,1.661228888681568
0.005545,1.661562832503426
0.0055475,1.661228888681568
0.00555,1.661228888681568
0.0055525,1.661228888681568
0.005555,1.660561001037851
0.0055575,1.661228888681568
0.00556,1.661228888681568
0.0055625,1.661562832503426
0.005565,1.660894944859709
0.0055675,1.661562832503426
0.00557,1.661228888681568
0.0055725,1.660894944859709
0.005575,1.660894944859709
0.0055775,1.661228888681568
0.00558,1.661228888681568
0.0055825,1.660894944859709
0.005585,1.661228888681568
0.0055875,1.661228888681568
0.00559,1.661228888681568
0.0055925,1.661228888681568
0.005595,1.661562832503426
0.0055975,1.661562832503426
0.0056,1.660894944859709
0.0056025,1.661562832503426
0.005605,1.661228888681568
0.0056075,1.661562832503426
0.00561,1.661228888681568
0.0056125,1.661228888681568
0.005615,1.661562832503426
0.0056175,1.661228888681568
0.00562,1.660894944859709
0.0056225,1.661228888681568
0.005625,1.661562832503426
0.0056275,1.661228888681568
0.00563,1.661228888681568
0.0056325,1.661562832503426
0.005635,1.661562832503426
0.0056375,1.661228888681568
0.00564,1.661228888681568
0.0056425,1.661228888681568
0.005645,1.660894944859709
0.0056475,1.661228888681568
0.00565,1.660894944859709
0.0056525,1.661228888681568
0.005655,1.660894944859709
0.0056575,1.660894944859709
0.00566,1.661228888681568
0.0056625,1.660894944859709
0.005665,1.660894944859709
0.0056675,1.661228888681568
0.00567,1.661228888681568
0.0056725,1.661228888681568
0.005675,1.661228888681568
0.0056775,1.660894944859709
0.00568,1.661562832503426
0.0056825,1.661562832503426
0.005685,1.661228888681568
0.0056875,1.660894944859709
0.00569,1.661228888681568
0.0056925,1.661228888681568
0.005695,1.660894944859709
0.0056975,1.660894944859709
0.0057,1.660894944859709
0.0057025,1.660894944859709
0.005705,1.660894944859709
0.0057075,1.660894944859709
0.00571,1.660894944859709
0.0057125,1.660894944859709
0.005715,1.661562832503426
0.0057175,1.661228888681568
0.00572,1.660894944859709
0.0057225,1.661228888681568
0.005725,1.661228888681568
0.0057275,1.660894944859709
0.00573,1.661228888681568
0.0057325,1.660894944859709
0.005735,1.660894944859709
0.0057375,1.661228888681568
0.00574,1.660894944859709
0.0057425,1.661228888681568
0.005745,1.661228888681568
0.0057475,1.661228888681568
0.00575,1.661228888681568
0.0057525,1.661228888681568
0.005755,1.661228888681568
0.0057575,1.661228888681568
0.00576,1.660894944859709
0.0057625,1.661228888681568
0.005765,1.661228888681568
0.0057675,1.660894944859709
0.00577,1.660894944859709
0.0057725,1.661228888681568
0.005775,1.660894944859709
0.0057775,1.661228888681568
0.00578,1.660894944859709
0.0057825,1.660894944859709
0.005785,1.661228888681568
0.0057875,1.661228888681568
0.00579,1.660894944859709
0.0057925,1.661896776325285
0.005795,1.661228888681568
0.0057975,1.660894944859709
0.0058,1.661228888681568
0.0058025,1.660894944859709
0.005805,1.660894944859709
0.0058075,1.660894944859709
0.00581,1.661562832503426
0.0058125,1.661228888681568
0.005815,1.661228888681568
0.0058175,1.661228888681568
0.00582,1.660894944859709
0.0058225,1.661228888681568
0.005825,1.661228888681568
0.0058275,1.661228888681568
0.00583,1.661562832503426
0.0058325,1.661228888681568
0.005835,1.661228888681568
0.0058375,1.660894944859709
0.00584,1.660894944859709
0.0058425,1.660894944859709
0.005845,1.661562832503426
0.0058475,1.661896776325285
0.00585,1.661228888681568
0.0058525,1.661562832503426
0.005855,1.660894944859709
0.0058575,1.661228888681568
0.00586,1.661228888681568
0.0058625,1.661228888681568
0.005865,1.660894944859709
0.0058675,1.660894944859709
0.00587,1.661228888681568
0.0058725,1.660894944859709
0.005875,1.661228888681568
0.0058775,1.661228888681568
0.00588,1.661228888681568
0.0058825,1.661228888681568
0.005885,1.661228888681568
0.0058875,1.661228888681568
0.00589,1.660894944859709
0.0058925,1.660894944859709
0.005895,1.660894944859709
0.0058975,1.660894944859709
0.0059,1.660561001037851
0.0059025,1.661228888681568
0.005905,1.661228888681568
0.0059075,1.661562832503426
0.00591,1.661228888681568
0.0059125,1.661228888681568
0.005915,1.660894944859709
0.0059175,1.661228888681568
0.00592,1.661228888681568
0.0059225,1.661228888681568
0.005925,1.661228888681568
0.0059275,1.661228888681568
0.00593,1.661228888681568
0.0059325,1.661228888681568
0.005935,1.661228888681568
0.0059375,1.661228888681568
0.00594,1.661228888681568
0.0059425,1.661228888681568
0.005945,1.661562832503426
0.0059475,1.661562832503426
0.00595,1.661562832503426
0.0059525,1.661228888681568
0.005955,1.660894944859709
0.0059575,1.660894944859709
0.00596,1.660894944859709
0.0059625,1.661228888681568
0.005965,1.661228888681568
0.0059675,1.660894944859709
0.00597,1.661228888681568
0.0059725,1.660894944859709
0.005975,1.661228888681568
0.0059775,1.660894944859709
0.00598,1.660561001037851
0.0059825,1.660894944859709
0.005985,1.661228888681568
0.0059875,1.660894944859709
0.00599,1.660894944859709
0.0059925,1.661228888681568
0.005995,1.661228888681568
0.0059975,1.661228888681568
0.006,1.660894944859709
0.0060025,1.661228888681568
0.006005,1.660894944859709
0.0060075,1.661228888681568
0.00601,1.661228888681568
0.0060125,1.661228888681568
0.006015,1.661228888681568
0.0060175,1.660894944859709
0.00602,1.660894944859709
0.0060225,1.660894944859709
0.006025,1.660894944859709
0.0060275,1.661228888681568
0.00603,1.660894944859709
0.0060325,1.660894944859709
0.006035,1.661228888681568
0.0060375,1.660894944859709
0.00604,1.661228888681568
0.0060425,1.660894944859709
0.006045,1.661228888681568
0.0060475,1.661228888681568
0.00605,1.661228888681568
0.0060525,1.660894944859709
0.006055,1.661228888681568
0.0060575,1.660894944859709
0.00606,1.661228888681568
0.0060625,1.660894944859709
0.006065,1.661562832503426
0.0060675,1.661228888681568
0.00607,1.660894944859709
0.0060725,1.660894944859709
0.006075,1.660894944859709
0.0060775,1.661228888681568
0.00608,1.661228888681568
0.0060825,1.661228888681568
0.006085,1.661228888681568
0.0060875,1.660894944859709
0.00609,1.660894944859709
0.0060925,1.660894944859709
0.006095,1.660894944859709
0.0060975,1.661228888681568
0.0061,1.660894944859709
0.0061025,1.660894944859709
0.006105,1.661228888681568
0.0061075,1.660894944859709
0.00611,1.660894944859709
0.0061125,1.660561001037851
0.006115,1.661228888681568
0.0061175,1.661228888681568
0.00612,1.660894944859709
0.0061225,1.661228888681568
0.006125,1.661562832503426
0.0061275,1.661562832503426
0.00613,1.661228888681568
0.0061325,1.660894944859709
0.006135,1.660561001037851
0.0061375,1.661228888681568
0.00614,1.661228888681568
0.0061425,1.661228888681568
0.006145,1.661228888681568
0.0061475,1.660894944859709
0.00615,1.660894944859709
0.0061525,1.661228888681568
0.006155,1.661228888681568
0.0061575,1.660894944859709
0.00616,1.661228888681568
0.0061625,1.661228888681568
0.006165,1.661228888681568
0.0061675,1.661228888681568
0.00617,1.661228888681568
0.0061725,1.661562832503426
0.006175,1.660894944859709
0.0061775,1.661228888681568
0.00618,1.661228888681568
0.0061825,1.661896776325285
0.006185,1.661562832503426
0.0061875,1.660894944859709
0.00619,1.661228888681568
0.0061925,1.660894944859709
0.006195,1.661228888681568
0.0061975,1.661228888681568
0.0062,1.661228888681568
0.0062025,1.661228888681568
0.006205,1.661228888681568
0.0062075,1.661228888681568
0.00621,1.661228888681568
0.0062125,1.661562832503426
0.006215,1.661228888681568
0.0062175,1.661228888681568
0.00622,1.661228888681568
0.0062225,1.661228888681568
0.006225,1.661228888681568
0.0062275,1.661228888681568
0.00623,1.661562832503426
0.0062325,1.661562832503426
0.006235,1.661562832503426
0.0062375,1.661228888681568
0.00624,1.661228888681568
0.0062425,1.661228888681568
0.006245,1.661228888681568
0.0062475,1.660894944859709
0.00625,1.661228888681568
0.0062525,1.661228888681568
0.006255,1.660561001037851
0.0062575,1.661228888681568
0.00626,1.661228888681568
0.0062625,1.661228888681568
0.006265,1.661228888681568
0.0062675,1.661228888681568
0.00627,1.660894944859709
0.0062725,1.660894944859709
0.006275,1.661228888681568
0.0062775,1.661562832503426
0.00628,1.661562832503426
0.0062825,1.660561001037851
0.006285,1.660894944859709
0.0062875,1.661228888681568
0.00629,1.661228888681568
0.0062925,1.661228888681568
0.006295,1.661562832503426
0.0062975,1.661228888681568
0.0063,1.661228888681568
0.0063025,1.660894944859709
0.006305,1.661228888681568
0.0063075,1.660894944859709
0.00631,1.660561001037851
0.0063125,1.661228888681568
0.006315,1.660894944859709
0.0063175,1.661562832503426
0.00632,1.661228888681568
0.0063225,1.661228888681568
0.006325,1.660894944859709
0.0063275,1.661228888681568
0.00633,1.660894944859709
0.0063325,1.661228888681568
0.006335,1.660894944859709
0.0063375,1.661228888681568
0.00634,1.660894944859709
0.0063425,1.661228888681568
0.006345,1.661228888681568
0.0063475,1.661562832503426
0.00635,1.661228888681568
0.0063525,1.661562832503426
0.006355,1.661228888681568
0.0063575,1.661228888681568
0.00636,1.661228888681568
0.0063625,1.661228888681568
0.006365,1.661228888681568
0.0063675,1.661228888681568
0.00637,1.661228888681568
0.0063725,1.660894944859709
0.006375,1.660894944859709
0.0063775,1.661228888681568
0.00638,1.661228888681568
0.0063825,1.661562832503426
0.006385,1.661228888681568
0.0063875,1.661228888681568
0.00639,1.660894944859709
0.0063925,1.660894944859709
0.006395,1.661228888681568
0.0063975,1.661228888681568
0.0064,1.661562832503426
0.0064025,1.661228888681568
0.006405,1.661228888681568
0.0064075,1.660894944859709
0.00641,1.661228888681568
0.0064125,1.661562832503426
0.006415,1.661896776325285
0.0064175,1.661896776325285
0.00642,1.661896776325285
0.0064225,1.661562832503426
0.006425,1.661228888681568
0.0064275,1.661228888681568
0.00643,1.661228888681568
0.0064325,1.661228888681568
0.006435,1.660894944859709
0.0064375,1.660894944859709
0.00644,1.661228888681568
0.0064425,1.661228888681568
0.006445,1.661228888681568
0.0064475,1.660894944859709
0.00645,1.661228888681568
0.0064525,1.661228888681568
0.006455,1.661228888681568
0.0064575,1.661562832503426
0.00646,1.661228888681568
0.0064625,1.661228888681568
0.006465,1.661562832503426
0.0064675,1.660894944859709
0.00647,1.661228888681568
0.0064725,1.661228888681568
0.006475,1.660894944859709
0.0064775,1.661228888681568
0.00648,1.660894944859709
0.0064825,1.661228888681568
0.006485,1.661228888681568
0.0064875,1.661228888681568
0.00649,1.661562832503426
0.0064925,1.661562832503426
0.006495,1.661896776325285
0.0064975,1.661562832503426
0.0065,1.661228888681568
0.0065025,1.661228888681568
0.006505,1.661562832503426
0.0065075,1.661228888681568
0.00651,1.661562832503426
0.0065125,1.661562832503426
0.006515,1.661228888681568
0.0065175,1.661562832503426
0.00652,1.661228888681568
0.0065225,1.661228888681568
0.006525,1.660894944859709
0.0065275,1.661228888681568
0.00653,1.661562832503426
0.0065325,1.661562832503426
0.006535,1.661562832503426
0.0065375,1.661228888681568
0.00654,1.661562832503426
0.0065425,1.661228888681568
0.006545,1.660894944859709
0.0065475,1.661228888681568
0.00655,1.661228888681568
0.0065525,1.661562832503426
0.006555,1.661228888681568
0.0065575,1.661896776325285
0.00656,1.661562832503426
0.0065625,1.661562832503426
0.006565,1.661228888681568
0.0065675,1.660894944859709
0.00657,1.661228888681568
0.0065725,1.661228888681568
0.006575,1.661562832503426
0.0065775,1.661228888681568
0.00658,1.661228888681568
0.0065825,1.661228888681568
0.006585,1.661562832503426
0.0065875,1.661228888681568
0.00659,1.661228888681568
0.0065925,1.661562832503426
0.006595,1.661562832503426
0.0065975,1.661228888681568
0.0066,1.660894944859709
0.0066025,1.661228888681568
0.006605,1.661228888681568
0.0066075,1.661562832503426
0.00661,1.661228888681568
0.0066125,1.661562832503426
0.006615,1.661896776325285
0.0066175,1.661562832503426
0.00662,1.660894944859709
0.0066225,1.661228888681568
0.006625,1.661228888681568
0.0066275,1.661562832503426
0.00663,1.661228888681568
0.0066325,1.660894944859709
0.006635,1.661562832503426
0.0066375,1.661228888681568
0.00664,1.660894944859709
0.0066425,1.661228888681568
0.006645,1.661228888681568
0.0066475,1.661228888681568
0.00665,1.661228888681568
0.0066525,1.661228888681568
0.006655,1.661562832503426
0.0066575,1.661228888681568
0.00666,1.660894944859709
0.0066625,1.661228888681568
0.006665,1.661228888681568
0.0066675,1.661562832503426
0.00667,1.661228888681568
0.0066725,1.661228888681568
0.006675,1.661228888681568
0.0066775,1.661228888681568
0.00668,1.660894944859709
0.0066825,1.661228888681568
0.006685,1.661562832503426
0.0066875,1.660894944859709
0.00669,1.661562832503426
0.0066925,1.661562832503426
0.006695,1.661228888681568
0.0066975,1.661228888681568
0.0067,1.661228888681568
0.0067025,1.661228888681568
0.006705,1.661228888681568
0.0067075,1.661562832503426
0.00671,1.661562832503426
0.0067125,1.661562832503426
0.006715,1.661562832503426
0.0067175,1.661896776325285
0.00672,1.661562832503426
0.0067225,1.661896776325285
0.006725,1.661562832503426
0.0067275,1.661228888681568
0.00673,1.661228888681568
0.0067325,1.661228888681568
0.006735,1.661562832503426
0.0067375,1.661562832503426
0.00674,1.660894944859709
0.0067425,1.660894944859709
0.006745,1.661228888681568
0.0067475,1.661228888681568
0.00675,1.661562832503426
0.0067525,1.661562832503426
0.006755,1.661228888681568
0.0067575,1.661228888681568
0.00676,1.661562832503426
0.0067625,1.661228888681568
0.006765,1.661228888681568
0.0067675,1.660894944859709
0.00677,1.661228888681568
0.0067725,1.661228888681568
0.006775,1.660894944859709
0.0067775,1.661228888681568
0.00678,1.661228888681568
0.0067825,1.661562832503426
0.006785,1.661228888681568
0.0067875,1.660894944859709
0.00679,1.660894944859709
0.0067925,1.661562832503426
0.006795,1.660894944859709
0.0067975,1.661228888681568
0.0068,1.660894944859709
0.0068025,1.661228888681568
0.006805,1.660894944859709
0.0068075,1.661562832503426
0.00681,1.661228888681568
0.0068125,1.661228888681568
0.006815,1.661228888681568
0.0068175,1.661228888681568
0.00682,1.661562832503426
0.0068225,1.661562832503426
0.006825,1.660561001037851
0.0068275,1.661562832503426
0.00683,1.661896776325285
0.0068325,1.661228888681568
0.006835,1.661228888681568
0.0068375,1.660894944859709
0.00684,1.661228888681568
0.0068425,1.661228888681568
0.006845,1.661228888681568
0.0068475,1.661228888681568
0.00685,1.661228888681568
0.0068525,1.660561001037851
0.006855,1.660894944859709
0.0068575,1.660894944859709
0.00686,1.660894944859709
0.0068625,1.660894944859709
0.006865,1.660894944859709
0.0068675,1.661228888681568
0.00687,1.661228888681568
0.0068725,1.661562832503426
0.006875,1.660894944859709
0.0068775,1.661228888681568
0.00688,1.661228888681568
0.0068825,1.661228888681568
0.006885,1.661562832503426
0.0068875,1.661562832503426
0.00689,1.661562832503426
0.0068925,1.661228888681568
0.006895,1.661228888681568
0.0068975,1.660894944859709
0.0069,1.661228888681568
0.0069025,1.661228888681568
0.006905,1.661562832503426
0.0069075,1.661228888681568
0.00691,1.661228888681568
0.0069125,1.660894944859709
0.006915,1.660894944859709
0.0069175,1.660894944859709
0.00692,1.661228888681568
0.0069225,1.661228888681568
0.006925,1.661228888681568
0.0069275,1.661896776325285
0.00693,1.661228888681568
0.0069325,1.661228888681568
0.006935,1.661228888681568
0.0069375,1.660894944859709
0.00694,1.661562832503426
0.0069425,1.661228888681568
0.006945,1.661562832503426
0.0069475,1.661562832503426
0.00695,1.661228888681568
0.0069525,1.661562832503426
0.006955,1.661562832503426
0.0069575,1.661228888681568
0.00696,1.661562832503426
0.0069625,1.661562832503426
0.006965,1.661228888681568
0.0069675,1.660894944859709
0.00697,1.661562832503426
0.0069725,1.661562832503426
0.006975,1.660894944859709
0.0069775,1.661228888681568
0.00698,1.660894944859709
0.0069825,1.661228888681568
0.006985,1.661228888681568
0.0069875,1.661228888681568
0.00699,1.661562832503426
0.0069925,1.661562832503426
0.006995,1.661228888681568
0.0069975,1.661562832503426
0.007,1.661562832503426
0.0070025,1.661562832503426
0.007005,1.661228888681568
0.0070075,1.661228888681568
0.00701,1.661228888681568
0.0070125,1.661562832503426
0.007015,1.661562832503426
0.0070175,1.661896776325285
0.00702,1.661228888681568
0.0070225,1.661228888681568
0.007025,1.661562832503426
0.0070275,1.661562832503426
0.00703,1.661228888681568
0.0070325,1.661228888681568
0.007035,1.661562832503426
0.0070375,1.661228888681568
0.00704,1.661228888681568
0.0070425,1.661228888681568
0.007045,1.661228888681568
0.0070475,1.661228888681568
0.00705,1.661562832503426
0.0070525,1.661228888681568
0.007055,1.661228888681568
0.0070575,1.661562832503426
0.00706,1.660894944859709
0.0070625,1.661228888681568
0.007065,1.661228888681568
0.0070675,1.660894944859709
0.00707,1.661228888681568
0.0070725,1.660894944859709
0.007075,1.661228888681568
0.0070775,1.661562832503426
0.00708,1.661228888681568
0.0070825,1.661562832503426
0.007085,1.661562832503426
0.0070875,1.661228888681568
0.00709,1.661228888681568
0.0070925,1.660894944859709
0.007095,1.660894944859709
0.0070975,1.661562832503426
0.0071,1.661228888681568
0.0071025,1.661562832503426
0.007105,1.661228888681568
0.0071075,1.661228888681568
0.00711,1.661228888681568
0.0071125,1.661228888681568
0.007115,1.661228888681568
0.0071175,1.661228888681568
0.00712,1.661562832503426
0.0071225,1.661562832503426
0.007125,1.661228888681568
0.0071275,1.661228888681568
0.00713,1.661228888681568
0.0071325,1.660894944859709
0.007135,1.661228888681568
0.0071375,1.660894944859709
0.00714,1.661562832503426
0.0071425,1.661562832503426
0.007145,1.660894944859709
0.0071475,1.661228888681568
0.00715,1.660894944859709
0.0071525,1.660894944859709
0.007155,1.660894944859709
0.0071575,1.661228888681568
0.00716,1.661228888681568
0.0071625,1.661228888681568
0.007165,1.660894944859709
0.0071675,1.660894944859709
0.00717,1.661562832503426
0.0071725,1.661228888681568
0.007175,1.660561001037851
0.0071775,1.661228888681568
0.00718,1.661562832503426
0.0071825,1.661228888681568
0.007185,1.661228888681568
0.0071875,1.661228888681568
0.00719,1.661562832503426
0.0071925,1.661228888681568
0.007195,1.661228888681568
0.0071975,1.661228888681568
0.0072,1.661896776325285
0.0072025,1.661228888681568
0.007205,1.661228888681568
0.0072075,1.661228888681568
0.00721,1.660894944859709
0.0072125,1.660894944859709
0.007215,1.661228888681568
0.0072175,1.661228888681568
0.00722,1.661562832503426
0.0072225,1.661228888681568
0.007225,1.660894944859709
0.0072275,1.661228888681568
0.00723,1.661228888681568
0.0072325,1.661228888681568
0.007235,1.661228888681568
0.0072375,1.660894944859709
0.00724,1.661562832503426
0.0072425,1.661228888681568
0.007245,1.661228888681568
0.0072475,1.661228888681568
0.00725,1.660894944859709
0.0072525,1.661228888681568
0.007255,1.661228888681568
0.0072575,1.661562832503426
0.00726,1.661562832503426
0.0072625,1.661562832503426
0.007265,1.661228888681568
0.0072675,1.661228888681568
0.00727,1.661562832503426
0.0072725,1.661228888681568
0.007275,1.661562832503426
0.0072775,1.661228888681568
0.00728,1.661228888681568
0.0072825,1.661562832503426
0.007285,1.661228888681568
0.0072875,1.660894944859709
0.00729,1.660894944859709
0.0072925,1.660894944859709
0.007295,1.660894944859709
0.0072975,1.661228888681568
0.0073,1.661228888681568
0.0073025,1.661228888681568
0.007305,1.661228888681568
0.0073075,1.660894944859709
0.00731,1.660894944859709
0.0073125,1.661562832503426
0.007315,1.661228888681568
0.0073175,1.661228888681568
0.00732,1.661228888681568
0.0073225,1.661228888681568
0.007325,1.661228888681568
0.0073275,1.660894944859709
0.00733,1.661228888681568
0.0073325,1.660894944859709
0.007335,1.661228888681568
0.0073375,1.661562832503426
0.00734,1.660894944859709
0.0073425,1.661228888681568
0.007345,1.661228888681568
0.0073475,1.661228888681568
0.00735,1.661228888681568
0.0073525,1.661562832503426
0.007355,1.661228888681568
0.0073575,1.661228888681568
0.00736,1.661562832503426
0.0073625,1.661228888681568
0.007365,1.660894944859709
0.0073675,1.661228888681568
0.00737,1.661228888681568
0.0073725,1.660894944859709
0.007375,1.661228888681568
0.0073775,1.661228888681568
0.00738,1.661562832503426
0.0073825,1.661228888681568
0.007385,1.660894944859709
0.0073875,1.661228888681568
0.00739,1.661228888681568
0.0073925,1.660561001037851
0.007395,1.660894944859709
0.0073975,1.660894944859709
0.0074,1.660894944859709
0.0074025,1.660227057215992
0.007405,1.660894944859709
0.0074075,1.660894944859709
0.00741,1.660894944859709
0.0074125,1.661228888681568
0.007415,1.661228888681568
0.0074175,1.661228888681568
0.00742,1.661228888681568
0.0074225,1.660894944859709
0.007425,1.661228888681568
0.0074275,1.660561001037851
0.00743,1.661228888681568
0.0074325,1.660894944859709
0.007435,1.660894944859709
0.0074375,1.661228888681568
0.00744,1.661228888681568
0.0074425,1.660894944859709
0.007445,1.661228888681568
0.0074475,1.661228888681568
0.00745,1.660894944859709
0.0074525,1.660561001037851
0.007455,1.661228888681568
0.0074575,1.661228888681568
0.00746,1.661228888681568
0.0074625,1.661228888681568
0.007465,1.661228888681568
0.0074675,1.660894944859709
0.00747,1.661228888681568
0.0074725,1.661228888681568
0.007475,1.661562832503426
0.0074775,1.661228888681568
0.00748,1.661228888681568
0.0074825,1.661228888681568
0.007485,1.660894944859709
0.0074875,1.660894944859709
0.00749,1.661228888681568
0.0074925,1.661228888681568
0.007495,1.661562832503426
0.0074975,1.661228888681568
0.0075,1.660894944859709
0.0075025,1.660561001037851
0.007505,1.660894944859709
0.0075075,1.661228888681568
0.00751,1.661228888681568
0.0075125,1.661228888681568
0.007515,1.661562832503426
0.0075175,1.661228888681568
0.00752,1.660894944859709
0.0075225,1.660561001037851
0.007525,1.660894944859709
0.0075275,1.661228888681568
0.00753,1.661228888681568
0.0075325,1.661228888681568
0.007535,1.661228888681568
0.0075375,1.661562832503426
0.00754,1.661228888681568
0.0075425,1.660561001037851
0.007545,1.661228888681568
0.0075475,1.660894944859709
0.00755,1.661228888681568
0.0075525,1.660894944859709
0.007555,1.661228888681568
0.0075575,1.661228888681568
0.00756,1.660894944859709
0.0075625,1.661228888681568
0.007565,1.661228888681568
0.0075675,1.660894944859709
0.00757,1.661228888681568
0.0075725,1.661228888681568
0.007575,1.661228888681568
0.0075775,1.661228888681568
0.00758,1.661562832503426
0.0075825,1.660894944859709
0.007585,1.661228888681568
0.0075875,1.661228888681568
0.00759,1.661562832503426
0.0075925,1.661562832503426
0.007595,1.660894944859709
0.0075975,1.661228888681568
0.0076,1.660561001037851
0.0076025,1.660894944859709
0.007605,1.661228888681568
0.0076075,1.661228888681568
0.00761,1.660561001037851
0.0076125,1.661228888681568
0.007615,1.661562832503426
0.0076175,1.661228888681568
0.00762,1.660894944859709
0.0076225,1.660894944859709
0.007625,1.661228888681568
0.0076275,1.661228888681568
0.00763,1.661228888681568
0.0076325,1.660894944859709
0.007635,1.660894944859709
0.0076375,1.661228888681568
0.00764,1.661228888681568
0.0076425,1.661228888681568
0.007645,1.661228888681568
0.0076475,1.661562832503426
0.00765,1.661562832503426
0.0076525,1.661228888681568
0.007655,1.661228888681568
0.0076575,1.661228888681568
0.00766,1.660894944859709
0.0076625,1.660894944859709
0.007665,1.660894944859709
0.0076675,1.661228888681568
0.00767,1.661562832503426
0.0076725,1.661896776325285
0.007675,1.661228888681568
0.0076775,1.661228888681568
0.00768,1.661228888681568
0.0076825,1.660894944859709
0.007685,1.661228888681568
0.0076875,1.661228888681568
0.00769,1.661228888681568
0.0076925,1.661228888681568
0.007695,1.660894944859709
0.0076975,1.661562832503426
0.0077,1.660894944859709
0.0077025,1.661228888681568
0.007705,1.661228888681568
0.0077075,1.661228888681568
0.00771,1.661228888681568
0.0077125,1.661562832503426
0.007715,1.661228888681568
0.0077175,1.661228888681568
0.00772,1.661562832503426
0.0077225,1.661228888681568
0.007725,1.661228888681568
0.0077275,1.661228888681568
0.00773,1.661562832503426
0.0077325,1.661228888681568
0.007735,1.661228888681568
0.0077375,1.661228888681568
0.00774,1.661228888681568
0.0077425,1.661562832503426
0.007745,1.660894944859709
0.0077475,1.661562832503426
0.00775,1.661228888681568
0.0077525,1.661562832503426
0.007755,1.660894944859709
0.0077575,1.661228888681568
0.00776,1.660894944859709
0.0077625,1.661562832503426
0.007765,1.661228888681568
0.0077675,1.661228888681568
0.00777,1.661228888681568
0.0077725,1.661562832503426
0.007775,1.661562832503426
0.0077775,1.661228888681568
0.00778,1.661562832503426
0.0077825,1.661562832503426
0.007785,1.661228888681568
0.0077875,1.661562832503426
0.00779,1.661562832503426
0.0077925,1.661228888681568
0.007795,1.660561001037851
0.0077975,1.661228888681568
0.0078,1.661228888681568
0.0078025,1.661562832503426
0.007805,1.661562832503426
0.0078075,1.661562832503426
0.00781,1.660894944859709
0.0078125,1.661562832503426
0.007815000000000001,1.661562832503426
0.0078175,1.661228888681568
0.007820000000000001,1.660894944859709
0.0078225,1.661562832503426
0.007825,1.661562832503426
0.007827499999999999,1.661562832503426
0.00783,1.661228888681568
0.007832499999999999,1.661228888681568
0.007835,1.660894944859709
0.007837500000000001,1.661228888681568
0.00784,1.661228888681568
0.007842500000000001,1.661228888681568
0.007845,1.661228888681568
0.0078475,1.661228888681568
0.007849999999999999,1.661228888681568
0.0078525,1.661228888681568
0.007854999999999999,1.660894944859709
0.0078575,1.660561001037851
0.007860000000000001,1.661228888681568
0.0078625,1.661228888681568
0.007865,1.661228888681568
0.007867499999999999,1.661228888681568
0.00787,1.660894944859709
0.007872499999999999,1.660894944859709
0.007875,1.661228888681568
0.007877500000000001,1.660894944859709
0.00788,1.661228888681568
0.007882500000000001,1.661562832503426
0.007885,1.661228888681568
0.0078875,1.661228888681568
0.007889999999999999,1.661562832503426
0.0078925,1.661228888681568
0.007894999999999999,1.661228888681568
0.0078975,1.661228888681568
0.007900000000000001,1.661228888681568
0.0079025,1.661562832503426
0.007905000000000001,1.661562832503426
0.0079075,1.661228888681568
0.00791,1.661228888681568
0.007912499999999999,1.661562832503426
0.007915,1.661562832503426
0.007917499999999999,1.661228888681568
0.00792,1.661228888681568
0.007922500000000001,1.661228888681568
0.007925,1.661228888681568
0.007927500000000001,1.661562832503426
0.00793,1.661228888681568
0.0079325,1.661228888681568
0.007934999999999999,1.660894944859709
0.0079375,1.660894944859709
0.007939999999999999,1.661228888681568
0.0079425,1.661228888681568
0.007945000000000001,1.661228888681568
0.0079475,1.661228888681568
0.00795,1.661562832503426
0.007952499999999999,1.660894944859709
0.007955,1.660894944859709
0.007957499999999999,1.660561001037851
0.00796,1.661228888681568
0.007962500000000001,1.661228888681568
0.007965,1.661228888681568
0.007967500000000001,1.661228888681568
0.00797,1.660561001037851
0.0079725,1.660894944859709
0.007974999999999999,1.661228888681568
0.0079775,1.661562832503426
0.007979999999999999,1.661228888681568
0.0079825,1.661562832503426
0.007985000000000001,1.661562832503426
0.0079875,1.661228888681568
0.007990000000000001,1.661228888681568
0.0079925,1.661228888681568
0.007995,1.660894944859709
0.007997499999999999,1.661562832503426
0.008,1.661228888681568
0.008002499999999999,1.661228888681568
0.008005,1.661228888681568
0.008007500000000001,1.661228888681568
0.00801,1.660894944859709
0.008012500000000001,1.661562832503426
0.008015,1.660894944859709
0.0080175,1.660894944859709
0.008019999999999999,1.661562832503426
0.0080225,1.661562832503426
0.008024999999999999,1.661228888681568
0.0080275,1.661228888681568
0.008030000000000001,1.660894944859709
0.0080325,1.661228888681568
0.008035,1.661562832503426
0.0080375,1.661228888681568
0.00804,1.661228888681568
0.008042499999999999,1.661228888681568
0.008045,1.661228888681568
0.008047500000000001,1.660894944859709
0.00805,1.660894944859709
0.008052500000000001,1.661228888681568
0.008055,1.661228888681568
0.0080575,1.661562832503426
0.008059999999999999,1.660894944859709
0.0080625,1.660894944859709
0.008064999999999999,1.661228888681568
0.0080675,1.661228888681568
0.008070000000000001,1.661228888681568
0.0080725,1.661228888681568
0.008075000000000001,1.661228888681568
0.0080775,1.661228888681568
0.00808,1.660894944859709
0.008082499999999999,1.660561001037851
0.008085,1.661228888681568
0.008087499999999999,1.660561001037851
0.00809,1.660561001037851
0.008092500000000001,1.660894944859709
0.008095,1.660561001037851
0.008097500000000001,1.660894944859709
0.0081,1.660894944859709
0.0081025,1.660894944859709
0.008104999999999999,1.660894944859709
0.0081075,1.661228888681568
0.008109999999999999,1.661228888681568
0.0081125,1.661228888681568
0.008115000000000001,1.660894944859709
0.0081175,1.660561001037851
0.00812,1.661228888681568
0.0081225,1.660894944859709
0.008125,1.660894944859709
0.008127499999999999,1.661228888681568
0.00813,1.661228888681568
0.008132500000000001,1.660894944859709
0.008135,1.661562832503426
0.008137500000000001,1.660894944859709
0.00814,1.661228888681568
0.0081425,1.661228888681568
0.008144999999999999,1.661228888681568
0.0081475,1.661228888681568
0.008149999999999999,1.660894944859709
0.0081525,1.660894944859709
0.008155000000000001,1.660894944859709
0.0081575,1.660894944859709
0.008160000000000001,1.660894944859709
0.0081625,1.661228888681568
0.008165,1.661562832503426
0.008167499999999999,1.660894944859709
0.00817,1.660894944859709
0.008172499999999999,1.660894944859709
0.008175,1.661228888681568
0.008177500000000001,1.661228888681568
0.00818,1.661562832503426
0.008182500000000001,1.661228888681568
0.008185,1.661228888681568
0.0081875,1.661562832503426
0.008189999999999999,1.660894944859709
0.0081925,1.660894944859709
0.008194999999999999,1.660894944859709
0.0081975,1.661562832503426
0.008200000000000001,1.661228888681568
0.0082025,1.661228888681568
0.008205,1.661228888681568
0.0082075,1.661228888681568
0.00821,1.661228888681568
0.008212499999999999,1.660894944859709
0.008215,1.661228888681568
0.008217500000000001,1.661228888681568
0.00822,1.661228888681568
0.008222500000000001,1.660894944859709
0.008225,1.660894944859709
0.0082275,1.661228888681568
0.008229999999999999,1.661228888681568
0.0082325,1.660561001037851
0.008234999999999999,1.660894944859709
0.0082375,1.660894944859709
0.008240000000000001,1.660894944859709
0.0082425,1.661228888681568
0.008245000000000001,1.660894944859709
0.0082475,1.660561001037851
0.00825,1.661228888681568
0.008252499999999999,1.661228888681568
0.008255,1.661228888681568
0.008257499999999999,1.661562832503426
0.00826,1.661562832503426
0.008262500000000001,1.661562832503426
0.008265,1.660894944859709
0.008267500000000001,1.661228888681568
0.00827,1.660894944859709
0.0082725,1.661228888681568
0.008274999999999999,1.661228888681568
0.0082775,1.661228888681568
0.008279999999999999,1.661228888681568
0.0082825,1.661228888681568
0.008285000000000001,1.660894944859709
0.0082875,1.661228888681568
0.00829,1.660894944859709
0.0082925,1.661228888681568
0.008295,1.660894944859709
0.008297499999999999,1.660894944859709
0.0083,1.660894944859709
0.008302500000000001,1.660894944859709
0.008305,1.661228888681568
0.008307500000000001,1.661228888681568
0.00831,1.661228888681568
0.0083125,1.660894944859709
0.008314999999999999,1.660894944859709
0.0083175,1.660561001037851
0.008319999999999999,1.660894944859709
0.0083225,1.660894944859709
0.008325000000000001,1.661228888681568
0.0083275,1.660894944859709
0.008330000000000001,1.660894944859709
0.0083325,1.661562832503426
0.008335,1.660894944859709
0.008337499999999999,1.661228888681568
0.00834,1.660894944859709
0.008342499999999999,1.661228888681568
0.008345,1.661562832503426
0.008347500000000001,1.661562832503426
0.00835,1.661562832503426
0.008352500000000001,1.661228888681568
0.008355,1.661562832503426
0.0083575,1.661228888681568
0.008359999999999999,1.661228888681568
0.0083625,1.660561001037851
0.008364999999999999,1.660894944859709
0.0083675,1.660894944859709
0.008370000000000001,1.660894944859709
0.0083725,1.661228888681568
0.008375,1.661562832503426
0.0083775,1.661562832503426
0.00838,1.661228888681568
0.008382499999999999,1.661228888681568
0.008385,1.660894944859709
0.008387500000000001,1.660894944859709
0.00839,1.661228888681568
0.008392500000000001,1.660894944859709
0.008395,1.661228888681568
0.0083975,1.660894944859709
0.008399999999999999,1.660894944859709
0.0084025,1.661228888681568
0.008404999999999999,1.661228888681568
0.0084075,1.660561001037851
0.008410000000000001,1.661562832503426
0.0084125,1.661562832503426
0.008415000000000001,1.661228888681568
0.0084175,1.661562832503426
0.00842,1.661228888681568
0.008422499999999999,1.661228888681568
0.008425,1.661228888681568
0.008427499999999999,1.661228888681568
0.00843,1.661228888681568
0.008432500000000001,1.660894944859709
0.008435,1.661562832503426
0.008437500000000001,1.661562832503426
0.00844,1.661228888681568
0.0084425,1.661228888681568
0.008444999999999999,1.660894944859709
0.0084475,1.661562832503426
0.008449999999999999,1.661562832503426
0.0084525,1.660894944859709
0.008455000000000001,1.661562832503426
0.0084575,1.661562832503426
0.008460000000000001,1.660894944859709
0.0084625,1.661228888681568
0.008465,1.661562832503426
0.008467499999999999,1.661562832503426
0.00847,1.661228888681568
0.008472500000000001,1.661228888681568
0.008475,1.661228888681568
0.008477500000000001,1.661228888681568
0.00848,1.661562832503426
0.0084825,1.660894944859709
0.008484999999999999,1.661228888681568
0.0084875,1.661562832503426
0.008489999999999999,1.660894944859709
0.0084925,1.661228888681568
0.008495000000000001,1.661562832503426
0.0084975,1.660894944859709
0.008500000000000001,1.661228888681568
0.0085025,1.661562832503426
0.008505,1.660894944859709
0.008507499999999999,1.661228888681568
0.00851,1.661228888681568
0.008512499999999999,1.661228888681568
0.008515,1.661228888681568
0.008517500000000001,1.660561001037851
0.00852,1.661228888681568
0.008522500000000001,1.661228888681568
0.008525,1.661228888681568
0.0085275,1.661228888681568
0.008529999999999999,1.660894944859709
0.0085325,1.661562832503426
0.008534999999999999,1.661562832503426
0.0085375,1.661228888681568
0.008540000000000001,1.660894944859709
0.0085425,1.660894944859709
0.008545000000000001,1.661228888681568
0.0085475,1.661228888681568
0.00855,1.661562832503426
0.008552499999999999,1.661562832503426
0.008555,1.661562832503426
0.008557499999999999,1.661228888681568
0.00856,1.661562832503426
0.008562500000000001,1.661228888681568
0.008565,1.661228888681568
0.0085675,1.661228888681568
0.008569999999999999,1.661228888681568
0.0085725,1.661562832503426
0.008574999999999999,1.661562832503426
0.0085775,1.661228888681568
0.008580000000000001,1.661228888681568
0.0085825,1.660894944859709
0.008585000000000001,1.661562832503426
0.0085875,1.661228888681568
0.00859,1.661896776325285
0.008592499999999999,1.661896776325285
0.008595,1.661562832503426
0.008597499999999999,1.661228888681568
0.0086,1.661228888681568
0.008602500000000001,1.660894944859709
0.008605,1.660894944859709
0.008607500000000001,1.661228888681568
0.00861,1.660894944859709
0.0086125,1.661228888681568
0.008614999999999999,1.661228888681568
0.0086175,1.661562832503426
0.008619999999999999,1.660894944859709
0.0086225,1.660894944859709
0.008625000000000001,1.661228888681568
0.0086275,1.661562832503426
0.008630000000000001,1.661562832503426
0.0086325,1.661562832503426
0.008635,1.661562832503426
0.008637499999999999,1.661228888681568
0.00864,1.661228888681568
0.008642499999999999,1.661228888681568
0.008645,1.661562832503426
0.008647500000000001,1.661562832503426
0.00865,1.660894944859709
0.0086525,1.661228888681568
0.008654999999999999,1.661228888681568
0.0086575,1.661228888681568
0.008659999999999999,1.661228888681568
0.0086625,1.661562832503426
0.008665000000000001,1.661228888681568
0.0086675,1.661228888681568
0.008670000000000001,1.661562832503426
0.0086725,1.661562832503426
0.008675,1.661562832503426
0.008677499999999999,1.661228888681568
0.00868,1.661562832503426
0.008682499999999999,1.661562832503426
0.008685,1.661228888681568
0.008687500000000001,1.661562832503426
0.00869,1.661562832503426
0.008692500000000001,1.661228888681568
0.008695,1.661228888681568
0.0086975,1.660894944859709
0.008699999999999999,1.661228888681568
0.0087025,1.661228888681568
0.008704999999999999,1.661562832503426
0.0087075,1.661228888681568
0.008710000000000001,1.661562832503426
0.0087125,1.661228888681568
0.008715000000000001,1.660894944859709
0.0087175,1.660894944859709
0.00872,1.661228888681568
0.008722499999999999,1.661562832503426
0.008725,1.661228888681568
0.008727499999999999,1.660894944859709
0.00873,1.661228888681568
0.008732500000000001,1.661228888681568
0.008735,1.660894944859709
0.0087375,1.661228888681568
0.00874,1.661228888681568
0.0087425,1.661228888681568
0.008744999999999999,1.661562832503426
0.0087475,1.661228888681568
0.008750000000000001,1.661228888681568
0.0087525,1.661228888681568
0.008755000000000001,1.660894944859709
0.0087575,1.661228888681568
0.00876,1.661562832503426
0.008762499999999999,1.661562832503426
0.008765,1.661562832503426
0.008767499999999999,1.661228888681568
0.00877,1.661228888681568
0.008772500000000001,1.661228888681568
0.008775,1.660894944859709
0.008777500000000001,1.661228888681568
0.00878,1.660894944859709
0.0087825,1.661562832503426
0.008784999999999999,1.661562832503426
0.0087875,1.660894944859709
0.008789999999999999,1.661228888681568
0.0087925,1.660561001037851
0.008795000000000001,1.660894944859709
0.0087975,1.660894944859709
0.008800000000000001,1.660894944859709
0.0088025,1.661228888681568
0.008805,1.660894944859709
0.008807499999999999,1.661228888681568
0.00881,1.661228888681568
0.008812499999999999,1.660894944859709
0.008815,1.661228888681568
0.008817500000000001,1.660894944859709
0.00882,1.661228888681568
0.0088225,1.661228888681568
0.008825,1.661228888681568
0.0088275,1.661562832503426
0.008829999999999999,1.661228888681568
0.0088325,1.660894944859709
0.008835000000000001,1.660894944859709
0.0088375,1.661228888681568
0.008840000000000001,1.661562832503426
0.0088425,1.661228888681568
0.008845,1.661562832503426
0.008847499999999999,1.661228888681568
0.00885,1.661228888681568
0.008852499999999999,1.661562832503426
0.008855,1.660894944859709
0.008857500000000001,1.660894944859709
0.00886,1.660894944859709
0.008862500000000001,1.661562832503426
0.008865,1.661228888681568
0.0088675,1.661562832503426
0.008869999999999999,1.661228888681568
0.0088725,1.660894944859709
0.008874999999999999,1.660894944859709
0.0088775,1.660894944859709
0.008880000000000001,1.660894944859709
0.0088825,1.660894944859709
0.008885000000000001,1.660894944859709
0.0088875,1.661228888681568
0.00889,1.661562832503426
0.008892499999999999,1.660894944859709
0.008895,1.660894944859709
0.008897499999999999,1.661228888681568
0.0089,1.661228888681568
0.008902500000000001,1.661228888681568
0.008905,1.661228888681568
0.0089075,1.661228888681568
0.00891,1.661228888681568
0.0089125,1.661228888681568
0.008914999999999999,1.660894944859709
0.0089175,1.660894944859709
0.008920000000000001,1.660894944859709
0.0089225,1.661228888681568
0.008925000000000001,1.660894944859709
0.0089275,1.661228888681568
0.00893,1.660894944859709
0.008932499999999999,1.661228888681568
0.008935,1.660894944859709
0.008937499999999999,1.660561001037851
0.00894,1.661228888681568
0.008942500000000001,1.661228888681568
0.008945,1.661228888681568
0.008947500000000001,1.660894944859709
0.00895,1.661228888681568
0.0089525,1.661228888681568
0.008954999999999999,1.661228888681568
0.0089575,1.661228888681568
0.008959999999999999,1.661228888681568
0.0089625,1.661228888681568
0.008965000000000001,1.661562832503426
0.0089675,1.661228888681568
0.008970000000000001,1.660894944859709
0.0089725,1.661228888681568
0.008975,1.660894944859709
0.008977499999999999,1.660894944859709
0.00898,1.661228888681568
0.008982499999999999,1.661562832503426
0.008985,1.660894944859709
0.008987500000000001,1.660894944859709
0.00899,1.660894944859709
0.0089925,1.661228888681568
0.008995,1.661228888681568
0.0089975,1.661228888681568
0.008999999999999999,1.661228888681568
0.0090025,1.661228888681568
0.009005000000000001,1.660894944859709
0.0090075,1.661228888681568
0.009010000000000001,1.660894944859709
0.0090125,1.661228888681568
0.009015,1.661228888681568
0.009017499999999999,1.661228888681568
0.00902,1.661562832503426
0.009022499999999999,1.660894944859709
0.009025,1.661562832503426
0.009027500000000001,1.661228888681568
0.00903,1.661562832503426
0.009032500000000001,1.661228888681568
0.009035,1.660894944859709
0.0090375,1.660894944859709
0.009039999999999999,1.661228888681568
0.0090425,1.660561001037851
0.009044999999999999,1.661228888681568
0.0090475,1.660561001037851
0.009050000000000001,1.661228888681568
0.0090525,1.661562832503426
0.009055000000000001,1.661228888681568
0.0090575,1.660894944859709
0.00906,1.661228888681568
0.009062499999999999,1.661228888681568
0.009065,1.661228888681568
0.009067499999999999,1.660894944859709
0.00907,1.661228888681568
0.009072500000000001,1.661228888681568
0.009075,1.660894944859709
0.0090775,1.661228888681568
0.00908,1.661228888681568
0.0090825,1.661228888681568
0.009084999999999999,1.660894944859709
0.0090875,1.661228888681568
0.009090000000000001,1.661228888681568
0.0090925,1.661562832503426
0.009095000000000001,1.661228888681568
0.0090975,1.661228888681568
0.0091,1.661562832503426
0.009102499999999999,1.661228888681568
0.009105,1.661562832503426
0.009107499999999999,1.661228888681568
0.00911,1.661228888681568
0.009112500000000001,1.660894944859709
0.009115,1.661228888681568
0.009117500000000001,1.661228888681568
0.00912,1.661562832503426
0.0091225,1.661228888681568
0.009124999999999999,1.661562832503426
0.0091275,1.661562832503426
0.009129999999999999,1.661228888681568
0.0091325,1.661228888681568
0.009135000000000001,1.661562832503426
0.0091375,1.661562832503426
0.009140000000000001,1.661562832503426
0.0091425,1.661562832503426
0.009145,1.661562832503426
0.009147499999999999,1.661228888681568
0.00915,1.660894944859709
0.009152499999999999,1.661228888681568
0.009155,1.661562832503426
0.009157500000000001,1.661562832503426
0.00916,1.661562832503426
0.009162500000000001,1.661228888681568
0.009165,1.660894944859709
0.0091675,1.661228888681568
0.009169999999999999,1.661228888681568
0.0091725,1.661562832503426
0.009175000000000001,1.661562832503426
0.0091775,1.661228888681568
0.009180000000000001,1.661228888681568
0.0091825,1.661228888681568
0.009185,1.661228888681568
0.009187499999999999,1.660894944859709
0.00919,1.661228888681568
0.009192499999999999,1.661228888681568
0.009195,1.661228888681568
0.009197500000000001,1.661228888681568
0.0092,1.661562832503426
0.009202500000000001,1.661562832503426
0.009205,1.661228888681568
0.0092075,1.660894944859709
0.009209999999999999,1.661228888681568
0.0092125,1.661228888681568
0.009214999999999999,1.661228888681568
0.0092175,1.661562832503426
0.009220000000000001,1.661228888681568
0.0092225,1.661228888681568
0.009225000000000001,1.661228888681568
0.0092275,1.661228888681568
0.00923,1.661228888681568
0.009232499999999999,1.661562832503426
0.009235,1.661562832503426
0.009237499999999999,1.661228888681568
0.00924,1.661228888681568
0.009242500000000001,1.661562832503426
0.009245,1.660894944859709
0.009247500000000001,1.661228888681568
0.00925,1.661228888681568
0.0092525,1.661228888681568
0.009254999999999999,1.661228888681568
0.0092575,1.661228888681568
0.009259999999999999,1.661562832503426
0.0092625,1.660894944859709
0.009265000000000001,1.661562832503426
0.0092675,1.660894944859709
0.00927,1.660894944859709
0.009272499999999999,1.661228888681568
0.009275,1.661562832503426
0.009277499999999999,1.661228888681568
0.00928,1.661228888681568
0.009282500000000001,1.661228888681568
0.009285,1.661228888681568
0.009287500000000001,1.661228888681568
0.00929,1.661228888681568
0.0092925,1.661562832503426
0.009294999999999999,1.661228888681568
0.0092975,1.661562832503426
0.009299999999999999,1.661228888681568
0.0093025,1.661228888681568
0.009305000000000001,1.661562832503426
0.0093075,1.660894944859709
0.009310000000000001,1.661228888681568
0.0093125,1.661562832503426
0.009315,1.661228888681568
0.009317499999999999,1.661228888681568
0.00932,1.660894944859709
0.009322499999999999,1.660561001037851
0.009325,1.661228888681568
0.009327500000000001,1.661228888681568
0.00933,1.660894944859709
0.009332500000000001,1.661228888681568
0.009335,1.661562832503426
0.0093375,1.661228888681568
0.009339999999999999,1.661228888681568
0.0093425,1.660894944859709
0.009344999999999999,1.661228888681568
0.0093475,1.661228888681568
0.009350000000000001,1.661562832503426
0.0093525,1.661228888681568
0.009355,1.661562832503426
0.009357499999999999,1.661562832503426
0.00936,1.661228888681568
0.009362499999999999,1.661228888681568
0.009365,1.661228888681568
0.009367500000000001,1.660894944859709
0.00937,1.660894944859709
0.009372500000000001,1.660894944859709
0.009375,1.661228888681568
0.0093775,1.661228888681568
0.009379999999999999,1.660894944859709
0.0093825,1.661228888681568
0.009384999999999999,1.661228888681568
0.0093875,1.661228888681568
0.009390000000000001,1.661562832503426
0.0093925,1.661562832503426
0.009395000000000001,1.661562832503426
0.0093975,1.661562832503426
0.0094,1.660894944859709
0.009402499999999999,1.660894944859709
0.009405,1.660894944859709
0.009407499999999999,1.661562832503426
0.00941,1.661228888681568
0.009412500000000001,1.661562832503426
0.009415,1.661228888681568
0.009417500000000001,1.661228888681568
0.00942,1.661562832503426
0.0094225,1.661228888681568
0.009424999999999999,1.661228888681568
0.0094275,1.661228888681568
0.009429999999999999,1.661562832503426
0.0094325,1.661562832503426
0.009435000000000001,1.662230720147144
0.0094375,1.661562832503426
0.00944,1.661228888681568
0.0094425,1.661228888681568
0.009445,1.661228888681568
0.009447499999999999,1.661228888681568
0.00945,1.661228888681568
0.009452500000000001,1.661896776325285
0.009455,1.661562832503426
0.009457500000000001,1.661896776325285
0.00946,1.661228888681568
0.0094625,1.661228888681568
0.009464999999999999,1.661228888681568
0.0094675,1.661228888681568
0.009469999999999999,1.661228888681568
0.0094725,1.661562832503426
0.009475000000000001,1.661562832503426
0.0094775,1.661562832503426
0.009480000000000001,1.661228888681568
0.0094825,1.660894944859709
0.009485,1.660894944859709
0.009487499999999999,1.661228888681568
0.00949,1.661228888681568
0.009492499999999999,1.661562832503426
0.009495,1.661562832503426
0.009497500000000001,1.661562832503426
0.0095,1.660894944859709
0.009502500000000001,1.661228888681568
0.009505,1.660561001037851
0.0095075,1.661228888681568
0.009509999999999999,1.661562832503426
0.0095125,1.661896776325285
0.009514999999999999,1.661228888681568
0.0095175,1.661228888681568
0.009520000000000001,1.660894944859709
0.0095225,1.661562832503426
0.009525,1.660894944859709
0.0095275,1.661562832503426
0.00953,1.661228888681568
0.009532499999999999,1.661228888681568
0.009535,1.661562832503426
0.009537500000000001,1.661562832503426
0.00954,1.661228888681568
0.009542500000000001,1.661228888681568
0.009545,1.661562832503426
0.0095475,1.661562832503426
0.009549999999999999,1.661228888681568
0.0095525,1.661562832503426
0.009554999999999999,1.661896776325285
0.0095575,1.661228888681568
0.009560000000000001,1.661228888681568
0.0095625,1.661228888681568
0.009565000000000001,1.661562832503426
0.0095675,1.661562832503426
0.00957,1.661562832503426
0.009572499999999999,1.661228888681568
0.009575,1.661562832503426
0.009577499999999999,1.661228888681568
0.00958,1.661562832503426
0.009582500000000001,1.661562832503426
0.009585,1.661562832503426
0.009587500000000001,1.661562832503426
0.00959,1.661896776325285
0.0095925,1.661562832503426
0.009594999999999999,1.661896776325285
0.0095975,1.661562832503426
0.009599999999999999,1.661562832503426
0.0096025,1.661562832503426
0.009605000000000001,1.661896776325285
0.0096075,1.661896776325285
0.00961,1.661228888681568
0.0096125,1.661228888681568
0.009615,1.661562832503426
0.009617499999999999,1.661228888681568
0.00962,1.661562832503426
0.009622500000000001,1.661228888681568
0.009625,1.661228888681568
0.009627500000000001,1.661228888681568
0.00963,1.661228888681568
0.0096325,1.661562832503426
0.009634999999999999,1.661562832503426
0.0096375,1.661228888681568
0.009639999999999999,1.661562832503426
0.0096425,1.661896776325285
0.009645000000000001,1.661562832503426
0.0096475,1.661228888681568
0.009650000000000001,1.661562832503426
0.0096525,1.661562832503426
0.009655,1.661562832503426
0.009657499999999999,1.661562832503426
0.00966,1.661228888681568
0.009662499999999999,1.661562832503426
0.009665,1.661562832503426
0.009667500000000001,1.661896776325285
0.00967,1.661562832503426
0.009672500000000001,1.661562832503426
0.009675,1.661562832503426
0.0096775,1.661562832503426
0.009679999999999999,1.660894944859709
0.0096825,1.661562832503426
0.009684999999999999,1.661228888681568
0.0096875,1.661228888681568
0.009690000000000001,1.661562832503426
0.0096925,1.661228888681568
0.009695,1.661228888681568
0.0096975,1.661562832503426
0.0097,1.661562832503426
0.009702499999999999,1.661562832503426
0.009705,1.661896776325285
0.009707500000000001,1.661896776325285
0.00971,1.661896776325285
0.009712500000000001,1.661228888681568
0.009715,1.661896776325285
0.0097175,1.661562832503426
0.009719999999999999,1.661562832503426
0.0097225,1.661228888681568
0.009724999999999999,1.661562832503426
0.0097275,1.661228888681568
0.009730000000000001,1.661228888681568
0.0097325,1.661562832503426
0.009735000000000001,1.661228888681568
0.0097375,1.661228888681568
0.00974,1.660894944859709
0.009742499999999999,1.661562832503426
0.009745,1.661896776325285
0.009747499999999999,1.661562832503426
0.00975,1.661562832503426
0.009752500000000001,1.661896776325285
0.009755,1.661562832503426
0.009757500000000001,1.661228888681568
0.00976,1.661562832503426
0.0097625,1.661562832503426
0.009764999999999999,1.661896776325285
0.0097675,1.661562832503426
0.009769999999999999,1.661896776325285
0.0097725,1.661228888681568
0.009775000000000001,1.661228888681568
0.0097775,1.661228888681568
0.00978,1.661228888681568
0.0097825,1.660894944859709
0.009785,1.661562832503426
0.009787499999999999,1.661896776325285
0.00979,1.661562832503426
0.009792500000000001,1.660894944859709
0.009795,1.661228888681568
0.009797500000000001,1.661228888681568
0.0098,1.660894944859709
0.0098025,1.661562832503426
0.009804999999999999,1.661562832503426
0.0098075,1.660894944859709
0.009809999999999999,1.660894944859709
0.0098125,1.661228888681568
0.009815000000000001,1.661228888681568
0.0098175,1.661562832503426
0.009820000000000001,1.661228888681568
0.0098225,1.661228888681568
0.009825,1.661562832503426
0.009827499999999999,1.661562832503426
0.00983,1.661228888681568
0.009832499999999999,1.661228888681568
0.009835,1.661562832503426
0.009837500000000001,1.661228888681568
0.00984,1.661562832503426
0.009842500000000001,1.661562832503426
0.009845,1.661562832503426
0.0098475,1.661562832503426
0.009849999999999999,1.661562832503426
0.0098525,1.661228888681568
0.009854999999999999,1.660894944859709
0.0098575,1.661228888681568
0.009860000000000001,1.661228888681568
0.0098625,1.661228888681568
0.009865000000000001,1.660894944859709
0.0098675,1.660894944859709
0.00987,1.660894944859709
0.009872499999999999,1.660894944859709
0.009875,1.661562832503426
0.009877500000000001,1.660894944859709
0.00988,1.661228888681568
0.009882500000000001,1.661228888681568
0.009885,1.661228888681568
0.0098875,1.660894944859709
0.009889999999999999,1.660894944859709
0.0098925,1.660894944859709
0.009894999999999999,1.660894944859709
0.0098975,1.661228888681568
0.009900000000000001,1.661562832503426
0.0099025,1.661562832503426
0.009905000000000001,1.661562832503426
0.0099075,1.660894944859709
0.00991,1.660894944859709
0.009912499999999999,1.660561001037851
0.009915,1.660894944859709
0.009917499999999999,1.660894944859709
0.00992,1.660894944859709
0.009922500000000001,1.661228888681568
0.009925,1.661562832503426
0.009927500000000001,1.661562832503426
0.00993,1.660561001037851
0.0099325,1.660894944859709
0.009934999999999999,1.660894944859709
0.0099375,1.661228888681568
0.009939999999999999,1.661562832503426
0.0099425,1.661228888681568
0.009945000000000001,1.661228888681568
0.0099475,1.660561001037851
0.009950000000000001,1.661228888681568
0.0099525,1.660894944859709
0.009955,1.661228888681568
0.009957499999999999,1.661562832503426
0.00996,1.661228888681568
0.009962499999999999,1.661562832503426
0.009965,1.660894944859709
0.009967500000000001,1.661228888681568
0.00997,1.661228888681568
0.0099725,1.660894944859709
0.009974999999999999,1.661228888681568
0.0099775,1.660894944859709
0.009979999999999999,1.660894944859709
0.0099825,1.661228888681568
0.009985000000000001,1.661562832503426
0.0099875,1.661562832503426
0.009990000000000001,1.660561001037851
0.0099925,1.660894944859709
0.009995,1.661228888681568
0.009997499999999999,1.661228888681568
0.01,1.661228888681568
0.0100025,1.661562832503426
0.010005,1.661228888681568
0.0100075,1.661562832503426
0.01001,1.661228888681568
0.0100125,1.661562832503426
0.010015,1.661228888681568
0.0100175,1.661228888681568
0.01002,1.661562832503426
0.0100225,1.661228888681568
0.010025,1.661228888681568
0.0100275,1.660894944859709
0.01003,1.661228888681568
0.0100325,1.660894944859709
0.010035,1.660894944859709
0.0100375,1.661228888681568
0.01004,1.661562832503426
0.0100425,1.661562832503426
0.010045,1.661228888681568
0.0100475,1.661228888681568
0.01005,1.661562832503426
0.0100525,1.661228888681568
0.010055,1.661228888681568
0.0100575,1.661228888681568
0.01006,1.661562832503426
0.0100625,1.661562832503426
0.010065,1.661562832503426
0.0100675,1.661228888681568
0.01007,1.661228888681568
0.0100725,1.661562832503426
0.010075,1.661562832503426
0.0100775,1.661228888681568
0.01008,1.661228888681568
0.0100825,1.661228888681568
0.010085,1.661562832503426
0.0100875,1.660894944859709
0.01009,1.661228888681568
0.0100925,1.661228888681568
0.010095,1.661228888681568
0.0100975,1.661228888681568
0.0101,1.661562832503426
0.0101025,1.661228888681568
0.010105,1.661228888681568
0.0101075,1.661228888681568
0.01011,1.661562832503426
0.0101125,1.661228888681568
0.010115,1.661228888681568
0.0101175,1.661896776325285
0.01012,1.661228888681568
0.0101225,1.661228888681568
0.010125,1.660894944859709
0.0101275,1.661228888681568
0.01013,1.660894944859709
0.0101325,1.661228888681568
0.010135,1.661562832503426
0.0101375,1.661228888681568
0.01014,1.661228888681568
0.0101425,1.660894944859709
0.010145,1.661562832503426
0.0101475,1.661562832503426
0.01015,1.661228888681568
0.0101525,1.661228888681568
0.010155,1.661562832503426
0.0101575,1.661228888681568
0.01016,1.661228888681568
0.0101625,1.661228888681568
0.010165,1.661896776325285
0.0101675,1.661896776325285
0.01017,1.661228888681568
0.0101725,1.661228888681568
0.010175,1.661562832503426
0.0101775,1.661562832503426
0.01018,1.661562832503426
0.0101825,1.661896776325285
0.010185,1.661228888681568
0.0101875,1.661228888681568
0.01019,1.661562832503426
0.0101925,1.661228888681568
0.010195,1.661562832503426
0.0101975,1.661562832503426
0.0102,1.661562832503426
0.0102025,1.661896776325285
0.010205,1.661562832503426
0.0102075,1.661562832503426
0.01021,1.661228888681568
0.0102125,1.661562832503426
0.010215,1.661228888681568
0.0102175,1.661896776325285
0.01022,1.661896776325285
0.0102225,1.661562832503426
0.010225,1.661228888681568
0.0102275,1.661896776325285
0.01023,1.661562832503426
0.0102325,1.661228888681568
0.010235,1.661228888681568
0.0102375,1.661562832503426
